Task ID: 16
Running Scenario: S2 with Model: model_shift_mean_paper_jls.stan using 4 Nodes
Starting HPC Monte Carlo Simulation: Scenario = S2, Model = model_shift_mean_paper_jls
Running Sims 1 to 50 | Total Cores Detected: 128
Running with 42 Parallel Workers (3 chains each)

Compiling Stan Model...
Compilation successful. Starting worker pool...

Starting HPC Monte Carlo Simulation: Scenario = S2, Model = model_shift_mean_paper_jls
Running Sims 51 to 100 | Total Cores Detected: 128
Running with 42 Parallel Workers (3 chains each)

Compiling Stan Model...
Starting HPC Monte Carlo Simulation: Scenario = S2, Model = model_shift_mean_paper_jls
Running Sims 101 to 150 | Total Cores Detected: 128
Running with 42 Parallel Workers (3 chains each)

Compiling Stan Model...
Compilation successful. Starting worker pool...

Starting HPC Monte Carlo Simulation: Scenario = S2, Model = model_shift_mean_paper_jls
Running Sims 151 to 200 | Total Cores Detected: 128
Running with 42 Parallel Workers (3 chains each)

Compiling Stan Model...
Compilation successful. Starting worker pool...

  -> Starting Run 18...
  ❌ Failed Run 18: Error during sampling:

Command and output files:
RunSet: chains=3, chain_ids=[1, 2, 3], num_processes=3
 cmd (chain 1):
	['/geode2/home/u110/zwu1/BigRed200/gnpc_explor/src/model_shift_mean_paper_jls', 'id=1', 'random', 'seed=72085', 'data', 'file=/tmp/tmpbah8pmug/ov2kj1h5.json', 'output', 'file=/tmp/tmpbah8pmug/model_shift_mean_paper_jlsy4yiyesi/model_shift_mean_paper_jls-20260324100850_1.csv', 'method=sample', 'num_samples=2500', 'num_warmup=2500', 'algorithm=hmc', 'engine=nuts', 'max_depth=12', 'adapt', 'engaged=1', 'delta=0.95']
 retcodes=[-1, -1, -1]
 per-chain output files (showing chain 1 only):
 csv_file:
	/tmp/tmpbah8pmug/model_shift_mean_paper_jlsy4yiyesi/model_shift_mean_paper_jls-20260324100850_1.csv
 console_msgs (if any):
	/tmp/tmpbah8pmug/model_shift_mean_paper_jlsy4yiyesi/model_shift_mean_paper_jls-20260324100850_0-stdout.txt
Consider re-running with show_console=True if the above output is unclear!
  -> Starting Run 46...
  ❌ Failed Run 46: Error during sampling:

Command and output files:
RunSet: chains=3, chain_ids=[1, 2, 3], num_processes=3
 cmd (chain 1):
	['/geode2/home/u110/zwu1/BigRed200/gnpc_explor/src/model_shift_mean_paper_jls', 'id=1', 'random', 'seed=6917', 'data', 'file=/tmp/tmpbah8pmug/7mn0mz25.json', 'output', 'file=/tmp/tmpbah8pmug/model_shift_mean_paper_jlsjvg6cijo/model_shift_mean_paper_jls-20260324100851_1.csv', 'method=sample', 'num_samples=2500', 'num_warmup=2500', 'algorithm=hmc', 'engine=nuts', 'max_depth=12', 'adapt', 'engaged=1', 'delta=0.95']
 retcodes=[-1, -1, -1]
 per-chain output files (showing chain 1 only):
 csv_file:
	/tmp/tmpbah8pmug/model_shift_mean_paper_jlsjvg6cijo/model_shift_mean_paper_jls-20260324100851_1.csv
 console_msgs (if any):
	/tmp/tmpbah8pmug/model_shift_mean_paper_jlsjvg6cijo/model_shift_mean_paper_jls-20260324100851_0-stdout.txt
Consider re-running with show_console=True if the above output is unclear!
  -> Starting Run 20...
  ❌ Failed Run 20: Failed to compile Stan model '/geode2/home/u110/zwu1/BigRed200/gnpc_explor/src/model_shift_mean_paper_jls.stan'. Console:

--- Translating Stan model to C++ code ---
bin/stanc --filename-in-msg=model_shift_mean_paper_jls.stan --o=/geode2/home/u110/zwu1/BigRed200/gnpc_explor/src/model_shift_mean_paper_jls.hpp /geode2/home/u110/zwu1/BigRed200/gnpc_explor/src/model_shift_mean_paper_jls.stan

--- Compiling C++ code ---
g++ -std=c++17 -pthread -D_REENTRANT -Wno-sign-compare -Wno-ignored-attributes -Wno-class-memaccess      -I stan/lib/stan_math/lib/tbb_2020.3/include    -O3 -I src -I stan/src -I stan/lib/rapidjson_1.1.0/ -I lib/CLI11-1.9.1/ -I stan/lib/stan_math/ -I stan/lib/stan_math/lib/eigen_3.4.0 -I stan/lib/stan_math/lib/boost_1.87.0 -I stan/lib/stan_math/lib/sundials_6.1.1/include -I stan/lib/stan_math/lib/sundials_6.1.1/src/sundials    -DBOOST_DISABLE_ASSERTS          -c -Wno-ignored-attributes   -x c++ -o /geode2/home/u110/zwu1/BigRed200/gnpc_explor/src/model_shift_mean_paper_jls.o /geode2/home/u110/zwu1/BigRed200/gnpc_explor/src/model_shift_mean_paper_jls.hpp

--- Linking model ---
g++ -std=c++17 -pthread -D_REENTRANT -Wno-sign-compare -Wno-ignored-attributes -Wno-class-memaccess      -I stan/lib/stan_math/lib/tbb_2020.3/include    -O3 -I src -I stan/src -I stan/lib/rapidjson_1.1.0/ -I lib/CLI11-1.9.1/ -I stan/lib/stan_math/ -I stan/lib/stan_math/lib/eigen_3.4.0 -I stan/lib/stan_math/lib/boost_1.87.0 -I stan/lib/stan_math/lib/sundials_6.1.1/include -I stan/lib/stan_math/lib/sundials_6.1.1/src/sundials    -DBOOST_DISABLE_ASSERTS               -Wl,-L,"/geode2/home/u110/zwu1/BigRed200/.cmdstan/cmdstan-2.38.0/stan/lib/stan_math/lib/tbb"   -Wl,-rpath,"/geode2/home/u110/zwu1/BigRed200/.cmdstan/cmdstan-2.38.0/stan/lib/stan_math/lib/tbb"      /geode2/home/u110/zwu1/BigRed200/gnpc_explor/src/model_shift_mean_paper_jls.o src/cmdstan/main.o       -ltbb   stan/lib/stan_math/lib/sundials_6.1.1/lib/libsundials_nvecserial.a stan/lib/stan_math/lib/sundials_6.1.1/lib/libsundials_cvodes.a stan/lib/stan_math/lib/sundials_6.1.1/lib/libsundials_idas.a stan/lib/stan_math/lib/sundials_6.1.1/lib/libsundials_kinsol.a  stan/lib/stan_math/lib/tbb/libtbb.so.2 -o /geode2/home/u110/zwu1/BigRed200/gnpc_explor/src/model_shift_mean_paper_jls
collect2: error: ld returned 1 exit status
make: *** [make/program:82: /geode2/home/u110/zwu1/BigRed200/gnpc_explor/src/model_shift_mean_paper_jls] Error 1
rm /geode2/home/u110/zwu1/BigRed200/gnpc_explor/src/model_shift_mean_paper_jls.hpp

Command ['make', 'STANCFLAGS+=--filename-in-msg=model_shift_mean_paper_jls.stan', '/geode2/home/u110/zwu1/BigRed200/gnpc_explor/src/model_shift_mean_paper_jls']
	exited with code '2' No such file or directory

  -> Starting Run 43...
  ❌ Failed Run 43: Error during sampling:

Command and output files:
RunSet: chains=3, chain_ids=[1, 2, 3], num_processes=3
 cmd (chain 1):
	['/geode2/home/u110/zwu1/BigRed200/gnpc_explor/src/model_shift_mean_paper_jls', 'id=1', 'random', 'seed=54821', 'data', 'file=/tmp/tmpbah8pmug/0fxc82ee.json', 'output', 'file=/tmp/tmpbah8pmug/model_shift_mean_paper_jlsakuldohu/model_shift_mean_paper_jls-20260324100851_1.csv', 'method=sample', 'num_samples=2500', 'num_warmup=2500', 'algorithm=hmc', 'engine=nuts', 'max_depth=12', 'adapt', 'engaged=1', 'delta=0.95']
 retcodes=[-1, -1, -1]
 per-chain output files (showing chain 1 only):
 csv_file:
	/tmp/tmpbah8pmug/model_shift_mean_paper_jlsakuldohu/model_shift_mean_paper_jls-20260324100851_1.csv
 console_msgs (if any):
	/tmp/tmpbah8pmug/model_shift_mean_paper_jlsakuldohu/model_shift_mean_paper_jls-20260324100851_0-stdout.txt
Consider re-running with show_console=True if the above output is unclear!
  -> Starting Run 47...
  ❌ Failed Run 47: Error during sampling:

Command and output files:
RunSet: chains=3, chain_ids=[1, 2, 3], num_processes=3
 cmd (chain 1):
	['/geode2/home/u110/zwu1/BigRed200/gnpc_explor/src/model_shift_mean_paper_jls', 'id=1', 'random', 'seed=24073', 'data', 'file=/tmp/tmpbah8pmug/80r6hd8i.json', 'output', 'file=/tmp/tmpbah8pmug/model_shift_mean_paper_jlsdu3c2ik8/model_shift_mean_paper_jls-20260324100852_1.csv', 'method=sample', 'num_samples=2500', 'num_warmup=2500', 'algorithm=hmc', 'engine=nuts', 'max_depth=12', 'adapt', 'engaged=1', 'delta=0.95']
 retcodes=[-1, -1, -1]
 per-chain output files (showing chain 1 only):
 csv_file:
	/tmp/tmpbah8pmug/model_shift_mean_paper_jlsdu3c2ik8/model_shift_mean_paper_jls-20260324100852_1.csv
 console_msgs (if any):
	/tmp/tmpbah8pmug/model_shift_mean_paper_jlsdu3c2ik8/model_shift_mean_paper_jls-20260324100852_0-stdout.txt
Consider re-running with show_console=True if the above output is unclear!
  -> Starting Run 22...
  ❌ Failed Run 22: Error during sampling:

Command and output files:
RunSet: chains=3, chain_ids=[1, 2, 3], num_processes=3
 cmd (chain 1):
	['/geode2/home/u110/zwu1/BigRed200/gnpc_explor/src/model_shift_mean_paper_jls', 'id=1', 'random', 'seed=8957', 'data', 'file=/tmp/tmpbah8pmug/q5pyxlnc.json', 'output', 'file=/tmp/tmpbah8pmug/model_shift_mean_paper_jlsw758l549/model_shift_mean_paper_jls-20260324100851_1.csv', 'method=sample', 'num_samples=2500', 'num_warmup=2500', 'algorithm=hmc', 'engine=nuts', 'max_depth=12', 'adapt', 'engaged=1', 'delta=0.95']
 retcodes=[-1, -1, -1]
 per-chain output files (showing chain 1 only):
 csv_file:
	/tmp/tmpbah8pmug/model_shift_mean_paper_jlsw758l549/model_shift_mean_paper_jls-20260324100851_1.csv
 console_msgs (if any):
	/tmp/tmpbah8pmug/model_shift_mean_paper_jlsw758l549/model_shift_mean_paper_jls-20260324100851_0-stdout.txt
Consider re-running with show_console=True if the above output is unclear!
  -> Starting Run 48...
  ❌ Failed Run 48: Error during sampling:

Command and output files:
RunSet: chains=3, chain_ids=[1, 2, 3], num_processes=3
 cmd (chain 1):
	['/geode2/home/u110/zwu1/BigRed200/gnpc_explor/src/model_shift_mean_paper_jls', 'id=1', 'random', 'seed=38060', 'data', 'file=/tmp/tmpbah8pmug/if35g3yp.json', 'output', 'file=/tmp/tmpbah8pmug/model_shift_mean_paper_jlsfdajl71v/model_shift_mean_paper_jls-20260324100852_1.csv', 'method=sample', 'num_samples=2500', 'num_warmup=2500', 'algorithm=hmc', 'engine=nuts', 'max_depth=12', 'adapt', 'engaged=1', 'delta=0.95']
 retcodes=[-1, -1, -1]
 per-chain output files (showing chain 1 only):
 csv_file:
	/tmp/tmpbah8pmug/model_shift_mean_paper_jlsfdajl71v/model_shift_mean_paper_jls-20260324100852_1.csv
 console_msgs (if any):
	/tmp/tmpbah8pmug/model_shift_mean_paper_jlsfdajl71v/model_shift_mean_paper_jls-20260324100852_0-stdout.txt
Consider re-running with show_console=True if the above output is unclear!
  -> Starting Run 26...
  ❌ Failed Run 26: Error during sampling:

Command and output files:
RunSet: chains=3, chain_ids=[1, 2, 3], num_processes=3
 cmd (chain 1):
	['/geode2/home/u110/zwu1/BigRed200/gnpc_explor/src/model_shift_mean_paper_jls', 'id=1', 'random', 'seed=53450', 'data', 'file=/tmp/tmpbah8pmug/pdkyzpvy.json', 'output', 'file=/tmp/tmpbah8pmug/model_shift_mean_paper_jls232ae9xj/model_shift_mean_paper_jls-20260324100851_1.csv', 'method=sample', 'num_samples=2500', 'num_warmup=2500', 'algorithm=hmc', 'engine=nuts', 'max_depth=12', 'adapt', 'engaged=1', 'delta=0.95']
 retcodes=[-1, -1, -1]
 per-chain output files (showing chain 1 only):
 csv_file:
	/tmp/tmpbah8pmug/model_shift_mean_paper_jls232ae9xj/model_shift_mean_paper_jls-20260324100851_1.csv
 console_msgs (if any):
	/tmp/tmpbah8pmug/model_shift_mean_paper_jls232ae9xj/model_shift_mean_paper_jls-20260324100851_0-stdout.txt
Consider re-running with show_console=True if the above output is unclear!
  -> Starting Run 49...
  ❌ Failed Run 49: Error during sampling:

Command and output files:
RunSet: chains=3, chain_ids=[1, 2, 3], num_processes=3
 cmd (chain 1):
	['/geode2/home/u110/zwu1/BigRed200/gnpc_explor/src/model_shift_mean_paper_jls', 'id=1', 'random', 'seed=49437', 'data', 'file=/tmp/tmpbah8pmug/lxoxxhe6.json', 'output', 'file=/tmp/tmpbah8pmug/model_shift_mean_paper_jlsnqtimt1x/model_shift_mean_paper_jls-20260324100852_1.csv', 'method=sample', 'num_samples=2500', 'num_warmup=2500', 'algorithm=hmc', 'engine=nuts', 'max_depth=12', 'adapt', 'engaged=1', 'delta=0.95']
 retcodes=[-1, -1, -1]
 per-chain output files (showing chain 1 only):
 csv_file:
	/tmp/tmpbah8pmug/model_shift_mean_paper_jlsnqtimt1x/model_shift_mean_paper_jls-20260324100852_1.csv
 console_msgs (if any):
	/tmp/tmpbah8pmug/model_shift_mean_paper_jlsnqtimt1x/model_shift_mean_paper_jls-20260324100852_0-stdout.txt
Consider re-running with show_console=True if the above output is unclear!
  -> Starting Run 38...
  ❌ Failed Run 38: Error during sampling:

Command and output files:
RunSet: chains=3, chain_ids=[1, 2, 3], num_processes=3
 cmd (chain 1):
	['/geode2/home/u110/zwu1/BigRed200/gnpc_explor/src/model_shift_mean_paper_jls', 'id=1', 'random', 'seed=9780', 'data', 'file=/tmp/tmpbah8pmug/j_0imih1.json', 'output', 'file=/tmp/tmpbah8pmug/model_shift_mean_paper_jlswrr8pnjw/model_shift_mean_paper_jls-20260324100850_1.csv', 'method=sample', 'num_samples=2500', 'num_warmup=2500', 'algorithm=hmc', 'engine=nuts', 'max_depth=12', 'adapt', 'engaged=1', 'delta=0.95']
 retcodes=[-1, -1, -1]
 per-chain output files (showing chain 1 only):
 csv_file:
	/tmp/tmpbah8pmug/model_shift_mean_paper_jlswrr8pnjw/model_shift_mean_paper_jls-20260324100850_1.csv
 console_msgs (if any):
	/tmp/tmpbah8pmug/model_shift_mean_paper_jlswrr8pnjw/model_shift_mean_paper_jls-20260324100850_0-stdout.txt
Consider re-running with show_console=True if the above output is unclear!
  -> Starting Run 44...
  ❌ Failed Run 44: Error during sampling:

Command and output files:
RunSet: chains=3, chain_ids=[1, 2, 3], num_processes=3
 cmd (chain 1):
	['/geode2/home/u110/zwu1/BigRed200/gnpc_explor/src/model_shift_mean_paper_jls', 'id=1', 'random', 'seed=86665', 'data', 'file=/tmp/tmpbah8pmug/h8kyqyuo.json', 'output', 'file=/tmp/tmpbah8pmug/model_shift_mean_paper_jlsdlmz5g41/model_shift_mean_paper_jls-20260324100851_1.csv', 'method=sample', 'num_samples=2500', 'num_warmup=2500', 'algorithm=hmc', 'engine=nuts', 'max_depth=12', 'adapt', 'engaged=1', 'delta=0.95']
 retcodes=[-1, -1, -1]
 per-chain output files (showing chain 1 only):
 csv_file:
	/tmp/tmpbah8pmug/model_shift_mean_paper_jlsdlmz5g41/model_shift_mean_paper_jls-20260324100851_1.csv
 console_msgs (if any):
	/tmp/tmpbah8pmug/model_shift_mean_paper_jlsdlmz5g41/model_shift_mean_paper_jls-20260324100851_0-stdout.txt
Consider re-running with show_console=True if the above output is unclear!
  -> Starting Run 50...
  ❌ Failed Run 50: Error during sampling:

Command and output files:
RunSet: chains=3, chain_ids=[1, 2, 3], num_processes=3
 cmd (chain 1):
	['/geode2/home/u110/zwu1/BigRed200/gnpc_explor/src/model_shift_mean_paper_jls', 'id=1', 'random', 'seed=74790', 'data', 'file=/tmp/tmpbah8pmug/x2mao453.json', 'output', 'file=/tmp/tmpbah8pmug/model_shift_mean_paper_jlsi324u7hm/model_shift_mean_paper_jls-20260324100852_1.csv', 'method=sample', 'num_samples=2500', 'num_warmup=2500', 'algorithm=hmc', 'engine=nuts', 'max_depth=12', 'adapt', 'engaged=1', 'delta=0.95']
 retcodes=[-1, -1, -1]
 per-chain output files (showing chain 1 only):
 csv_file:
	/tmp/tmpbah8pmug/model_shift_mean_paper_jlsi324u7hm/model_shift_mean_paper_jls-20260324100852_1.csv
 console_msgs (if any):
	/tmp/tmpbah8pmug/model_shift_mean_paper_jlsi324u7hm/model_shift_mean_paper_jls-20260324100852_0-stdout.txt
Consider re-running with show_console=True if the above output is unclear!
  -> Starting Run 21...
  ❌ Failed Run 21: Failed to compile Stan model '/geode2/home/u110/zwu1/BigRed200/gnpc_explor/src/model_shift_mean_paper_jls.stan'. Console:

--- Translating Stan model to C++ code ---
bin/stanc --filename-in-msg=model_shift_mean_paper_jls.stan --o=/geode2/home/u110/zwu1/BigRed200/gnpc_explor/src/model_shift_mean_paper_jls.hpp /geode2/home/u110/zwu1/BigRed200/gnpc_explor/src/model_shift_mean_paper_jls.stan

--- Compiling C++ code ---
g++ -std=c++17 -pthread -D_REENTRANT -Wno-sign-compare -Wno-ignored-attributes -Wno-class-memaccess      -I stan/lib/stan_math/lib/tbb_2020.3/include    -O3 -I src -I stan/src -I stan/lib/rapidjson_1.1.0/ -I lib/CLI11-1.9.1/ -I stan/lib/stan_math/ -I stan/lib/stan_math/lib/eigen_3.4.0 -I stan/lib/stan_math/lib/boost_1.87.0 -I stan/lib/stan_math/lib/sundials_6.1.1/include -I stan/lib/stan_math/lib/sundials_6.1.1/src/sundials    -DBOOST_DISABLE_ASSERTS          -c -Wno-ignored-attributes   -x c++ -o /geode2/home/u110/zwu1/BigRed200/gnpc_explor/src/model_shift_mean_paper_jls.o /geode2/home/u110/zwu1/BigRed200/gnpc_explor/src/model_shift_mean_paper_jls.hpp

--- Linking model ---
g++ -std=c++17 -pthread -D_REENTRANT -Wno-sign-compare -Wno-ignored-attributes -Wno-class-memaccess      -I stan/lib/stan_math/lib/tbb_2020.3/include    -O3 -I src -I stan/src -I stan/lib/rapidjson_1.1.0/ -I lib/CLI11-1.9.1/ -I stan/lib/stan_math/ -I stan/lib/stan_math/lib/eigen_3.4.0 -I stan/lib/stan_math/lib/boost_1.87.0 -I stan/lib/stan_math/lib/sundials_6.1.1/include -I stan/lib/stan_math/lib/sundials_6.1.1/src/sundials    -DBOOST_DISABLE_ASSERTS               -Wl,-L,"/geode2/home/u110/zwu1/BigRed200/.cmdstan/cmdstan-2.38.0/stan/lib/stan_math/lib/tbb"   -Wl,-rpath,"/geode2/home/u110/zwu1/BigRed200/.cmdstan/cmdstan-2.38.0/stan/lib/stan_math/lib/tbb"      /geode2/home/u110/zwu1/BigRed200/gnpc_explor/src/model_shift_mean_paper_jls.o src/cmdstan/main.o       -ltbb   stan/lib/stan_math/lib/sundials_6.1.1/lib/libsundials_nvecserial.a stan/lib/stan_math/lib/sundials_6.1.1/lib/libsundials_cvodes.a stan/lib/stan_math/lib/sundials_6.1.1/lib/libsundials_idas.a stan/lib/stan_math/lib/sundials_6.1.1/lib/libsundials_kinsol.a  stan/lib/stan_math/lib/tbb/libtbb.so.2 -o /geode2/home/u110/zwu1/BigRed200/gnpc_explor/src/model_shift_mean_paper_jls
/usr/bin/ld: cannot find /geode2/home/u110/zwu1/BigRed200/gnpc_explor/src/model_shift_mean_paper_jls.o: No such file or directory
collect2: error: ld returned 1 exit status
make: *** [make/program:82: /geode2/home/u110/zwu1/BigRed200/gnpc_explor/src/model_shift_mean_paper_jls] Error 1
rm /geode2/home/u110/zwu1/BigRed200/gnpc_explor/src/model_shift_mean_paper_jls.o

Command ['make', 'STANCFLAGS+=--filename-in-msg=model_shift_mean_paper_jls.stan', '/geode2/home/u110/zwu1/BigRed200/gnpc_explor/src/model_shift_mean_paper_jls']
	exited with code '2' No such file or directory

  -> Starting Run 3...
  ❌ Failed Run 3: Error during sampling:

Command and output files:
RunSet: chains=3, chain_ids=[1, 2, 3], num_processes=3
 cmd (chain 1):
	['/geode2/home/u110/zwu1/BigRed200/gnpc_explor/src/model_shift_mean_paper_jls', 'id=1', 'random', 'seed=19899', 'data', 'file=/tmp/tmpbah8pmug/o_re2gfl.json', 'output', 'file=/tmp/tmpbah8pmug/model_shift_mean_paper_jlsm2w2u3q0/model_shift_mean_paper_jls-20260324100852_1.csv', 'method=sample', 'num_samples=2500', 'num_warmup=2500', 'algorithm=hmc', 'engine=nuts', 'max_depth=12', 'adapt', 'engaged=1', 'delta=0.95']
 retcodes=[-1, -1, -1]
 per-chain output files (showing chain 1 only):
 csv_file:
	/tmp/tmpbah8pmug/model_shift_mean_paper_jlsm2w2u3q0/model_shift_mean_paper_jls-20260324100852_1.csv
 console_msgs (if any):
	/tmp/tmpbah8pmug/model_shift_mean_paper_jlsm2w2u3q0/model_shift_mean_paper_jls-20260324100852_0-stdout.txt
Consider re-running with show_console=True if the above output is unclear!
  -> Starting Run 29...
  ❌ Failed Run 29: Failed to compile Stan model '/geode2/home/u110/zwu1/BigRed200/gnpc_explor/src/model_shift_mean_paper_jls.stan'. Console:

--- Translating Stan model to C++ code ---
bin/stanc --filename-in-msg=model_shift_mean_paper_jls.stan --o=/geode2/home/u110/zwu1/BigRed200/gnpc_explor/src/model_shift_mean_paper_jls.hpp /geode2/home/u110/zwu1/BigRed200/gnpc_explor/src/model_shift_mean_paper_jls.stan

--- Compiling C++ code ---
g++ -std=c++17 -pthread -D_REENTRANT -Wno-sign-compare -Wno-ignored-attributes -Wno-class-memaccess      -I stan/lib/stan_math/lib/tbb_2020.3/include    -O3 -I src -I stan/src -I stan/lib/rapidjson_1.1.0/ -I lib/CLI11-1.9.1/ -I stan/lib/stan_math/ -I stan/lib/stan_math/lib/eigen_3.4.0 -I stan/lib/stan_math/lib/boost_1.87.0 -I stan/lib/stan_math/lib/sundials_6.1.1/include -I stan/lib/stan_math/lib/sundials_6.1.1/src/sundials    -DBOOST_DISABLE_ASSERTS          -c -Wno-ignored-attributes   -x c++ -o /geode2/home/u110/zwu1/BigRed200/gnpc_explor/src/model_shift_mean_paper_jls.o /geode2/home/u110/zwu1/BigRed200/gnpc_explor/src/model_shift_mean_paper_jls.hpp

--- Linking model ---
g++ -std=c++17 -pthread -D_REENTRANT -Wno-sign-compare -Wno-ignored-attributes -Wno-class-memaccess      -I stan/lib/stan_math/lib/tbb_2020.3/include    -O3 -I src -I stan/src -I stan/lib/rapidjson_1.1.0/ -I lib/CLI11-1.9.1/ -I stan/lib/stan_math/ -I stan/lib/stan_math/lib/eigen_3.4.0 -I stan/lib/stan_math/lib/boost_1.87.0 -I stan/lib/stan_math/lib/sundials_6.1.1/include -I stan/lib/stan_math/lib/sundials_6.1.1/src/sundials    -DBOOST_DISABLE_ASSERTS               -Wl,-L,"/geode2/home/u110/zwu1/BigRed200/.cmdstan/cmdstan-2.38.0/stan/lib/stan_math/lib/tbb"   -Wl,-rpath,"/geode2/home/u110/zwu1/BigRed200/.cmdstan/cmdstan-2.38.0/stan/lib/stan_math/lib/tbb"      /geode2/home/u110/zwu1/BigRed200/gnpc_explor/src/model_shift_mean_paper_jls.o src/cmdstan/main.o       -ltbb   stan/lib/stan_math/lib/sundials_6.1.1/lib/libsundials_nvecserial.a stan/lib/stan_math/lib/sundials_6.1.1/lib/libsundials_cvodes.a stan/lib/stan_math/lib/sundials_6.1.1/lib/libsundials_idas.a stan/lib/stan_math/lib/sundials_6.1.1/lib/libsundials_kinsol.a  stan/lib/stan_math/lib/tbb/libtbb.so.2 -o /geode2/home/u110/zwu1/BigRed200/gnpc_explor/src/model_shift_mean_paper_jls
/usr/bin/ld: cannot find /geode2/home/u110/zwu1/BigRed200/gnpc_explor/src/model_shift_mean_paper_jls.o: No such file or directory
collect2: error: ld returned 1 exit status
make: *** [make/program:82: /geode2/home/u110/zwu1/BigRed200/gnpc_explor/src/model_shift_mean_paper_jls] Error 1

Command ['make', 'STANCFLAGS+=--filename-in-msg=model_shift_mean_paper_jls.stan', '/geode2/home/u110/zwu1/BigRed200/gnpc_explor/src/model_shift_mean_paper_jls']
	exited with code '2' No such file or directory

  -> Starting Run 1...
  ❌ Failed Run 1: Failed to compile Stan model '/geode2/home/u110/zwu1/BigRed200/gnpc_explor/src/model_shift_mean_paper_jls.stan'. Console:

--- Translating Stan model to C++ code ---
bin/stanc --filename-in-msg=model_shift_mean_paper_jls.stan --o=/geode2/home/u110/zwu1/BigRed200/gnpc_explor/src/model_shift_mean_paper_jls.hpp /geode2/home/u110/zwu1/BigRed200/gnpc_explor/src/model_shift_mean_paper_jls.stan

--- Compiling C++ code ---
g++ -std=c++17 -pthread -D_REENTRANT -Wno-sign-compare -Wno-ignored-attributes -Wno-class-memaccess      -I stan/lib/stan_math/lib/tbb_2020.3/include    -O3 -I src -I stan/src -I stan/lib/rapidjson_1.1.0/ -I lib/CLI11-1.9.1/ -I stan/lib/stan_math/ -I stan/lib/stan_math/lib/eigen_3.4.0 -I stan/lib/stan_math/lib/boost_1.87.0 -I stan/lib/stan_math/lib/sundials_6.1.1/include -I stan/lib/stan_math/lib/sundials_6.1.1/src/sundials    -DBOOST_DISABLE_ASSERTS          -c -Wno-ignored-attributes   -x c++ -o /geode2/home/u110/zwu1/BigRed200/gnpc_explor/src/model_shift_mean_paper_jls.o /geode2/home/u110/zwu1/BigRed200/gnpc_explor/src/model_shift_mean_paper_jls.hpp

--- Linking model ---
g++ -std=c++17 -pthread -D_REENTRANT -Wno-sign-compare -Wno-ignored-attributes -Wno-class-memaccess      -I stan/lib/stan_math/lib/tbb_2020.3/include    -O3 -I src -I stan/src -I stan/lib/rapidjson_1.1.0/ -I lib/CLI11-1.9.1/ -I stan/lib/stan_math/ -I stan/lib/stan_math/lib/eigen_3.4.0 -I stan/lib/stan_math/lib/boost_1.87.0 -I stan/lib/stan_math/lib/sundials_6.1.1/include -I stan/lib/stan_math/lib/sundials_6.1.1/src/sundials    -DBOOST_DISABLE_ASSERTS               -Wl,-L,"/geode2/home/u110/zwu1/BigRed200/.cmdstan/cmdstan-2.38.0/stan/lib/stan_math/lib/tbb"   -Wl,-rpath,"/geode2/home/u110/zwu1/BigRed200/.cmdstan/cmdstan-2.38.0/stan/lib/stan_math/lib/tbb"      /geode2/home/u110/zwu1/BigRed200/gnpc_explor/src/model_shift_mean_paper_jls.o src/cmdstan/main.o       -ltbb   stan/lib/stan_math/lib/sundials_6.1.1/lib/libsundials_nvecserial.a stan/lib/stan_math/lib/sundials_6.1.1/lib/libsundials_cvodes.a stan/lib/stan_math/lib/sundials_6.1.1/lib/libsundials_idas.a stan/lib/stan_math/lib/sundials_6.1.1/lib/libsundials_kinsol.a  stan/lib/stan_math/lib/tbb/libtbb.so.2 -o /geode2/home/u110/zwu1/BigRed200/gnpc_explor/src/model_shift_mean_paper_jls
/usr/bin/ld: cannot find /geode2/home/u110/zwu1/BigRed200/gnpc_explor/src/model_shift_mean_paper_jls.o: No such file or directory
collect2: error: ld returned 1 exit status
make: *** [make/program:82: /geode2/home/u110/zwu1/BigRed200/gnpc_explor/src/model_shift_mean_paper_jls] Error 1

Command ['make', 'STANCFLAGS+=--filename-in-msg=model_shift_mean_paper_jls.stan', '/geode2/home/u110/zwu1/BigRed200/gnpc_explor/src/model_shift_mean_paper_jls']
	exited with code '2' No such file or directory

  -> Starting Run 23...
  ❌ Failed Run 23: Failed to compile Stan model '/geode2/home/u110/zwu1/BigRed200/gnpc_explor/src/model_shift_mean_paper_jls.stan'. Console:

--- Translating Stan model to C++ code ---
bin/stanc --filename-in-msg=model_shift_mean_paper_jls.stan --o=/geode2/home/u110/zwu1/BigRed200/gnpc_explor/src/model_shift_mean_paper_jls.hpp /geode2/home/u110/zwu1/BigRed200/gnpc_explor/src/model_shift_mean_paper_jls.stan

--- Compiling C++ code ---
g++ -std=c++17 -pthread -D_REENTRANT -Wno-sign-compare -Wno-ignored-attributes -Wno-class-memaccess      -I stan/lib/stan_math/lib/tbb_2020.3/include    -O3 -I src -I stan/src -I stan/lib/rapidjson_1.1.0/ -I lib/CLI11-1.9.1/ -I stan/lib/stan_math/ -I stan/lib/stan_math/lib/eigen_3.4.0 -I stan/lib/stan_math/lib/boost_1.87.0 -I stan/lib/stan_math/lib/sundials_6.1.1/include -I stan/lib/stan_math/lib/sundials_6.1.1/src/sundials    -DBOOST_DISABLE_ASSERTS          -c -Wno-ignored-attributes   -x c++ -o /geode2/home/u110/zwu1/BigRed200/gnpc_explor/src/model_shift_mean_paper_jls.o /geode2/home/u110/zwu1/BigRed200/gnpc_explor/src/model_shift_mean_paper_jls.hpp

--- Linking model ---
g++ -std=c++17 -pthread -D_REENTRANT -Wno-sign-compare -Wno-ignored-attributes -Wno-class-memaccess      -I stan/lib/stan_math/lib/tbb_2020.3/include    -O3 -I src -I stan/src -I stan/lib/rapidjson_1.1.0/ -I lib/CLI11-1.9.1/ -I stan/lib/stan_math/ -I stan/lib/stan_math/lib/eigen_3.4.0 -I stan/lib/stan_math/lib/boost_1.87.0 -I stan/lib/stan_math/lib/sundials_6.1.1/include -I stan/lib/stan_math/lib/sundials_6.1.1/src/sundials    -DBOOST_DISABLE_ASSERTS               -Wl,-L,"/geode2/home/u110/zwu1/BigRed200/.cmdstan/cmdstan-2.38.0/stan/lib/stan_math/lib/tbb"   -Wl,-rpath,"/geode2/home/u110/zwu1/BigRed200/.cmdstan/cmdstan-2.38.0/stan/lib/stan_math/lib/tbb"      /geode2/home/u110/zwu1/BigRed200/gnpc_explor/src/model_shift_mean_paper_jls.o src/cmdstan/main.o       -ltbb   stan/lib/stan_math/lib/sundials_6.1.1/lib/libsundials_nvecserial.a stan/lib/stan_math/lib/sundials_6.1.1/lib/libsundials_cvodes.a stan/lib/stan_math/lib/sundials_6.1.1/lib/libsundials_idas.a stan/lib/stan_math/lib/sundials_6.1.1/lib/libsundials_kinsol.a  stan/lib/stan_math/lib/tbb/libtbb.so.2 -o /geode2/home/u110/zwu1/BigRed200/gnpc_explor/src/model_shift_mean_paper_jls
/usr/bin/ld: cannot find /geode2/home/u110/zwu1/BigRed200/gnpc_explor/src/model_shift_mean_paper_jls.o: No such file or directory
collect2: error: ld returned 1 exit status
make: *** [make/program:82: /geode2/home/u110/zwu1/BigRed200/gnpc_explor/src/model_shift_mean_paper_jls] Error 1

Command ['make', 'STANCFLAGS+=--filename-in-msg=model_shift_mean_paper_jls.stan', '/geode2/home/u110/zwu1/BigRed200/gnpc_explor/src/model_shift_mean_paper_jls']
	exited with code '2' No such file or directory

  -> Starting Run 19...
  ❌ Failed Run 19: Failed to compile Stan model '/geode2/home/u110/zwu1/BigRed200/gnpc_explor/src/model_shift_mean_paper_jls.stan'. Console:

--- Translating Stan model to C++ code ---
bin/stanc --filename-in-msg=model_shift_mean_paper_jls.stan --o=/geode2/home/u110/zwu1/BigRed200/gnpc_explor/src/model_shift_mean_paper_jls.hpp /geode2/home/u110/zwu1/BigRed200/gnpc_explor/src/model_shift_mean_paper_jls.stan

--- Compiling C++ code ---
g++ -std=c++17 -pthread -D_REENTRANT -Wno-sign-compare -Wno-ignored-attributes -Wno-class-memaccess      -I stan/lib/stan_math/lib/tbb_2020.3/include    -O3 -I src -I stan/src -I stan/lib/rapidjson_1.1.0/ -I lib/CLI11-1.9.1/ -I stan/lib/stan_math/ -I stan/lib/stan_math/lib/eigen_3.4.0 -I stan/lib/stan_math/lib/boost_1.87.0 -I stan/lib/stan_math/lib/sundials_6.1.1/include -I stan/lib/stan_math/lib/sundials_6.1.1/src/sundials    -DBOOST_DISABLE_ASSERTS          -c -Wno-ignored-attributes   -x c++ -o /geode2/home/u110/zwu1/BigRed200/gnpc_explor/src/model_shift_mean_paper_jls.o /geode2/home/u110/zwu1/BigRed200/gnpc_explor/src/model_shift_mean_paper_jls.hpp

--- Linking model ---
g++ -std=c++17 -pthread -D_REENTRANT -Wno-sign-compare -Wno-ignored-attributes -Wno-class-memaccess      -I stan/lib/stan_math/lib/tbb_2020.3/include    -O3 -I src -I stan/src -I stan/lib/rapidjson_1.1.0/ -I lib/CLI11-1.9.1/ -I stan/lib/stan_math/ -I stan/lib/stan_math/lib/eigen_3.4.0 -I stan/lib/stan_math/lib/boost_1.87.0 -I stan/lib/stan_math/lib/sundials_6.1.1/include -I stan/lib/stan_math/lib/sundials_6.1.1/src/sundials    -DBOOST_DISABLE_ASSERTS               -Wl,-L,"/geode2/home/u110/zwu1/BigRed200/.cmdstan/cmdstan-2.38.0/stan/lib/stan_math/lib/tbb"   -Wl,-rpath,"/geode2/home/u110/zwu1/BigRed200/.cmdstan/cmdstan-2.38.0/stan/lib/stan_math/lib/tbb"      /geode2/home/u110/zwu1/BigRed200/gnpc_explor/src/model_shift_mean_paper_jls.o src/cmdstan/main.o       -ltbb   stan/lib/stan_math/lib/sundials_6.1.1/lib/libsundials_nvecserial.a stan/lib/stan_math/lib/sundials_6.1.1/lib/libsundials_cvodes.a stan/lib/stan_math/lib/sundials_6.1.1/lib/libsundials_idas.a stan/lib/stan_math/lib/sundials_6.1.1/lib/libsundials_kinsol.a  stan/lib/stan_math/lib/tbb/libtbb.so.2 -o /geode2/home/u110/zwu1/BigRed200/gnpc_explor/src/model_shift_mean_paper_jls
/usr/bin/ld: cannot find /geode2/home/u110/zwu1/BigRed200/gnpc_explor/src/model_shift_mean_paper_jls.o: No such file or directory
collect2: error: ld returned 1 exit status
make: *** [make/program:82: /geode2/home/u110/zwu1/BigRed200/gnpc_explor/src/model_shift_mean_paper_jls] Error 1

Command ['make', 'STANCFLAGS+=--filename-in-msg=model_shift_mean_paper_jls.stan', '/geode2/home/u110/zwu1/BigRed200/gnpc_explor/src/model_shift_mean_paper_jls']
	exited with code '2' No such file or directory

  -> Starting Run 16...
  ❌ Failed Run 16: Failed to compile Stan model '/geode2/home/u110/zwu1/BigRed200/gnpc_explor/src/model_shift_mean_paper_jls.stan'. Console:

--- Translating Stan model to C++ code ---
bin/stanc --filename-in-msg=model_shift_mean_paper_jls.stan --o=/geode2/home/u110/zwu1/BigRed200/gnpc_explor/src/model_shift_mean_paper_jls.hpp /geode2/home/u110/zwu1/BigRed200/gnpc_explor/src/model_shift_mean_paper_jls.stan

--- Compiling C++ code ---
g++ -std=c++17 -pthread -D_REENTRANT -Wno-sign-compare -Wno-ignored-attributes -Wno-class-memaccess      -I stan/lib/stan_math/lib/tbb_2020.3/include    -O3 -I src -I stan/src -I stan/lib/rapidjson_1.1.0/ -I lib/CLI11-1.9.1/ -I stan/lib/stan_math/ -I stan/lib/stan_math/lib/eigen_3.4.0 -I stan/lib/stan_math/lib/boost_1.87.0 -I stan/lib/stan_math/lib/sundials_6.1.1/include -I stan/lib/stan_math/lib/sundials_6.1.1/src/sundials    -DBOOST_DISABLE_ASSERTS          -c -Wno-ignored-attributes   -x c++ -o /geode2/home/u110/zwu1/BigRed200/gnpc_explor/src/model_shift_mean_paper_jls.o /geode2/home/u110/zwu1/BigRed200/gnpc_explor/src/model_shift_mean_paper_jls.hpp

--- Linking model ---
g++ -std=c++17 -pthread -D_REENTRANT -Wno-sign-compare -Wno-ignored-attributes -Wno-class-memaccess      -I stan/lib/stan_math/lib/tbb_2020.3/include    -O3 -I src -I stan/src -I stan/lib/rapidjson_1.1.0/ -I lib/CLI11-1.9.1/ -I stan/lib/stan_math/ -I stan/lib/stan_math/lib/eigen_3.4.0 -I stan/lib/stan_math/lib/boost_1.87.0 -I stan/lib/stan_math/lib/sundials_6.1.1/include -I stan/lib/stan_math/lib/sundials_6.1.1/src/sundials    -DBOOST_DISABLE_ASSERTS               -Wl,-L,"/geode2/home/u110/zwu1/BigRed200/.cmdstan/cmdstan-2.38.0/stan/lib/stan_math/lib/tbb"   -Wl,-rpath,"/geode2/home/u110/zwu1/BigRed200/.cmdstan/cmdstan-2.38.0/stan/lib/stan_math/lib/tbb"      /geode2/home/u110/zwu1/BigRed200/gnpc_explor/src/model_shift_mean_paper_jls.o src/cmdstan/main.o       -ltbb   stan/lib/stan_math/lib/sundials_6.1.1/lib/libsundials_nvecserial.a stan/lib/stan_math/lib/sundials_6.1.1/lib/libsundials_cvodes.a stan/lib/stan_math/lib/sundials_6.1.1/lib/libsundials_idas.a stan/lib/stan_math/lib/sundials_6.1.1/lib/libsundials_kinsol.a  stan/lib/stan_math/lib/tbb/libtbb.so.2 -o /geode2/home/u110/zwu1/BigRed200/gnpc_explor/src/model_shift_mean_paper_jls
/usr/bin/ld: cannot find /geode2/home/u110/zwu1/BigRed200/gnpc_explor/src/model_shift_mean_paper_jls.o: No such file or directory
collect2: error: ld returned 1 exit status
make: *** [make/program:82: /geode2/home/u110/zwu1/BigRed200/gnpc_explor/src/model_shift_mean_paper_jls] Error 1

Command ['make', 'STANCFLAGS+=--filename-in-msg=model_shift_mean_paper_jls.stan', '/geode2/home/u110/zwu1/BigRed200/gnpc_explor/src/model_shift_mean_paper_jls']
	exited with code '2' No such file or directory

  -> Starting Run 13...
  ❌ Failed Run 13: Failed to compile Stan model '/geode2/home/u110/zwu1/BigRed200/gnpc_explor/src/model_shift_mean_paper_jls.stan'. Console:

--- Translating Stan model to C++ code ---
bin/stanc --filename-in-msg=model_shift_mean_paper_jls.stan --o=/geode2/home/u110/zwu1/BigRed200/gnpc_explor/src/model_shift_mean_paper_jls.hpp /geode2/home/u110/zwu1/BigRed200/gnpc_explor/src/model_shift_mean_paper_jls.stan

--- Compiling C++ code ---
g++ -std=c++17 -pthread -D_REENTRANT -Wno-sign-compare -Wno-ignored-attributes -Wno-class-memaccess      -I stan/lib/stan_math/lib/tbb_2020.3/include    -O3 -I src -I stan/src -I stan/lib/rapidjson_1.1.0/ -I lib/CLI11-1.9.1/ -I stan/lib/stan_math/ -I stan/lib/stan_math/lib/eigen_3.4.0 -I stan/lib/stan_math/lib/boost_1.87.0 -I stan/lib/stan_math/lib/sundials_6.1.1/include -I stan/lib/stan_math/lib/sundials_6.1.1/src/sundials    -DBOOST_DISABLE_ASSERTS          -c -Wno-ignored-attributes   -x c++ -o /geode2/home/u110/zwu1/BigRed200/gnpc_explor/src/model_shift_mean_paper_jls.o /geode2/home/u110/zwu1/BigRed200/gnpc_explor/src/model_shift_mean_paper_jls.hpp

--- Linking model ---
g++ -std=c++17 -pthread -D_REENTRANT -Wno-sign-compare -Wno-ignored-attributes -Wno-class-memaccess      -I stan/lib/stan_math/lib/tbb_2020.3/include    -O3 -I src -I stan/src -I stan/lib/rapidjson_1.1.0/ -I lib/CLI11-1.9.1/ -I stan/lib/stan_math/ -I stan/lib/stan_math/lib/eigen_3.4.0 -I stan/lib/stan_math/lib/boost_1.87.0 -I stan/lib/stan_math/lib/sundials_6.1.1/include -I stan/lib/stan_math/lib/sundials_6.1.1/src/sundials    -DBOOST_DISABLE_ASSERTS               -Wl,-L,"/geode2/home/u110/zwu1/BigRed200/.cmdstan/cmdstan-2.38.0/stan/lib/stan_math/lib/tbb"   -Wl,-rpath,"/geode2/home/u110/zwu1/BigRed200/.cmdstan/cmdstan-2.38.0/stan/lib/stan_math/lib/tbb"      /geode2/home/u110/zwu1/BigRed200/gnpc_explor/src/model_shift_mean_paper_jls.o src/cmdstan/main.o       -ltbb   stan/lib/stan_math/lib/sundials_6.1.1/lib/libsundials_nvecserial.a stan/lib/stan_math/lib/sundials_6.1.1/lib/libsundials_cvodes.a stan/lib/stan_math/lib/sundials_6.1.1/lib/libsundials_idas.a stan/lib/stan_math/lib/sundials_6.1.1/lib/libsundials_kinsol.a  stan/lib/stan_math/lib/tbb/libtbb.so.2 -o /geode2/home/u110/zwu1/BigRed200/gnpc_explor/src/model_shift_mean_paper_jls
/usr/bin/ld: cannot find /geode2/home/u110/zwu1/BigRed200/gnpc_explor/src/model_shift_mean_paper_jls.o: No such file or directory
collect2: error: ld returned 1 exit status
make: *** [make/program:82: /geode2/home/u110/zwu1/BigRed200/gnpc_explor/src/model_shift_mean_paper_jls] Error 1

Command ['make', 'STANCFLAGS+=--filename-in-msg=model_shift_mean_paper_jls.stan', '/geode2/home/u110/zwu1/BigRed200/gnpc_explor/src/model_shift_mean_paper_jls']
	exited with code '2' No such file or directory

  -> Starting Run 11...
  ❌ Failed Run 11: Failed to compile Stan model '/geode2/home/u110/zwu1/BigRed200/gnpc_explor/src/model_shift_mean_paper_jls.stan'. Console:

--- Translating Stan model to C++ code ---
bin/stanc --filename-in-msg=model_shift_mean_paper_jls.stan --o=/geode2/home/u110/zwu1/BigRed200/gnpc_explor/src/model_shift_mean_paper_jls.hpp /geode2/home/u110/zwu1/BigRed200/gnpc_explor/src/model_shift_mean_paper_jls.stan

--- Compiling C++ code ---
g++ -std=c++17 -pthread -D_REENTRANT -Wno-sign-compare -Wno-ignored-attributes -Wno-class-memaccess      -I stan/lib/stan_math/lib/tbb_2020.3/include    -O3 -I src -I stan/src -I stan/lib/rapidjson_1.1.0/ -I lib/CLI11-1.9.1/ -I stan/lib/stan_math/ -I stan/lib/stan_math/lib/eigen_3.4.0 -I stan/lib/stan_math/lib/boost_1.87.0 -I stan/lib/stan_math/lib/sundials_6.1.1/include -I stan/lib/stan_math/lib/sundials_6.1.1/src/sundials    -DBOOST_DISABLE_ASSERTS          -c -Wno-ignored-attributes   -x c++ -o /geode2/home/u110/zwu1/BigRed200/gnpc_explor/src/model_shift_mean_paper_jls.o /geode2/home/u110/zwu1/BigRed200/gnpc_explor/src/model_shift_mean_paper_jls.hpp

--- Linking model ---
g++ -std=c++17 -pthread -D_REENTRANT -Wno-sign-compare -Wno-ignored-attributes -Wno-class-memaccess      -I stan/lib/stan_math/lib/tbb_2020.3/include    -O3 -I src -I stan/src -I stan/lib/rapidjson_1.1.0/ -I lib/CLI11-1.9.1/ -I stan/lib/stan_math/ -I stan/lib/stan_math/lib/eigen_3.4.0 -I stan/lib/stan_math/lib/boost_1.87.0 -I stan/lib/stan_math/lib/sundials_6.1.1/include -I stan/lib/stan_math/lib/sundials_6.1.1/src/sundials    -DBOOST_DISABLE_ASSERTS               -Wl,-L,"/geode2/home/u110/zwu1/BigRed200/.cmdstan/cmdstan-2.38.0/stan/lib/stan_math/lib/tbb"   -Wl,-rpath,"/geode2/home/u110/zwu1/BigRed200/.cmdstan/cmdstan-2.38.0/stan/lib/stan_math/lib/tbb"      /geode2/home/u110/zwu1/BigRed200/gnpc_explor/src/model_shift_mean_paper_jls.o src/cmdstan/main.o       -ltbb   stan/lib/stan_math/lib/sundials_6.1.1/lib/libsundials_nvecserial.a stan/lib/stan_math/lib/sundials_6.1.1/lib/libsundials_cvodes.a stan/lib/stan_math/lib/sundials_6.1.1/lib/libsundials_idas.a stan/lib/stan_math/lib/sundials_6.1.1/lib/libsundials_kinsol.a  stan/lib/stan_math/lib/tbb/libtbb.so.2 -o /geode2/home/u110/zwu1/BigRed200/gnpc_explor/src/model_shift_mean_paper_jls
/usr/bin/ld: cannot find /geode2/home/u110/zwu1/BigRed200/gnpc_explor/src/model_shift_mean_paper_jls.o: No such file or directory
collect2: error: ld returned 1 exit status
make: *** [make/program:82: /geode2/home/u110/zwu1/BigRed200/gnpc_explor/src/model_shift_mean_paper_jls] Error 1
rm /geode2/home/u110/zwu1/BigRed200/gnpc_explor/src/model_shift_mean_paper_jls.o

Command ['make', 'STANCFLAGS+=--filename-in-msg=model_shift_mean_paper_jls.stan', '/geode2/home/u110/zwu1/BigRed200/gnpc_explor/src/model_shift_mean_paper_jls']
	exited with code '2' No such file or directory

  -> Starting Run 31...
  ❌ Failed Run 31: Failed to compile Stan model '/geode2/home/u110/zwu1/BigRed200/gnpc_explor/src/model_shift_mean_paper_jls.stan'. Console:

--- Translating Stan model to C++ code ---
bin/stanc --filename-in-msg=model_shift_mean_paper_jls.stan --o=/geode2/home/u110/zwu1/BigRed200/gnpc_explor/src/model_shift_mean_paper_jls.hpp /geode2/home/u110/zwu1/BigRed200/gnpc_explor/src/model_shift_mean_paper_jls.stan

--- Compiling C++ code ---
g++ -std=c++17 -pthread -D_REENTRANT -Wno-sign-compare -Wno-ignored-attributes -Wno-class-memaccess      -I stan/lib/stan_math/lib/tbb_2020.3/include    -O3 -I src -I stan/src -I stan/lib/rapidjson_1.1.0/ -I lib/CLI11-1.9.1/ -I stan/lib/stan_math/ -I stan/lib/stan_math/lib/eigen_3.4.0 -I stan/lib/stan_math/lib/boost_1.87.0 -I stan/lib/stan_math/lib/sundials_6.1.1/include -I stan/lib/stan_math/lib/sundials_6.1.1/src/sundials    -DBOOST_DISABLE_ASSERTS          -c -Wno-ignored-attributes   -x c++ -o /geode2/home/u110/zwu1/BigRed200/gnpc_explor/src/model_shift_mean_paper_jls.o /geode2/home/u110/zwu1/BigRed200/gnpc_explor/src/model_shift_mean_paper_jls.hpp

--- Linking model ---
g++ -std=c++17 -pthread -D_REENTRANT -Wno-sign-compare -Wno-ignored-attributes -Wno-class-memaccess      -I stan/lib/stan_math/lib/tbb_2020.3/include    -O3 -I src -I stan/src -I stan/lib/rapidjson_1.1.0/ -I lib/CLI11-1.9.1/ -I stan/lib/stan_math/ -I stan/lib/stan_math/lib/eigen_3.4.0 -I stan/lib/stan_math/lib/boost_1.87.0 -I stan/lib/stan_math/lib/sundials_6.1.1/include -I stan/lib/stan_math/lib/sundials_6.1.1/src/sundials    -DBOOST_DISABLE_ASSERTS               -Wl,-L,"/geode2/home/u110/zwu1/BigRed200/.cmdstan/cmdstan-2.38.0/stan/lib/stan_math/lib/tbb"   -Wl,-rpath,"/geode2/home/u110/zwu1/BigRed200/.cmdstan/cmdstan-2.38.0/stan/lib/stan_math/lib/tbb"      /geode2/home/u110/zwu1/BigRed200/gnpc_explor/src/model_shift_mean_paper_jls.o src/cmdstan/main.o       -ltbb   stan/lib/stan_math/lib/sundials_6.1.1/lib/libsundials_nvecserial.a stan/lib/stan_math/lib/sundials_6.1.1/lib/libsundials_cvodes.a stan/lib/stan_math/lib/sundials_6.1.1/lib/libsundials_idas.a stan/lib/stan_math/lib/sundials_6.1.1/lib/libsundials_kinsol.a  stan/lib/stan_math/lib/tbb/libtbb.so.2 -o /geode2/home/u110/zwu1/BigRed200/gnpc_explor/src/model_shift_mean_paper_jls
/usr/bin/ld: cannot find /geode2/home/u110/zwu1/BigRed200/gnpc_explor/src/model_shift_mean_paper_jls.o: No such file or directory
collect2: error: ld returned 1 exit status
make: *** [make/program:82: /geode2/home/u110/zwu1/BigRed200/gnpc_explor/src/model_shift_mean_paper_jls] Error 1
rm /geode2/home/u110/zwu1/BigRed200/gnpc_explor/src/model_shift_mean_paper_jls.o

Command ['make', 'STANCFLAGS+=--filename-in-msg=model_shift_mean_paper_jls.stan', '/geode2/home/u110/zwu1/BigRed200/gnpc_explor/src/model_shift_mean_paper_jls']
	exited with code '2' No such file or directory

  -> Starting Run 12...
  ❌ Failed Run 12: Failed to compile Stan model '/geode2/home/u110/zwu1/BigRed200/gnpc_explor/src/model_shift_mean_paper_jls.stan'. Console:

--- Translating Stan model to C++ code ---
bin/stanc --filename-in-msg=model_shift_mean_paper_jls.stan --o=/geode2/home/u110/zwu1/BigRed200/gnpc_explor/src/model_shift_mean_paper_jls.hpp /geode2/home/u110/zwu1/BigRed200/gnpc_explor/src/model_shift_mean_paper_jls.stan

--- Compiling C++ code ---
g++ -std=c++17 -pthread -D_REENTRANT -Wno-sign-compare -Wno-ignored-attributes -Wno-class-memaccess      -I stan/lib/stan_math/lib/tbb_2020.3/include    -O3 -I src -I stan/src -I stan/lib/rapidjson_1.1.0/ -I lib/CLI11-1.9.1/ -I stan/lib/stan_math/ -I stan/lib/stan_math/lib/eigen_3.4.0 -I stan/lib/stan_math/lib/boost_1.87.0 -I stan/lib/stan_math/lib/sundials_6.1.1/include -I stan/lib/stan_math/lib/sundials_6.1.1/src/sundials    -DBOOST_DISABLE_ASSERTS          -c -Wno-ignored-attributes   -x c++ -o /geode2/home/u110/zwu1/BigRed200/gnpc_explor/src/model_shift_mean_paper_jls.o /geode2/home/u110/zwu1/BigRed200/gnpc_explor/src/model_shift_mean_paper_jls.hpp

--- Linking model ---
g++ -std=c++17 -pthread -D_REENTRANT -Wno-sign-compare -Wno-ignored-attributes -Wno-class-memaccess      -I stan/lib/stan_math/lib/tbb_2020.3/include    -O3 -I src -I stan/src -I stan/lib/rapidjson_1.1.0/ -I lib/CLI11-1.9.1/ -I stan/lib/stan_math/ -I stan/lib/stan_math/lib/eigen_3.4.0 -I stan/lib/stan_math/lib/boost_1.87.0 -I stan/lib/stan_math/lib/sundials_6.1.1/include -I stan/lib/stan_math/lib/sundials_6.1.1/src/sundials    -DBOOST_DISABLE_ASSERTS               -Wl,-L,"/geode2/home/u110/zwu1/BigRed200/.cmdstan/cmdstan-2.38.0/stan/lib/stan_math/lib/tbb"   -Wl,-rpath,"/geode2/home/u110/zwu1/BigRed200/.cmdstan/cmdstan-2.38.0/stan/lib/stan_math/lib/tbb"      /geode2/home/u110/zwu1/BigRed200/gnpc_explor/src/model_shift_mean_paper_jls.o src/cmdstan/main.o       -ltbb   stan/lib/stan_math/lib/sundials_6.1.1/lib/libsundials_nvecserial.a stan/lib/stan_math/lib/sundials_6.1.1/lib/libsundials_cvodes.a stan/lib/stan_math/lib/sundials_6.1.1/lib/libsundials_idas.a stan/lib/stan_math/lib/sundials_6.1.1/lib/libsundials_kinsol.a  stan/lib/stan_math/lib/tbb/libtbb.so.2 -o /geode2/home/u110/zwu1/BigRed200/gnpc_explor/src/model_shift_mean_paper_jls
/usr/bin/ld: cannot find /geode2/home/u110/zwu1/BigRed200/gnpc_explor/src/model_shift_mean_paper_jls.o: No such file or directory
collect2: error: ld returned 1 exit status
make: *** [make/program:82: /geode2/home/u110/zwu1/BigRed200/gnpc_explor/src/model_shift_mean_paper_jls] Error 1

Command ['make', 'STANCFLAGS+=--filename-in-msg=model_shift_mean_paper_jls.stan', '/geode2/home/u110/zwu1/BigRed200/gnpc_explor/src/model_shift_mean_paper_jls']
	exited with code '2' No such file or directory

  -> Starting Run 40...
  ❌ Failed Run 40: Failed to compile Stan model '/geode2/home/u110/zwu1/BigRed200/gnpc_explor/src/model_shift_mean_paper_jls.stan'. Console:

--- Translating Stan model to C++ code ---
bin/stanc --filename-in-msg=model_shift_mean_paper_jls.stan --o=/geode2/home/u110/zwu1/BigRed200/gnpc_explor/src/model_shift_mean_paper_jls.hpp /geode2/home/u110/zwu1/BigRed200/gnpc_explor/src/model_shift_mean_paper_jls.stan

--- Compiling C++ code ---
g++ -std=c++17 -pthread -D_REENTRANT -Wno-sign-compare -Wno-ignored-attributes -Wno-class-memaccess      -I stan/lib/stan_math/lib/tbb_2020.3/include    -O3 -I src -I stan/src -I stan/lib/rapidjson_1.1.0/ -I lib/CLI11-1.9.1/ -I stan/lib/stan_math/ -I stan/lib/stan_math/lib/eigen_3.4.0 -I stan/lib/stan_math/lib/boost_1.87.0 -I stan/lib/stan_math/lib/sundials_6.1.1/include -I stan/lib/stan_math/lib/sundials_6.1.1/src/sundials    -DBOOST_DISABLE_ASSERTS          -c -Wno-ignored-attributes   -x c++ -o /geode2/home/u110/zwu1/BigRed200/gnpc_explor/src/model_shift_mean_paper_jls.o /geode2/home/u110/zwu1/BigRed200/gnpc_explor/src/model_shift_mean_paper_jls.hpp

--- Linking model ---
g++ -std=c++17 -pthread -D_REENTRANT -Wno-sign-compare -Wno-ignored-attributes -Wno-class-memaccess      -I stan/lib/stan_math/lib/tbb_2020.3/include    -O3 -I src -I stan/src -I stan/lib/rapidjson_1.1.0/ -I lib/CLI11-1.9.1/ -I stan/lib/stan_math/ -I stan/lib/stan_math/lib/eigen_3.4.0 -I stan/lib/stan_math/lib/boost_1.87.0 -I stan/lib/stan_math/lib/sundials_6.1.1/include -I stan/lib/stan_math/lib/sundials_6.1.1/src/sundials    -DBOOST_DISABLE_ASSERTS               -Wl,-L,"/geode2/home/u110/zwu1/BigRed200/.cmdstan/cmdstan-2.38.0/stan/lib/stan_math/lib/tbb"   -Wl,-rpath,"/geode2/home/u110/zwu1/BigRed200/.cmdstan/cmdstan-2.38.0/stan/lib/stan_math/lib/tbb"      /geode2/home/u110/zwu1/BigRed200/gnpc_explor/src/model_shift_mean_paper_jls.o src/cmdstan/main.o       -ltbb   stan/lib/stan_math/lib/sundials_6.1.1/lib/libsundials_nvecserial.a stan/lib/stan_math/lib/sundials_6.1.1/lib/libsundials_cvodes.a stan/lib/stan_math/lib/sundials_6.1.1/lib/libsundials_idas.a stan/lib/stan_math/lib/sundials_6.1.1/lib/libsundials_kinsol.a  stan/lib/stan_math/lib/tbb/libtbb.so.2 -o /geode2/home/u110/zwu1/BigRed200/gnpc_explor/src/model_shift_mean_paper_jls
/usr/bin/ld: cannot find /geode2/home/u110/zwu1/BigRed200/gnpc_explor/src/model_shift_mean_paper_jls.o: No such file or directory
collect2: error: ld returned 1 exit status
make: *** [make/program:82: /geode2/home/u110/zwu1/BigRed200/gnpc_explor/src/model_shift_mean_paper_jls] Error 1

Command ['make', 'STANCFLAGS+=--filename-in-msg=model_shift_mean_paper_jls.stan', '/geode2/home/u110/zwu1/BigRed200/gnpc_explor/src/model_shift_mean_paper_jls']
	exited with code '2' No such file or directory

  -> Starting Run 15...
  ❌ Failed Run 15: Failed to compile Stan model '/geode2/home/u110/zwu1/BigRed200/gnpc_explor/src/model_shift_mean_paper_jls.stan'. Console:

--- Translating Stan model to C++ code ---
bin/stanc --filename-in-msg=model_shift_mean_paper_jls.stan --o=/geode2/home/u110/zwu1/BigRed200/gnpc_explor/src/model_shift_mean_paper_jls.hpp /geode2/home/u110/zwu1/BigRed200/gnpc_explor/src/model_shift_mean_paper_jls.stan

--- Compiling C++ code ---
g++ -std=c++17 -pthread -D_REENTRANT -Wno-sign-compare -Wno-ignored-attributes -Wno-class-memaccess      -I stan/lib/stan_math/lib/tbb_2020.3/include    -O3 -I src -I stan/src -I stan/lib/rapidjson_1.1.0/ -I lib/CLI11-1.9.1/ -I stan/lib/stan_math/ -I stan/lib/stan_math/lib/eigen_3.4.0 -I stan/lib/stan_math/lib/boost_1.87.0 -I stan/lib/stan_math/lib/sundials_6.1.1/include -I stan/lib/stan_math/lib/sundials_6.1.1/src/sundials    -DBOOST_DISABLE_ASSERTS          -c -Wno-ignored-attributes   -x c++ -o /geode2/home/u110/zwu1/BigRed200/gnpc_explor/src/model_shift_mean_paper_jls.o /geode2/home/u110/zwu1/BigRed200/gnpc_explor/src/model_shift_mean_paper_jls.hpp

--- Linking model ---
g++ -std=c++17 -pthread -D_REENTRANT -Wno-sign-compare -Wno-ignored-attributes -Wno-class-memaccess      -I stan/lib/stan_math/lib/tbb_2020.3/include    -O3 -I src -I stan/src -I stan/lib/rapidjson_1.1.0/ -I lib/CLI11-1.9.1/ -I stan/lib/stan_math/ -I stan/lib/stan_math/lib/eigen_3.4.0 -I stan/lib/stan_math/lib/boost_1.87.0 -I stan/lib/stan_math/lib/sundials_6.1.1/include -I stan/lib/stan_math/lib/sundials_6.1.1/src/sundials    -DBOOST_DISABLE_ASSERTS               -Wl,-L,"/geode2/home/u110/zwu1/BigRed200/.cmdstan/cmdstan-2.38.0/stan/lib/stan_math/lib/tbb"   -Wl,-rpath,"/geode2/home/u110/zwu1/BigRed200/.cmdstan/cmdstan-2.38.0/stan/lib/stan_math/lib/tbb"      /geode2/home/u110/zwu1/BigRed200/gnpc_explor/src/model_shift_mean_paper_jls.o src/cmdstan/main.o       -ltbb   stan/lib/stan_math/lib/sundials_6.1.1/lib/libsundials_nvecserial.a stan/lib/stan_math/lib/sundials_6.1.1/lib/libsundials_cvodes.a stan/lib/stan_math/lib/sundials_6.1.1/lib/libsundials_idas.a stan/lib/stan_math/lib/sundials_6.1.1/lib/libsundials_kinsol.a  stan/lib/stan_math/lib/tbb/libtbb.so.2 -o /geode2/home/u110/zwu1/BigRed200/gnpc_explor/src/model_shift_mean_paper_jls
/usr/bin/ld: src/cmdstan/main.o: in function `cmdstan::command(int, char const**)':
main.cpp:(.text+0x35ff4): undefined reference to `new_model(stan::io::var_context&, unsigned int, std::ostream*)'
/usr/bin/ld: main.cpp:(.text+0x36f92): undefined reference to `get_stan_profile_data[abi:cxx11]()'
collect2: error: ld returned 1 exit status
make: *** [make/program:82: /geode2/home/u110/zwu1/BigRed200/gnpc_explor/src/model_shift_mean_paper_jls] Error 1
rm /geode2/home/u110/zwu1/BigRed200/gnpc_explor/src/model_shift_mean_paper_jls.o

Command ['make', 'STANCFLAGS+=--filename-in-msg=model_shift_mean_paper_jls.stan', '/geode2/home/u110/zwu1/BigRed200/gnpc_explor/src/model_shift_mean_paper_jls']
	exited with code '2' No such file or directory

  -> Starting Run 8...
  ❌ Failed Run 8: Failed to compile Stan model '/geode2/home/u110/zwu1/BigRed200/gnpc_explor/src/model_shift_mean_paper_jls.stan'. Console:

--- Translating Stan model to C++ code ---
bin/stanc --filename-in-msg=model_shift_mean_paper_jls.stan --o=/geode2/home/u110/zwu1/BigRed200/gnpc_explor/src/model_shift_mean_paper_jls.hpp /geode2/home/u110/zwu1/BigRed200/gnpc_explor/src/model_shift_mean_paper_jls.stan

--- Compiling C++ code ---
g++ -std=c++17 -pthread -D_REENTRANT -Wno-sign-compare -Wno-ignored-attributes -Wno-class-memaccess      -I stan/lib/stan_math/lib/tbb_2020.3/include    -O3 -I src -I stan/src -I stan/lib/rapidjson_1.1.0/ -I lib/CLI11-1.9.1/ -I stan/lib/stan_math/ -I stan/lib/stan_math/lib/eigen_3.4.0 -I stan/lib/stan_math/lib/boost_1.87.0 -I stan/lib/stan_math/lib/sundials_6.1.1/include -I stan/lib/stan_math/lib/sundials_6.1.1/src/sundials    -DBOOST_DISABLE_ASSERTS          -c -Wno-ignored-attributes   -x c++ -o /geode2/home/u110/zwu1/BigRed200/gnpc_explor/src/model_shift_mean_paper_jls.o /geode2/home/u110/zwu1/BigRed200/gnpc_explor/src/model_shift_mean_paper_jls.hpp

--- Linking model ---
g++ -std=c++17 -pthread -D_REENTRANT -Wno-sign-compare -Wno-ignored-attributes -Wno-class-memaccess      -I stan/lib/stan_math/lib/tbb_2020.3/include    -O3 -I src -I stan/src -I stan/lib/rapidjson_1.1.0/ -I lib/CLI11-1.9.1/ -I stan/lib/stan_math/ -I stan/lib/stan_math/lib/eigen_3.4.0 -I stan/lib/stan_math/lib/boost_1.87.0 -I stan/lib/stan_math/lib/sundials_6.1.1/include -I stan/lib/stan_math/lib/sundials_6.1.1/src/sundials    -DBOOST_DISABLE_ASSERTS               -Wl,-L,"/geode2/home/u110/zwu1/BigRed200/.cmdstan/cmdstan-2.38.0/stan/lib/stan_math/lib/tbb"   -Wl,-rpath,"/geode2/home/u110/zwu1/BigRed200/.cmdstan/cmdstan-2.38.0/stan/lib/stan_math/lib/tbb"      /geode2/home/u110/zwu1/BigRed200/gnpc_explor/src/model_shift_mean_paper_jls.o src/cmdstan/main.o       -ltbb   stan/lib/stan_math/lib/sundials_6.1.1/lib/libsundials_nvecserial.a stan/lib/stan_math/lib/sundials_6.1.1/lib/libsundials_cvodes.a stan/lib/stan_math/lib/sundials_6.1.1/lib/libsundials_idas.a stan/lib/stan_math/lib/sundials_6.1.1/lib/libsundials_kinsol.a  stan/lib/stan_math/lib/tbb/libtbb.so.2 -o /geode2/home/u110/zwu1/BigRed200/gnpc_explor/src/model_shift_mean_paper_jls
/usr/bin/ld: cannot find /geode2/home/u110/zwu1/BigRed200/gnpc_explor/src/model_shift_mean_paper_jls.o: No such file or directory
collect2: error: ld returned 1 exit status
make: *** [make/program:82: /geode2/home/u110/zwu1/BigRed200/gnpc_explor/src/model_shift_mean_paper_jls] Error 1

Command ['make', 'STANCFLAGS+=--filename-in-msg=model_shift_mean_paper_jls.stan', '/geode2/home/u110/zwu1/BigRed200/gnpc_explor/src/model_shift_mean_paper_jls']
	exited with code '2' No such file or directory

  -> Starting Run 30...
  ❌ Failed Run 30: Failed to compile Stan model '/geode2/home/u110/zwu1/BigRed200/gnpc_explor/src/model_shift_mean_paper_jls.stan'. Console:

--- Translating Stan model to C++ code ---
bin/stanc --filename-in-msg=model_shift_mean_paper_jls.stan --o=/geode2/home/u110/zwu1/BigRed200/gnpc_explor/src/model_shift_mean_paper_jls.hpp /geode2/home/u110/zwu1/BigRed200/gnpc_explor/src/model_shift_mean_paper_jls.stan

--- Compiling C++ code ---
g++ -std=c++17 -pthread -D_REENTRANT -Wno-sign-compare -Wno-ignored-attributes -Wno-class-memaccess      -I stan/lib/stan_math/lib/tbb_2020.3/include    -O3 -I src -I stan/src -I stan/lib/rapidjson_1.1.0/ -I lib/CLI11-1.9.1/ -I stan/lib/stan_math/ -I stan/lib/stan_math/lib/eigen_3.4.0 -I stan/lib/stan_math/lib/boost_1.87.0 -I stan/lib/stan_math/lib/sundials_6.1.1/include -I stan/lib/stan_math/lib/sundials_6.1.1/src/sundials    -DBOOST_DISABLE_ASSERTS          -c -Wno-ignored-attributes   -x c++ -o /geode2/home/u110/zwu1/BigRed200/gnpc_explor/src/model_shift_mean_paper_jls.o /geode2/home/u110/zwu1/BigRed200/gnpc_explor/src/model_shift_mean_paper_jls.hpp

--- Linking model ---
g++ -std=c++17 -pthread -D_REENTRANT -Wno-sign-compare -Wno-ignored-attributes -Wno-class-memaccess      -I stan/lib/stan_math/lib/tbb_2020.3/include    -O3 -I src -I stan/src -I stan/lib/rapidjson_1.1.0/ -I lib/CLI11-1.9.1/ -I stan/lib/stan_math/ -I stan/lib/stan_math/lib/eigen_3.4.0 -I stan/lib/stan_math/lib/boost_1.87.0 -I stan/lib/stan_math/lib/sundials_6.1.1/include -I stan/lib/stan_math/lib/sundials_6.1.1/src/sundials    -DBOOST_DISABLE_ASSERTS               -Wl,-L,"/geode2/home/u110/zwu1/BigRed200/.cmdstan/cmdstan-2.38.0/stan/lib/stan_math/lib/tbb"   -Wl,-rpath,"/geode2/home/u110/zwu1/BigRed200/.cmdstan/cmdstan-2.38.0/stan/lib/stan_math/lib/tbb"      /geode2/home/u110/zwu1/BigRed200/gnpc_explor/src/model_shift_mean_paper_jls.o src/cmdstan/main.o       -ltbb   stan/lib/stan_math/lib/sundials_6.1.1/lib/libsundials_nvecserial.a stan/lib/stan_math/lib/sundials_6.1.1/lib/libsundials_cvodes.a stan/lib/stan_math/lib/sundials_6.1.1/lib/libsundials_idas.a stan/lib/stan_math/lib/sundials_6.1.1/lib/libsundials_kinsol.a  stan/lib/stan_math/lib/tbb/libtbb.so.2 -o /geode2/home/u110/zwu1/BigRed200/gnpc_explor/src/model_shift_mean_paper_jls
/usr/bin/ld: cannot find /geode2/home/u110/zwu1/BigRed200/gnpc_explor/src/model_shift_mean_paper_jls.o: No such file or directory
collect2: error: ld returned 1 exit status
make: *** [make/program:82: /geode2/home/u110/zwu1/BigRed200/gnpc_explor/src/model_shift_mean_paper_jls] Error 1

Command ['make', 'STANCFLAGS+=--filename-in-msg=model_shift_mean_paper_jls.stan', '/geode2/home/u110/zwu1/BigRed200/gnpc_explor/src/model_shift_mean_paper_jls']
	exited with code '2' No such file or directory

  -> Starting Run 9...
  ❌ Failed Run 9: Failed to compile Stan model '/geode2/home/u110/zwu1/BigRed200/gnpc_explor/src/model_shift_mean_paper_jls.stan'. Console:

--- Translating Stan model to C++ code ---
bin/stanc --filename-in-msg=model_shift_mean_paper_jls.stan --o=/geode2/home/u110/zwu1/BigRed200/gnpc_explor/src/model_shift_mean_paper_jls.hpp /geode2/home/u110/zwu1/BigRed200/gnpc_explor/src/model_shift_mean_paper_jls.stan

--- Compiling C++ code ---
g++ -std=c++17 -pthread -D_REENTRANT -Wno-sign-compare -Wno-ignored-attributes -Wno-class-memaccess      -I stan/lib/stan_math/lib/tbb_2020.3/include    -O3 -I src -I stan/src -I stan/lib/rapidjson_1.1.0/ -I lib/CLI11-1.9.1/ -I stan/lib/stan_math/ -I stan/lib/stan_math/lib/eigen_3.4.0 -I stan/lib/stan_math/lib/boost_1.87.0 -I stan/lib/stan_math/lib/sundials_6.1.1/include -I stan/lib/stan_math/lib/sundials_6.1.1/src/sundials    -DBOOST_DISABLE_ASSERTS          -c -Wno-ignored-attributes   -x c++ -o /geode2/home/u110/zwu1/BigRed200/gnpc_explor/src/model_shift_mean_paper_jls.o /geode2/home/u110/zwu1/BigRed200/gnpc_explor/src/model_shift_mean_paper_jls.hpp

--- Linking model ---
g++ -std=c++17 -pthread -D_REENTRANT -Wno-sign-compare -Wno-ignored-attributes -Wno-class-memaccess      -I stan/lib/stan_math/lib/tbb_2020.3/include    -O3 -I src -I stan/src -I stan/lib/rapidjson_1.1.0/ -I lib/CLI11-1.9.1/ -I stan/lib/stan_math/ -I stan/lib/stan_math/lib/eigen_3.4.0 -I stan/lib/stan_math/lib/boost_1.87.0 -I stan/lib/stan_math/lib/sundials_6.1.1/include -I stan/lib/stan_math/lib/sundials_6.1.1/src/sundials    -DBOOST_DISABLE_ASSERTS               -Wl,-L,"/geode2/home/u110/zwu1/BigRed200/.cmdstan/cmdstan-2.38.0/stan/lib/stan_math/lib/tbb"   -Wl,-rpath,"/geode2/home/u110/zwu1/BigRed200/.cmdstan/cmdstan-2.38.0/stan/lib/stan_math/lib/tbb"      /geode2/home/u110/zwu1/BigRed200/gnpc_explor/src/model_shift_mean_paper_jls.o src/cmdstan/main.o       -ltbb   stan/lib/stan_math/lib/sundials_6.1.1/lib/libsundials_nvecserial.a stan/lib/stan_math/lib/sundials_6.1.1/lib/libsundials_cvodes.a stan/lib/stan_math/lib/sundials_6.1.1/lib/libsundials_idas.a stan/lib/stan_math/lib/sundials_6.1.1/lib/libsundials_kinsol.a  stan/lib/stan_math/lib/tbb/libtbb.so.2 -o /geode2/home/u110/zwu1/BigRed200/gnpc_explor/src/model_shift_mean_paper_jls
/usr/bin/ld: src/cmdstan/main.o: in function `cmdstan::command(int, char const**)':
main.cpp:(.text+0x35ff4): undefined reference to `new_model(stan::io::var_context&, unsigned int, std::ostream*)'
/usr/bin/ld: main.cpp:(.text+0x36f92): undefined reference to `get_stan_profile_data[abi:cxx11]()'
collect2: error: ld returned 1 exit status
make: *** [make/program:82: /geode2/home/u110/zwu1/BigRed200/gnpc_explor/src/model_shift_mean_paper_jls] Error 1

Command ['make', 'STANCFLAGS+=--filename-in-msg=model_shift_mean_paper_jls.stan', '/geode2/home/u110/zwu1/BigRed200/gnpc_explor/src/model_shift_mean_paper_jls']
	exited with code '2' No such file or directory

  -> Starting Run 37...
  ❌ Failed Run 37: Failed to compile Stan model '/geode2/home/u110/zwu1/BigRed200/gnpc_explor/src/model_shift_mean_paper_jls.stan'. Console:

--- Translating Stan model to C++ code ---
bin/stanc --filename-in-msg=model_shift_mean_paper_jls.stan --o=/geode2/home/u110/zwu1/BigRed200/gnpc_explor/src/model_shift_mean_paper_jls.hpp /geode2/home/u110/zwu1/BigRed200/gnpc_explor/src/model_shift_mean_paper_jls.stan

--- Compiling C++ code ---
g++ -std=c++17 -pthread -D_REENTRANT -Wno-sign-compare -Wno-ignored-attributes -Wno-class-memaccess      -I stan/lib/stan_math/lib/tbb_2020.3/include    -O3 -I src -I stan/src -I stan/lib/rapidjson_1.1.0/ -I lib/CLI11-1.9.1/ -I stan/lib/stan_math/ -I stan/lib/stan_math/lib/eigen_3.4.0 -I stan/lib/stan_math/lib/boost_1.87.0 -I stan/lib/stan_math/lib/sundials_6.1.1/include -I stan/lib/stan_math/lib/sundials_6.1.1/src/sundials    -DBOOST_DISABLE_ASSERTS          -c -Wno-ignored-attributes   -x c++ -o /geode2/home/u110/zwu1/BigRed200/gnpc_explor/src/model_shift_mean_paper_jls.o /geode2/home/u110/zwu1/BigRed200/gnpc_explor/src/model_shift_mean_paper_jls.hpp

--- Linking model ---
g++ -std=c++17 -pthread -D_REENTRANT -Wno-sign-compare -Wno-ignored-attributes -Wno-class-memaccess      -I stan/lib/stan_math/lib/tbb_2020.3/include    -O3 -I src -I stan/src -I stan/lib/rapidjson_1.1.0/ -I lib/CLI11-1.9.1/ -I stan/lib/stan_math/ -I stan/lib/stan_math/lib/eigen_3.4.0 -I stan/lib/stan_math/lib/boost_1.87.0 -I stan/lib/stan_math/lib/sundials_6.1.1/include -I stan/lib/stan_math/lib/sundials_6.1.1/src/sundials    -DBOOST_DISABLE_ASSERTS               -Wl,-L,"/geode2/home/u110/zwu1/BigRed200/.cmdstan/cmdstan-2.38.0/stan/lib/stan_math/lib/tbb"   -Wl,-rpath,"/geode2/home/u110/zwu1/BigRed200/.cmdstan/cmdstan-2.38.0/stan/lib/stan_math/lib/tbb"      /geode2/home/u110/zwu1/BigRed200/gnpc_explor/src/model_shift_mean_paper_jls.o src/cmdstan/main.o       -ltbb   stan/lib/stan_math/lib/sundials_6.1.1/lib/libsundials_nvecserial.a stan/lib/stan_math/lib/sundials_6.1.1/lib/libsundials_cvodes.a stan/lib/stan_math/lib/sundials_6.1.1/lib/libsundials_idas.a stan/lib/stan_math/lib/sundials_6.1.1/lib/libsundials_kinsol.a  stan/lib/stan_math/lib/tbb/libtbb.so.2 -o /geode2/home/u110/zwu1/BigRed200/gnpc_explor/src/model_shift_mean_paper_jls
/usr/bin/ld: src/cmdstan/main.o: in function `cmdstan::command(int, char const**)':
main.cpp:(.text+0x35ff4): undefined reference to `new_model(stan::io::var_context&, unsigned int, std::ostream*)'
/usr/bin/ld: main.cpp:(.text+0x36f92): undefined reference to `get_stan_profile_data[abi:cxx11]()'
collect2: error: ld returned 1 exit status
make: *** [make/program:82: /geode2/home/u110/zwu1/BigRed200/gnpc_explor/src/model_shift_mean_paper_jls] Error 1

Command ['make', 'STANCFLAGS+=--filename-in-msg=model_shift_mean_paper_jls.stan', '/geode2/home/u110/zwu1/BigRed200/gnpc_explor/src/model_shift_mean_paper_jls']
	exited with code '2' No such file or directory

  -> Starting Run 10...
  ❌ Failed Run 10: Failed to compile Stan model '/geode2/home/u110/zwu1/BigRed200/gnpc_explor/src/model_shift_mean_paper_jls.stan'. Console:

--- Translating Stan model to C++ code ---
bin/stanc --filename-in-msg=model_shift_mean_paper_jls.stan --o=/geode2/home/u110/zwu1/BigRed200/gnpc_explor/src/model_shift_mean_paper_jls.hpp /geode2/home/u110/zwu1/BigRed200/gnpc_explor/src/model_shift_mean_paper_jls.stan

--- Compiling C++ code ---
g++ -std=c++17 -pthread -D_REENTRANT -Wno-sign-compare -Wno-ignored-attributes -Wno-class-memaccess      -I stan/lib/stan_math/lib/tbb_2020.3/include    -O3 -I src -I stan/src -I stan/lib/rapidjson_1.1.0/ -I lib/CLI11-1.9.1/ -I stan/lib/stan_math/ -I stan/lib/stan_math/lib/eigen_3.4.0 -I stan/lib/stan_math/lib/boost_1.87.0 -I stan/lib/stan_math/lib/sundials_6.1.1/include -I stan/lib/stan_math/lib/sundials_6.1.1/src/sundials    -DBOOST_DISABLE_ASSERTS          -c -Wno-ignored-attributes   -x c++ -o /geode2/home/u110/zwu1/BigRed200/gnpc_explor/src/model_shift_mean_paper_jls.o /geode2/home/u110/zwu1/BigRed200/gnpc_explor/src/model_shift_mean_paper_jls.hpp

--- Linking model ---
g++ -std=c++17 -pthread -D_REENTRANT -Wno-sign-compare -Wno-ignored-attributes -Wno-class-memaccess      -I stan/lib/stan_math/lib/tbb_2020.3/include    -O3 -I src -I stan/src -I stan/lib/rapidjson_1.1.0/ -I lib/CLI11-1.9.1/ -I stan/lib/stan_math/ -I stan/lib/stan_math/lib/eigen_3.4.0 -I stan/lib/stan_math/lib/boost_1.87.0 -I stan/lib/stan_math/lib/sundials_6.1.1/include -I stan/lib/stan_math/lib/sundials_6.1.1/src/sundials    -DBOOST_DISABLE_ASSERTS               -Wl,-L,"/geode2/home/u110/zwu1/BigRed200/.cmdstan/cmdstan-2.38.0/stan/lib/stan_math/lib/tbb"   -Wl,-rpath,"/geode2/home/u110/zwu1/BigRed200/.cmdstan/cmdstan-2.38.0/stan/lib/stan_math/lib/tbb"      /geode2/home/u110/zwu1/BigRed200/gnpc_explor/src/model_shift_mean_paper_jls.o src/cmdstan/main.o       -ltbb   stan/lib/stan_math/lib/sundials_6.1.1/lib/libsundials_nvecserial.a stan/lib/stan_math/lib/sundials_6.1.1/lib/libsundials_cvodes.a stan/lib/stan_math/lib/sundials_6.1.1/lib/libsundials_idas.a stan/lib/stan_math/lib/sundials_6.1.1/lib/libsundials_kinsol.a  stan/lib/stan_math/lib/tbb/libtbb.so.2 -o /geode2/home/u110/zwu1/BigRed200/gnpc_explor/src/model_shift_mean_paper_jls
/usr/bin/ld: cannot find /geode2/home/u110/zwu1/BigRed200/gnpc_explor/src/model_shift_mean_paper_jls.o: No such file or directory
collect2: error: ld returned 1 exit status
make: *** [make/program:82: /geode2/home/u110/zwu1/BigRed200/gnpc_explor/src/model_shift_mean_paper_jls] Error 1

Command ['make', 'STANCFLAGS+=--filename-in-msg=model_shift_mean_paper_jls.stan', '/geode2/home/u110/zwu1/BigRed200/gnpc_explor/src/model_shift_mean_paper_jls']
	exited with code '2' No such file or directory

  -> Starting Run 36...
  ❌ Failed Run 36: Error during sampling:

Command and output files:
RunSet: chains=3, chain_ids=[1, 2, 3], num_processes=3
 cmd (chain 1):
	['/geode2/home/u110/zwu1/BigRed200/gnpc_explor/src/model_shift_mean_paper_jls', 'id=1', 'random', 'seed=21347', 'data', 'file=/tmp/tmpbah8pmug/k8imvsvp.json', 'output', 'file=/tmp/tmpbah8pmug/model_shift_mean_paper_jlstit_txrj/model_shift_mean_paper_jls-20260324100855_1.csv', 'method=sample', 'num_samples=2500', 'num_warmup=2500', 'algorithm=hmc', 'engine=nuts', 'max_depth=12', 'adapt', 'engaged=1', 'delta=0.95']
 retcodes=[-1, -1, -1]
 per-chain output files (showing chain 1 only):
 csv_file:
	/tmp/tmpbah8pmug/model_shift_mean_paper_jlstit_txrj/model_shift_mean_paper_jls-20260324100855_1.csv
 console_msgs (if any):
	/tmp/tmpbah8pmug/model_shift_mean_paper_jlstit_txrj/model_shift_mean_paper_jls-20260324100855_0-stdout.txt
Consider re-running with show_console=True if the above output is unclear!
  -> Starting Run 27...
  ❌ Failed Run 27: Failed to compile Stan model '/geode2/home/u110/zwu1/BigRed200/gnpc_explor/src/model_shift_mean_paper_jls.stan'. Console:

--- Translating Stan model to C++ code ---
bin/stanc --filename-in-msg=model_shift_mean_paper_jls.stan --o=/geode2/home/u110/zwu1/BigRed200/gnpc_explor/src/model_shift_mean_paper_jls.hpp /geode2/home/u110/zwu1/BigRed200/gnpc_explor/src/model_shift_mean_paper_jls.stan

--- Compiling C++ code ---
g++ -std=c++17 -pthread -D_REENTRANT -Wno-sign-compare -Wno-ignored-attributes -Wno-class-memaccess      -I stan/lib/stan_math/lib/tbb_2020.3/include    -O3 -I src -I stan/src -I stan/lib/rapidjson_1.1.0/ -I lib/CLI11-1.9.1/ -I stan/lib/stan_math/ -I stan/lib/stan_math/lib/eigen_3.4.0 -I stan/lib/stan_math/lib/boost_1.87.0 -I stan/lib/stan_math/lib/sundials_6.1.1/include -I stan/lib/stan_math/lib/sundials_6.1.1/src/sundials    -DBOOST_DISABLE_ASSERTS          -c -Wno-ignored-attributes   -x c++ -o /geode2/home/u110/zwu1/BigRed200/gnpc_explor/src/model_shift_mean_paper_jls.o /geode2/home/u110/zwu1/BigRed200/gnpc_explor/src/model_shift_mean_paper_jls.hpp

--- Linking model ---
g++ -std=c++17 -pthread -D_REENTRANT -Wno-sign-compare -Wno-ignored-attributes -Wno-class-memaccess      -I stan/lib/stan_math/lib/tbb_2020.3/include    -O3 -I src -I stan/src -I stan/lib/rapidjson_1.1.0/ -I lib/CLI11-1.9.1/ -I stan/lib/stan_math/ -I stan/lib/stan_math/lib/eigen_3.4.0 -I stan/lib/stan_math/lib/boost_1.87.0 -I stan/lib/stan_math/lib/sundials_6.1.1/include -I stan/lib/stan_math/lib/sundials_6.1.1/src/sundials    -DBOOST_DISABLE_ASSERTS               -Wl,-L,"/geode2/home/u110/zwu1/BigRed200/.cmdstan/cmdstan-2.38.0/stan/lib/stan_math/lib/tbb"   -Wl,-rpath,"/geode2/home/u110/zwu1/BigRed200/.cmdstan/cmdstan-2.38.0/stan/lib/stan_math/lib/tbb"      /geode2/home/u110/zwu1/BigRed200/gnpc_explor/src/model_shift_mean_paper_jls.o src/cmdstan/main.o       -ltbb   stan/lib/stan_math/lib/sundials_6.1.1/lib/libsundials_nvecserial.a stan/lib/stan_math/lib/sundials_6.1.1/lib/libsundials_cvodes.a stan/lib/stan_math/lib/sundials_6.1.1/lib/libsundials_idas.a stan/lib/stan_math/lib/sundials_6.1.1/lib/libsundials_kinsol.a  stan/lib/stan_math/lib/tbb/libtbb.so.2 -o /geode2/home/u110/zwu1/BigRed200/gnpc_explor/src/model_shift_mean_paper_jls
/usr/bin/ld: cannot find /geode2/home/u110/zwu1/BigRed200/gnpc_explor/src/model_shift_mean_paper_jls.o: No such file or directory
collect2: error: ld returned 1 exit status
make: *** [make/program:82: /geode2/home/u110/zwu1/BigRed200/gnpc_explor/src/model_shift_mean_paper_jls] Error 1

Command ['make', 'STANCFLAGS+=--filename-in-msg=model_shift_mean_paper_jls.stan', '/geode2/home/u110/zwu1/BigRed200/gnpc_explor/src/model_shift_mean_paper_jls']
	exited with code '2' No such file or directory

  -> Starting Run 35...
  ❌ Failed Run 35: Error during sampling:

Command and output files:
RunSet: chains=3, chain_ids=[1, 2, 3], num_processes=3
 cmd (chain 1):
	['/geode2/home/u110/zwu1/BigRed200/gnpc_explor/src/model_shift_mean_paper_jls', 'id=1', 'random', 'seed=76609', 'data', 'file=/tmp/tmpbah8pmug/9jte77xn.json', 'output', 'file=/tmp/tmpbah8pmug/model_shift_mean_paper_jls1qo1bzze/model_shift_mean_paper_jls-20260324100856_1.csv', 'method=sample', 'num_samples=2500', 'num_warmup=2500', 'algorithm=hmc', 'engine=nuts', 'max_depth=12', 'adapt', 'engaged=1', 'delta=0.95']
 retcodes=[-1, -1, -1]
 per-chain output files (showing chain 1 only):
 csv_file:
	/tmp/tmpbah8pmug/model_shift_mean_paper_jls1qo1bzze/model_shift_mean_paper_jls-20260324100856_1.csv
 console_msgs (if any):
	/tmp/tmpbah8pmug/model_shift_mean_paper_jls1qo1bzze/model_shift_mean_paper_jls-20260324100856_0-stdout.txt
Consider re-running with show_console=True if the above output is unclear!
  -> Starting Run 6...
  ❌ Failed Run 6: Failed to compile Stan model '/geode2/home/u110/zwu1/BigRed200/gnpc_explor/src/model_shift_mean_paper_jls.stan'. Console:

--- Translating Stan model to C++ code ---
bin/stanc --filename-in-msg=model_shift_mean_paper_jls.stan --o=/geode2/home/u110/zwu1/BigRed200/gnpc_explor/src/model_shift_mean_paper_jls.hpp /geode2/home/u110/zwu1/BigRed200/gnpc_explor/src/model_shift_mean_paper_jls.stan

--- Compiling C++ code ---
g++ -std=c++17 -pthread -D_REENTRANT -Wno-sign-compare -Wno-ignored-attributes -Wno-class-memaccess      -I stan/lib/stan_math/lib/tbb_2020.3/include    -O3 -I src -I stan/src -I stan/lib/rapidjson_1.1.0/ -I lib/CLI11-1.9.1/ -I stan/lib/stan_math/ -I stan/lib/stan_math/lib/eigen_3.4.0 -I stan/lib/stan_math/lib/boost_1.87.0 -I stan/lib/stan_math/lib/sundials_6.1.1/include -I stan/lib/stan_math/lib/sundials_6.1.1/src/sundials    -DBOOST_DISABLE_ASSERTS          -c -Wno-ignored-attributes   -x c++ -o /geode2/home/u110/zwu1/BigRed200/gnpc_explor/src/model_shift_mean_paper_jls.o /geode2/home/u110/zwu1/BigRed200/gnpc_explor/src/model_shift_mean_paper_jls.hpp

--- Linking model ---
g++ -std=c++17 -pthread -D_REENTRANT -Wno-sign-compare -Wno-ignored-attributes -Wno-class-memaccess      -I stan/lib/stan_math/lib/tbb_2020.3/include    -O3 -I src -I stan/src -I stan/lib/rapidjson_1.1.0/ -I lib/CLI11-1.9.1/ -I stan/lib/stan_math/ -I stan/lib/stan_math/lib/eigen_3.4.0 -I stan/lib/stan_math/lib/boost_1.87.0 -I stan/lib/stan_math/lib/sundials_6.1.1/include -I stan/lib/stan_math/lib/sundials_6.1.1/src/sundials    -DBOOST_DISABLE_ASSERTS               -Wl,-L,"/geode2/home/u110/zwu1/BigRed200/.cmdstan/cmdstan-2.38.0/stan/lib/stan_math/lib/tbb"   -Wl,-rpath,"/geode2/home/u110/zwu1/BigRed200/.cmdstan/cmdstan-2.38.0/stan/lib/stan_math/lib/tbb"      /geode2/home/u110/zwu1/BigRed200/gnpc_explor/src/model_shift_mean_paper_jls.o src/cmdstan/main.o       -ltbb   stan/lib/stan_math/lib/sundials_6.1.1/lib/libsundials_nvecserial.a stan/lib/stan_math/lib/sundials_6.1.1/lib/libsundials_cvodes.a stan/lib/stan_math/lib/sundials_6.1.1/lib/libsundials_idas.a stan/lib/stan_math/lib/sundials_6.1.1/lib/libsundials_kinsol.a  stan/lib/stan_math/lib/tbb/libtbb.so.2 -o /geode2/home/u110/zwu1/BigRed200/gnpc_explor/src/model_shift_mean_paper_jls
/usr/bin/ld: cannot find /geode2/home/u110/zwu1/BigRed200/gnpc_explor/src/model_shift_mean_paper_jls.o: No such file or directory
collect2: error: ld returned 1 exit status
make: *** [make/program:82: /geode2/home/u110/zwu1/BigRed200/gnpc_explor/src/model_shift_mean_paper_jls] Error 1

Command ['make', 'STANCFLAGS+=--filename-in-msg=model_shift_mean_paper_jls.stan', '/geode2/home/u110/zwu1/BigRed200/gnpc_explor/src/model_shift_mean_paper_jls']
	exited with code '2' No such file or directory

  -> Starting Run 28...
  ❌ Failed Run 28: Failed to compile Stan model '/geode2/home/u110/zwu1/BigRed200/gnpc_explor/src/model_shift_mean_paper_jls.stan'. Console:

--- Translating Stan model to C++ code ---
bin/stanc --filename-in-msg=model_shift_mean_paper_jls.stan --o=/geode2/home/u110/zwu1/BigRed200/gnpc_explor/src/model_shift_mean_paper_jls.hpp /geode2/home/u110/zwu1/BigRed200/gnpc_explor/src/model_shift_mean_paper_jls.stan

--- Compiling C++ code ---
g++ -std=c++17 -pthread -D_REENTRANT -Wno-sign-compare -Wno-ignored-attributes -Wno-class-memaccess      -I stan/lib/stan_math/lib/tbb_2020.3/include    -O3 -I src -I stan/src -I stan/lib/rapidjson_1.1.0/ -I lib/CLI11-1.9.1/ -I stan/lib/stan_math/ -I stan/lib/stan_math/lib/eigen_3.4.0 -I stan/lib/stan_math/lib/boost_1.87.0 -I stan/lib/stan_math/lib/sundials_6.1.1/include -I stan/lib/stan_math/lib/sundials_6.1.1/src/sundials    -DBOOST_DISABLE_ASSERTS          -c -Wno-ignored-attributes   -x c++ -o /geode2/home/u110/zwu1/BigRed200/gnpc_explor/src/model_shift_mean_paper_jls.o /geode2/home/u110/zwu1/BigRed200/gnpc_explor/src/model_shift_mean_paper_jls.hpp

--- Linking model ---
g++ -std=c++17 -pthread -D_REENTRANT -Wno-sign-compare -Wno-ignored-attributes -Wno-class-memaccess      -I stan/lib/stan_math/lib/tbb_2020.3/include    -O3 -I src -I stan/src -I stan/lib/rapidjson_1.1.0/ -I lib/CLI11-1.9.1/ -I stan/lib/stan_math/ -I stan/lib/stan_math/lib/eigen_3.4.0 -I stan/lib/stan_math/lib/boost_1.87.0 -I stan/lib/stan_math/lib/sundials_6.1.1/include -I stan/lib/stan_math/lib/sundials_6.1.1/src/sundials    -DBOOST_DISABLE_ASSERTS               -Wl,-L,"/geode2/home/u110/zwu1/BigRed200/.cmdstan/cmdstan-2.38.0/stan/lib/stan_math/lib/tbb"   -Wl,-rpath,"/geode2/home/u110/zwu1/BigRed200/.cmdstan/cmdstan-2.38.0/stan/lib/stan_math/lib/tbb"      /geode2/home/u110/zwu1/BigRed200/gnpc_explor/src/model_shift_mean_paper_jls.o src/cmdstan/main.o       -ltbb   stan/lib/stan_math/lib/sundials_6.1.1/lib/libsundials_nvecserial.a stan/lib/stan_math/lib/sundials_6.1.1/lib/libsundials_cvodes.a stan/lib/stan_math/lib/sundials_6.1.1/lib/libsundials_idas.a stan/lib/stan_math/lib/sundials_6.1.1/lib/libsundials_kinsol.a  stan/lib/stan_math/lib/tbb/libtbb.so.2 -o /geode2/home/u110/zwu1/BigRed200/gnpc_explor/src/model_shift_mean_paper_jls
/usr/bin/ld: cannot find /geode2/home/u110/zwu1/BigRed200/gnpc_explor/src/model_shift_mean_paper_jls.o: No such file or directory
collect2: error: ld returned 1 exit status
make: *** [make/program:82: /geode2/home/u110/zwu1/BigRed200/gnpc_explor/src/model_shift_mean_paper_jls] Error 1

Command ['make', 'STANCFLAGS+=--filename-in-msg=model_shift_mean_paper_jls.stan', '/geode2/home/u110/zwu1/BigRed200/gnpc_explor/src/model_shift_mean_paper_jls']
	exited with code '2' No such file or directory

  -> Starting Run 34...
  ❌ Failed Run 34: Failed to compile Stan model '/geode2/home/u110/zwu1/BigRed200/gnpc_explor/src/model_shift_mean_paper_jls.stan'. Console:

--- Translating Stan model to C++ code ---
bin/stanc --filename-in-msg=model_shift_mean_paper_jls.stan --o=/geode2/home/u110/zwu1/BigRed200/gnpc_explor/src/model_shift_mean_paper_jls.hpp /geode2/home/u110/zwu1/BigRed200/gnpc_explor/src/model_shift_mean_paper_jls.stan

--- Compiling C++ code ---
g++ -std=c++17 -pthread -D_REENTRANT -Wno-sign-compare -Wno-ignored-attributes -Wno-class-memaccess      -I stan/lib/stan_math/lib/tbb_2020.3/include    -O3 -I src -I stan/src -I stan/lib/rapidjson_1.1.0/ -I lib/CLI11-1.9.1/ -I stan/lib/stan_math/ -I stan/lib/stan_math/lib/eigen_3.4.0 -I stan/lib/stan_math/lib/boost_1.87.0 -I stan/lib/stan_math/lib/sundials_6.1.1/include -I stan/lib/stan_math/lib/sundials_6.1.1/src/sundials    -DBOOST_DISABLE_ASSERTS          -c -Wno-ignored-attributes   -x c++ -o /geode2/home/u110/zwu1/BigRed200/gnpc_explor/src/model_shift_mean_paper_jls.o /geode2/home/u110/zwu1/BigRed200/gnpc_explor/src/model_shift_mean_paper_jls.hpp

--- Linking model ---
g++ -std=c++17 -pthread -D_REENTRANT -Wno-sign-compare -Wno-ignored-attributes -Wno-class-memaccess      -I stan/lib/stan_math/lib/tbb_2020.3/include    -O3 -I src -I stan/src -I stan/lib/rapidjson_1.1.0/ -I lib/CLI11-1.9.1/ -I stan/lib/stan_math/ -I stan/lib/stan_math/lib/eigen_3.4.0 -I stan/lib/stan_math/lib/boost_1.87.0 -I stan/lib/stan_math/lib/sundials_6.1.1/include -I stan/lib/stan_math/lib/sundials_6.1.1/src/sundials    -DBOOST_DISABLE_ASSERTS               -Wl,-L,"/geode2/home/u110/zwu1/BigRed200/.cmdstan/cmdstan-2.38.0/stan/lib/stan_math/lib/tbb"   -Wl,-rpath,"/geode2/home/u110/zwu1/BigRed200/.cmdstan/cmdstan-2.38.0/stan/lib/stan_math/lib/tbb"      /geode2/home/u110/zwu1/BigRed200/gnpc_explor/src/model_shift_mean_paper_jls.o src/cmdstan/main.o       -ltbb   stan/lib/stan_math/lib/sundials_6.1.1/lib/libsundials_nvecserial.a stan/lib/stan_math/lib/sundials_6.1.1/lib/libsundials_cvodes.a stan/lib/stan_math/lib/sundials_6.1.1/lib/libsundials_idas.a stan/lib/stan_math/lib/sundials_6.1.1/lib/libsundials_kinsol.a  stan/lib/stan_math/lib/tbb/libtbb.so.2 -o /geode2/home/u110/zwu1/BigRed200/gnpc_explor/src/model_shift_mean_paper_jls
/usr/bin/ld: cannot find /geode2/home/u110/zwu1/BigRed200/gnpc_explor/src/model_shift_mean_paper_jls.o: No such file or directory
collect2: error: ld returned 1 exit status
make: *** [make/program:82: /geode2/home/u110/zwu1/BigRed200/gnpc_explor/src/model_shift_mean_paper_jls] Error 1

Command ['make', 'STANCFLAGS+=--filename-in-msg=model_shift_mean_paper_jls.stan', '/geode2/home/u110/zwu1/BigRed200/gnpc_explor/src/model_shift_mean_paper_jls']
	exited with code '2' No such file or directory

  -> Starting Run 17...
  ❌ Failed Run 17: Failed to compile Stan model '/geode2/home/u110/zwu1/BigRed200/gnpc_explor/src/model_shift_mean_paper_jls.stan'. Console:

--- Translating Stan model to C++ code ---
bin/stanc --filename-in-msg=model_shift_mean_paper_jls.stan --o=/geode2/home/u110/zwu1/BigRed200/gnpc_explor/src/model_shift_mean_paper_jls.hpp /geode2/home/u110/zwu1/BigRed200/gnpc_explor/src/model_shift_mean_paper_jls.stan

--- Compiling C++ code ---
g++ -std=c++17 -pthread -D_REENTRANT -Wno-sign-compare -Wno-ignored-attributes -Wno-class-memaccess      -I stan/lib/stan_math/lib/tbb_2020.3/include    -O3 -I src -I stan/src -I stan/lib/rapidjson_1.1.0/ -I lib/CLI11-1.9.1/ -I stan/lib/stan_math/ -I stan/lib/stan_math/lib/eigen_3.4.0 -I stan/lib/stan_math/lib/boost_1.87.0 -I stan/lib/stan_math/lib/sundials_6.1.1/include -I stan/lib/stan_math/lib/sundials_6.1.1/src/sundials    -DBOOST_DISABLE_ASSERTS          -c -Wno-ignored-attributes   -x c++ -o /geode2/home/u110/zwu1/BigRed200/gnpc_explor/src/model_shift_mean_paper_jls.o /geode2/home/u110/zwu1/BigRed200/gnpc_explor/src/model_shift_mean_paper_jls.hpp

--- Linking model ---
g++ -std=c++17 -pthread -D_REENTRANT -Wno-sign-compare -Wno-ignored-attributes -Wno-class-memaccess      -I stan/lib/stan_math/lib/tbb_2020.3/include    -O3 -I src -I stan/src -I stan/lib/rapidjson_1.1.0/ -I lib/CLI11-1.9.1/ -I stan/lib/stan_math/ -I stan/lib/stan_math/lib/eigen_3.4.0 -I stan/lib/stan_math/lib/boost_1.87.0 -I stan/lib/stan_math/lib/sundials_6.1.1/include -I stan/lib/stan_math/lib/sundials_6.1.1/src/sundials    -DBOOST_DISABLE_ASSERTS               -Wl,-L,"/geode2/home/u110/zwu1/BigRed200/.cmdstan/cmdstan-2.38.0/stan/lib/stan_math/lib/tbb"   -Wl,-rpath,"/geode2/home/u110/zwu1/BigRed200/.cmdstan/cmdstan-2.38.0/stan/lib/stan_math/lib/tbb"      /geode2/home/u110/zwu1/BigRed200/gnpc_explor/src/model_shift_mean_paper_jls.o src/cmdstan/main.o       -ltbb   stan/lib/stan_math/lib/sundials_6.1.1/lib/libsundials_nvecserial.a stan/lib/stan_math/lib/sundials_6.1.1/lib/libsundials_cvodes.a stan/lib/stan_math/lib/sundials_6.1.1/lib/libsundials_idas.a stan/lib/stan_math/lib/sundials_6.1.1/lib/libsundials_kinsol.a  stan/lib/stan_math/lib/tbb/libtbb.so.2 -o /geode2/home/u110/zwu1/BigRed200/gnpc_explor/src/model_shift_mean_paper_jls
/usr/bin/ld: src/cmdstan/main.o: in function `cmdstan::command(int, char const**)':
main.cpp:(.text+0x35ff4): undefined reference to `new_model(stan::io::var_context&, unsigned int, std::ostream*)'
/usr/bin/ld: main.cpp:(.text+0x36f92): undefined reference to `get_stan_profile_data[abi:cxx11]()'
collect2: error: ld returned 1 exit status
make: *** [make/program:82: /geode2/home/u110/zwu1/BigRed200/gnpc_explor/src/model_shift_mean_paper_jls] Error 1

Command ['make', 'STANCFLAGS+=--filename-in-msg=model_shift_mean_paper_jls.stan', '/geode2/home/u110/zwu1/BigRed200/gnpc_explor/src/model_shift_mean_paper_jls']
	exited with code '2' No such file or directory

  -> Starting Run 2...
  ❌ Failed Run 2: Failed to compile Stan model '/geode2/home/u110/zwu1/BigRed200/gnpc_explor/src/model_shift_mean_paper_jls.stan'. Console:

--- Translating Stan model to C++ code ---
bin/stanc --filename-in-msg=model_shift_mean_paper_jls.stan --o=/geode2/home/u110/zwu1/BigRed200/gnpc_explor/src/model_shift_mean_paper_jls.hpp /geode2/home/u110/zwu1/BigRed200/gnpc_explor/src/model_shift_mean_paper_jls.stan

--- Compiling C++ code ---
g++ -std=c++17 -pthread -D_REENTRANT -Wno-sign-compare -Wno-ignored-attributes -Wno-class-memaccess      -I stan/lib/stan_math/lib/tbb_2020.3/include    -O3 -I src -I stan/src -I stan/lib/rapidjson_1.1.0/ -I lib/CLI11-1.9.1/ -I stan/lib/stan_math/ -I stan/lib/stan_math/lib/eigen_3.4.0 -I stan/lib/stan_math/lib/boost_1.87.0 -I stan/lib/stan_math/lib/sundials_6.1.1/include -I stan/lib/stan_math/lib/sundials_6.1.1/src/sundials    -DBOOST_DISABLE_ASSERTS          -c -Wno-ignored-attributes   -x c++ -o /geode2/home/u110/zwu1/BigRed200/gnpc_explor/src/model_shift_mean_paper_jls.o /geode2/home/u110/zwu1/BigRed200/gnpc_explor/src/model_shift_mean_paper_jls.hpp

--- Linking model ---
g++ -std=c++17 -pthread -D_REENTRANT -Wno-sign-compare -Wno-ignored-attributes -Wno-class-memaccess      -I stan/lib/stan_math/lib/tbb_2020.3/include    -O3 -I src -I stan/src -I stan/lib/rapidjson_1.1.0/ -I lib/CLI11-1.9.1/ -I stan/lib/stan_math/ -I stan/lib/stan_math/lib/eigen_3.4.0 -I stan/lib/stan_math/lib/boost_1.87.0 -I stan/lib/stan_math/lib/sundials_6.1.1/include -I stan/lib/stan_math/lib/sundials_6.1.1/src/sundials    -DBOOST_DISABLE_ASSERTS               -Wl,-L,"/geode2/home/u110/zwu1/BigRed200/.cmdstan/cmdstan-2.38.0/stan/lib/stan_math/lib/tbb"   -Wl,-rpath,"/geode2/home/u110/zwu1/BigRed200/.cmdstan/cmdstan-2.38.0/stan/lib/stan_math/lib/tbb"      /geode2/home/u110/zwu1/BigRed200/gnpc_explor/src/model_shift_mean_paper_jls.o src/cmdstan/main.o       -ltbb   stan/lib/stan_math/lib/sundials_6.1.1/lib/libsundials_nvecserial.a stan/lib/stan_math/lib/sundials_6.1.1/lib/libsundials_cvodes.a stan/lib/stan_math/lib/sundials_6.1.1/lib/libsundials_idas.a stan/lib/stan_math/lib/sundials_6.1.1/lib/libsundials_kinsol.a  stan/lib/stan_math/lib/tbb/libtbb.so.2 -o /geode2/home/u110/zwu1/BigRed200/gnpc_explor/src/model_shift_mean_paper_jls
/usr/bin/ld: src/cmdstan/main.o: in function `cmdstan::command(int, char const**)':
main.cpp:(.text+0x35ff4): undefined reference to `new_model(stan::io::var_context&, unsigned int, std::ostream*)'
/usr/bin/ld: main.cpp:(.text+0x36f92): undefined reference to `get_stan_profile_data[abi:cxx11]()'
collect2: error: ld returned 1 exit status
make: *** [make/program:82: /geode2/home/u110/zwu1/BigRed200/gnpc_explor/src/model_shift_mean_paper_jls] Error 1

Command ['make', 'STANCFLAGS+=--filename-in-msg=model_shift_mean_paper_jls.stan', '/geode2/home/u110/zwu1/BigRed200/gnpc_explor/src/model_shift_mean_paper_jls']
	exited with code '2' No such file or directory

  -> Starting Run 25...
  ❌ Failed Run 25: Failed to compile Stan model '/geode2/home/u110/zwu1/BigRed200/gnpc_explor/src/model_shift_mean_paper_jls.stan'. Console:

--- Translating Stan model to C++ code ---
bin/stanc --filename-in-msg=model_shift_mean_paper_jls.stan --o=/geode2/home/u110/zwu1/BigRed200/gnpc_explor/src/model_shift_mean_paper_jls.hpp /geode2/home/u110/zwu1/BigRed200/gnpc_explor/src/model_shift_mean_paper_jls.stan

--- Compiling C++ code ---
g++ -std=c++17 -pthread -D_REENTRANT -Wno-sign-compare -Wno-ignored-attributes -Wno-class-memaccess      -I stan/lib/stan_math/lib/tbb_2020.3/include    -O3 -I src -I stan/src -I stan/lib/rapidjson_1.1.0/ -I lib/CLI11-1.9.1/ -I stan/lib/stan_math/ -I stan/lib/stan_math/lib/eigen_3.4.0 -I stan/lib/stan_math/lib/boost_1.87.0 -I stan/lib/stan_math/lib/sundials_6.1.1/include -I stan/lib/stan_math/lib/sundials_6.1.1/src/sundials    -DBOOST_DISABLE_ASSERTS          -c -Wno-ignored-attributes   -x c++ -o /geode2/home/u110/zwu1/BigRed200/gnpc_explor/src/model_shift_mean_paper_jls.o /geode2/home/u110/zwu1/BigRed200/gnpc_explor/src/model_shift_mean_paper_jls.hpp

--- Linking model ---
g++ -std=c++17 -pthread -D_REENTRANT -Wno-sign-compare -Wno-ignored-attributes -Wno-class-memaccess      -I stan/lib/stan_math/lib/tbb_2020.3/include    -O3 -I src -I stan/src -I stan/lib/rapidjson_1.1.0/ -I lib/CLI11-1.9.1/ -I stan/lib/stan_math/ -I stan/lib/stan_math/lib/eigen_3.4.0 -I stan/lib/stan_math/lib/boost_1.87.0 -I stan/lib/stan_math/lib/sundials_6.1.1/include -I stan/lib/stan_math/lib/sundials_6.1.1/src/sundials    -DBOOST_DISABLE_ASSERTS               -Wl,-L,"/geode2/home/u110/zwu1/BigRed200/.cmdstan/cmdstan-2.38.0/stan/lib/stan_math/lib/tbb"   -Wl,-rpath,"/geode2/home/u110/zwu1/BigRed200/.cmdstan/cmdstan-2.38.0/stan/lib/stan_math/lib/tbb"      /geode2/home/u110/zwu1/BigRed200/gnpc_explor/src/model_shift_mean_paper_jls.o src/cmdstan/main.o       -ltbb   stan/lib/stan_math/lib/sundials_6.1.1/lib/libsundials_nvecserial.a stan/lib/stan_math/lib/sundials_6.1.1/lib/libsundials_cvodes.a stan/lib/stan_math/lib/sundials_6.1.1/lib/libsundials_idas.a stan/lib/stan_math/lib/sundials_6.1.1/lib/libsundials_kinsol.a  stan/lib/stan_math/lib/tbb/libtbb.so.2 -o /geode2/home/u110/zwu1/BigRed200/gnpc_explor/src/model_shift_mean_paper_jls
/usr/bin/ld: src/cmdstan/main.o: in function `cmdstan::command(int, char const**)':
main.cpp:(.text+0x35ff4): undefined reference to `new_model(stan::io::var_context&, unsigned int, std::ostream*)'
/usr/bin/ld: main.cpp:(.text+0x36f92): undefined reference to `get_stan_profile_data[abi:cxx11]()'
collect2: error: ld returned 1 exit status
make: *** [make/program:82: /geode2/home/u110/zwu1/BigRed200/gnpc_explor/src/model_shift_mean_paper_jls] Error 1

Command ['make', 'STANCFLAGS+=--filename-in-msg=model_shift_mean_paper_jls.stan', '/geode2/home/u110/zwu1/BigRed200/gnpc_explor/src/model_shift_mean_paper_jls']
	exited with code '2' No such file or directory

  -> Starting Run 42...
  ❌ Failed Run 42: Failed to compile Stan model '/geode2/home/u110/zwu1/BigRed200/gnpc_explor/src/model_shift_mean_paper_jls.stan'. Console:

--- Translating Stan model to C++ code ---
bin/stanc --filename-in-msg=model_shift_mean_paper_jls.stan --o=/geode2/home/u110/zwu1/BigRed200/gnpc_explor/src/model_shift_mean_paper_jls.hpp /geode2/home/u110/zwu1/BigRed200/gnpc_explor/src/model_shift_mean_paper_jls.stan

--- Compiling C++ code ---
g++ -std=c++17 -pthread -D_REENTRANT -Wno-sign-compare -Wno-ignored-attributes -Wno-class-memaccess      -I stan/lib/stan_math/lib/tbb_2020.3/include    -O3 -I src -I stan/src -I stan/lib/rapidjson_1.1.0/ -I lib/CLI11-1.9.1/ -I stan/lib/stan_math/ -I stan/lib/stan_math/lib/eigen_3.4.0 -I stan/lib/stan_math/lib/boost_1.87.0 -I stan/lib/stan_math/lib/sundials_6.1.1/include -I stan/lib/stan_math/lib/sundials_6.1.1/src/sundials    -DBOOST_DISABLE_ASSERTS          -c -Wno-ignored-attributes   -x c++ -o /geode2/home/u110/zwu1/BigRed200/gnpc_explor/src/model_shift_mean_paper_jls.o /geode2/home/u110/zwu1/BigRed200/gnpc_explor/src/model_shift_mean_paper_jls.hpp

--- Linking model ---
g++ -std=c++17 -pthread -D_REENTRANT -Wno-sign-compare -Wno-ignored-attributes -Wno-class-memaccess      -I stan/lib/stan_math/lib/tbb_2020.3/include    -O3 -I src -I stan/src -I stan/lib/rapidjson_1.1.0/ -I lib/CLI11-1.9.1/ -I stan/lib/stan_math/ -I stan/lib/stan_math/lib/eigen_3.4.0 -I stan/lib/stan_math/lib/boost_1.87.0 -I stan/lib/stan_math/lib/sundials_6.1.1/include -I stan/lib/stan_math/lib/sundials_6.1.1/src/sundials    -DBOOST_DISABLE_ASSERTS               -Wl,-L,"/geode2/home/u110/zwu1/BigRed200/.cmdstan/cmdstan-2.38.0/stan/lib/stan_math/lib/tbb"   -Wl,-rpath,"/geode2/home/u110/zwu1/BigRed200/.cmdstan/cmdstan-2.38.0/stan/lib/stan_math/lib/tbb"      /geode2/home/u110/zwu1/BigRed200/gnpc_explor/src/model_shift_mean_paper_jls.o src/cmdstan/main.o       -ltbb   stan/lib/stan_math/lib/sundials_6.1.1/lib/libsundials_nvecserial.a stan/lib/stan_math/lib/sundials_6.1.1/lib/libsundials_cvodes.a stan/lib/stan_math/lib/sundials_6.1.1/lib/libsundials_idas.a stan/lib/stan_math/lib/sundials_6.1.1/lib/libsundials_kinsol.a  stan/lib/stan_math/lib/tbb/libtbb.so.2 -o /geode2/home/u110/zwu1/BigRed200/gnpc_explor/src/model_shift_mean_paper_jls
/usr/bin/ld: cannot find /geode2/home/u110/zwu1/BigRed200/gnpc_explor/src/model_shift_mean_paper_jls.o: No such file or directory
collect2: error: ld returned 1 exit status
make: *** [make/program:82: /geode2/home/u110/zwu1/BigRed200/gnpc_explor/src/model_shift_mean_paper_jls] Error 1

Command ['make', 'STANCFLAGS+=--filename-in-msg=model_shift_mean_paper_jls.stan', '/geode2/home/u110/zwu1/BigRed200/gnpc_explor/src/model_shift_mean_paper_jls']
	exited with code '2' No such file or directory

  -> Starting Run 24...
  ❌ Failed Run 24: Failed to compile Stan model '/geode2/home/u110/zwu1/BigRed200/gnpc_explor/src/model_shift_mean_paper_jls.stan'. Console:

--- Translating Stan model to C++ code ---
bin/stanc --filename-in-msg=model_shift_mean_paper_jls.stan --o=/geode2/home/u110/zwu1/BigRed200/gnpc_explor/src/model_shift_mean_paper_jls.hpp /geode2/home/u110/zwu1/BigRed200/gnpc_explor/src/model_shift_mean_paper_jls.stan

--- Compiling C++ code ---
g++ -std=c++17 -pthread -D_REENTRANT -Wno-sign-compare -Wno-ignored-attributes -Wno-class-memaccess      -I stan/lib/stan_math/lib/tbb_2020.3/include    -O3 -I src -I stan/src -I stan/lib/rapidjson_1.1.0/ -I lib/CLI11-1.9.1/ -I stan/lib/stan_math/ -I stan/lib/stan_math/lib/eigen_3.4.0 -I stan/lib/stan_math/lib/boost_1.87.0 -I stan/lib/stan_math/lib/sundials_6.1.1/include -I stan/lib/stan_math/lib/sundials_6.1.1/src/sundials    -DBOOST_DISABLE_ASSERTS          -c -Wno-ignored-attributes   -x c++ -o /geode2/home/u110/zwu1/BigRed200/gnpc_explor/src/model_shift_mean_paper_jls.o /geode2/home/u110/zwu1/BigRed200/gnpc_explor/src/model_shift_mean_paper_jls.hpp

--- Linking model ---
g++ -std=c++17 -pthread -D_REENTRANT -Wno-sign-compare -Wno-ignored-attributes -Wno-class-memaccess      -I stan/lib/stan_math/lib/tbb_2020.3/include    -O3 -I src -I stan/src -I stan/lib/rapidjson_1.1.0/ -I lib/CLI11-1.9.1/ -I stan/lib/stan_math/ -I stan/lib/stan_math/lib/eigen_3.4.0 -I stan/lib/stan_math/lib/boost_1.87.0 -I stan/lib/stan_math/lib/sundials_6.1.1/include -I stan/lib/stan_math/lib/sundials_6.1.1/src/sundials    -DBOOST_DISABLE_ASSERTS               -Wl,-L,"/geode2/home/u110/zwu1/BigRed200/.cmdstan/cmdstan-2.38.0/stan/lib/stan_math/lib/tbb"   -Wl,-rpath,"/geode2/home/u110/zwu1/BigRed200/.cmdstan/cmdstan-2.38.0/stan/lib/stan_math/lib/tbb"      /geode2/home/u110/zwu1/BigRed200/gnpc_explor/src/model_shift_mean_paper_jls.o src/cmdstan/main.o       -ltbb   stan/lib/stan_math/lib/sundials_6.1.1/lib/libsundials_nvecserial.a stan/lib/stan_math/lib/sundials_6.1.1/lib/libsundials_cvodes.a stan/lib/stan_math/lib/sundials_6.1.1/lib/libsundials_idas.a stan/lib/stan_math/lib/sundials_6.1.1/lib/libsundials_kinsol.a  stan/lib/stan_math/lib/tbb/libtbb.so.2 -o /geode2/home/u110/zwu1/BigRed200/gnpc_explor/src/model_shift_mean_paper_jls
/usr/bin/ld: cannot find /geode2/home/u110/zwu1/BigRed200/gnpc_explor/src/model_shift_mean_paper_jls.o: No such file or directory
collect2: error: ld returned 1 exit status
make: *** [make/program:82: /geode2/home/u110/zwu1/BigRed200/gnpc_explor/src/model_shift_mean_paper_jls] Error 1

Command ['make', 'STANCFLAGS+=--filename-in-msg=model_shift_mean_paper_jls.stan', '/geode2/home/u110/zwu1/BigRed200/gnpc_explor/src/model_shift_mean_paper_jls']
	exited with code '2' No such file or directory

  -> Starting Run 33...
  ❌ Failed Run 33: Failed to compile Stan model '/geode2/home/u110/zwu1/BigRed200/gnpc_explor/src/model_shift_mean_paper_jls.stan'. Console:

--- Translating Stan model to C++ code ---
bin/stanc --filename-in-msg=model_shift_mean_paper_jls.stan --o=/geode2/home/u110/zwu1/BigRed200/gnpc_explor/src/model_shift_mean_paper_jls.hpp /geode2/home/u110/zwu1/BigRed200/gnpc_explor/src/model_shift_mean_paper_jls.stan

--- Compiling C++ code ---
g++ -std=c++17 -pthread -D_REENTRANT -Wno-sign-compare -Wno-ignored-attributes -Wno-class-memaccess      -I stan/lib/stan_math/lib/tbb_2020.3/include    -O3 -I src -I stan/src -I stan/lib/rapidjson_1.1.0/ -I lib/CLI11-1.9.1/ -I stan/lib/stan_math/ -I stan/lib/stan_math/lib/eigen_3.4.0 -I stan/lib/stan_math/lib/boost_1.87.0 -I stan/lib/stan_math/lib/sundials_6.1.1/include -I stan/lib/stan_math/lib/sundials_6.1.1/src/sundials    -DBOOST_DISABLE_ASSERTS          -c -Wno-ignored-attributes   -x c++ -o /geode2/home/u110/zwu1/BigRed200/gnpc_explor/src/model_shift_mean_paper_jls.o /geode2/home/u110/zwu1/BigRed200/gnpc_explor/src/model_shift_mean_paper_jls.hpp

--- Linking model ---
g++ -std=c++17 -pthread -D_REENTRANT -Wno-sign-compare -Wno-ignored-attributes -Wno-class-memaccess      -I stan/lib/stan_math/lib/tbb_2020.3/include    -O3 -I src -I stan/src -I stan/lib/rapidjson_1.1.0/ -I lib/CLI11-1.9.1/ -I stan/lib/stan_math/ -I stan/lib/stan_math/lib/eigen_3.4.0 -I stan/lib/stan_math/lib/boost_1.87.0 -I stan/lib/stan_math/lib/sundials_6.1.1/include -I stan/lib/stan_math/lib/sundials_6.1.1/src/sundials    -DBOOST_DISABLE_ASSERTS               -Wl,-L,"/geode2/home/u110/zwu1/BigRed200/.cmdstan/cmdstan-2.38.0/stan/lib/stan_math/lib/tbb"   -Wl,-rpath,"/geode2/home/u110/zwu1/BigRed200/.cmdstan/cmdstan-2.38.0/stan/lib/stan_math/lib/tbb"      /geode2/home/u110/zwu1/BigRed200/gnpc_explor/src/model_shift_mean_paper_jls.o src/cmdstan/main.o       -ltbb   stan/lib/stan_math/lib/sundials_6.1.1/lib/libsundials_nvecserial.a stan/lib/stan_math/lib/sundials_6.1.1/lib/libsundials_cvodes.a stan/lib/stan_math/lib/sundials_6.1.1/lib/libsundials_idas.a stan/lib/stan_math/lib/sundials_6.1.1/lib/libsundials_kinsol.a  stan/lib/stan_math/lib/tbb/libtbb.so.2 -o /geode2/home/u110/zwu1/BigRed200/gnpc_explor/src/model_shift_mean_paper_jls
/usr/bin/ld: cannot find /geode2/home/u110/zwu1/BigRed200/gnpc_explor/src/model_shift_mean_paper_jls.o: No such file or directory
collect2: error: ld returned 1 exit status
make: *** [make/program:82: /geode2/home/u110/zwu1/BigRed200/gnpc_explor/src/model_shift_mean_paper_jls] Error 1

Command ['make', 'STANCFLAGS+=--filename-in-msg=model_shift_mean_paper_jls.stan', '/geode2/home/u110/zwu1/BigRed200/gnpc_explor/src/model_shift_mean_paper_jls']
	exited with code '2' No such file or directory

  -> Starting Run 5...
  ❌ Failed Run 5: Error during sampling:

Command and output files:
RunSet: chains=3, chain_ids=[1, 2, 3], num_processes=3
 cmd (chain 1):
	['/geode2/home/u110/zwu1/BigRed200/gnpc_explor/src/model_shift_mean_paper_jls', 'id=1', 'random', 'seed=54916', 'data', 'file=/tmp/tmpbah8pmug/axxz3yvh.json', 'output', 'file=/tmp/tmpbah8pmug/model_shift_mean_paper_jlsh26435wf/model_shift_mean_paper_jls-20260324100856_1.csv', 'method=sample', 'num_samples=2500', 'num_warmup=2500', 'algorithm=hmc', 'engine=nuts', 'max_depth=12', 'adapt', 'engaged=1', 'delta=0.95']
 retcodes=[-1, -1, -1]
 per-chain output files (showing chain 1 only):
 csv_file:
	/tmp/tmpbah8pmug/model_shift_mean_paper_jlsh26435wf/model_shift_mean_paper_jls-20260324100856_1.csv
 console_msgs (if any):
	/tmp/tmpbah8pmug/model_shift_mean_paper_jlsh26435wf/model_shift_mean_paper_jls-20260324100856_0-stdout.txt
Consider re-running with show_console=True if the above output is unclear!
  -> Starting Run 14...
  ❌ Failed Run 14: Failed to compile Stan model '/geode2/home/u110/zwu1/BigRed200/gnpc_explor/src/model_shift_mean_paper_jls.stan'. Console:

--- Translating Stan model to C++ code ---
bin/stanc --filename-in-msg=model_shift_mean_paper_jls.stan --o=/geode2/home/u110/zwu1/BigRed200/gnpc_explor/src/model_shift_mean_paper_jls.hpp /geode2/home/u110/zwu1/BigRed200/gnpc_explor/src/model_shift_mean_paper_jls.stan

--- Compiling C++ code ---
g++ -std=c++17 -pthread -D_REENTRANT -Wno-sign-compare -Wno-ignored-attributes -Wno-class-memaccess      -I stan/lib/stan_math/lib/tbb_2020.3/include    -O3 -I src -I stan/src -I stan/lib/rapidjson_1.1.0/ -I lib/CLI11-1.9.1/ -I stan/lib/stan_math/ -I stan/lib/stan_math/lib/eigen_3.4.0 -I stan/lib/stan_math/lib/boost_1.87.0 -I stan/lib/stan_math/lib/sundials_6.1.1/include -I stan/lib/stan_math/lib/sundials_6.1.1/src/sundials    -DBOOST_DISABLE_ASSERTS          -c -Wno-ignored-attributes   -x c++ -o /geode2/home/u110/zwu1/BigRed200/gnpc_explor/src/model_shift_mean_paper_jls.o /geode2/home/u110/zwu1/BigRed200/gnpc_explor/src/model_shift_mean_paper_jls.hpp

--- Linking model ---
g++ -std=c++17 -pthread -D_REENTRANT -Wno-sign-compare -Wno-ignored-attributes -Wno-class-memaccess      -I stan/lib/stan_math/lib/tbb_2020.3/include    -O3 -I src -I stan/src -I stan/lib/rapidjson_1.1.0/ -I lib/CLI11-1.9.1/ -I stan/lib/stan_math/ -I stan/lib/stan_math/lib/eigen_3.4.0 -I stan/lib/stan_math/lib/boost_1.87.0 -I stan/lib/stan_math/lib/sundials_6.1.1/include -I stan/lib/stan_math/lib/sundials_6.1.1/src/sundials    -DBOOST_DISABLE_ASSERTS               -Wl,-L,"/geode2/home/u110/zwu1/BigRed200/.cmdstan/cmdstan-2.38.0/stan/lib/stan_math/lib/tbb"   -Wl,-rpath,"/geode2/home/u110/zwu1/BigRed200/.cmdstan/cmdstan-2.38.0/stan/lib/stan_math/lib/tbb"      /geode2/home/u110/zwu1/BigRed200/gnpc_explor/src/model_shift_mean_paper_jls.o src/cmdstan/main.o       -ltbb   stan/lib/stan_math/lib/sundials_6.1.1/lib/libsundials_nvecserial.a stan/lib/stan_math/lib/sundials_6.1.1/lib/libsundials_cvodes.a stan/lib/stan_math/lib/sundials_6.1.1/lib/libsundials_idas.a stan/lib/stan_math/lib/sundials_6.1.1/lib/libsundials_kinsol.a  stan/lib/stan_math/lib/tbb/libtbb.so.2 -o /geode2/home/u110/zwu1/BigRed200/gnpc_explor/src/model_shift_mean_paper_jls
/usr/bin/ld: cannot find /geode2/home/u110/zwu1/BigRed200/gnpc_explor/src/model_shift_mean_paper_jls.o: No such file or directory
collect2: error: ld returned 1 exit status
make: *** [make/program:82: /geode2/home/u110/zwu1/BigRed200/gnpc_explor/src/model_shift_mean_paper_jls] Error 1

Command ['make', 'STANCFLAGS+=--filename-in-msg=model_shift_mean_paper_jls.stan', '/geode2/home/u110/zwu1/BigRed200/gnpc_explor/src/model_shift_mean_paper_jls']
	exited with code '2' No such file or directory

  -> Starting Run 39...
  ❌ Failed Run 39: Failed to compile Stan model '/geode2/home/u110/zwu1/BigRed200/gnpc_explor/src/model_shift_mean_paper_jls.stan'. Console:

--- Translating Stan model to C++ code ---
bin/stanc --filename-in-msg=model_shift_mean_paper_jls.stan --o=/geode2/home/u110/zwu1/BigRed200/gnpc_explor/src/model_shift_mean_paper_jls.hpp /geode2/home/u110/zwu1/BigRed200/gnpc_explor/src/model_shift_mean_paper_jls.stan

--- Compiling C++ code ---
g++ -std=c++17 -pthread -D_REENTRANT -Wno-sign-compare -Wno-ignored-attributes -Wno-class-memaccess      -I stan/lib/stan_math/lib/tbb_2020.3/include    -O3 -I src -I stan/src -I stan/lib/rapidjson_1.1.0/ -I lib/CLI11-1.9.1/ -I stan/lib/stan_math/ -I stan/lib/stan_math/lib/eigen_3.4.0 -I stan/lib/stan_math/lib/boost_1.87.0 -I stan/lib/stan_math/lib/sundials_6.1.1/include -I stan/lib/stan_math/lib/sundials_6.1.1/src/sundials    -DBOOST_DISABLE_ASSERTS          -c -Wno-ignored-attributes   -x c++ -o /geode2/home/u110/zwu1/BigRed200/gnpc_explor/src/model_shift_mean_paper_jls.o /geode2/home/u110/zwu1/BigRed200/gnpc_explor/src/model_shift_mean_paper_jls.hpp

--- Linking model ---
g++ -std=c++17 -pthread -D_REENTRANT -Wno-sign-compare -Wno-ignored-attributes -Wno-class-memaccess      -I stan/lib/stan_math/lib/tbb_2020.3/include    -O3 -I src -I stan/src -I stan/lib/rapidjson_1.1.0/ -I lib/CLI11-1.9.1/ -I stan/lib/stan_math/ -I stan/lib/stan_math/lib/eigen_3.4.0 -I stan/lib/stan_math/lib/boost_1.87.0 -I stan/lib/stan_math/lib/sundials_6.1.1/include -I stan/lib/stan_math/lib/sundials_6.1.1/src/sundials    -DBOOST_DISABLE_ASSERTS               -Wl,-L,"/geode2/home/u110/zwu1/BigRed200/.cmdstan/cmdstan-2.38.0/stan/lib/stan_math/lib/tbb"   -Wl,-rpath,"/geode2/home/u110/zwu1/BigRed200/.cmdstan/cmdstan-2.38.0/stan/lib/stan_math/lib/tbb"      /geode2/home/u110/zwu1/BigRed200/gnpc_explor/src/model_shift_mean_paper_jls.o src/cmdstan/main.o       -ltbb   stan/lib/stan_math/lib/sundials_6.1.1/lib/libsundials_nvecserial.a stan/lib/stan_math/lib/sundials_6.1.1/lib/libsundials_cvodes.a stan/lib/stan_math/lib/sundials_6.1.1/lib/libsundials_idas.a stan/lib/stan_math/lib/sundials_6.1.1/lib/libsundials_kinsol.a  stan/lib/stan_math/lib/tbb/libtbb.so.2 -o /geode2/home/u110/zwu1/BigRed200/gnpc_explor/src/model_shift_mean_paper_jls
collect2: error: ld returned 1 exit status
make: *** [make/program:82: /geode2/home/u110/zwu1/BigRed200/gnpc_explor/src/model_shift_mean_paper_jls] Error 1

Command ['make', 'STANCFLAGS+=--filename-in-msg=model_shift_mean_paper_jls.stan', '/geode2/home/u110/zwu1/BigRed200/gnpc_explor/src/model_shift_mean_paper_jls']
	exited with code '2' No such file or directory

  -> Starting Run 32...
  ❌ Failed Run 32: Failed to compile Stan model '/geode2/home/u110/zwu1/BigRed200/gnpc_explor/src/model_shift_mean_paper_jls.stan'. Console:

--- Translating Stan model to C++ code ---
bin/stanc --filename-in-msg=model_shift_mean_paper_jls.stan --o=/geode2/home/u110/zwu1/BigRed200/gnpc_explor/src/model_shift_mean_paper_jls.hpp /geode2/home/u110/zwu1/BigRed200/gnpc_explor/src/model_shift_mean_paper_jls.stan

--- Compiling C++ code ---
g++ -std=c++17 -pthread -D_REENTRANT -Wno-sign-compare -Wno-ignored-attributes -Wno-class-memaccess      -I stan/lib/stan_math/lib/tbb_2020.3/include    -O3 -I src -I stan/src -I stan/lib/rapidjson_1.1.0/ -I lib/CLI11-1.9.1/ -I stan/lib/stan_math/ -I stan/lib/stan_math/lib/eigen_3.4.0 -I stan/lib/stan_math/lib/boost_1.87.0 -I stan/lib/stan_math/lib/sundials_6.1.1/include -I stan/lib/stan_math/lib/sundials_6.1.1/src/sundials    -DBOOST_DISABLE_ASSERTS          -c -Wno-ignored-attributes   -x c++ -o /geode2/home/u110/zwu1/BigRed200/gnpc_explor/src/model_shift_mean_paper_jls.o /geode2/home/u110/zwu1/BigRed200/gnpc_explor/src/model_shift_mean_paper_jls.hpp

--- Linking model ---
g++ -std=c++17 -pthread -D_REENTRANT -Wno-sign-compare -Wno-ignored-attributes -Wno-class-memaccess      -I stan/lib/stan_math/lib/tbb_2020.3/include    -O3 -I src -I stan/src -I stan/lib/rapidjson_1.1.0/ -I lib/CLI11-1.9.1/ -I stan/lib/stan_math/ -I stan/lib/stan_math/lib/eigen_3.4.0 -I stan/lib/stan_math/lib/boost_1.87.0 -I stan/lib/stan_math/lib/sundials_6.1.1/include -I stan/lib/stan_math/lib/sundials_6.1.1/src/sundials    -DBOOST_DISABLE_ASSERTS               -Wl,-L,"/geode2/home/u110/zwu1/BigRed200/.cmdstan/cmdstan-2.38.0/stan/lib/stan_math/lib/tbb"   -Wl,-rpath,"/geode2/home/u110/zwu1/BigRed200/.cmdstan/cmdstan-2.38.0/stan/lib/stan_math/lib/tbb"      /geode2/home/u110/zwu1/BigRed200/gnpc_explor/src/model_shift_mean_paper_jls.o src/cmdstan/main.o       -ltbb   stan/lib/stan_math/lib/sundials_6.1.1/lib/libsundials_nvecserial.a stan/lib/stan_math/lib/sundials_6.1.1/lib/libsundials_cvodes.a stan/lib/stan_math/lib/sundials_6.1.1/lib/libsundials_idas.a stan/lib/stan_math/lib/sundials_6.1.1/lib/libsundials_kinsol.a  stan/lib/stan_math/lib/tbb/libtbb.so.2 -o /geode2/home/u110/zwu1/BigRed200/gnpc_explor/src/model_shift_mean_paper_jls
/usr/bin/ld: src/cmdstan/main.o: in function `cmdstan::command(int, char const**)':
main.cpp:(.text+0x35ff4): undefined reference to `new_model(stan::io::var_context&, unsigned int, std::ostream*)'
/usr/bin/ld: main.cpp:(.text+0x36f92): undefined reference to `get_stan_profile_data[abi:cxx11]()'
collect2: error: ld returned 1 exit status
make: *** [make/program:82: /geode2/home/u110/zwu1/BigRed200/gnpc_explor/src/model_shift_mean_paper_jls] Error 1

Command ['make', 'STANCFLAGS+=--filename-in-msg=model_shift_mean_paper_jls.stan', '/geode2/home/u110/zwu1/BigRed200/gnpc_explor/src/model_shift_mean_paper_jls']
	exited with code '2' No such file or directory

  -> Starting Run 7...
  ❌ Failed Run 7: Failed to compile Stan model '/geode2/home/u110/zwu1/BigRed200/gnpc_explor/src/model_shift_mean_paper_jls.stan'. Console:

--- Translating Stan model to C++ code ---
bin/stanc --filename-in-msg=model_shift_mean_paper_jls.stan --o=/geode2/home/u110/zwu1/BigRed200/gnpc_explor/src/model_shift_mean_paper_jls.hpp /geode2/home/u110/zwu1/BigRed200/gnpc_explor/src/model_shift_mean_paper_jls.stan

--- Compiling C++ code ---
g++ -std=c++17 -pthread -D_REENTRANT -Wno-sign-compare -Wno-ignored-attributes -Wno-class-memaccess      -I stan/lib/stan_math/lib/tbb_2020.3/include    -O3 -I src -I stan/src -I stan/lib/rapidjson_1.1.0/ -I lib/CLI11-1.9.1/ -I stan/lib/stan_math/ -I stan/lib/stan_math/lib/eigen_3.4.0 -I stan/lib/stan_math/lib/boost_1.87.0 -I stan/lib/stan_math/lib/sundials_6.1.1/include -I stan/lib/stan_math/lib/sundials_6.1.1/src/sundials    -DBOOST_DISABLE_ASSERTS          -c -Wno-ignored-attributes   -x c++ -o /geode2/home/u110/zwu1/BigRed200/gnpc_explor/src/model_shift_mean_paper_jls.o /geode2/home/u110/zwu1/BigRed200/gnpc_explor/src/model_shift_mean_paper_jls.hpp

--- Linking model ---
g++ -std=c++17 -pthread -D_REENTRANT -Wno-sign-compare -Wno-ignored-attributes -Wno-class-memaccess      -I stan/lib/stan_math/lib/tbb_2020.3/include    -O3 -I src -I stan/src -I stan/lib/rapidjson_1.1.0/ -I lib/CLI11-1.9.1/ -I stan/lib/stan_math/ -I stan/lib/stan_math/lib/eigen_3.4.0 -I stan/lib/stan_math/lib/boost_1.87.0 -I stan/lib/stan_math/lib/sundials_6.1.1/include -I stan/lib/stan_math/lib/sundials_6.1.1/src/sundials    -DBOOST_DISABLE_ASSERTS               -Wl,-L,"/geode2/home/u110/zwu1/BigRed200/.cmdstan/cmdstan-2.38.0/stan/lib/stan_math/lib/tbb"   -Wl,-rpath,"/geode2/home/u110/zwu1/BigRed200/.cmdstan/cmdstan-2.38.0/stan/lib/stan_math/lib/tbb"      /geode2/home/u110/zwu1/BigRed200/gnpc_explor/src/model_shift_mean_paper_jls.o src/cmdstan/main.o       -ltbb   stan/lib/stan_math/lib/sundials_6.1.1/lib/libsundials_nvecserial.a stan/lib/stan_math/lib/sundials_6.1.1/lib/libsundials_cvodes.a stan/lib/stan_math/lib/sundials_6.1.1/lib/libsundials_idas.a stan/lib/stan_math/lib/sundials_6.1.1/lib/libsundials_kinsol.a  stan/lib/stan_math/lib/tbb/libtbb.so.2 -o /geode2/home/u110/zwu1/BigRed200/gnpc_explor/src/model_shift_mean_paper_jls
/usr/bin/ld: cannot find /geode2/home/u110/zwu1/BigRed200/gnpc_explor/src/model_shift_mean_paper_jls.o: No such file or directory
collect2: error: ld returned 1 exit status
make: *** [make/program:82: /geode2/home/u110/zwu1/BigRed200/gnpc_explor/src/model_shift_mean_paper_jls] Error 1

Command ['make', 'STANCFLAGS+=--filename-in-msg=model_shift_mean_paper_jls.stan', '/geode2/home/u110/zwu1/BigRed200/gnpc_explor/src/model_shift_mean_paper_jls']
	exited with code '2' No such file or directory

  -> Starting Run 4...
  ❌ Failed Run 4: Failed to compile Stan model '/geode2/home/u110/zwu1/BigRed200/gnpc_explor/src/model_shift_mean_paper_jls.stan'. Console:

--- Translating Stan model to C++ code ---
bin/stanc --filename-in-msg=model_shift_mean_paper_jls.stan --o=/geode2/home/u110/zwu1/BigRed200/gnpc_explor/src/model_shift_mean_paper_jls.hpp /geode2/home/u110/zwu1/BigRed200/gnpc_explor/src/model_shift_mean_paper_jls.stan

--- Compiling C++ code ---
g++ -std=c++17 -pthread -D_REENTRANT -Wno-sign-compare -Wno-ignored-attributes -Wno-class-memaccess      -I stan/lib/stan_math/lib/tbb_2020.3/include    -O3 -I src -I stan/src -I stan/lib/rapidjson_1.1.0/ -I lib/CLI11-1.9.1/ -I stan/lib/stan_math/ -I stan/lib/stan_math/lib/eigen_3.4.0 -I stan/lib/stan_math/lib/boost_1.87.0 -I stan/lib/stan_math/lib/sundials_6.1.1/include -I stan/lib/stan_math/lib/sundials_6.1.1/src/sundials    -DBOOST_DISABLE_ASSERTS          -c -Wno-ignored-attributes   -x c++ -o /geode2/home/u110/zwu1/BigRed200/gnpc_explor/src/model_shift_mean_paper_jls.o /geode2/home/u110/zwu1/BigRed200/gnpc_explor/src/model_shift_mean_paper_jls.hpp

--- Linking model ---
g++ -std=c++17 -pthread -D_REENTRANT -Wno-sign-compare -Wno-ignored-attributes -Wno-class-memaccess      -I stan/lib/stan_math/lib/tbb_2020.3/include    -O3 -I src -I stan/src -I stan/lib/rapidjson_1.1.0/ -I lib/CLI11-1.9.1/ -I stan/lib/stan_math/ -I stan/lib/stan_math/lib/eigen_3.4.0 -I stan/lib/stan_math/lib/boost_1.87.0 -I stan/lib/stan_math/lib/sundials_6.1.1/include -I stan/lib/stan_math/lib/sundials_6.1.1/src/sundials    -DBOOST_DISABLE_ASSERTS               -Wl,-L,"/geode2/home/u110/zwu1/BigRed200/.cmdstan/cmdstan-2.38.0/stan/lib/stan_math/lib/tbb"   -Wl,-rpath,"/geode2/home/u110/zwu1/BigRed200/.cmdstan/cmdstan-2.38.0/stan/lib/stan_math/lib/tbb"      /geode2/home/u110/zwu1/BigRed200/gnpc_explor/src/model_shift_mean_paper_jls.o src/cmdstan/main.o       -ltbb   stan/lib/stan_math/lib/sundials_6.1.1/lib/libsundials_nvecserial.a stan/lib/stan_math/lib/sundials_6.1.1/lib/libsundials_cvodes.a stan/lib/stan_math/lib/sundials_6.1.1/lib/libsundials_idas.a stan/lib/stan_math/lib/sundials_6.1.1/lib/libsundials_kinsol.a  stan/lib/stan_math/lib/tbb/libtbb.so.2 -o /geode2/home/u110/zwu1/BigRed200/gnpc_explor/src/model_shift_mean_paper_jls
/usr/bin/ld: cannot find /geode2/home/u110/zwu1/BigRed200/gnpc_explor/src/model_shift_mean_paper_jls.o: No such file or directory
collect2: error: ld returned 1 exit status
make: *** [make/program:82: /geode2/home/u110/zwu1/BigRed200/gnpc_explor/src/model_shift_mean_paper_jls] Error 1

Command ['make', 'STANCFLAGS+=--filename-in-msg=model_shift_mean_paper_jls.stan', '/geode2/home/u110/zwu1/BigRed200/gnpc_explor/src/model_shift_mean_paper_jls']
	exited with code '2' No such file or directory

  -> Starting Run 41...
  ❌ Failed Run 41: Error during sampling:

Command and output files:
RunSet: chains=3, chain_ids=[1, 2, 3], num_processes=3
 cmd (chain 1):
	['/geode2/home/u110/zwu1/BigRed200/gnpc_explor/src/model_shift_mean_paper_jls', 'id=1', 'random', 'seed=60061', 'data', 'file=/tmp/tmpbah8pmug/kpcwmqm7.json', 'output', 'file=/tmp/tmpbah8pmug/model_shift_mean_paper_jls5kn27mbi/model_shift_mean_paper_jls-20260324100850_1.csv', 'method=sample', 'num_samples=2500', 'num_warmup=2500', 'algorithm=hmc', 'engine=nuts', 'max_depth=12', 'adapt', 'engaged=1', 'delta=0.95']
 retcodes=[-1, -1, -1]
 per-chain output files (showing chain 1 only):
 csv_file:
	/tmp/tmpbah8pmug/model_shift_mean_paper_jls5kn27mbi/model_shift_mean_paper_jls-20260324100850_1.csv
 console_msgs (if any):
	/tmp/tmpbah8pmug/model_shift_mean_paper_jls5kn27mbi/model_shift_mean_paper_jls-20260324100850_0-stdout.txt
Consider re-running with show_console=True if the above output is unclear!
  -> Starting Run 45...
  ❌ Failed Run 45: Error during sampling:

Command and output files:
RunSet: chains=3, chain_ids=[1, 2, 3], num_processes=3
 cmd (chain 1):
	['/geode2/home/u110/zwu1/BigRed200/gnpc_explor/src/model_shift_mean_paper_jls', 'id=1', 'random', 'seed=27534', 'data', 'file=/tmp/tmpbah8pmug/l6xp4j02.json', 'output', 'file=/tmp/tmpbah8pmug/model_shift_mean_paper_jlsckwkwyo0/model_shift_mean_paper_jls-20260324100903_1.csv', 'method=sample', 'num_samples=2500', 'num_warmup=2500', 'algorithm=hmc', 'engine=nuts', 'max_depth=12', 'adapt', 'engaged=1', 'delta=0.95']
 retcodes=[-1, -1, -1]
 per-chain output files (showing chain 1 only):
 csv_file:
	/tmp/tmpbah8pmug/model_shift_mean_paper_jlsckwkwyo0/model_shift_mean_paper_jls-20260324100903_1.csv
 console_msgs (if any):
	/tmp/tmpbah8pmug/model_shift_mean_paper_jlsckwkwyo0/model_shift_mean_paper_jls-20260324100903_0-stdout.txt
Consider re-running with show_console=True if the above output is unclear!

Node finished its chunk. (0/50 successful)
  -> Starting Run 111...
  ❌ Failed Run 111: Failed to compile Stan model '/geode2/home/u110/zwu1/BigRed200/gnpc_explor/src/model_shift_mean_paper_jls.stan'. Console:

--- Translating Stan model to C++ code ---
bin/stanc --filename-in-msg=model_shift_mean_paper_jls.stan --o=/geode2/home/u110/zwu1/BigRed200/gnpc_explor/src/model_shift_mean_paper_jls.hpp /geode2/home/u110/zwu1/BigRed200/gnpc_explor/src/model_shift_mean_paper_jls.stan

--- Compiling C++ code ---
g++ -std=c++17 -pthread -D_REENTRANT -Wno-sign-compare -Wno-ignored-attributes -Wno-class-memaccess      -I stan/lib/stan_math/lib/tbb_2020.3/include    -O3 -I src -I stan/src -I stan/lib/rapidjson_1.1.0/ -I lib/CLI11-1.9.1/ -I stan/lib/stan_math/ -I stan/lib/stan_math/lib/eigen_3.4.0 -I stan/lib/stan_math/lib/boost_1.87.0 -I stan/lib/stan_math/lib/sundials_6.1.1/include -I stan/lib/stan_math/lib/sundials_6.1.1/src/sundials    -DBOOST_DISABLE_ASSERTS          -c -Wno-ignored-attributes   -x c++ -o /geode2/home/u110/zwu1/BigRed200/gnpc_explor/src/model_shift_mean_paper_jls.o /geode2/home/u110/zwu1/BigRed200/gnpc_explor/src/model_shift_mean_paper_jls.hpp

--- Linking model ---
g++ -std=c++17 -pthread -D_REENTRANT -Wno-sign-compare -Wno-ignored-attributes -Wno-class-memaccess      -I stan/lib/stan_math/lib/tbb_2020.3/include    -O3 -I src -I stan/src -I stan/lib/rapidjson_1.1.0/ -I lib/CLI11-1.9.1/ -I stan/lib/stan_math/ -I stan/lib/stan_math/lib/eigen_3.4.0 -I stan/lib/stan_math/lib/boost_1.87.0 -I stan/lib/stan_math/lib/sundials_6.1.1/include -I stan/lib/stan_math/lib/sundials_6.1.1/src/sundials    -DBOOST_DISABLE_ASSERTS               -Wl,-L,"/geode2/home/u110/zwu1/BigRed200/.cmdstan/cmdstan-2.38.0/stan/lib/stan_math/lib/tbb"   -Wl,-rpath,"/geode2/home/u110/zwu1/BigRed200/.cmdstan/cmdstan-2.38.0/stan/lib/stan_math/lib/tbb"      /geode2/home/u110/zwu1/BigRed200/gnpc_explor/src/model_shift_mean_paper_jls.o src/cmdstan/main.o       -ltbb   stan/lib/stan_math/lib/sundials_6.1.1/lib/libsundials_nvecserial.a stan/lib/stan_math/lib/sundials_6.1.1/lib/libsundials_cvodes.a stan/lib/stan_math/lib/sundials_6.1.1/lib/libsundials_idas.a stan/lib/stan_math/lib/sundials_6.1.1/lib/libsundials_kinsol.a  stan/lib/stan_math/lib/tbb/libtbb.so.2 -o /geode2/home/u110/zwu1/BigRed200/gnpc_explor/src/model_shift_mean_paper_jls
/usr/bin/ld: src/cmdstan/main.o: in function `cmdstan::command(int, char const**)':
main.cpp:(.text+0x35ff4): undefined reference to `new_model(stan::io::var_context&, unsigned int, std::ostream*)'
/usr/bin/ld: main.cpp:(.text+0x36f92): undefined reference to `get_stan_profile_data[abi:cxx11]()'
collect2: error: ld returned 1 exit status
make: *** [make/program:82: /geode2/home/u110/zwu1/BigRed200/gnpc_explor/src/model_shift_mean_paper_jls] Error 1

Command ['make', 'STANCFLAGS+=--filename-in-msg=model_shift_mean_paper_jls.stan', '/geode2/home/u110/zwu1/BigRed200/gnpc_explor/src/model_shift_mean_paper_jls']
	exited with code '2' No such file or directory

  -> Starting Run 114...
  ❌ Failed Run 114: Failed to compile Stan model '/geode2/home/u110/zwu1/BigRed200/gnpc_explor/src/model_shift_mean_paper_jls.stan'. Console:

--- Translating Stan model to C++ code ---
bin/stanc --filename-in-msg=model_shift_mean_paper_jls.stan --o=/geode2/home/u110/zwu1/BigRed200/gnpc_explor/src/model_shift_mean_paper_jls.hpp /geode2/home/u110/zwu1/BigRed200/gnpc_explor/src/model_shift_mean_paper_jls.stan

--- Compiling C++ code ---
g++ -std=c++17 -pthread -D_REENTRANT -Wno-sign-compare -Wno-ignored-attributes -Wno-class-memaccess      -I stan/lib/stan_math/lib/tbb_2020.3/include    -O3 -I src -I stan/src -I stan/lib/rapidjson_1.1.0/ -I lib/CLI11-1.9.1/ -I stan/lib/stan_math/ -I stan/lib/stan_math/lib/eigen_3.4.0 -I stan/lib/stan_math/lib/boost_1.87.0 -I stan/lib/stan_math/lib/sundials_6.1.1/include -I stan/lib/stan_math/lib/sundials_6.1.1/src/sundials    -DBOOST_DISABLE_ASSERTS          -c -Wno-ignored-attributes   -x c++ -o /geode2/home/u110/zwu1/BigRed200/gnpc_explor/src/model_shift_mean_paper_jls.o /geode2/home/u110/zwu1/BigRed200/gnpc_explor/src/model_shift_mean_paper_jls.hpp

--- Linking model ---
g++ -std=c++17 -pthread -D_REENTRANT -Wno-sign-compare -Wno-ignored-attributes -Wno-class-memaccess      -I stan/lib/stan_math/lib/tbb_2020.3/include    -O3 -I src -I stan/src -I stan/lib/rapidjson_1.1.0/ -I lib/CLI11-1.9.1/ -I stan/lib/stan_math/ -I stan/lib/stan_math/lib/eigen_3.4.0 -I stan/lib/stan_math/lib/boost_1.87.0 -I stan/lib/stan_math/lib/sundials_6.1.1/include -I stan/lib/stan_math/lib/sundials_6.1.1/src/sundials    -DBOOST_DISABLE_ASSERTS               -Wl,-L,"/geode2/home/u110/zwu1/BigRed200/.cmdstan/cmdstan-2.38.0/stan/lib/stan_math/lib/tbb"   -Wl,-rpath,"/geode2/home/u110/zwu1/BigRed200/.cmdstan/cmdstan-2.38.0/stan/lib/stan_math/lib/tbb"      /geode2/home/u110/zwu1/BigRed200/gnpc_explor/src/model_shift_mean_paper_jls.o src/cmdstan/main.o       -ltbb   stan/lib/stan_math/lib/sundials_6.1.1/lib/libsundials_nvecserial.a stan/lib/stan_math/lib/sundials_6.1.1/lib/libsundials_cvodes.a stan/lib/stan_math/lib/sundials_6.1.1/lib/libsundials_idas.a stan/lib/stan_math/lib/sundials_6.1.1/lib/libsundials_kinsol.a  stan/lib/stan_math/lib/tbb/libtbb.so.2 -o /geode2/home/u110/zwu1/BigRed200/gnpc_explor/src/model_shift_mean_paper_jls
/usr/bin/ld: cannot find /geode2/home/u110/zwu1/BigRed200/gnpc_explor/src/model_shift_mean_paper_jls.o: No such file or directory
collect2: error: ld returned 1 exit status
make: *** [make/program:82: /geode2/home/u110/zwu1/BigRed200/gnpc_explor/src/model_shift_mean_paper_jls] Error 1
rm /geode2/home/u110/zwu1/BigRed200/gnpc_explor/src/model_shift_mean_paper_jls.o

Command ['make', 'STANCFLAGS+=--filename-in-msg=model_shift_mean_paper_jls.stan', '/geode2/home/u110/zwu1/BigRed200/gnpc_explor/src/model_shift_mean_paper_jls']
	exited with code '2' No such file or directory

  -> Starting Run 144...
  ❌ Failed Run 144: Error during sampling:

Command and output files:
RunSet: chains=3, chain_ids=[1, 2, 3], num_processes=3
 cmd (chain 1):
	['/geode2/home/u110/zwu1/BigRed200/gnpc_explor/src/model_shift_mean_paper_jls', 'id=1', 'random', 'seed=92297', 'data', 'file=/tmp/tmpo4i_jpnf/v5ymqkvm.json', 'output', 'file=/tmp/tmpo4i_jpnf/model_shift_mean_paper_jlsoeh1n1h_/model_shift_mean_paper_jls-20260324100938_1.csv', 'method=sample', 'num_samples=2500', 'num_warmup=2500', 'algorithm=hmc', 'engine=nuts', 'max_depth=12', 'adapt', 'engaged=1', 'delta=0.95']
 retcodes=[-1, -1, -1]
 per-chain output files (showing chain 1 only):
 csv_file:
	/tmp/tmpo4i_jpnf/model_shift_mean_paper_jlsoeh1n1h_/model_shift_mean_paper_jls-20260324100938_1.csv
 console_msgs (if any):
	/tmp/tmpo4i_jpnf/model_shift_mean_paper_jlsoeh1n1h_/model_shift_mean_paper_jls-20260324100938_0-stdout.txt
Consider re-running with show_console=True if the above output is unclear!
  -> Starting Run 147...
  ❌ Failed Run 147: Error during sampling:

Command and output files:
RunSet: chains=3, chain_ids=[1, 2, 3], num_processes=3
 cmd (chain 1):
	['/geode2/home/u110/zwu1/BigRed200/gnpc_explor/src/model_shift_mean_paper_jls', 'id=1', 'random', 'seed=7794', 'data', 'file=/tmp/tmpo4i_jpnf/7vsscdzt.json', 'output', 'file=/tmp/tmpo4i_jpnf/model_shift_mean_paper_jlsdupt9apl/model_shift_mean_paper_jls-20260324100939_1.csv', 'method=sample', 'num_samples=2500', 'num_warmup=2500', 'algorithm=hmc', 'engine=nuts', 'max_depth=12', 'adapt', 'engaged=1', 'delta=0.95']
 retcodes=[-1, -1, -1]
 per-chain output files (showing chain 1 only):
 csv_file:
	/tmp/tmpo4i_jpnf/model_shift_mean_paper_jlsdupt9apl/model_shift_mean_paper_jls-20260324100939_1.csv
 console_msgs (if any):
	/tmp/tmpo4i_jpnf/model_shift_mean_paper_jlsdupt9apl/model_shift_mean_paper_jls-20260324100939_0-stdout.txt
Consider re-running with show_console=True if the above output is unclear!
  -> Starting Run 121...
  ❌ Failed Run 121: Failed to compile Stan model '/geode2/home/u110/zwu1/BigRed200/gnpc_explor/src/model_shift_mean_paper_jls.stan'. Console:

--- Translating Stan model to C++ code ---
bin/stanc --filename-in-msg=model_shift_mean_paper_jls.stan --o=/geode2/home/u110/zwu1/BigRed200/gnpc_explor/src/model_shift_mean_paper_jls.hpp /geode2/home/u110/zwu1/BigRed200/gnpc_explor/src/model_shift_mean_paper_jls.stan

--- Compiling C++ code ---
g++ -std=c++17 -pthread -D_REENTRANT -Wno-sign-compare -Wno-ignored-attributes -Wno-class-memaccess      -I stan/lib/stan_math/lib/tbb_2020.3/include    -O3 -I src -I stan/src -I stan/lib/rapidjson_1.1.0/ -I lib/CLI11-1.9.1/ -I stan/lib/stan_math/ -I stan/lib/stan_math/lib/eigen_3.4.0 -I stan/lib/stan_math/lib/boost_1.87.0 -I stan/lib/stan_math/lib/sundials_6.1.1/include -I stan/lib/stan_math/lib/sundials_6.1.1/src/sundials    -DBOOST_DISABLE_ASSERTS          -c -Wno-ignored-attributes   -x c++ -o /geode2/home/u110/zwu1/BigRed200/gnpc_explor/src/model_shift_mean_paper_jls.o /geode2/home/u110/zwu1/BigRed200/gnpc_explor/src/model_shift_mean_paper_jls.hpp

--- Linking model ---
g++ -std=c++17 -pthread -D_REENTRANT -Wno-sign-compare -Wno-ignored-attributes -Wno-class-memaccess      -I stan/lib/stan_math/lib/tbb_2020.3/include    -O3 -I src -I stan/src -I stan/lib/rapidjson_1.1.0/ -I lib/CLI11-1.9.1/ -I stan/lib/stan_math/ -I stan/lib/stan_math/lib/eigen_3.4.0 -I stan/lib/stan_math/lib/boost_1.87.0 -I stan/lib/stan_math/lib/sundials_6.1.1/include -I stan/lib/stan_math/lib/sundials_6.1.1/src/sundials    -DBOOST_DISABLE_ASSERTS               -Wl,-L,"/geode2/home/u110/zwu1/BigRed200/.cmdstan/cmdstan-2.38.0/stan/lib/stan_math/lib/tbb"   -Wl,-rpath,"/geode2/home/u110/zwu1/BigRed200/.cmdstan/cmdstan-2.38.0/stan/lib/stan_math/lib/tbb"      /geode2/home/u110/zwu1/BigRed200/gnpc_explor/src/model_shift_mean_paper_jls.o src/cmdstan/main.o       -ltbb   stan/lib/stan_math/lib/sundials_6.1.1/lib/libsundials_nvecserial.a stan/lib/stan_math/lib/sundials_6.1.1/lib/libsundials_cvodes.a stan/lib/stan_math/lib/sundials_6.1.1/lib/libsundials_idas.a stan/lib/stan_math/lib/sundials_6.1.1/lib/libsundials_kinsol.a  stan/lib/stan_math/lib/tbb/libtbb.so.2 -o /geode2/home/u110/zwu1/BigRed200/gnpc_explor/src/model_shift_mean_paper_jls
/usr/bin/ld: cannot find /geode2/home/u110/zwu1/BigRed200/gnpc_explor/src/model_shift_mean_paper_jls.o: No such file or directory
collect2: error: ld returned 1 exit status
make: *** [make/program:82: /geode2/home/u110/zwu1/BigRed200/gnpc_explor/src/model_shift_mean_paper_jls] Error 1

Command ['make', 'STANCFLAGS+=--filename-in-msg=model_shift_mean_paper_jls.stan', '/geode2/home/u110/zwu1/BigRed200/gnpc_explor/src/model_shift_mean_paper_jls']
	exited with code '2' No such file or directory

  -> Starting Run 142...
  ❌ Failed Run 142: Failed to compile Stan model '/geode2/home/u110/zwu1/BigRed200/gnpc_explor/src/model_shift_mean_paper_jls.stan'. Console:

--- Translating Stan model to C++ code ---
bin/stanc --filename-in-msg=model_shift_mean_paper_jls.stan --o=/geode2/home/u110/zwu1/BigRed200/gnpc_explor/src/model_shift_mean_paper_jls.hpp /geode2/home/u110/zwu1/BigRed200/gnpc_explor/src/model_shift_mean_paper_jls.stan

--- Compiling C++ code ---
g++ -std=c++17 -pthread -D_REENTRANT -Wno-sign-compare -Wno-ignored-attributes -Wno-class-memaccess      -I stan/lib/stan_math/lib/tbb_2020.3/include    -O3 -I src -I stan/src -I stan/lib/rapidjson_1.1.0/ -I lib/CLI11-1.9.1/ -I stan/lib/stan_math/ -I stan/lib/stan_math/lib/eigen_3.4.0 -I stan/lib/stan_math/lib/boost_1.87.0 -I stan/lib/stan_math/lib/sundials_6.1.1/include -I stan/lib/stan_math/lib/sundials_6.1.1/src/sundials    -DBOOST_DISABLE_ASSERTS          -c -Wno-ignored-attributes   -x c++ -o /geode2/home/u110/zwu1/BigRed200/gnpc_explor/src/model_shift_mean_paper_jls.o /geode2/home/u110/zwu1/BigRed200/gnpc_explor/src/model_shift_mean_paper_jls.hpp

--- Linking model ---
g++ -std=c++17 -pthread -D_REENTRANT -Wno-sign-compare -Wno-ignored-attributes -Wno-class-memaccess      -I stan/lib/stan_math/lib/tbb_2020.3/include    -O3 -I src -I stan/src -I stan/lib/rapidjson_1.1.0/ -I lib/CLI11-1.9.1/ -I stan/lib/stan_math/ -I stan/lib/stan_math/lib/eigen_3.4.0 -I stan/lib/stan_math/lib/boost_1.87.0 -I stan/lib/stan_math/lib/sundials_6.1.1/include -I stan/lib/stan_math/lib/sundials_6.1.1/src/sundials    -DBOOST_DISABLE_ASSERTS               -Wl,-L,"/geode2/home/u110/zwu1/BigRed200/.cmdstan/cmdstan-2.38.0/stan/lib/stan_math/lib/tbb"   -Wl,-rpath,"/geode2/home/u110/zwu1/BigRed200/.cmdstan/cmdstan-2.38.0/stan/lib/stan_math/lib/tbb"      /geode2/home/u110/zwu1/BigRed200/gnpc_explor/src/model_shift_mean_paper_jls.o src/cmdstan/main.o       -ltbb   stan/lib/stan_math/lib/sundials_6.1.1/lib/libsundials_nvecserial.a stan/lib/stan_math/lib/sundials_6.1.1/lib/libsundials_cvodes.a stan/lib/stan_math/lib/sundials_6.1.1/lib/libsundials_idas.a stan/lib/stan_math/lib/sundials_6.1.1/lib/libsundials_kinsol.a  stan/lib/stan_math/lib/tbb/libtbb.so.2 -o /geode2/home/u110/zwu1/BigRed200/gnpc_explor/src/model_shift_mean_paper_jls
/usr/bin/ld: cannot find /geode2/home/u110/zwu1/BigRed200/gnpc_explor/src/model_shift_mean_paper_jls.o: No such file or directory
collect2: error: ld returned 1 exit status
make: *** [make/program:82: /geode2/home/u110/zwu1/BigRed200/gnpc_explor/src/model_shift_mean_paper_jls] Error 1

Command ['make', 'STANCFLAGS+=--filename-in-msg=model_shift_mean_paper_jls.stan', '/geode2/home/u110/zwu1/BigRed200/gnpc_explor/src/model_shift_mean_paper_jls']
	exited with code '2' No such file or directory

  -> Starting Run 109...
  ❌ Failed Run 109: Failed to compile Stan model '/geode2/home/u110/zwu1/BigRed200/gnpc_explor/src/model_shift_mean_paper_jls.stan'. Console:

--- Translating Stan model to C++ code ---
bin/stanc --filename-in-msg=model_shift_mean_paper_jls.stan --o=/geode2/home/u110/zwu1/BigRed200/gnpc_explor/src/model_shift_mean_paper_jls.hpp /geode2/home/u110/zwu1/BigRed200/gnpc_explor/src/model_shift_mean_paper_jls.stan

--- Compiling C++ code ---
g++ -std=c++17 -pthread -D_REENTRANT -Wno-sign-compare -Wno-ignored-attributes -Wno-class-memaccess      -I stan/lib/stan_math/lib/tbb_2020.3/include    -O3 -I src -I stan/src -I stan/lib/rapidjson_1.1.0/ -I lib/CLI11-1.9.1/ -I stan/lib/stan_math/ -I stan/lib/stan_math/lib/eigen_3.4.0 -I stan/lib/stan_math/lib/boost_1.87.0 -I stan/lib/stan_math/lib/sundials_6.1.1/include -I stan/lib/stan_math/lib/sundials_6.1.1/src/sundials    -DBOOST_DISABLE_ASSERTS          -c -Wno-ignored-attributes   -x c++ -o /geode2/home/u110/zwu1/BigRed200/gnpc_explor/src/model_shift_mean_paper_jls.o /geode2/home/u110/zwu1/BigRed200/gnpc_explor/src/model_shift_mean_paper_jls.hpp

--- Linking model ---
g++ -std=c++17 -pthread -D_REENTRANT -Wno-sign-compare -Wno-ignored-attributes -Wno-class-memaccess      -I stan/lib/stan_math/lib/tbb_2020.3/include    -O3 -I src -I stan/src -I stan/lib/rapidjson_1.1.0/ -I lib/CLI11-1.9.1/ -I stan/lib/stan_math/ -I stan/lib/stan_math/lib/eigen_3.4.0 -I stan/lib/stan_math/lib/boost_1.87.0 -I stan/lib/stan_math/lib/sundials_6.1.1/include -I stan/lib/stan_math/lib/sundials_6.1.1/src/sundials    -DBOOST_DISABLE_ASSERTS               -Wl,-L,"/geode2/home/u110/zwu1/BigRed200/.cmdstan/cmdstan-2.38.0/stan/lib/stan_math/lib/tbb"   -Wl,-rpath,"/geode2/home/u110/zwu1/BigRed200/.cmdstan/cmdstan-2.38.0/stan/lib/stan_math/lib/tbb"      /geode2/home/u110/zwu1/BigRed200/gnpc_explor/src/model_shift_mean_paper_jls.o src/cmdstan/main.o       -ltbb   stan/lib/stan_math/lib/sundials_6.1.1/lib/libsundials_nvecserial.a stan/lib/stan_math/lib/sundials_6.1.1/lib/libsundials_cvodes.a stan/lib/stan_math/lib/sundials_6.1.1/lib/libsundials_idas.a stan/lib/stan_math/lib/sundials_6.1.1/lib/libsundials_kinsol.a  stan/lib/stan_math/lib/tbb/libtbb.so.2 -o /geode2/home/u110/zwu1/BigRed200/gnpc_explor/src/model_shift_mean_paper_jls
/usr/bin/ld: cannot find /geode2/home/u110/zwu1/BigRed200/gnpc_explor/src/model_shift_mean_paper_jls.o: No such file or directory
collect2: error: ld returned 1 exit status
make: *** [make/program:82: /geode2/home/u110/zwu1/BigRed200/gnpc_explor/src/model_shift_mean_paper_jls] Error 1
rm /geode2/home/u110/zwu1/BigRed200/gnpc_explor/src/model_shift_mean_paper_jls.o

Command ['make', 'STANCFLAGS+=--filename-in-msg=model_shift_mean_paper_jls.stan', '/geode2/home/u110/zwu1/BigRed200/gnpc_explor/src/model_shift_mean_paper_jls']
	exited with code '2' No such file or directory

  -> Starting Run 128...
  ❌ Failed Run 128: Failed to compile Stan model '/geode2/home/u110/zwu1/BigRed200/gnpc_explor/src/model_shift_mean_paper_jls.stan'. Console:

--- Translating Stan model to C++ code ---
bin/stanc --filename-in-msg=model_shift_mean_paper_jls.stan --o=/geode2/home/u110/zwu1/BigRed200/gnpc_explor/src/model_shift_mean_paper_jls.hpp /geode2/home/u110/zwu1/BigRed200/gnpc_explor/src/model_shift_mean_paper_jls.stan

--- Compiling C++ code ---
g++ -std=c++17 -pthread -D_REENTRANT -Wno-sign-compare -Wno-ignored-attributes -Wno-class-memaccess      -I stan/lib/stan_math/lib/tbb_2020.3/include    -O3 -I src -I stan/src -I stan/lib/rapidjson_1.1.0/ -I lib/CLI11-1.9.1/ -I stan/lib/stan_math/ -I stan/lib/stan_math/lib/eigen_3.4.0 -I stan/lib/stan_math/lib/boost_1.87.0 -I stan/lib/stan_math/lib/sundials_6.1.1/include -I stan/lib/stan_math/lib/sundials_6.1.1/src/sundials    -DBOOST_DISABLE_ASSERTS          -c -Wno-ignored-attributes   -x c++ -o /geode2/home/u110/zwu1/BigRed200/gnpc_explor/src/model_shift_mean_paper_jls.o /geode2/home/u110/zwu1/BigRed200/gnpc_explor/src/model_shift_mean_paper_jls.hpp

--- Linking model ---
g++ -std=c++17 -pthread -D_REENTRANT -Wno-sign-compare -Wno-ignored-attributes -Wno-class-memaccess      -I stan/lib/stan_math/lib/tbb_2020.3/include    -O3 -I src -I stan/src -I stan/lib/rapidjson_1.1.0/ -I lib/CLI11-1.9.1/ -I stan/lib/stan_math/ -I stan/lib/stan_math/lib/eigen_3.4.0 -I stan/lib/stan_math/lib/boost_1.87.0 -I stan/lib/stan_math/lib/sundials_6.1.1/include -I stan/lib/stan_math/lib/sundials_6.1.1/src/sundials    -DBOOST_DISABLE_ASSERTS               -Wl,-L,"/geode2/home/u110/zwu1/BigRed200/.cmdstan/cmdstan-2.38.0/stan/lib/stan_math/lib/tbb"   -Wl,-rpath,"/geode2/home/u110/zwu1/BigRed200/.cmdstan/cmdstan-2.38.0/stan/lib/stan_math/lib/tbb"      /geode2/home/u110/zwu1/BigRed200/gnpc_explor/src/model_shift_mean_paper_jls.o src/cmdstan/main.o       -ltbb   stan/lib/stan_math/lib/sundials_6.1.1/lib/libsundials_nvecserial.a stan/lib/stan_math/lib/sundials_6.1.1/lib/libsundials_cvodes.a stan/lib/stan_math/lib/sundials_6.1.1/lib/libsundials_idas.a stan/lib/stan_math/lib/sundials_6.1.1/lib/libsundials_kinsol.a  stan/lib/stan_math/lib/tbb/libtbb.so.2 -o /geode2/home/u110/zwu1/BigRed200/gnpc_explor/src/model_shift_mean_paper_jls
/usr/bin/ld: cannot find /geode2/home/u110/zwu1/BigRed200/gnpc_explor/src/model_shift_mean_paper_jls.o: No such file or directory
collect2: error: ld returned 1 exit status
make: *** [make/program:82: /geode2/home/u110/zwu1/BigRed200/gnpc_explor/src/model_shift_mean_paper_jls] Error 1
rm /geode2/home/u110/zwu1/BigRed200/gnpc_explor/src/model_shift_mean_paper_jls.o

Command ['make', 'STANCFLAGS+=--filename-in-msg=model_shift_mean_paper_jls.stan', '/geode2/home/u110/zwu1/BigRed200/gnpc_explor/src/model_shift_mean_paper_jls']
	exited with code '2' No such file or directory

  -> Starting Run 105...
  ❌ Failed Run 105: Failed to compile Stan model '/geode2/home/u110/zwu1/BigRed200/gnpc_explor/src/model_shift_mean_paper_jls.stan'. Console:

--- Translating Stan model to C++ code ---
bin/stanc --filename-in-msg=model_shift_mean_paper_jls.stan --o=/geode2/home/u110/zwu1/BigRed200/gnpc_explor/src/model_shift_mean_paper_jls.hpp /geode2/home/u110/zwu1/BigRed200/gnpc_explor/src/model_shift_mean_paper_jls.stan

--- Compiling C++ code ---
g++ -std=c++17 -pthread -D_REENTRANT -Wno-sign-compare -Wno-ignored-attributes -Wno-class-memaccess      -I stan/lib/stan_math/lib/tbb_2020.3/include    -O3 -I src -I stan/src -I stan/lib/rapidjson_1.1.0/ -I lib/CLI11-1.9.1/ -I stan/lib/stan_math/ -I stan/lib/stan_math/lib/eigen_3.4.0 -I stan/lib/stan_math/lib/boost_1.87.0 -I stan/lib/stan_math/lib/sundials_6.1.1/include -I stan/lib/stan_math/lib/sundials_6.1.1/src/sundials    -DBOOST_DISABLE_ASSERTS          -c -Wno-ignored-attributes   -x c++ -o /geode2/home/u110/zwu1/BigRed200/gnpc_explor/src/model_shift_mean_paper_jls.o /geode2/home/u110/zwu1/BigRed200/gnpc_explor/src/model_shift_mean_paper_jls.hpp

--- Linking model ---
g++ -std=c++17 -pthread -D_REENTRANT -Wno-sign-compare -Wno-ignored-attributes -Wno-class-memaccess      -I stan/lib/stan_math/lib/tbb_2020.3/include    -O3 -I src -I stan/src -I stan/lib/rapidjson_1.1.0/ -I lib/CLI11-1.9.1/ -I stan/lib/stan_math/ -I stan/lib/stan_math/lib/eigen_3.4.0 -I stan/lib/stan_math/lib/boost_1.87.0 -I stan/lib/stan_math/lib/sundials_6.1.1/include -I stan/lib/stan_math/lib/sundials_6.1.1/src/sundials    -DBOOST_DISABLE_ASSERTS               -Wl,-L,"/geode2/home/u110/zwu1/BigRed200/.cmdstan/cmdstan-2.38.0/stan/lib/stan_math/lib/tbb"   -Wl,-rpath,"/geode2/home/u110/zwu1/BigRed200/.cmdstan/cmdstan-2.38.0/stan/lib/stan_math/lib/tbb"      /geode2/home/u110/zwu1/BigRed200/gnpc_explor/src/model_shift_mean_paper_jls.o src/cmdstan/main.o       -ltbb   stan/lib/stan_math/lib/sundials_6.1.1/lib/libsundials_nvecserial.a stan/lib/stan_math/lib/sundials_6.1.1/lib/libsundials_cvodes.a stan/lib/stan_math/lib/sundials_6.1.1/lib/libsundials_idas.a stan/lib/stan_math/lib/sundials_6.1.1/lib/libsundials_kinsol.a  stan/lib/stan_math/lib/tbb/libtbb.so.2 -o /geode2/home/u110/zwu1/BigRed200/gnpc_explor/src/model_shift_mean_paper_jls
/usr/bin/ld: cannot find /geode2/home/u110/zwu1/BigRed200/gnpc_explor/src/model_shift_mean_paper_jls.o: No such file or directory
collect2: error: ld returned 1 exit status
make: *** [make/program:82: /geode2/home/u110/zwu1/BigRed200/gnpc_explor/src/model_shift_mean_paper_jls] Error 1

Command ['make', 'STANCFLAGS+=--filename-in-msg=model_shift_mean_paper_jls.stan', '/geode2/home/u110/zwu1/BigRed200/gnpc_explor/src/model_shift_mean_paper_jls']
	exited with code '2' No such file or directory

  -> Starting Run 103...
  ❌ Failed Run 103: Failed to compile Stan model '/geode2/home/u110/zwu1/BigRed200/gnpc_explor/src/model_shift_mean_paper_jls.stan'. Console:

--- Translating Stan model to C++ code ---
bin/stanc --filename-in-msg=model_shift_mean_paper_jls.stan --o=/geode2/home/u110/zwu1/BigRed200/gnpc_explor/src/model_shift_mean_paper_jls.hpp /geode2/home/u110/zwu1/BigRed200/gnpc_explor/src/model_shift_mean_paper_jls.stan

--- Compiling C++ code ---
g++ -std=c++17 -pthread -D_REENTRANT -Wno-sign-compare -Wno-ignored-attributes -Wno-class-memaccess      -I stan/lib/stan_math/lib/tbb_2020.3/include    -O3 -I src -I stan/src -I stan/lib/rapidjson_1.1.0/ -I lib/CLI11-1.9.1/ -I stan/lib/stan_math/ -I stan/lib/stan_math/lib/eigen_3.4.0 -I stan/lib/stan_math/lib/boost_1.87.0 -I stan/lib/stan_math/lib/sundials_6.1.1/include -I stan/lib/stan_math/lib/sundials_6.1.1/src/sundials    -DBOOST_DISABLE_ASSERTS          -c -Wno-ignored-attributes   -x c++ -o /geode2/home/u110/zwu1/BigRed200/gnpc_explor/src/model_shift_mean_paper_jls.o /geode2/home/u110/zwu1/BigRed200/gnpc_explor/src/model_shift_mean_paper_jls.hpp

--- Linking model ---
g++ -std=c++17 -pthread -D_REENTRANT -Wno-sign-compare -Wno-ignored-attributes -Wno-class-memaccess      -I stan/lib/stan_math/lib/tbb_2020.3/include    -O3 -I src -I stan/src -I stan/lib/rapidjson_1.1.0/ -I lib/CLI11-1.9.1/ -I stan/lib/stan_math/ -I stan/lib/stan_math/lib/eigen_3.4.0 -I stan/lib/stan_math/lib/boost_1.87.0 -I stan/lib/stan_math/lib/sundials_6.1.1/include -I stan/lib/stan_math/lib/sundials_6.1.1/src/sundials    -DBOOST_DISABLE_ASSERTS               -Wl,-L,"/geode2/home/u110/zwu1/BigRed200/.cmdstan/cmdstan-2.38.0/stan/lib/stan_math/lib/tbb"   -Wl,-rpath,"/geode2/home/u110/zwu1/BigRed200/.cmdstan/cmdstan-2.38.0/stan/lib/stan_math/lib/tbb"      /geode2/home/u110/zwu1/BigRed200/gnpc_explor/src/model_shift_mean_paper_jls.o src/cmdstan/main.o       -ltbb   stan/lib/stan_math/lib/sundials_6.1.1/lib/libsundials_nvecserial.a stan/lib/stan_math/lib/sundials_6.1.1/lib/libsundials_cvodes.a stan/lib/stan_math/lib/sundials_6.1.1/lib/libsundials_idas.a stan/lib/stan_math/lib/sundials_6.1.1/lib/libsundials_kinsol.a  stan/lib/stan_math/lib/tbb/libtbb.so.2 -o /geode2/home/u110/zwu1/BigRed200/gnpc_explor/src/model_shift_mean_paper_jls
/usr/bin/ld: cannot find /geode2/home/u110/zwu1/BigRed200/gnpc_explor/src/model_shift_mean_paper_jls.o: No such file or directory
collect2: error: ld returned 1 exit status
make: *** [make/program:82: /geode2/home/u110/zwu1/BigRed200/gnpc_explor/src/model_shift_mean_paper_jls] Error 1

Command ['make', 'STANCFLAGS+=--filename-in-msg=model_shift_mean_paper_jls.stan', '/geode2/home/u110/zwu1/BigRed200/gnpc_explor/src/model_shift_mean_paper_jls']
	exited with code '2' No such file or directory

  -> Starting Run 118...
  ❌ Failed Run 118: Failed to compile Stan model '/geode2/home/u110/zwu1/BigRed200/gnpc_explor/src/model_shift_mean_paper_jls.stan'. Console:

--- Translating Stan model to C++ code ---
bin/stanc --filename-in-msg=model_shift_mean_paper_jls.stan --o=/geode2/home/u110/zwu1/BigRed200/gnpc_explor/src/model_shift_mean_paper_jls.hpp /geode2/home/u110/zwu1/BigRed200/gnpc_explor/src/model_shift_mean_paper_jls.stan

--- Compiling C++ code ---
g++ -std=c++17 -pthread -D_REENTRANT -Wno-sign-compare -Wno-ignored-attributes -Wno-class-memaccess      -I stan/lib/stan_math/lib/tbb_2020.3/include    -O3 -I src -I stan/src -I stan/lib/rapidjson_1.1.0/ -I lib/CLI11-1.9.1/ -I stan/lib/stan_math/ -I stan/lib/stan_math/lib/eigen_3.4.0 -I stan/lib/stan_math/lib/boost_1.87.0 -I stan/lib/stan_math/lib/sundials_6.1.1/include -I stan/lib/stan_math/lib/sundials_6.1.1/src/sundials    -DBOOST_DISABLE_ASSERTS          -c -Wno-ignored-attributes   -x c++ -o /geode2/home/u110/zwu1/BigRed200/gnpc_explor/src/model_shift_mean_paper_jls.o /geode2/home/u110/zwu1/BigRed200/gnpc_explor/src/model_shift_mean_paper_jls.hpp

--- Linking model ---
g++ -std=c++17 -pthread -D_REENTRANT -Wno-sign-compare -Wno-ignored-attributes -Wno-class-memaccess      -I stan/lib/stan_math/lib/tbb_2020.3/include    -O3 -I src -I stan/src -I stan/lib/rapidjson_1.1.0/ -I lib/CLI11-1.9.1/ -I stan/lib/stan_math/ -I stan/lib/stan_math/lib/eigen_3.4.0 -I stan/lib/stan_math/lib/boost_1.87.0 -I stan/lib/stan_math/lib/sundials_6.1.1/include -I stan/lib/stan_math/lib/sundials_6.1.1/src/sundials    -DBOOST_DISABLE_ASSERTS               -Wl,-L,"/geode2/home/u110/zwu1/BigRed200/.cmdstan/cmdstan-2.38.0/stan/lib/stan_math/lib/tbb"   -Wl,-rpath,"/geode2/home/u110/zwu1/BigRed200/.cmdstan/cmdstan-2.38.0/stan/lib/stan_math/lib/tbb"      /geode2/home/u110/zwu1/BigRed200/gnpc_explor/src/model_shift_mean_paper_jls.o src/cmdstan/main.o       -ltbb   stan/lib/stan_math/lib/sundials_6.1.1/lib/libsundials_nvecserial.a stan/lib/stan_math/lib/sundials_6.1.1/lib/libsundials_cvodes.a stan/lib/stan_math/lib/sundials_6.1.1/lib/libsundials_idas.a stan/lib/stan_math/lib/sundials_6.1.1/lib/libsundials_kinsol.a  stan/lib/stan_math/lib/tbb/libtbb.so.2 -o /geode2/home/u110/zwu1/BigRed200/gnpc_explor/src/model_shift_mean_paper_jls
/usr/bin/ld: cannot find /geode2/home/u110/zwu1/BigRed200/gnpc_explor/src/model_shift_mean_paper_jls.o: No such file or directory
collect2: error: ld returned 1 exit status
make: *** [make/program:82: /geode2/home/u110/zwu1/BigRed200/gnpc_explor/src/model_shift_mean_paper_jls] Error 1

Command ['make', 'STANCFLAGS+=--filename-in-msg=model_shift_mean_paper_jls.stan', '/geode2/home/u110/zwu1/BigRed200/gnpc_explor/src/model_shift_mean_paper_jls']
	exited with code '2' No such file or directory

  -> Starting Run 127...
  ❌ Failed Run 127: Failed to compile Stan model '/geode2/home/u110/zwu1/BigRed200/gnpc_explor/src/model_shift_mean_paper_jls.stan'. Console:

--- Translating Stan model to C++ code ---
bin/stanc --filename-in-msg=model_shift_mean_paper_jls.stan --o=/geode2/home/u110/zwu1/BigRed200/gnpc_explor/src/model_shift_mean_paper_jls.hpp /geode2/home/u110/zwu1/BigRed200/gnpc_explor/src/model_shift_mean_paper_jls.stan

--- Compiling C++ code ---
g++ -std=c++17 -pthread -D_REENTRANT -Wno-sign-compare -Wno-ignored-attributes -Wno-class-memaccess      -I stan/lib/stan_math/lib/tbb_2020.3/include    -O3 -I src -I stan/src -I stan/lib/rapidjson_1.1.0/ -I lib/CLI11-1.9.1/ -I stan/lib/stan_math/ -I stan/lib/stan_math/lib/eigen_3.4.0 -I stan/lib/stan_math/lib/boost_1.87.0 -I stan/lib/stan_math/lib/sundials_6.1.1/include -I stan/lib/stan_math/lib/sundials_6.1.1/src/sundials    -DBOOST_DISABLE_ASSERTS          -c -Wno-ignored-attributes   -x c++ -o /geode2/home/u110/zwu1/BigRed200/gnpc_explor/src/model_shift_mean_paper_jls.o /geode2/home/u110/zwu1/BigRed200/gnpc_explor/src/model_shift_mean_paper_jls.hpp

--- Linking model ---
g++ -std=c++17 -pthread -D_REENTRANT -Wno-sign-compare -Wno-ignored-attributes -Wno-class-memaccess      -I stan/lib/stan_math/lib/tbb_2020.3/include    -O3 -I src -I stan/src -I stan/lib/rapidjson_1.1.0/ -I lib/CLI11-1.9.1/ -I stan/lib/stan_math/ -I stan/lib/stan_math/lib/eigen_3.4.0 -I stan/lib/stan_math/lib/boost_1.87.0 -I stan/lib/stan_math/lib/sundials_6.1.1/include -I stan/lib/stan_math/lib/sundials_6.1.1/src/sundials    -DBOOST_DISABLE_ASSERTS               -Wl,-L,"/geode2/home/u110/zwu1/BigRed200/.cmdstan/cmdstan-2.38.0/stan/lib/stan_math/lib/tbb"   -Wl,-rpath,"/geode2/home/u110/zwu1/BigRed200/.cmdstan/cmdstan-2.38.0/stan/lib/stan_math/lib/tbb"      /geode2/home/u110/zwu1/BigRed200/gnpc_explor/src/model_shift_mean_paper_jls.o src/cmdstan/main.o       -ltbb   stan/lib/stan_math/lib/sundials_6.1.1/lib/libsundials_nvecserial.a stan/lib/stan_math/lib/sundials_6.1.1/lib/libsundials_cvodes.a stan/lib/stan_math/lib/sundials_6.1.1/lib/libsundials_idas.a stan/lib/stan_math/lib/sundials_6.1.1/lib/libsundials_kinsol.a  stan/lib/stan_math/lib/tbb/libtbb.so.2 -o /geode2/home/u110/zwu1/BigRed200/gnpc_explor/src/model_shift_mean_paper_jls
/usr/bin/ld: cannot find /geode2/home/u110/zwu1/BigRed200/gnpc_explor/src/model_shift_mean_paper_jls.o: No such file or directory
collect2: error: ld returned 1 exit status
make: *** [make/program:82: /geode2/home/u110/zwu1/BigRed200/gnpc_explor/src/model_shift_mean_paper_jls] Error 1

Command ['make', 'STANCFLAGS+=--filename-in-msg=model_shift_mean_paper_jls.stan', '/geode2/home/u110/zwu1/BigRed200/gnpc_explor/src/model_shift_mean_paper_jls']
	exited with code '2' No such file or directory

  -> Starting Run 122...
  ❌ Failed Run 122: Failed to compile Stan model '/geode2/home/u110/zwu1/BigRed200/gnpc_explor/src/model_shift_mean_paper_jls.stan'. Console:

--- Translating Stan model to C++ code ---
bin/stanc --filename-in-msg=model_shift_mean_paper_jls.stan --o=/geode2/home/u110/zwu1/BigRed200/gnpc_explor/src/model_shift_mean_paper_jls.hpp /geode2/home/u110/zwu1/BigRed200/gnpc_explor/src/model_shift_mean_paper_jls.stan

--- Compiling C++ code ---
g++ -std=c++17 -pthread -D_REENTRANT -Wno-sign-compare -Wno-ignored-attributes -Wno-class-memaccess      -I stan/lib/stan_math/lib/tbb_2020.3/include    -O3 -I src -I stan/src -I stan/lib/rapidjson_1.1.0/ -I lib/CLI11-1.9.1/ -I stan/lib/stan_math/ -I stan/lib/stan_math/lib/eigen_3.4.0 -I stan/lib/stan_math/lib/boost_1.87.0 -I stan/lib/stan_math/lib/sundials_6.1.1/include -I stan/lib/stan_math/lib/sundials_6.1.1/src/sundials    -DBOOST_DISABLE_ASSERTS          -c -Wno-ignored-attributes   -x c++ -o /geode2/home/u110/zwu1/BigRed200/gnpc_explor/src/model_shift_mean_paper_jls.o /geode2/home/u110/zwu1/BigRed200/gnpc_explor/src/model_shift_mean_paper_jls.hpp

--- Linking model ---
g++ -std=c++17 -pthread -D_REENTRANT -Wno-sign-compare -Wno-ignored-attributes -Wno-class-memaccess      -I stan/lib/stan_math/lib/tbb_2020.3/include    -O3 -I src -I stan/src -I stan/lib/rapidjson_1.1.0/ -I lib/CLI11-1.9.1/ -I stan/lib/stan_math/ -I stan/lib/stan_math/lib/eigen_3.4.0 -I stan/lib/stan_math/lib/boost_1.87.0 -I stan/lib/stan_math/lib/sundials_6.1.1/include -I stan/lib/stan_math/lib/sundials_6.1.1/src/sundials    -DBOOST_DISABLE_ASSERTS               -Wl,-L,"/geode2/home/u110/zwu1/BigRed200/.cmdstan/cmdstan-2.38.0/stan/lib/stan_math/lib/tbb"   -Wl,-rpath,"/geode2/home/u110/zwu1/BigRed200/.cmdstan/cmdstan-2.38.0/stan/lib/stan_math/lib/tbb"      /geode2/home/u110/zwu1/BigRed200/gnpc_explor/src/model_shift_mean_paper_jls.o src/cmdstan/main.o       -ltbb   stan/lib/stan_math/lib/sundials_6.1.1/lib/libsundials_nvecserial.a stan/lib/stan_math/lib/sundials_6.1.1/lib/libsundials_cvodes.a stan/lib/stan_math/lib/sundials_6.1.1/lib/libsundials_idas.a stan/lib/stan_math/lib/sundials_6.1.1/lib/libsundials_kinsol.a  stan/lib/stan_math/lib/tbb/libtbb.so.2 -o /geode2/home/u110/zwu1/BigRed200/gnpc_explor/src/model_shift_mean_paper_jls
/usr/bin/ld: cannot find /geode2/home/u110/zwu1/BigRed200/gnpc_explor/src/model_shift_mean_paper_jls.o: No such file or directory
collect2: error: ld returned 1 exit status
make: *** [make/program:82: /geode2/home/u110/zwu1/BigRed200/gnpc_explor/src/model_shift_mean_paper_jls] Error 1
rm /geode2/home/u110/zwu1/BigRed200/gnpc_explor/src/model_shift_mean_paper_jls.o

Command ['make', 'STANCFLAGS+=--filename-in-msg=model_shift_mean_paper_jls.stan', '/geode2/home/u110/zwu1/BigRed200/gnpc_explor/src/model_shift_mean_paper_jls']
	exited with code '2' No such file or directory

  -> Starting Run 133...
  ❌ Failed Run 133: Failed to compile Stan model '/geode2/home/u110/zwu1/BigRed200/gnpc_explor/src/model_shift_mean_paper_jls.stan'. Console:

--- Translating Stan model to C++ code ---
bin/stanc --filename-in-msg=model_shift_mean_paper_jls.stan --o=/geode2/home/u110/zwu1/BigRed200/gnpc_explor/src/model_shift_mean_paper_jls.hpp /geode2/home/u110/zwu1/BigRed200/gnpc_explor/src/model_shift_mean_paper_jls.stan

--- Compiling C++ code ---
g++ -std=c++17 -pthread -D_REENTRANT -Wno-sign-compare -Wno-ignored-attributes -Wno-class-memaccess      -I stan/lib/stan_math/lib/tbb_2020.3/include    -O3 -I src -I stan/src -I stan/lib/rapidjson_1.1.0/ -I lib/CLI11-1.9.1/ -I stan/lib/stan_math/ -I stan/lib/stan_math/lib/eigen_3.4.0 -I stan/lib/stan_math/lib/boost_1.87.0 -I stan/lib/stan_math/lib/sundials_6.1.1/include -I stan/lib/stan_math/lib/sundials_6.1.1/src/sundials    -DBOOST_DISABLE_ASSERTS          -c -Wno-ignored-attributes   -x c++ -o /geode2/home/u110/zwu1/BigRed200/gnpc_explor/src/model_shift_mean_paper_jls.o /geode2/home/u110/zwu1/BigRed200/gnpc_explor/src/model_shift_mean_paper_jls.hpp

--- Linking model ---
g++ -std=c++17 -pthread -D_REENTRANT -Wno-sign-compare -Wno-ignored-attributes -Wno-class-memaccess      -I stan/lib/stan_math/lib/tbb_2020.3/include    -O3 -I src -I stan/src -I stan/lib/rapidjson_1.1.0/ -I lib/CLI11-1.9.1/ -I stan/lib/stan_math/ -I stan/lib/stan_math/lib/eigen_3.4.0 -I stan/lib/stan_math/lib/boost_1.87.0 -I stan/lib/stan_math/lib/sundials_6.1.1/include -I stan/lib/stan_math/lib/sundials_6.1.1/src/sundials    -DBOOST_DISABLE_ASSERTS               -Wl,-L,"/geode2/home/u110/zwu1/BigRed200/.cmdstan/cmdstan-2.38.0/stan/lib/stan_math/lib/tbb"   -Wl,-rpath,"/geode2/home/u110/zwu1/BigRed200/.cmdstan/cmdstan-2.38.0/stan/lib/stan_math/lib/tbb"      /geode2/home/u110/zwu1/BigRed200/gnpc_explor/src/model_shift_mean_paper_jls.o src/cmdstan/main.o       -ltbb   stan/lib/stan_math/lib/sundials_6.1.1/lib/libsundials_nvecserial.a stan/lib/stan_math/lib/sundials_6.1.1/lib/libsundials_cvodes.a stan/lib/stan_math/lib/sundials_6.1.1/lib/libsundials_idas.a stan/lib/stan_math/lib/sundials_6.1.1/lib/libsundials_kinsol.a  stan/lib/stan_math/lib/tbb/libtbb.so.2 -o /geode2/home/u110/zwu1/BigRed200/gnpc_explor/src/model_shift_mean_paper_jls
/usr/bin/ld: src/cmdstan/main.o: in function `cmdstan::command(int, char const**)':
main.cpp:(.text+0x35ff4): undefined reference to `new_model(stan::io::var_context&, unsigned int, std::ostream*)'
/usr/bin/ld: main.cpp:(.text+0x36f92): undefined reference to `get_stan_profile_data[abi:cxx11]()'
collect2: error: ld returned 1 exit status
make: *** [make/program:82: /geode2/home/u110/zwu1/BigRed200/gnpc_explor/src/model_shift_mean_paper_jls] Error 1

Command ['make', 'STANCFLAGS+=--filename-in-msg=model_shift_mean_paper_jls.stan', '/geode2/home/u110/zwu1/BigRed200/gnpc_explor/src/model_shift_mean_paper_jls']
	exited with code '2' No such file or directory

  -> Starting Run 126...
  ❌ Failed Run 126: Failed to compile Stan model '/geode2/home/u110/zwu1/BigRed200/gnpc_explor/src/model_shift_mean_paper_jls.stan'. Console:

--- Translating Stan model to C++ code ---
bin/stanc --filename-in-msg=model_shift_mean_paper_jls.stan --o=/geode2/home/u110/zwu1/BigRed200/gnpc_explor/src/model_shift_mean_paper_jls.hpp /geode2/home/u110/zwu1/BigRed200/gnpc_explor/src/model_shift_mean_paper_jls.stan

--- Compiling C++ code ---
g++ -std=c++17 -pthread -D_REENTRANT -Wno-sign-compare -Wno-ignored-attributes -Wno-class-memaccess      -I stan/lib/stan_math/lib/tbb_2020.3/include    -O3 -I src -I stan/src -I stan/lib/rapidjson_1.1.0/ -I lib/CLI11-1.9.1/ -I stan/lib/stan_math/ -I stan/lib/stan_math/lib/eigen_3.4.0 -I stan/lib/stan_math/lib/boost_1.87.0 -I stan/lib/stan_math/lib/sundials_6.1.1/include -I stan/lib/stan_math/lib/sundials_6.1.1/src/sundials    -DBOOST_DISABLE_ASSERTS          -c -Wno-ignored-attributes   -x c++ -o /geode2/home/u110/zwu1/BigRed200/gnpc_explor/src/model_shift_mean_paper_jls.o /geode2/home/u110/zwu1/BigRed200/gnpc_explor/src/model_shift_mean_paper_jls.hpp

--- Linking model ---
g++ -std=c++17 -pthread -D_REENTRANT -Wno-sign-compare -Wno-ignored-attributes -Wno-class-memaccess      -I stan/lib/stan_math/lib/tbb_2020.3/include    -O3 -I src -I stan/src -I stan/lib/rapidjson_1.1.0/ -I lib/CLI11-1.9.1/ -I stan/lib/stan_math/ -I stan/lib/stan_math/lib/eigen_3.4.0 -I stan/lib/stan_math/lib/boost_1.87.0 -I stan/lib/stan_math/lib/sundials_6.1.1/include -I stan/lib/stan_math/lib/sundials_6.1.1/src/sundials    -DBOOST_DISABLE_ASSERTS               -Wl,-L,"/geode2/home/u110/zwu1/BigRed200/.cmdstan/cmdstan-2.38.0/stan/lib/stan_math/lib/tbb"   -Wl,-rpath,"/geode2/home/u110/zwu1/BigRed200/.cmdstan/cmdstan-2.38.0/stan/lib/stan_math/lib/tbb"      /geode2/home/u110/zwu1/BigRed200/gnpc_explor/src/model_shift_mean_paper_jls.o src/cmdstan/main.o       -ltbb   stan/lib/stan_math/lib/sundials_6.1.1/lib/libsundials_nvecserial.a stan/lib/stan_math/lib/sundials_6.1.1/lib/libsundials_cvodes.a stan/lib/stan_math/lib/sundials_6.1.1/lib/libsundials_idas.a stan/lib/stan_math/lib/sundials_6.1.1/lib/libsundials_kinsol.a  stan/lib/stan_math/lib/tbb/libtbb.so.2 -o /geode2/home/u110/zwu1/BigRed200/gnpc_explor/src/model_shift_mean_paper_jls
/usr/bin/ld: src/cmdstan/main.o: in function `cmdstan::command(int, char const**)':
main.cpp:(.text+0x35ff4): undefined reference to `new_model(stan::io::var_context&, unsigned int, std::ostream*)'
/usr/bin/ld: main.cpp:(.text+0x36f92): undefined reference to `get_stan_profile_data[abi:cxx11]()'
collect2: error: ld returned 1 exit status
make: *** [make/program:82: /geode2/home/u110/zwu1/BigRed200/gnpc_explor/src/model_shift_mean_paper_jls] Error 1

Command ['make', 'STANCFLAGS+=--filename-in-msg=model_shift_mean_paper_jls.stan', '/geode2/home/u110/zwu1/BigRed200/gnpc_explor/src/model_shift_mean_paper_jls']
	exited with code '2' No such file or directory

  -> Starting Run 113...
  ❌ Failed Run 113: Failed to compile Stan model '/geode2/home/u110/zwu1/BigRed200/gnpc_explor/src/model_shift_mean_paper_jls.stan'. Console:

--- Translating Stan model to C++ code ---
bin/stanc --filename-in-msg=model_shift_mean_paper_jls.stan --o=/geode2/home/u110/zwu1/BigRed200/gnpc_explor/src/model_shift_mean_paper_jls.hpp /geode2/home/u110/zwu1/BigRed200/gnpc_explor/src/model_shift_mean_paper_jls.stan

--- Compiling C++ code ---
g++ -std=c++17 -pthread -D_REENTRANT -Wno-sign-compare -Wno-ignored-attributes -Wno-class-memaccess      -I stan/lib/stan_math/lib/tbb_2020.3/include    -O3 -I src -I stan/src -I stan/lib/rapidjson_1.1.0/ -I lib/CLI11-1.9.1/ -I stan/lib/stan_math/ -I stan/lib/stan_math/lib/eigen_3.4.0 -I stan/lib/stan_math/lib/boost_1.87.0 -I stan/lib/stan_math/lib/sundials_6.1.1/include -I stan/lib/stan_math/lib/sundials_6.1.1/src/sundials    -DBOOST_DISABLE_ASSERTS          -c -Wno-ignored-attributes   -x c++ -o /geode2/home/u110/zwu1/BigRed200/gnpc_explor/src/model_shift_mean_paper_jls.o /geode2/home/u110/zwu1/BigRed200/gnpc_explor/src/model_shift_mean_paper_jls.hpp

--- Linking model ---
g++ -std=c++17 -pthread -D_REENTRANT -Wno-sign-compare -Wno-ignored-attributes -Wno-class-memaccess      -I stan/lib/stan_math/lib/tbb_2020.3/include    -O3 -I src -I stan/src -I stan/lib/rapidjson_1.1.0/ -I lib/CLI11-1.9.1/ -I stan/lib/stan_math/ -I stan/lib/stan_math/lib/eigen_3.4.0 -I stan/lib/stan_math/lib/boost_1.87.0 -I stan/lib/stan_math/lib/sundials_6.1.1/include -I stan/lib/stan_math/lib/sundials_6.1.1/src/sundials    -DBOOST_DISABLE_ASSERTS               -Wl,-L,"/geode2/home/u110/zwu1/BigRed200/.cmdstan/cmdstan-2.38.0/stan/lib/stan_math/lib/tbb"   -Wl,-rpath,"/geode2/home/u110/zwu1/BigRed200/.cmdstan/cmdstan-2.38.0/stan/lib/stan_math/lib/tbb"      /geode2/home/u110/zwu1/BigRed200/gnpc_explor/src/model_shift_mean_paper_jls.o src/cmdstan/main.o       -ltbb   stan/lib/stan_math/lib/sundials_6.1.1/lib/libsundials_nvecserial.a stan/lib/stan_math/lib/sundials_6.1.1/lib/libsundials_cvodes.a stan/lib/stan_math/lib/sundials_6.1.1/lib/libsundials_idas.a stan/lib/stan_math/lib/sundials_6.1.1/lib/libsundials_kinsol.a  stan/lib/stan_math/lib/tbb/libtbb.so.2 -o /geode2/home/u110/zwu1/BigRed200/gnpc_explor/src/model_shift_mean_paper_jls
/usr/bin/ld: src/cmdstan/main.o: in function `cmdstan::command(int, char const**)':
main.cpp:(.text+0x35ff4): undefined reference to `new_model(stan::io::var_context&, unsigned int, std::ostream*)'
/usr/bin/ld: main.cpp:(.text+0x36f92): undefined reference to `get_stan_profile_data[abi:cxx11]()'
collect2: error: ld returned 1 exit status
make: *** [make/program:82: /geode2/home/u110/zwu1/BigRed200/gnpc_explor/src/model_shift_mean_paper_jls] Error 1

Command ['make', 'STANCFLAGS+=--filename-in-msg=model_shift_mean_paper_jls.stan', '/geode2/home/u110/zwu1/BigRed200/gnpc_explor/src/model_shift_mean_paper_jls']
	exited with code '2' No such file or directory

  -> Starting Run 132...
  ❌ Failed Run 132: Failed to compile Stan model '/geode2/home/u110/zwu1/BigRed200/gnpc_explor/src/model_shift_mean_paper_jls.stan'. Console:

--- Translating Stan model to C++ code ---
bin/stanc --filename-in-msg=model_shift_mean_paper_jls.stan --o=/geode2/home/u110/zwu1/BigRed200/gnpc_explor/src/model_shift_mean_paper_jls.hpp /geode2/home/u110/zwu1/BigRed200/gnpc_explor/src/model_shift_mean_paper_jls.stan

--- Compiling C++ code ---
g++ -std=c++17 -pthread -D_REENTRANT -Wno-sign-compare -Wno-ignored-attributes -Wno-class-memaccess      -I stan/lib/stan_math/lib/tbb_2020.3/include    -O3 -I src -I stan/src -I stan/lib/rapidjson_1.1.0/ -I lib/CLI11-1.9.1/ -I stan/lib/stan_math/ -I stan/lib/stan_math/lib/eigen_3.4.0 -I stan/lib/stan_math/lib/boost_1.87.0 -I stan/lib/stan_math/lib/sundials_6.1.1/include -I stan/lib/stan_math/lib/sundials_6.1.1/src/sundials    -DBOOST_DISABLE_ASSERTS          -c -Wno-ignored-attributes   -x c++ -o /geode2/home/u110/zwu1/BigRed200/gnpc_explor/src/model_shift_mean_paper_jls.o /geode2/home/u110/zwu1/BigRed200/gnpc_explor/src/model_shift_mean_paper_jls.hpp

--- Linking model ---
g++ -std=c++17 -pthread -D_REENTRANT -Wno-sign-compare -Wno-ignored-attributes -Wno-class-memaccess      -I stan/lib/stan_math/lib/tbb_2020.3/include    -O3 -I src -I stan/src -I stan/lib/rapidjson_1.1.0/ -I lib/CLI11-1.9.1/ -I stan/lib/stan_math/ -I stan/lib/stan_math/lib/eigen_3.4.0 -I stan/lib/stan_math/lib/boost_1.87.0 -I stan/lib/stan_math/lib/sundials_6.1.1/include -I stan/lib/stan_math/lib/sundials_6.1.1/src/sundials    -DBOOST_DISABLE_ASSERTS               -Wl,-L,"/geode2/home/u110/zwu1/BigRed200/.cmdstan/cmdstan-2.38.0/stan/lib/stan_math/lib/tbb"   -Wl,-rpath,"/geode2/home/u110/zwu1/BigRed200/.cmdstan/cmdstan-2.38.0/stan/lib/stan_math/lib/tbb"      /geode2/home/u110/zwu1/BigRed200/gnpc_explor/src/model_shift_mean_paper_jls.o src/cmdstan/main.o       -ltbb   stan/lib/stan_math/lib/sundials_6.1.1/lib/libsundials_nvecserial.a stan/lib/stan_math/lib/sundials_6.1.1/lib/libsundials_cvodes.a stan/lib/stan_math/lib/sundials_6.1.1/lib/libsundials_idas.a stan/lib/stan_math/lib/sundials_6.1.1/lib/libsundials_kinsol.a  stan/lib/stan_math/lib/tbb/libtbb.so.2 -o /geode2/home/u110/zwu1/BigRed200/gnpc_explor/src/model_shift_mean_paper_jls
/usr/bin/ld: src/cmdstan/main.o: in function `cmdstan::command(int, char const**)':
main.cpp:(.text+0x35ff4): undefined reference to `new_model(stan::io::var_context&, unsigned int, std::ostream*)'
/usr/bin/ld: main.cpp:(.text+0x36f92): undefined reference to `get_stan_profile_data[abi:cxx11]()'
collect2: error: ld returned 1 exit status
make: *** [make/program:82: /geode2/home/u110/zwu1/BigRed200/gnpc_explor/src/model_shift_mean_paper_jls] Error 1

Command ['make', 'STANCFLAGS+=--filename-in-msg=model_shift_mean_paper_jls.stan', '/geode2/home/u110/zwu1/BigRed200/gnpc_explor/src/model_shift_mean_paper_jls']
	exited with code '2' No such file or directory

  -> Starting Run 104...
  ❌ Failed Run 104: Failed to compile Stan model '/geode2/home/u110/zwu1/BigRed200/gnpc_explor/src/model_shift_mean_paper_jls.stan'. Console:

--- Translating Stan model to C++ code ---
bin/stanc --filename-in-msg=model_shift_mean_paper_jls.stan --o=/geode2/home/u110/zwu1/BigRed200/gnpc_explor/src/model_shift_mean_paper_jls.hpp /geode2/home/u110/zwu1/BigRed200/gnpc_explor/src/model_shift_mean_paper_jls.stan

--- Compiling C++ code ---
g++ -std=c++17 -pthread -D_REENTRANT -Wno-sign-compare -Wno-ignored-attributes -Wno-class-memaccess      -I stan/lib/stan_math/lib/tbb_2020.3/include    -O3 -I src -I stan/src -I stan/lib/rapidjson_1.1.0/ -I lib/CLI11-1.9.1/ -I stan/lib/stan_math/ -I stan/lib/stan_math/lib/eigen_3.4.0 -I stan/lib/stan_math/lib/boost_1.87.0 -I stan/lib/stan_math/lib/sundials_6.1.1/include -I stan/lib/stan_math/lib/sundials_6.1.1/src/sundials    -DBOOST_DISABLE_ASSERTS          -c -Wno-ignored-attributes   -x c++ -o /geode2/home/u110/zwu1/BigRed200/gnpc_explor/src/model_shift_mean_paper_jls.o /geode2/home/u110/zwu1/BigRed200/gnpc_explor/src/model_shift_mean_paper_jls.hpp

--- Linking model ---
g++ -std=c++17 -pthread -D_REENTRANT -Wno-sign-compare -Wno-ignored-attributes -Wno-class-memaccess      -I stan/lib/stan_math/lib/tbb_2020.3/include    -O3 -I src -I stan/src -I stan/lib/rapidjson_1.1.0/ -I lib/CLI11-1.9.1/ -I stan/lib/stan_math/ -I stan/lib/stan_math/lib/eigen_3.4.0 -I stan/lib/stan_math/lib/boost_1.87.0 -I stan/lib/stan_math/lib/sundials_6.1.1/include -I stan/lib/stan_math/lib/sundials_6.1.1/src/sundials    -DBOOST_DISABLE_ASSERTS               -Wl,-L,"/geode2/home/u110/zwu1/BigRed200/.cmdstan/cmdstan-2.38.0/stan/lib/stan_math/lib/tbb"   -Wl,-rpath,"/geode2/home/u110/zwu1/BigRed200/.cmdstan/cmdstan-2.38.0/stan/lib/stan_math/lib/tbb"      /geode2/home/u110/zwu1/BigRed200/gnpc_explor/src/model_shift_mean_paper_jls.o src/cmdstan/main.o       -ltbb   stan/lib/stan_math/lib/sundials_6.1.1/lib/libsundials_nvecserial.a stan/lib/stan_math/lib/sundials_6.1.1/lib/libsundials_cvodes.a stan/lib/stan_math/lib/sundials_6.1.1/lib/libsundials_idas.a stan/lib/stan_math/lib/sundials_6.1.1/lib/libsundials_kinsol.a  stan/lib/stan_math/lib/tbb/libtbb.so.2 -o /geode2/home/u110/zwu1/BigRed200/gnpc_explor/src/model_shift_mean_paper_jls
/usr/bin/ld: cannot find /geode2/home/u110/zwu1/BigRed200/gnpc_explor/src/model_shift_mean_paper_jls.o: No such file or directory
collect2: error: ld returned 1 exit status
make: *** [make/program:82: /geode2/home/u110/zwu1/BigRed200/gnpc_explor/src/model_shift_mean_paper_jls] Error 1
rm /geode2/home/u110/zwu1/BigRed200/gnpc_explor/src/model_shift_mean_paper_jls.o

Command ['make', 'STANCFLAGS+=--filename-in-msg=model_shift_mean_paper_jls.stan', '/geode2/home/u110/zwu1/BigRed200/gnpc_explor/src/model_shift_mean_paper_jls']
	exited with code '2' No such file or directory

  -> Starting Run 108...
  ❌ Failed Run 108: Failed to compile Stan model '/geode2/home/u110/zwu1/BigRed200/gnpc_explor/src/model_shift_mean_paper_jls.stan'. Console:

--- Translating Stan model to C++ code ---
bin/stanc --filename-in-msg=model_shift_mean_paper_jls.stan --o=/geode2/home/u110/zwu1/BigRed200/gnpc_explor/src/model_shift_mean_paper_jls.hpp /geode2/home/u110/zwu1/BigRed200/gnpc_explor/src/model_shift_mean_paper_jls.stan

--- Compiling C++ code ---
g++ -std=c++17 -pthread -D_REENTRANT -Wno-sign-compare -Wno-ignored-attributes -Wno-class-memaccess      -I stan/lib/stan_math/lib/tbb_2020.3/include    -O3 -I src -I stan/src -I stan/lib/rapidjson_1.1.0/ -I lib/CLI11-1.9.1/ -I stan/lib/stan_math/ -I stan/lib/stan_math/lib/eigen_3.4.0 -I stan/lib/stan_math/lib/boost_1.87.0 -I stan/lib/stan_math/lib/sundials_6.1.1/include -I stan/lib/stan_math/lib/sundials_6.1.1/src/sundials    -DBOOST_DISABLE_ASSERTS          -c -Wno-ignored-attributes   -x c++ -o /geode2/home/u110/zwu1/BigRed200/gnpc_explor/src/model_shift_mean_paper_jls.o /geode2/home/u110/zwu1/BigRed200/gnpc_explor/src/model_shift_mean_paper_jls.hpp

--- Linking model ---
g++ -std=c++17 -pthread -D_REENTRANT -Wno-sign-compare -Wno-ignored-attributes -Wno-class-memaccess      -I stan/lib/stan_math/lib/tbb_2020.3/include    -O3 -I src -I stan/src -I stan/lib/rapidjson_1.1.0/ -I lib/CLI11-1.9.1/ -I stan/lib/stan_math/ -I stan/lib/stan_math/lib/eigen_3.4.0 -I stan/lib/stan_math/lib/boost_1.87.0 -I stan/lib/stan_math/lib/sundials_6.1.1/include -I stan/lib/stan_math/lib/sundials_6.1.1/src/sundials    -DBOOST_DISABLE_ASSERTS               -Wl,-L,"/geode2/home/u110/zwu1/BigRed200/.cmdstan/cmdstan-2.38.0/stan/lib/stan_math/lib/tbb"   -Wl,-rpath,"/geode2/home/u110/zwu1/BigRed200/.cmdstan/cmdstan-2.38.0/stan/lib/stan_math/lib/tbb"      /geode2/home/u110/zwu1/BigRed200/gnpc_explor/src/model_shift_mean_paper_jls.o src/cmdstan/main.o       -ltbb   stan/lib/stan_math/lib/sundials_6.1.1/lib/libsundials_nvecserial.a stan/lib/stan_math/lib/sundials_6.1.1/lib/libsundials_cvodes.a stan/lib/stan_math/lib/sundials_6.1.1/lib/libsundials_idas.a stan/lib/stan_math/lib/sundials_6.1.1/lib/libsundials_kinsol.a  stan/lib/stan_math/lib/tbb/libtbb.so.2 -o /geode2/home/u110/zwu1/BigRed200/gnpc_explor/src/model_shift_mean_paper_jls
/usr/bin/ld: cannot find /geode2/home/u110/zwu1/BigRed200/gnpc_explor/src/model_shift_mean_paper_jls.o: No such file or directory
collect2: error: ld returned 1 exit status
make: *** [make/program:82: /geode2/home/u110/zwu1/BigRed200/gnpc_explor/src/model_shift_mean_paper_jls] Error 1

Command ['make', 'STANCFLAGS+=--filename-in-msg=model_shift_mean_paper_jls.stan', '/geode2/home/u110/zwu1/BigRed200/gnpc_explor/src/model_shift_mean_paper_jls']
	exited with code '2' No such file or directory

  -> Starting Run 130...
  ❌ Failed Run 130: Error during sampling:

Command and output files:
RunSet: chains=3, chain_ids=[1, 2, 3], num_processes=3
 cmd (chain 1):
	['/geode2/home/u110/zwu1/BigRed200/gnpc_explor/src/model_shift_mean_paper_jls', 'id=1', 'random', 'seed=53351', 'data', 'file=/tmp/tmpo4i_jpnf/edis97ra.json', 'output', 'file=/tmp/tmpo4i_jpnf/model_shift_mean_paper_jlsko5hl0w8/model_shift_mean_paper_jls-20260324100938_1.csv', 'method=sample', 'num_samples=2500', 'num_warmup=2500', 'algorithm=hmc', 'engine=nuts', 'max_depth=12', 'adapt', 'engaged=1', 'delta=0.95']
 retcodes=[-1, -1, -1]
 per-chain output files (showing chain 1 only):
 csv_file:
	/tmp/tmpo4i_jpnf/model_shift_mean_paper_jlsko5hl0w8/model_shift_mean_paper_jls-20260324100938_1.csv
 console_msgs (if any):
	/tmp/tmpo4i_jpnf/model_shift_mean_paper_jlsko5hl0w8/model_shift_mean_paper_jls-20260324100938_0-stdout.txt
Consider re-running with show_console=True if the above output is unclear!
  -> Starting Run 149...
  ❌ Failed Run 149: Error during sampling:

Command and output files:
RunSet: chains=3, chain_ids=[1, 2, 3], num_processes=3
 cmd (chain 1):
	['/geode2/home/u110/zwu1/BigRed200/gnpc_explor/src/model_shift_mean_paper_jls', 'id=1', 'random', 'seed=93032', 'data', 'file=/tmp/tmpo4i_jpnf/hrzq0s8_.json', 'output', 'file=/tmp/tmpo4i_jpnf/model_shift_mean_paper_jls86mxhg9_/model_shift_mean_paper_jls-20260324100941_1.csv', 'method=sample', 'num_samples=2500', 'num_warmup=2500', 'algorithm=hmc', 'engine=nuts', 'max_depth=12', 'adapt', 'engaged=1', 'delta=0.95']
 retcodes=[-1, -1, -1]
 per-chain output files (showing chain 1 only):
 csv_file:
	/tmp/tmpo4i_jpnf/model_shift_mean_paper_jls86mxhg9_/model_shift_mean_paper_jls-20260324100941_1.csv
 console_msgs (if any):
	/tmp/tmpo4i_jpnf/model_shift_mean_paper_jls86mxhg9_/model_shift_mean_paper_jls-20260324100941_0-stdout.txt
Consider re-running with show_console=True if the above output is unclear!
  -> Starting Run 107...
  ❌ Failed Run 107: Failed to compile Stan model '/geode2/home/u110/zwu1/BigRed200/gnpc_explor/src/model_shift_mean_paper_jls.stan'. Console:

--- Translating Stan model to C++ code ---
bin/stanc --filename-in-msg=model_shift_mean_paper_jls.stan --o=/geode2/home/u110/zwu1/BigRed200/gnpc_explor/src/model_shift_mean_paper_jls.hpp /geode2/home/u110/zwu1/BigRed200/gnpc_explor/src/model_shift_mean_paper_jls.stan

--- Compiling C++ code ---
g++ -std=c++17 -pthread -D_REENTRANT -Wno-sign-compare -Wno-ignored-attributes -Wno-class-memaccess      -I stan/lib/stan_math/lib/tbb_2020.3/include    -O3 -I src -I stan/src -I stan/lib/rapidjson_1.1.0/ -I lib/CLI11-1.9.1/ -I stan/lib/stan_math/ -I stan/lib/stan_math/lib/eigen_3.4.0 -I stan/lib/stan_math/lib/boost_1.87.0 -I stan/lib/stan_math/lib/sundials_6.1.1/include -I stan/lib/stan_math/lib/sundials_6.1.1/src/sundials    -DBOOST_DISABLE_ASSERTS          -c -Wno-ignored-attributes   -x c++ -o /geode2/home/u110/zwu1/BigRed200/gnpc_explor/src/model_shift_mean_paper_jls.o /geode2/home/u110/zwu1/BigRed200/gnpc_explor/src/model_shift_mean_paper_jls.hpp

--- Linking model ---
g++ -std=c++17 -pthread -D_REENTRANT -Wno-sign-compare -Wno-ignored-attributes -Wno-class-memaccess      -I stan/lib/stan_math/lib/tbb_2020.3/include    -O3 -I src -I stan/src -I stan/lib/rapidjson_1.1.0/ -I lib/CLI11-1.9.1/ -I stan/lib/stan_math/ -I stan/lib/stan_math/lib/eigen_3.4.0 -I stan/lib/stan_math/lib/boost_1.87.0 -I stan/lib/stan_math/lib/sundials_6.1.1/include -I stan/lib/stan_math/lib/sundials_6.1.1/src/sundials    -DBOOST_DISABLE_ASSERTS               -Wl,-L,"/geode2/home/u110/zwu1/BigRed200/.cmdstan/cmdstan-2.38.0/stan/lib/stan_math/lib/tbb"   -Wl,-rpath,"/geode2/home/u110/zwu1/BigRed200/.cmdstan/cmdstan-2.38.0/stan/lib/stan_math/lib/tbb"      /geode2/home/u110/zwu1/BigRed200/gnpc_explor/src/model_shift_mean_paper_jls.o src/cmdstan/main.o       -ltbb   stan/lib/stan_math/lib/sundials_6.1.1/lib/libsundials_nvecserial.a stan/lib/stan_math/lib/sundials_6.1.1/lib/libsundials_cvodes.a stan/lib/stan_math/lib/sundials_6.1.1/lib/libsundials_idas.a stan/lib/stan_math/lib/sundials_6.1.1/lib/libsundials_kinsol.a  stan/lib/stan_math/lib/tbb/libtbb.so.2 -o /geode2/home/u110/zwu1/BigRed200/gnpc_explor/src/model_shift_mean_paper_jls
/usr/bin/ld: cannot find /geode2/home/u110/zwu1/BigRed200/gnpc_explor/src/model_shift_mean_paper_jls.o: No such file or directory
collect2: error: ld returned 1 exit status
make: *** [make/program:82: /geode2/home/u110/zwu1/BigRed200/gnpc_explor/src/model_shift_mean_paper_jls] Error 1

Command ['make', 'STANCFLAGS+=--filename-in-msg=model_shift_mean_paper_jls.stan', '/geode2/home/u110/zwu1/BigRed200/gnpc_explor/src/model_shift_mean_paper_jls']
	exited with code '2' No such file or directory

  -> Starting Run 150...
  ❌ Failed Run 150: Error during sampling:

Command and output files:
RunSet: chains=3, chain_ids=[1, 2, 3], num_processes=3
 cmd (chain 1):
	['/geode2/home/u110/zwu1/BigRed200/gnpc_explor/src/model_shift_mean_paper_jls', 'id=1', 'random', 'seed=44528', 'data', 'file=/tmp/tmpo4i_jpnf/4s5f115f.json', 'output', 'file=/tmp/tmpo4i_jpnf/model_shift_mean_paper_jlst6_uxp9d/model_shift_mean_paper_jls-20260324100941_1.csv', 'method=sample', 'num_samples=2500', 'num_warmup=2500', 'algorithm=hmc', 'engine=nuts', 'max_depth=12', 'adapt', 'engaged=1', 'delta=0.95']
 retcodes=[-1, -1, -1]
 per-chain output files (showing chain 1 only):
 csv_file:
	/tmp/tmpo4i_jpnf/model_shift_mean_paper_jlst6_uxp9d/model_shift_mean_paper_jls-20260324100941_1.csv
 console_msgs (if any):
	/tmp/tmpo4i_jpnf/model_shift_mean_paper_jlst6_uxp9d/model_shift_mean_paper_jls-20260324100941_0-stdout.txt
Consider re-running with show_console=True if the above output is unclear!
  -> Starting Run 136...
  ❌ Failed Run 136: Failed to compile Stan model '/geode2/home/u110/zwu1/BigRed200/gnpc_explor/src/model_shift_mean_paper_jls.stan'. Console:

--- Translating Stan model to C++ code ---
bin/stanc --filename-in-msg=model_shift_mean_paper_jls.stan --o=/geode2/home/u110/zwu1/BigRed200/gnpc_explor/src/model_shift_mean_paper_jls.hpp /geode2/home/u110/zwu1/BigRed200/gnpc_explor/src/model_shift_mean_paper_jls.stan

--- Compiling C++ code ---
g++ -std=c++17 -pthread -D_REENTRANT -Wno-sign-compare -Wno-ignored-attributes -Wno-class-memaccess      -I stan/lib/stan_math/lib/tbb_2020.3/include    -O3 -I src -I stan/src -I stan/lib/rapidjson_1.1.0/ -I lib/CLI11-1.9.1/ -I stan/lib/stan_math/ -I stan/lib/stan_math/lib/eigen_3.4.0 -I stan/lib/stan_math/lib/boost_1.87.0 -I stan/lib/stan_math/lib/sundials_6.1.1/include -I stan/lib/stan_math/lib/sundials_6.1.1/src/sundials    -DBOOST_DISABLE_ASSERTS          -c -Wno-ignored-attributes   -x c++ -o /geode2/home/u110/zwu1/BigRed200/gnpc_explor/src/model_shift_mean_paper_jls.o /geode2/home/u110/zwu1/BigRed200/gnpc_explor/src/model_shift_mean_paper_jls.hpp

--- Linking model ---
g++ -std=c++17 -pthread -D_REENTRANT -Wno-sign-compare -Wno-ignored-attributes -Wno-class-memaccess      -I stan/lib/stan_math/lib/tbb_2020.3/include    -O3 -I src -I stan/src -I stan/lib/rapidjson_1.1.0/ -I lib/CLI11-1.9.1/ -I stan/lib/stan_math/ -I stan/lib/stan_math/lib/eigen_3.4.0 -I stan/lib/stan_math/lib/boost_1.87.0 -I stan/lib/stan_math/lib/sundials_6.1.1/include -I stan/lib/stan_math/lib/sundials_6.1.1/src/sundials    -DBOOST_DISABLE_ASSERTS               -Wl,-L,"/geode2/home/u110/zwu1/BigRed200/.cmdstan/cmdstan-2.38.0/stan/lib/stan_math/lib/tbb"   -Wl,-rpath,"/geode2/home/u110/zwu1/BigRed200/.cmdstan/cmdstan-2.38.0/stan/lib/stan_math/lib/tbb"      /geode2/home/u110/zwu1/BigRed200/gnpc_explor/src/model_shift_mean_paper_jls.o src/cmdstan/main.o       -ltbb   stan/lib/stan_math/lib/sundials_6.1.1/lib/libsundials_nvecserial.a stan/lib/stan_math/lib/sundials_6.1.1/lib/libsundials_cvodes.a stan/lib/stan_math/lib/sundials_6.1.1/lib/libsundials_idas.a stan/lib/stan_math/lib/sundials_6.1.1/lib/libsundials_kinsol.a  stan/lib/stan_math/lib/tbb/libtbb.so.2 -o /geode2/home/u110/zwu1/BigRed200/gnpc_explor/src/model_shift_mean_paper_jls
/usr/bin/ld: cannot find /geode2/home/u110/zwu1/BigRed200/gnpc_explor/src/model_shift_mean_paper_jls.o: No such file or directory
collect2: error: ld returned 1 exit status
make: *** [make/program:82: /geode2/home/u110/zwu1/BigRed200/gnpc_explor/src/model_shift_mean_paper_jls] Error 1

Command ['make', 'STANCFLAGS+=--filename-in-msg=model_shift_mean_paper_jls.stan', '/geode2/home/u110/zwu1/BigRed200/gnpc_explor/src/model_shift_mean_paper_jls']
	exited with code '2' No such file or directory

  -> Starting Run 148...
  ❌ Failed Run 148: Error during sampling:

Command and output files:
RunSet: chains=3, chain_ids=[1, 2, 3], num_processes=3
 cmd (chain 1):
	['/geode2/home/u110/zwu1/BigRed200/gnpc_explor/src/model_shift_mean_paper_jls', 'id=1', 'random', 'seed=56916', 'data', 'file=/tmp/tmpo4i_jpnf/zeaotzc8.json', 'output', 'file=/tmp/tmpo4i_jpnf/model_shift_mean_paper_jlszns78wkn/model_shift_mean_paper_jls-20260324100941_1.csv', 'method=sample', 'num_samples=2500', 'num_warmup=2500', 'algorithm=hmc', 'engine=nuts', 'max_depth=12', 'adapt', 'engaged=1', 'delta=0.95']
 retcodes=[-1, -1, -1]
 per-chain output files (showing chain 1 only):
 csv_file:
	/tmp/tmpo4i_jpnf/model_shift_mean_paper_jlszns78wkn/model_shift_mean_paper_jls-20260324100941_1.csv
 console_msgs (if any):
	/tmp/tmpo4i_jpnf/model_shift_mean_paper_jlszns78wkn/model_shift_mean_paper_jls-20260324100941_0-stdout.txt
Consider re-running with show_console=True if the above output is unclear!
  -> Starting Run 101...
  ❌ Failed Run 101: Failed to compile Stan model '/geode2/home/u110/zwu1/BigRed200/gnpc_explor/src/model_shift_mean_paper_jls.stan'. Console:

--- Translating Stan model to C++ code ---
bin/stanc --filename-in-msg=model_shift_mean_paper_jls.stan --o=/geode2/home/u110/zwu1/BigRed200/gnpc_explor/src/model_shift_mean_paper_jls.hpp /geode2/home/u110/zwu1/BigRed200/gnpc_explor/src/model_shift_mean_paper_jls.stan

--- Compiling C++ code ---
g++ -std=c++17 -pthread -D_REENTRANT -Wno-sign-compare -Wno-ignored-attributes -Wno-class-memaccess      -I stan/lib/stan_math/lib/tbb_2020.3/include    -O3 -I src -I stan/src -I stan/lib/rapidjson_1.1.0/ -I lib/CLI11-1.9.1/ -I stan/lib/stan_math/ -I stan/lib/stan_math/lib/eigen_3.4.0 -I stan/lib/stan_math/lib/boost_1.87.0 -I stan/lib/stan_math/lib/sundials_6.1.1/include -I stan/lib/stan_math/lib/sundials_6.1.1/src/sundials    -DBOOST_DISABLE_ASSERTS          -c -Wno-ignored-attributes   -x c++ -o /geode2/home/u110/zwu1/BigRed200/gnpc_explor/src/model_shift_mean_paper_jls.o /geode2/home/u110/zwu1/BigRed200/gnpc_explor/src/model_shift_mean_paper_jls.hpp

--- Linking model ---
g++ -std=c++17 -pthread -D_REENTRANT -Wno-sign-compare -Wno-ignored-attributes -Wno-class-memaccess      -I stan/lib/stan_math/lib/tbb_2020.3/include    -O3 -I src -I stan/src -I stan/lib/rapidjson_1.1.0/ -I lib/CLI11-1.9.1/ -I stan/lib/stan_math/ -I stan/lib/stan_math/lib/eigen_3.4.0 -I stan/lib/stan_math/lib/boost_1.87.0 -I stan/lib/stan_math/lib/sundials_6.1.1/include -I stan/lib/stan_math/lib/sundials_6.1.1/src/sundials    -DBOOST_DISABLE_ASSERTS               -Wl,-L,"/geode2/home/u110/zwu1/BigRed200/.cmdstan/cmdstan-2.38.0/stan/lib/stan_math/lib/tbb"   -Wl,-rpath,"/geode2/home/u110/zwu1/BigRed200/.cmdstan/cmdstan-2.38.0/stan/lib/stan_math/lib/tbb"      /geode2/home/u110/zwu1/BigRed200/gnpc_explor/src/model_shift_mean_paper_jls.o src/cmdstan/main.o       -ltbb   stan/lib/stan_math/lib/sundials_6.1.1/lib/libsundials_nvecserial.a stan/lib/stan_math/lib/sundials_6.1.1/lib/libsundials_cvodes.a stan/lib/stan_math/lib/sundials_6.1.1/lib/libsundials_idas.a stan/lib/stan_math/lib/sundials_6.1.1/lib/libsundials_kinsol.a  stan/lib/stan_math/lib/tbb/libtbb.so.2 -o /geode2/home/u110/zwu1/BigRed200/gnpc_explor/src/model_shift_mean_paper_jls
/usr/bin/ld: src/cmdstan/main.o: in function `cmdstan::command(int, char const**)':
main.cpp:(.text+0x35ff4): undefined reference to `new_model(stan::io::var_context&, unsigned int, std::ostream*)'
/usr/bin/ld: main.cpp:(.text+0x36f92): undefined reference to `get_stan_profile_data[abi:cxx11]()'
collect2: error: ld returned 1 exit status
make: *** [make/program:82: /geode2/home/u110/zwu1/BigRed200/gnpc_explor/src/model_shift_mean_paper_jls] Error 1
rm /geode2/home/u110/zwu1/BigRed200/gnpc_explor/src/model_shift_mean_paper_jls.o

Command ['make', 'STANCFLAGS+=--filename-in-msg=model_shift_mean_paper_jls.stan', '/geode2/home/u110/zwu1/BigRed200/gnpc_explor/src/model_shift_mean_paper_jls']
	exited with code '2' No such file or directory

  -> Starting Run 102...
  ❌ Failed Run 102: Failed to compile Stan model '/geode2/home/u110/zwu1/BigRed200/gnpc_explor/src/model_shift_mean_paper_jls.stan'. Console:

--- Translating Stan model to C++ code ---
bin/stanc --filename-in-msg=model_shift_mean_paper_jls.stan --o=/geode2/home/u110/zwu1/BigRed200/gnpc_explor/src/model_shift_mean_paper_jls.hpp /geode2/home/u110/zwu1/BigRed200/gnpc_explor/src/model_shift_mean_paper_jls.stan

--- Compiling C++ code ---
g++ -std=c++17 -pthread -D_REENTRANT -Wno-sign-compare -Wno-ignored-attributes -Wno-class-memaccess      -I stan/lib/stan_math/lib/tbb_2020.3/include    -O3 -I src -I stan/src -I stan/lib/rapidjson_1.1.0/ -I lib/CLI11-1.9.1/ -I stan/lib/stan_math/ -I stan/lib/stan_math/lib/eigen_3.4.0 -I stan/lib/stan_math/lib/boost_1.87.0 -I stan/lib/stan_math/lib/sundials_6.1.1/include -I stan/lib/stan_math/lib/sundials_6.1.1/src/sundials    -DBOOST_DISABLE_ASSERTS          -c -Wno-ignored-attributes   -x c++ -o /geode2/home/u110/zwu1/BigRed200/gnpc_explor/src/model_shift_mean_paper_jls.o /geode2/home/u110/zwu1/BigRed200/gnpc_explor/src/model_shift_mean_paper_jls.hpp

--- Linking model ---
g++ -std=c++17 -pthread -D_REENTRANT -Wno-sign-compare -Wno-ignored-attributes -Wno-class-memaccess      -I stan/lib/stan_math/lib/tbb_2020.3/include    -O3 -I src -I stan/src -I stan/lib/rapidjson_1.1.0/ -I lib/CLI11-1.9.1/ -I stan/lib/stan_math/ -I stan/lib/stan_math/lib/eigen_3.4.0 -I stan/lib/stan_math/lib/boost_1.87.0 -I stan/lib/stan_math/lib/sundials_6.1.1/include -I stan/lib/stan_math/lib/sundials_6.1.1/src/sundials    -DBOOST_DISABLE_ASSERTS               -Wl,-L,"/geode2/home/u110/zwu1/BigRed200/.cmdstan/cmdstan-2.38.0/stan/lib/stan_math/lib/tbb"   -Wl,-rpath,"/geode2/home/u110/zwu1/BigRed200/.cmdstan/cmdstan-2.38.0/stan/lib/stan_math/lib/tbb"      /geode2/home/u110/zwu1/BigRed200/gnpc_explor/src/model_shift_mean_paper_jls.o src/cmdstan/main.o       -ltbb   stan/lib/stan_math/lib/sundials_6.1.1/lib/libsundials_nvecserial.a stan/lib/stan_math/lib/sundials_6.1.1/lib/libsundials_cvodes.a stan/lib/stan_math/lib/sundials_6.1.1/lib/libsundials_idas.a stan/lib/stan_math/lib/sundials_6.1.1/lib/libsundials_kinsol.a  stan/lib/stan_math/lib/tbb/libtbb.so.2 -o /geode2/home/u110/zwu1/BigRed200/gnpc_explor/src/model_shift_mean_paper_jls
/usr/bin/ld: src/cmdstan/main.o: in function `cmdstan::command(int, char const**)':
main.cpp:(.text+0x35ff4): undefined reference to `new_model(stan::io::var_context&, unsigned int, std::ostream*)'
/usr/bin/ld: main.cpp:(.text+0x36f92): undefined reference to `get_stan_profile_data[abi:cxx11]()'
collect2: error: ld returned 1 exit status
make: *** [make/program:82: /geode2/home/u110/zwu1/BigRed200/gnpc_explor/src/model_shift_mean_paper_jls] Error 1

Command ['make', 'STANCFLAGS+=--filename-in-msg=model_shift_mean_paper_jls.stan', '/geode2/home/u110/zwu1/BigRed200/gnpc_explor/src/model_shift_mean_paper_jls']
	exited with code '2' No such file or directory

  -> Starting Run 141...
  ❌ Failed Run 141: Error during sampling:

Command and output files:
RunSet: chains=3, chain_ids=[1, 2, 3], num_processes=3
 cmd (chain 1):
	['/geode2/home/u110/zwu1/BigRed200/gnpc_explor/src/model_shift_mean_paper_jls', 'id=1', 'random', 'seed=13817', 'data', 'file=/tmp/tmpo4i_jpnf/jx66_1yr.json', 'output', 'file=/tmp/tmpo4i_jpnf/model_shift_mean_paper_jls8vxymwtf/model_shift_mean_paper_jls-20260324100942_1.csv', 'method=sample', 'num_samples=2500', 'num_warmup=2500', 'algorithm=hmc', 'engine=nuts', 'max_depth=12', 'adapt', 'engaged=1', 'delta=0.95']
 retcodes=[-1, -1, -1]
 per-chain output files (showing chain 1 only):
 csv_file:
	/tmp/tmpo4i_jpnf/model_shift_mean_paper_jls8vxymwtf/model_shift_mean_paper_jls-20260324100942_1.csv
 console_msgs (if any):
	/tmp/tmpo4i_jpnf/model_shift_mean_paper_jls8vxymwtf/model_shift_mean_paper_jls-20260324100942_0-stdout.txt
Consider re-running with show_console=True if the above output is unclear!
  -> Starting Run 134...
  ❌ Failed Run 134: Failed to compile Stan model '/geode2/home/u110/zwu1/BigRed200/gnpc_explor/src/model_shift_mean_paper_jls.stan'. Console:

--- Translating Stan model to C++ code ---
bin/stanc --filename-in-msg=model_shift_mean_paper_jls.stan --o=/geode2/home/u110/zwu1/BigRed200/gnpc_explor/src/model_shift_mean_paper_jls.hpp /geode2/home/u110/zwu1/BigRed200/gnpc_explor/src/model_shift_mean_paper_jls.stan

--- Compiling C++ code ---
g++ -std=c++17 -pthread -D_REENTRANT -Wno-sign-compare -Wno-ignored-attributes -Wno-class-memaccess      -I stan/lib/stan_math/lib/tbb_2020.3/include    -O3 -I src -I stan/src -I stan/lib/rapidjson_1.1.0/ -I lib/CLI11-1.9.1/ -I stan/lib/stan_math/ -I stan/lib/stan_math/lib/eigen_3.4.0 -I stan/lib/stan_math/lib/boost_1.87.0 -I stan/lib/stan_math/lib/sundials_6.1.1/include -I stan/lib/stan_math/lib/sundials_6.1.1/src/sundials    -DBOOST_DISABLE_ASSERTS          -c -Wno-ignored-attributes   -x c++ -o /geode2/home/u110/zwu1/BigRed200/gnpc_explor/src/model_shift_mean_paper_jls.o /geode2/home/u110/zwu1/BigRed200/gnpc_explor/src/model_shift_mean_paper_jls.hpp

--- Linking model ---
g++ -std=c++17 -pthread -D_REENTRANT -Wno-sign-compare -Wno-ignored-attributes -Wno-class-memaccess      -I stan/lib/stan_math/lib/tbb_2020.3/include    -O3 -I src -I stan/src -I stan/lib/rapidjson_1.1.0/ -I lib/CLI11-1.9.1/ -I stan/lib/stan_math/ -I stan/lib/stan_math/lib/eigen_3.4.0 -I stan/lib/stan_math/lib/boost_1.87.0 -I stan/lib/stan_math/lib/sundials_6.1.1/include -I stan/lib/stan_math/lib/sundials_6.1.1/src/sundials    -DBOOST_DISABLE_ASSERTS               -Wl,-L,"/geode2/home/u110/zwu1/BigRed200/.cmdstan/cmdstan-2.38.0/stan/lib/stan_math/lib/tbb"   -Wl,-rpath,"/geode2/home/u110/zwu1/BigRed200/.cmdstan/cmdstan-2.38.0/stan/lib/stan_math/lib/tbb"      /geode2/home/u110/zwu1/BigRed200/gnpc_explor/src/model_shift_mean_paper_jls.o src/cmdstan/main.o       -ltbb   stan/lib/stan_math/lib/sundials_6.1.1/lib/libsundials_nvecserial.a stan/lib/stan_math/lib/sundials_6.1.1/lib/libsundials_cvodes.a stan/lib/stan_math/lib/sundials_6.1.1/lib/libsundials_idas.a stan/lib/stan_math/lib/sundials_6.1.1/lib/libsundials_kinsol.a  stan/lib/stan_math/lib/tbb/libtbb.so.2 -o /geode2/home/u110/zwu1/BigRed200/gnpc_explor/src/model_shift_mean_paper_jls
/usr/bin/ld: src/cmdstan/main.o: in function `cmdstan::command(int, char const**)':
main.cpp:(.text+0x35ff4): undefined reference to `new_model(stan::io::var_context&, unsigned int, std::ostream*)'
/usr/bin/ld: main.cpp:(.text+0x36f92): undefined reference to `get_stan_profile_data[abi:cxx11]()'
collect2: error: ld returned 1 exit status
make: *** [make/program:82: /geode2/home/u110/zwu1/BigRed200/gnpc_explor/src/model_shift_mean_paper_jls] Error 1
rm /geode2/home/u110/zwu1/BigRed200/gnpc_explor/src/model_shift_mean_paper_jls.o

Command ['make', 'STANCFLAGS+=--filename-in-msg=model_shift_mean_paper_jls.stan', '/geode2/home/u110/zwu1/BigRed200/gnpc_explor/src/model_shift_mean_paper_jls']
	exited with code '2' No such file or directory

  -> Starting Run 123...
  ❌ Failed Run 123: Failed to compile Stan model '/geode2/home/u110/zwu1/BigRed200/gnpc_explor/src/model_shift_mean_paper_jls.stan'. Console:

--- Translating Stan model to C++ code ---
bin/stanc --filename-in-msg=model_shift_mean_paper_jls.stan --o=/geode2/home/u110/zwu1/BigRed200/gnpc_explor/src/model_shift_mean_paper_jls.hpp /geode2/home/u110/zwu1/BigRed200/gnpc_explor/src/model_shift_mean_paper_jls.stan

--- Compiling C++ code ---
g++ -std=c++17 -pthread -D_REENTRANT -Wno-sign-compare -Wno-ignored-attributes -Wno-class-memaccess      -I stan/lib/stan_math/lib/tbb_2020.3/include    -O3 -I src -I stan/src -I stan/lib/rapidjson_1.1.0/ -I lib/CLI11-1.9.1/ -I stan/lib/stan_math/ -I stan/lib/stan_math/lib/eigen_3.4.0 -I stan/lib/stan_math/lib/boost_1.87.0 -I stan/lib/stan_math/lib/sundials_6.1.1/include -I stan/lib/stan_math/lib/sundials_6.1.1/src/sundials    -DBOOST_DISABLE_ASSERTS          -c -Wno-ignored-attributes   -x c++ -o /geode2/home/u110/zwu1/BigRed200/gnpc_explor/src/model_shift_mean_paper_jls.o /geode2/home/u110/zwu1/BigRed200/gnpc_explor/src/model_shift_mean_paper_jls.hpp

--- Linking model ---
g++ -std=c++17 -pthread -D_REENTRANT -Wno-sign-compare -Wno-ignored-attributes -Wno-class-memaccess      -I stan/lib/stan_math/lib/tbb_2020.3/include    -O3 -I src -I stan/src -I stan/lib/rapidjson_1.1.0/ -I lib/CLI11-1.9.1/ -I stan/lib/stan_math/ -I stan/lib/stan_math/lib/eigen_3.4.0 -I stan/lib/stan_math/lib/boost_1.87.0 -I stan/lib/stan_math/lib/sundials_6.1.1/include -I stan/lib/stan_math/lib/sundials_6.1.1/src/sundials    -DBOOST_DISABLE_ASSERTS               -Wl,-L,"/geode2/home/u110/zwu1/BigRed200/.cmdstan/cmdstan-2.38.0/stan/lib/stan_math/lib/tbb"   -Wl,-rpath,"/geode2/home/u110/zwu1/BigRed200/.cmdstan/cmdstan-2.38.0/stan/lib/stan_math/lib/tbb"      /geode2/home/u110/zwu1/BigRed200/gnpc_explor/src/model_shift_mean_paper_jls.o src/cmdstan/main.o       -ltbb   stan/lib/stan_math/lib/sundials_6.1.1/lib/libsundials_nvecserial.a stan/lib/stan_math/lib/sundials_6.1.1/lib/libsundials_cvodes.a stan/lib/stan_math/lib/sundials_6.1.1/lib/libsundials_idas.a stan/lib/stan_math/lib/sundials_6.1.1/lib/libsundials_kinsol.a  stan/lib/stan_math/lib/tbb/libtbb.so.2 -o /geode2/home/u110/zwu1/BigRed200/gnpc_explor/src/model_shift_mean_paper_jls
/usr/bin/ld: cannot find /geode2/home/u110/zwu1/BigRed200/gnpc_explor/src/model_shift_mean_paper_jls.o: No such file or directory
collect2: error: ld returned 1 exit status
make: *** [make/program:82: /geode2/home/u110/zwu1/BigRed200/gnpc_explor/src/model_shift_mean_paper_jls] Error 1

Command ['make', 'STANCFLAGS+=--filename-in-msg=model_shift_mean_paper_jls.stan', '/geode2/home/u110/zwu1/BigRed200/gnpc_explor/src/model_shift_mean_paper_jls']
	exited with code '2' No such file or directory

  -> Starting Run 129...
  ❌ Failed Run 129: Failed to compile Stan model '/geode2/home/u110/zwu1/BigRed200/gnpc_explor/src/model_shift_mean_paper_jls.stan'. Console:

--- Translating Stan model to C++ code ---
bin/stanc --filename-in-msg=model_shift_mean_paper_jls.stan --o=/geode2/home/u110/zwu1/BigRed200/gnpc_explor/src/model_shift_mean_paper_jls.hpp /geode2/home/u110/zwu1/BigRed200/gnpc_explor/src/model_shift_mean_paper_jls.stan

--- Compiling C++ code ---
g++ -std=c++17 -pthread -D_REENTRANT -Wno-sign-compare -Wno-ignored-attributes -Wno-class-memaccess      -I stan/lib/stan_math/lib/tbb_2020.3/include    -O3 -I src -I stan/src -I stan/lib/rapidjson_1.1.0/ -I lib/CLI11-1.9.1/ -I stan/lib/stan_math/ -I stan/lib/stan_math/lib/eigen_3.4.0 -I stan/lib/stan_math/lib/boost_1.87.0 -I stan/lib/stan_math/lib/sundials_6.1.1/include -I stan/lib/stan_math/lib/sundials_6.1.1/src/sundials    -DBOOST_DISABLE_ASSERTS          -c -Wno-ignored-attributes   -x c++ -o /geode2/home/u110/zwu1/BigRed200/gnpc_explor/src/model_shift_mean_paper_jls.o /geode2/home/u110/zwu1/BigRed200/gnpc_explor/src/model_shift_mean_paper_jls.hpp

--- Linking model ---
g++ -std=c++17 -pthread -D_REENTRANT -Wno-sign-compare -Wno-ignored-attributes -Wno-class-memaccess      -I stan/lib/stan_math/lib/tbb_2020.3/include    -O3 -I src -I stan/src -I stan/lib/rapidjson_1.1.0/ -I lib/CLI11-1.9.1/ -I stan/lib/stan_math/ -I stan/lib/stan_math/lib/eigen_3.4.0 -I stan/lib/stan_math/lib/boost_1.87.0 -I stan/lib/stan_math/lib/sundials_6.1.1/include -I stan/lib/stan_math/lib/sundials_6.1.1/src/sundials    -DBOOST_DISABLE_ASSERTS               -Wl,-L,"/geode2/home/u110/zwu1/BigRed200/.cmdstan/cmdstan-2.38.0/stan/lib/stan_math/lib/tbb"   -Wl,-rpath,"/geode2/home/u110/zwu1/BigRed200/.cmdstan/cmdstan-2.38.0/stan/lib/stan_math/lib/tbb"      /geode2/home/u110/zwu1/BigRed200/gnpc_explor/src/model_shift_mean_paper_jls.o src/cmdstan/main.o       -ltbb   stan/lib/stan_math/lib/sundials_6.1.1/lib/libsundials_nvecserial.a stan/lib/stan_math/lib/sundials_6.1.1/lib/libsundials_cvodes.a stan/lib/stan_math/lib/sundials_6.1.1/lib/libsundials_idas.a stan/lib/stan_math/lib/sundials_6.1.1/lib/libsundials_kinsol.a  stan/lib/stan_math/lib/tbb/libtbb.so.2 -o /geode2/home/u110/zwu1/BigRed200/gnpc_explor/src/model_shift_mean_paper_jls
/usr/bin/ld: cannot find /geode2/home/u110/zwu1/BigRed200/gnpc_explor/src/model_shift_mean_paper_jls.o: No such file or directory
collect2: error: ld returned 1 exit status
make: *** [make/program:82: /geode2/home/u110/zwu1/BigRed200/gnpc_explor/src/model_shift_mean_paper_jls] Error 1
rm /geode2/home/u110/zwu1/BigRed200/gnpc_explor/src/model_shift_mean_paper_jls.o

Command ['make', 'STANCFLAGS+=--filename-in-msg=model_shift_mean_paper_jls.stan', '/geode2/home/u110/zwu1/BigRed200/gnpc_explor/src/model_shift_mean_paper_jls']
	exited with code '2' No such file or directory

  -> Starting Run 145...
  ❌ Failed Run 145: Error during sampling:

Command and output files:
RunSet: chains=3, chain_ids=[1, 2, 3], num_processes=3
 cmd (chain 1):
	['/geode2/home/u110/zwu1/BigRed200/gnpc_explor/src/model_shift_mean_paper_jls', 'id=1', 'random', 'seed=68342', 'data', 'file=/tmp/tmpo4i_jpnf/z6pmdbit.json', 'output', 'file=/tmp/tmpo4i_jpnf/model_shift_mean_paper_jlsluag0yo3/model_shift_mean_paper_jls-20260324100944_1.csv', 'method=sample', 'num_samples=2500', 'num_warmup=2500', 'algorithm=hmc', 'engine=nuts', 'max_depth=12', 'adapt', 'engaged=1', 'delta=0.95']
 retcodes=[-1, -1, -1]
 per-chain output files (showing chain 1 only):
 csv_file:
	/tmp/tmpo4i_jpnf/model_shift_mean_paper_jlsluag0yo3/model_shift_mean_paper_jls-20260324100944_1.csv
 console_msgs (if any):
	/tmp/tmpo4i_jpnf/model_shift_mean_paper_jlsluag0yo3/model_shift_mean_paper_jls-20260324100944_0-stdout.txt
Consider re-running with show_console=True if the above output is unclear!
  -> Starting Run 106...
  ❌ Failed Run 106: Error during sampling:

Command and output files:
RunSet: chains=3, chain_ids=[1, 2, 3], num_processes=3
 cmd (chain 1):
	['/geode2/home/u110/zwu1/BigRed200/gnpc_explor/src/model_shift_mean_paper_jls', 'id=1', 'random', 'seed=59662', 'data', 'file=/tmp/tmpo4i_jpnf/a9j0wjnp.json', 'output', 'file=/tmp/tmpo4i_jpnf/model_shift_mean_paper_jlsjtc2br18/model_shift_mean_paper_jls-20260324100944_1.csv', 'method=sample', 'num_samples=2500', 'num_warmup=2500', 'algorithm=hmc', 'engine=nuts', 'max_depth=12', 'adapt', 'engaged=1', 'delta=0.95']
 retcodes=[-1, -1, -1]
 per-chain output files (showing chain 1 only):
 csv_file:
	/tmp/tmpo4i_jpnf/model_shift_mean_paper_jlsjtc2br18/model_shift_mean_paper_jls-20260324100944_1.csv
 console_msgs (if any):
	/tmp/tmpo4i_jpnf/model_shift_mean_paper_jlsjtc2br18/model_shift_mean_paper_jls-20260324100944_0-stdout.txt
Consider re-running with show_console=True if the above output is unclear!
  -> Starting Run 117...
  ❌ Failed Run 117: Error during sampling:

Command and output files:
RunSet: chains=3, chain_ids=[1, 2, 3], num_processes=3
 cmd (chain 1):
	['/geode2/home/u110/zwu1/BigRed200/gnpc_explor/src/model_shift_mean_paper_jls', 'id=1', 'random', 'seed=72084', 'data', 'file=/tmp/tmpo4i_jpnf/u7cjv9ea.json', 'output', 'file=/tmp/tmpo4i_jpnf/model_shift_mean_paper_jlsi0fh4x27/model_shift_mean_paper_jls-20260324100945_1.csv', 'method=sample', 'num_samples=2500', 'num_warmup=2500', 'algorithm=hmc', 'engine=nuts', 'max_depth=12', 'adapt', 'engaged=1', 'delta=0.95']
 retcodes=[-1, -1, -1]
 per-chain output files (showing chain 1 only):
 csv_file:
	/tmp/tmpo4i_jpnf/model_shift_mean_paper_jlsi0fh4x27/model_shift_mean_paper_jls-20260324100945_1.csv
 console_msgs (if any):
	/tmp/tmpo4i_jpnf/model_shift_mean_paper_jlsi0fh4x27/model_shift_mean_paper_jls-20260324100945_0-stdout.txt
Consider re-running with show_console=True if the above output is unclear!
  -> Starting Run 131...
  ❌ Failed Run 131: Failed to compile Stan model '/geode2/home/u110/zwu1/BigRed200/gnpc_explor/src/model_shift_mean_paper_jls.stan'. Console:

--- Translating Stan model to C++ code ---
bin/stanc --filename-in-msg=model_shift_mean_paper_jls.stan --o=/geode2/home/u110/zwu1/BigRed200/gnpc_explor/src/model_shift_mean_paper_jls.hpp /geode2/home/u110/zwu1/BigRed200/gnpc_explor/src/model_shift_mean_paper_jls.stan

--- Compiling C++ code ---
g++ -std=c++17 -pthread -D_REENTRANT -Wno-sign-compare -Wno-ignored-attributes -Wno-class-memaccess      -I stan/lib/stan_math/lib/tbb_2020.3/include    -O3 -I src -I stan/src -I stan/lib/rapidjson_1.1.0/ -I lib/CLI11-1.9.1/ -I stan/lib/stan_math/ -I stan/lib/stan_math/lib/eigen_3.4.0 -I stan/lib/stan_math/lib/boost_1.87.0 -I stan/lib/stan_math/lib/sundials_6.1.1/include -I stan/lib/stan_math/lib/sundials_6.1.1/src/sundials    -DBOOST_DISABLE_ASSERTS          -c -Wno-ignored-attributes   -x c++ -o /geode2/home/u110/zwu1/BigRed200/gnpc_explor/src/model_shift_mean_paper_jls.o /geode2/home/u110/zwu1/BigRed200/gnpc_explor/src/model_shift_mean_paper_jls.hpp

--- Linking model ---
g++ -std=c++17 -pthread -D_REENTRANT -Wno-sign-compare -Wno-ignored-attributes -Wno-class-memaccess      -I stan/lib/stan_math/lib/tbb_2020.3/include    -O3 -I src -I stan/src -I stan/lib/rapidjson_1.1.0/ -I lib/CLI11-1.9.1/ -I stan/lib/stan_math/ -I stan/lib/stan_math/lib/eigen_3.4.0 -I stan/lib/stan_math/lib/boost_1.87.0 -I stan/lib/stan_math/lib/sundials_6.1.1/include -I stan/lib/stan_math/lib/sundials_6.1.1/src/sundials    -DBOOST_DISABLE_ASSERTS               -Wl,-L,"/geode2/home/u110/zwu1/BigRed200/.cmdstan/cmdstan-2.38.0/stan/lib/stan_math/lib/tbb"   -Wl,-rpath,"/geode2/home/u110/zwu1/BigRed200/.cmdstan/cmdstan-2.38.0/stan/lib/stan_math/lib/tbb"      /geode2/home/u110/zwu1/BigRed200/gnpc_explor/src/model_shift_mean_paper_jls.o src/cmdstan/main.o       -ltbb   stan/lib/stan_math/lib/sundials_6.1.1/lib/libsundials_nvecserial.a stan/lib/stan_math/lib/sundials_6.1.1/lib/libsundials_cvodes.a stan/lib/stan_math/lib/sundials_6.1.1/lib/libsundials_idas.a stan/lib/stan_math/lib/sundials_6.1.1/lib/libsundials_kinsol.a  stan/lib/stan_math/lib/tbb/libtbb.so.2 -o /geode2/home/u110/zwu1/BigRed200/gnpc_explor/src/model_shift_mean_paper_jls
/usr/bin/ld: cannot find /geode2/home/u110/zwu1/BigRed200/gnpc_explor/src/model_shift_mean_paper_jls.o: No such file or directory
collect2: error: ld returned 1 exit status
make: *** [make/program:82: /geode2/home/u110/zwu1/BigRed200/gnpc_explor/src/model_shift_mean_paper_jls] Error 1

Command ['make', 'STANCFLAGS+=--filename-in-msg=model_shift_mean_paper_jls.stan', '/geode2/home/u110/zwu1/BigRed200/gnpc_explor/src/model_shift_mean_paper_jls']
	exited with code '2' No such file or directory

  -> Starting Run 135...
  ❌ Failed Run 135: Failed to compile Stan model '/geode2/home/u110/zwu1/BigRed200/gnpc_explor/src/model_shift_mean_paper_jls.stan'. Console:

--- Translating Stan model to C++ code ---
bin/stanc --filename-in-msg=model_shift_mean_paper_jls.stan --o=/geode2/home/u110/zwu1/BigRed200/gnpc_explor/src/model_shift_mean_paper_jls.hpp /geode2/home/u110/zwu1/BigRed200/gnpc_explor/src/model_shift_mean_paper_jls.stan

--- Compiling C++ code ---
g++ -std=c++17 -pthread -D_REENTRANT -Wno-sign-compare -Wno-ignored-attributes -Wno-class-memaccess      -I stan/lib/stan_math/lib/tbb_2020.3/include    -O3 -I src -I stan/src -I stan/lib/rapidjson_1.1.0/ -I lib/CLI11-1.9.1/ -I stan/lib/stan_math/ -I stan/lib/stan_math/lib/eigen_3.4.0 -I stan/lib/stan_math/lib/boost_1.87.0 -I stan/lib/stan_math/lib/sundials_6.1.1/include -I stan/lib/stan_math/lib/sundials_6.1.1/src/sundials    -DBOOST_DISABLE_ASSERTS          -c -Wno-ignored-attributes   -x c++ -o /geode2/home/u110/zwu1/BigRed200/gnpc_explor/src/model_shift_mean_paper_jls.o /geode2/home/u110/zwu1/BigRed200/gnpc_explor/src/model_shift_mean_paper_jls.hpp

--- Linking model ---
g++ -std=c++17 -pthread -D_REENTRANT -Wno-sign-compare -Wno-ignored-attributes -Wno-class-memaccess      -I stan/lib/stan_math/lib/tbb_2020.3/include    -O3 -I src -I stan/src -I stan/lib/rapidjson_1.1.0/ -I lib/CLI11-1.9.1/ -I stan/lib/stan_math/ -I stan/lib/stan_math/lib/eigen_3.4.0 -I stan/lib/stan_math/lib/boost_1.87.0 -I stan/lib/stan_math/lib/sundials_6.1.1/include -I stan/lib/stan_math/lib/sundials_6.1.1/src/sundials    -DBOOST_DISABLE_ASSERTS               -Wl,-L,"/geode2/home/u110/zwu1/BigRed200/.cmdstan/cmdstan-2.38.0/stan/lib/stan_math/lib/tbb"   -Wl,-rpath,"/geode2/home/u110/zwu1/BigRed200/.cmdstan/cmdstan-2.38.0/stan/lib/stan_math/lib/tbb"      /geode2/home/u110/zwu1/BigRed200/gnpc_explor/src/model_shift_mean_paper_jls.o src/cmdstan/main.o       -ltbb   stan/lib/stan_math/lib/sundials_6.1.1/lib/libsundials_nvecserial.a stan/lib/stan_math/lib/sundials_6.1.1/lib/libsundials_cvodes.a stan/lib/stan_math/lib/sundials_6.1.1/lib/libsundials_idas.a stan/lib/stan_math/lib/sundials_6.1.1/lib/libsundials_kinsol.a  stan/lib/stan_math/lib/tbb/libtbb.so.2 -o /geode2/home/u110/zwu1/BigRed200/gnpc_explor/src/model_shift_mean_paper_jls
/usr/bin/ld: cannot find /geode2/home/u110/zwu1/BigRed200/gnpc_explor/src/model_shift_mean_paper_jls.o: No such file or directory
collect2: error: ld returned 1 exit status
make: *** [make/program:82: /geode2/home/u110/zwu1/BigRed200/gnpc_explor/src/model_shift_mean_paper_jls] Error 1

Command ['make', 'STANCFLAGS+=--filename-in-msg=model_shift_mean_paper_jls.stan', '/geode2/home/u110/zwu1/BigRed200/gnpc_explor/src/model_shift_mean_paper_jls']
	exited with code '2' No such file or directory

  -> Starting Run 139...
  ❌ Failed Run 139: Failed to compile Stan model '/geode2/home/u110/zwu1/BigRed200/gnpc_explor/src/model_shift_mean_paper_jls.stan'. Console:

--- Translating Stan model to C++ code ---
bin/stanc --filename-in-msg=model_shift_mean_paper_jls.stan --o=/geode2/home/u110/zwu1/BigRed200/gnpc_explor/src/model_shift_mean_paper_jls.hpp /geode2/home/u110/zwu1/BigRed200/gnpc_explor/src/model_shift_mean_paper_jls.stan

--- Compiling C++ code ---
g++ -std=c++17 -pthread -D_REENTRANT -Wno-sign-compare -Wno-ignored-attributes -Wno-class-memaccess      -I stan/lib/stan_math/lib/tbb_2020.3/include    -O3 -I src -I stan/src -I stan/lib/rapidjson_1.1.0/ -I lib/CLI11-1.9.1/ -I stan/lib/stan_math/ -I stan/lib/stan_math/lib/eigen_3.4.0 -I stan/lib/stan_math/lib/boost_1.87.0 -I stan/lib/stan_math/lib/sundials_6.1.1/include -I stan/lib/stan_math/lib/sundials_6.1.1/src/sundials    -DBOOST_DISABLE_ASSERTS          -c -Wno-ignored-attributes   -x c++ -o /geode2/home/u110/zwu1/BigRed200/gnpc_explor/src/model_shift_mean_paper_jls.o /geode2/home/u110/zwu1/BigRed200/gnpc_explor/src/model_shift_mean_paper_jls.hpp

--- Linking model ---
g++ -std=c++17 -pthread -D_REENTRANT -Wno-sign-compare -Wno-ignored-attributes -Wno-class-memaccess      -I stan/lib/stan_math/lib/tbb_2020.3/include    -O3 -I src -I stan/src -I stan/lib/rapidjson_1.1.0/ -I lib/CLI11-1.9.1/ -I stan/lib/stan_math/ -I stan/lib/stan_math/lib/eigen_3.4.0 -I stan/lib/stan_math/lib/boost_1.87.0 -I stan/lib/stan_math/lib/sundials_6.1.1/include -I stan/lib/stan_math/lib/sundials_6.1.1/src/sundials    -DBOOST_DISABLE_ASSERTS               -Wl,-L,"/geode2/home/u110/zwu1/BigRed200/.cmdstan/cmdstan-2.38.0/stan/lib/stan_math/lib/tbb"   -Wl,-rpath,"/geode2/home/u110/zwu1/BigRed200/.cmdstan/cmdstan-2.38.0/stan/lib/stan_math/lib/tbb"      /geode2/home/u110/zwu1/BigRed200/gnpc_explor/src/model_shift_mean_paper_jls.o src/cmdstan/main.o       -ltbb   stan/lib/stan_math/lib/sundials_6.1.1/lib/libsundials_nvecserial.a stan/lib/stan_math/lib/sundials_6.1.1/lib/libsundials_cvodes.a stan/lib/stan_math/lib/sundials_6.1.1/lib/libsundials_idas.a stan/lib/stan_math/lib/sundials_6.1.1/lib/libsundials_kinsol.a  stan/lib/stan_math/lib/tbb/libtbb.so.2 -o /geode2/home/u110/zwu1/BigRed200/gnpc_explor/src/model_shift_mean_paper_jls
/usr/bin/ld: src/cmdstan/main.o: in function `cmdstan::command(int, char const**)':
main.cpp:(.text+0x35ff4): undefined reference to `new_model(stan::io::var_context&, unsigned int, std::ostream*)'
/usr/bin/ld: main.cpp:(.text+0x36f92): undefined reference to `get_stan_profile_data[abi:cxx11]()'
collect2: error: ld returned 1 exit status
make: *** [make/program:82: /geode2/home/u110/zwu1/BigRed200/gnpc_explor/src/model_shift_mean_paper_jls] Error 1
rm /geode2/home/u110/zwu1/BigRed200/gnpc_explor/src/model_shift_mean_paper_jls.o

Command ['make', 'STANCFLAGS+=--filename-in-msg=model_shift_mean_paper_jls.stan', '/geode2/home/u110/zwu1/BigRed200/gnpc_explor/src/model_shift_mean_paper_jls']
	exited with code '2' No such file or directory

  -> Starting Run 143...
  ❌ Failed Run 143: Error during sampling:

Command and output files:
RunSet: chains=3, chain_ids=[1, 2, 3], num_processes=3
 cmd (chain 1):
	['/geode2/home/u110/zwu1/BigRed200/gnpc_explor/src/model_shift_mean_paper_jls', 'id=1', 'random', 'seed=72910', 'data', 'file=/tmp/tmpo4i_jpnf/1s9uiacf.json', 'output', 'file=/tmp/tmpo4i_jpnf/model_shift_mean_paper_jlsrc47ix7x/model_shift_mean_paper_jls-20260324100937_1.csv', 'method=sample', 'num_samples=2500', 'num_warmup=2500', 'algorithm=hmc', 'engine=nuts', 'max_depth=12', 'adapt', 'engaged=1', 'delta=0.95']
 retcodes=[-1, -1, -1]
 per-chain output files (showing chain 1 only):
 csv_file:
	/tmp/tmpo4i_jpnf/model_shift_mean_paper_jlsrc47ix7x/model_shift_mean_paper_jls-20260324100937_1.csv
 console_msgs (if any):
	/tmp/tmpo4i_jpnf/model_shift_mean_paper_jlsrc47ix7x/model_shift_mean_paper_jls-20260324100937_0-stdout.txt
Consider re-running with show_console=True if the above output is unclear!
  -> Starting Run 146...
  ❌ Failed Run 146: Error during sampling:

Command and output files:
RunSet: chains=3, chain_ids=[1, 2, 3], num_processes=3
 cmd (chain 1):
	['/geode2/home/u110/zwu1/BigRed200/gnpc_explor/src/model_shift_mean_paper_jls', 'id=1', 'random', 'seed=62437', 'data', 'file=/tmp/tmpo4i_jpnf/3aoa1o9p.json', 'output', 'file=/tmp/tmpo4i_jpnf/model_shift_mean_paper_jls_5acn6jm/model_shift_mean_paper_jls-20260324100945_1.csv', 'method=sample', 'num_samples=2500', 'num_warmup=2500', 'algorithm=hmc', 'engine=nuts', 'max_depth=12', 'adapt', 'engaged=1', 'delta=0.95']
 retcodes=[-1, -1, -1]
 per-chain output files (showing chain 1 only):
 csv_file:
	/tmp/tmpo4i_jpnf/model_shift_mean_paper_jls_5acn6jm/model_shift_mean_paper_jls-20260324100945_1.csv
 console_msgs (if any):
	/tmp/tmpo4i_jpnf/model_shift_mean_paper_jls_5acn6jm/model_shift_mean_paper_jls-20260324100945_0-stdout.txt
Consider re-running with show_console=True if the above output is unclear!
  -> Starting Run 110...
  ❌ Failed Run 110: Failed to compile Stan model '/geode2/home/u110/zwu1/BigRed200/gnpc_explor/src/model_shift_mean_paper_jls.stan'. Console:

--- Translating Stan model to C++ code ---
bin/stanc --filename-in-msg=model_shift_mean_paper_jls.stan --o=/geode2/home/u110/zwu1/BigRed200/gnpc_explor/src/model_shift_mean_paper_jls.hpp /geode2/home/u110/zwu1/BigRed200/gnpc_explor/src/model_shift_mean_paper_jls.stan

--- Compiling C++ code ---
g++ -std=c++17 -pthread -D_REENTRANT -Wno-sign-compare -Wno-ignored-attributes -Wno-class-memaccess      -I stan/lib/stan_math/lib/tbb_2020.3/include    -O3 -I src -I stan/src -I stan/lib/rapidjson_1.1.0/ -I lib/CLI11-1.9.1/ -I stan/lib/stan_math/ -I stan/lib/stan_math/lib/eigen_3.4.0 -I stan/lib/stan_math/lib/boost_1.87.0 -I stan/lib/stan_math/lib/sundials_6.1.1/include -I stan/lib/stan_math/lib/sundials_6.1.1/src/sundials    -DBOOST_DISABLE_ASSERTS          -c -Wno-ignored-attributes   -x c++ -o /geode2/home/u110/zwu1/BigRed200/gnpc_explor/src/model_shift_mean_paper_jls.o /geode2/home/u110/zwu1/BigRed200/gnpc_explor/src/model_shift_mean_paper_jls.hpp

--- Linking model ---
g++ -std=c++17 -pthread -D_REENTRANT -Wno-sign-compare -Wno-ignored-attributes -Wno-class-memaccess      -I stan/lib/stan_math/lib/tbb_2020.3/include    -O3 -I src -I stan/src -I stan/lib/rapidjson_1.1.0/ -I lib/CLI11-1.9.1/ -I stan/lib/stan_math/ -I stan/lib/stan_math/lib/eigen_3.4.0 -I stan/lib/stan_math/lib/boost_1.87.0 -I stan/lib/stan_math/lib/sundials_6.1.1/include -I stan/lib/stan_math/lib/sundials_6.1.1/src/sundials    -DBOOST_DISABLE_ASSERTS               -Wl,-L,"/geode2/home/u110/zwu1/BigRed200/.cmdstan/cmdstan-2.38.0/stan/lib/stan_math/lib/tbb"   -Wl,-rpath,"/geode2/home/u110/zwu1/BigRed200/.cmdstan/cmdstan-2.38.0/stan/lib/stan_math/lib/tbb"      /geode2/home/u110/zwu1/BigRed200/gnpc_explor/src/model_shift_mean_paper_jls.o src/cmdstan/main.o       -ltbb   stan/lib/stan_math/lib/sundials_6.1.1/lib/libsundials_nvecserial.a stan/lib/stan_math/lib/sundials_6.1.1/lib/libsundials_cvodes.a stan/lib/stan_math/lib/sundials_6.1.1/lib/libsundials_idas.a stan/lib/stan_math/lib/sundials_6.1.1/lib/libsundials_kinsol.a  stan/lib/stan_math/lib/tbb/libtbb.so.2 -o /geode2/home/u110/zwu1/BigRed200/gnpc_explor/src/model_shift_mean_paper_jls
collect2: error: ld returned 1 exit status
make: *** [make/program:82: /geode2/home/u110/zwu1/BigRed200/gnpc_explor/src/model_shift_mean_paper_jls] Error 1

Command ['make', 'STANCFLAGS+=--filename-in-msg=model_shift_mean_paper_jls.stan', '/geode2/home/u110/zwu1/BigRed200/gnpc_explor/src/model_shift_mean_paper_jls']
	exited with code '2' No such file or directory

  -> Starting Run 115...
  ❌ Failed Run 115: Failed to compile Stan model '/geode2/home/u110/zwu1/BigRed200/gnpc_explor/src/model_shift_mean_paper_jls.stan'. Console:

--- Translating Stan model to C++ code ---
bin/stanc --filename-in-msg=model_shift_mean_paper_jls.stan --o=/geode2/home/u110/zwu1/BigRed200/gnpc_explor/src/model_shift_mean_paper_jls.hpp /geode2/home/u110/zwu1/BigRed200/gnpc_explor/src/model_shift_mean_paper_jls.stan

--- Compiling C++ code ---
g++ -std=c++17 -pthread -D_REENTRANT -Wno-sign-compare -Wno-ignored-attributes -Wno-class-memaccess      -I stan/lib/stan_math/lib/tbb_2020.3/include    -O3 -I src -I stan/src -I stan/lib/rapidjson_1.1.0/ -I lib/CLI11-1.9.1/ -I stan/lib/stan_math/ -I stan/lib/stan_math/lib/eigen_3.4.0 -I stan/lib/stan_math/lib/boost_1.87.0 -I stan/lib/stan_math/lib/sundials_6.1.1/include -I stan/lib/stan_math/lib/sundials_6.1.1/src/sundials    -DBOOST_DISABLE_ASSERTS          -c -Wno-ignored-attributes   -x c++ -o /geode2/home/u110/zwu1/BigRed200/gnpc_explor/src/model_shift_mean_paper_jls.o /geode2/home/u110/zwu1/BigRed200/gnpc_explor/src/model_shift_mean_paper_jls.hpp

--- Linking model ---
g++ -std=c++17 -pthread -D_REENTRANT -Wno-sign-compare -Wno-ignored-attributes -Wno-class-memaccess      -I stan/lib/stan_math/lib/tbb_2020.3/include    -O3 -I src -I stan/src -I stan/lib/rapidjson_1.1.0/ -I lib/CLI11-1.9.1/ -I stan/lib/stan_math/ -I stan/lib/stan_math/lib/eigen_3.4.0 -I stan/lib/stan_math/lib/boost_1.87.0 -I stan/lib/stan_math/lib/sundials_6.1.1/include -I stan/lib/stan_math/lib/sundials_6.1.1/src/sundials    -DBOOST_DISABLE_ASSERTS               -Wl,-L,"/geode2/home/u110/zwu1/BigRed200/.cmdstan/cmdstan-2.38.0/stan/lib/stan_math/lib/tbb"   -Wl,-rpath,"/geode2/home/u110/zwu1/BigRed200/.cmdstan/cmdstan-2.38.0/stan/lib/stan_math/lib/tbb"      /geode2/home/u110/zwu1/BigRed200/gnpc_explor/src/model_shift_mean_paper_jls.o src/cmdstan/main.o       -ltbb   stan/lib/stan_math/lib/sundials_6.1.1/lib/libsundials_nvecserial.a stan/lib/stan_math/lib/sundials_6.1.1/lib/libsundials_cvodes.a stan/lib/stan_math/lib/sundials_6.1.1/lib/libsundials_idas.a stan/lib/stan_math/lib/sundials_6.1.1/lib/libsundials_kinsol.a  stan/lib/stan_math/lib/tbb/libtbb.so.2 -o /geode2/home/u110/zwu1/BigRed200/gnpc_explor/src/model_shift_mean_paper_jls
/usr/bin/ld: cannot find /geode2/home/u110/zwu1/BigRed200/gnpc_explor/src/model_shift_mean_paper_jls.o: No such file or directory
collect2: error: ld returned 1 exit status
make: *** [make/program:82: /geode2/home/u110/zwu1/BigRed200/gnpc_explor/src/model_shift_mean_paper_jls] Error 1

Command ['make', 'STANCFLAGS+=--filename-in-msg=model_shift_mean_paper_jls.stan', '/geode2/home/u110/zwu1/BigRed200/gnpc_explor/src/model_shift_mean_paper_jls']
	exited with code '2' No such file or directory

  -> Starting Run 125...
  ❌ Failed Run 125: Failed to compile Stan model '/geode2/home/u110/zwu1/BigRed200/gnpc_explor/src/model_shift_mean_paper_jls.stan'. Console:

--- Translating Stan model to C++ code ---
bin/stanc --filename-in-msg=model_shift_mean_paper_jls.stan --o=/geode2/home/u110/zwu1/BigRed200/gnpc_explor/src/model_shift_mean_paper_jls.hpp /geode2/home/u110/zwu1/BigRed200/gnpc_explor/src/model_shift_mean_paper_jls.stan

--- Compiling C++ code ---
g++ -std=c++17 -pthread -D_REENTRANT -Wno-sign-compare -Wno-ignored-attributes -Wno-class-memaccess      -I stan/lib/stan_math/lib/tbb_2020.3/include    -O3 -I src -I stan/src -I stan/lib/rapidjson_1.1.0/ -I lib/CLI11-1.9.1/ -I stan/lib/stan_math/ -I stan/lib/stan_math/lib/eigen_3.4.0 -I stan/lib/stan_math/lib/boost_1.87.0 -I stan/lib/stan_math/lib/sundials_6.1.1/include -I stan/lib/stan_math/lib/sundials_6.1.1/src/sundials    -DBOOST_DISABLE_ASSERTS          -c -Wno-ignored-attributes   -x c++ -o /geode2/home/u110/zwu1/BigRed200/gnpc_explor/src/model_shift_mean_paper_jls.o /geode2/home/u110/zwu1/BigRed200/gnpc_explor/src/model_shift_mean_paper_jls.hpp

--- Linking model ---
g++ -std=c++17 -pthread -D_REENTRANT -Wno-sign-compare -Wno-ignored-attributes -Wno-class-memaccess      -I stan/lib/stan_math/lib/tbb_2020.3/include    -O3 -I src -I stan/src -I stan/lib/rapidjson_1.1.0/ -I lib/CLI11-1.9.1/ -I stan/lib/stan_math/ -I stan/lib/stan_math/lib/eigen_3.4.0 -I stan/lib/stan_math/lib/boost_1.87.0 -I stan/lib/stan_math/lib/sundials_6.1.1/include -I stan/lib/stan_math/lib/sundials_6.1.1/src/sundials    -DBOOST_DISABLE_ASSERTS               -Wl,-L,"/geode2/home/u110/zwu1/BigRed200/.cmdstan/cmdstan-2.38.0/stan/lib/stan_math/lib/tbb"   -Wl,-rpath,"/geode2/home/u110/zwu1/BigRed200/.cmdstan/cmdstan-2.38.0/stan/lib/stan_math/lib/tbb"      /geode2/home/u110/zwu1/BigRed200/gnpc_explor/src/model_shift_mean_paper_jls.o src/cmdstan/main.o       -ltbb   stan/lib/stan_math/lib/sundials_6.1.1/lib/libsundials_nvecserial.a stan/lib/stan_math/lib/sundials_6.1.1/lib/libsundials_cvodes.a stan/lib/stan_math/lib/sundials_6.1.1/lib/libsundials_idas.a stan/lib/stan_math/lib/sundials_6.1.1/lib/libsundials_kinsol.a  stan/lib/stan_math/lib/tbb/libtbb.so.2 -o /geode2/home/u110/zwu1/BigRed200/gnpc_explor/src/model_shift_mean_paper_jls
/usr/bin/ld: src/cmdstan/main.o: in function `cmdstan::command(int, char const**)':
main.cpp:(.text+0x35ff4): undefined reference to `new_model(stan::io::var_context&, unsigned int, std::ostream*)'
/usr/bin/ld: main.cpp:(.text+0x36f92): undefined reference to `get_stan_profile_data[abi:cxx11]()'
collect2: error: ld returned 1 exit status
make: *** [make/program:82: /geode2/home/u110/zwu1/BigRed200/gnpc_explor/src/model_shift_mean_paper_jls] Error 1

Command ['make', 'STANCFLAGS+=--filename-in-msg=model_shift_mean_paper_jls.stan', '/geode2/home/u110/zwu1/BigRed200/gnpc_explor/src/model_shift_mean_paper_jls']
	exited with code '2' No such file or directory

  -> Starting Run 120...
  ❌ Failed Run 120: Failed to compile Stan model '/geode2/home/u110/zwu1/BigRed200/gnpc_explor/src/model_shift_mean_paper_jls.stan'. Console:

--- Translating Stan model to C++ code ---
bin/stanc --filename-in-msg=model_shift_mean_paper_jls.stan --o=/geode2/home/u110/zwu1/BigRed200/gnpc_explor/src/model_shift_mean_paper_jls.hpp /geode2/home/u110/zwu1/BigRed200/gnpc_explor/src/model_shift_mean_paper_jls.stan

--- Compiling C++ code ---
g++ -std=c++17 -pthread -D_REENTRANT -Wno-sign-compare -Wno-ignored-attributes -Wno-class-memaccess      -I stan/lib/stan_math/lib/tbb_2020.3/include    -O3 -I src -I stan/src -I stan/lib/rapidjson_1.1.0/ -I lib/CLI11-1.9.1/ -I stan/lib/stan_math/ -I stan/lib/stan_math/lib/eigen_3.4.0 -I stan/lib/stan_math/lib/boost_1.87.0 -I stan/lib/stan_math/lib/sundials_6.1.1/include -I stan/lib/stan_math/lib/sundials_6.1.1/src/sundials    -DBOOST_DISABLE_ASSERTS          -c -Wno-ignored-attributes   -x c++ -o /geode2/home/u110/zwu1/BigRed200/gnpc_explor/src/model_shift_mean_paper_jls.o /geode2/home/u110/zwu1/BigRed200/gnpc_explor/src/model_shift_mean_paper_jls.hpp

--- Linking model ---
g++ -std=c++17 -pthread -D_REENTRANT -Wno-sign-compare -Wno-ignored-attributes -Wno-class-memaccess      -I stan/lib/stan_math/lib/tbb_2020.3/include    -O3 -I src -I stan/src -I stan/lib/rapidjson_1.1.0/ -I lib/CLI11-1.9.1/ -I stan/lib/stan_math/ -I stan/lib/stan_math/lib/eigen_3.4.0 -I stan/lib/stan_math/lib/boost_1.87.0 -I stan/lib/stan_math/lib/sundials_6.1.1/include -I stan/lib/stan_math/lib/sundials_6.1.1/src/sundials    -DBOOST_DISABLE_ASSERTS               -Wl,-L,"/geode2/home/u110/zwu1/BigRed200/.cmdstan/cmdstan-2.38.0/stan/lib/stan_math/lib/tbb"   -Wl,-rpath,"/geode2/home/u110/zwu1/BigRed200/.cmdstan/cmdstan-2.38.0/stan/lib/stan_math/lib/tbb"      /geode2/home/u110/zwu1/BigRed200/gnpc_explor/src/model_shift_mean_paper_jls.o src/cmdstan/main.o       -ltbb   stan/lib/stan_math/lib/sundials_6.1.1/lib/libsundials_nvecserial.a stan/lib/stan_math/lib/sundials_6.1.1/lib/libsundials_cvodes.a stan/lib/stan_math/lib/sundials_6.1.1/lib/libsundials_idas.a stan/lib/stan_math/lib/sundials_6.1.1/lib/libsundials_kinsol.a  stan/lib/stan_math/lib/tbb/libtbb.so.2 -o /geode2/home/u110/zwu1/BigRed200/gnpc_explor/src/model_shift_mean_paper_jls
/usr/bin/ld: src/cmdstan/main.o: in function `cmdstan::command(int, char const**)':
main.cpp:(.text+0x35ff4): undefined reference to `new_model(stan::io::var_context&, unsigned int, std::ostream*)'
/usr/bin/ld: main.cpp:(.text+0x36f92): undefined reference to `get_stan_profile_data[abi:cxx11]()'
collect2: error: ld returned 1 exit status
make: *** [make/program:82: /geode2/home/u110/zwu1/BigRed200/gnpc_explor/src/model_shift_mean_paper_jls] Error 1

Command ['make', 'STANCFLAGS+=--filename-in-msg=model_shift_mean_paper_jls.stan', '/geode2/home/u110/zwu1/BigRed200/gnpc_explor/src/model_shift_mean_paper_jls']
	exited with code '2' No such file or directory

  -> Starting Run 116...
  ❌ Failed Run 116: Failed to compile Stan model '/geode2/home/u110/zwu1/BigRed200/gnpc_explor/src/model_shift_mean_paper_jls.stan'. Console:

--- Translating Stan model to C++ code ---
bin/stanc --filename-in-msg=model_shift_mean_paper_jls.stan --o=/geode2/home/u110/zwu1/BigRed200/gnpc_explor/src/model_shift_mean_paper_jls.hpp /geode2/home/u110/zwu1/BigRed200/gnpc_explor/src/model_shift_mean_paper_jls.stan

--- Compiling C++ code ---
g++ -std=c++17 -pthread -D_REENTRANT -Wno-sign-compare -Wno-ignored-attributes -Wno-class-memaccess      -I stan/lib/stan_math/lib/tbb_2020.3/include    -O3 -I src -I stan/src -I stan/lib/rapidjson_1.1.0/ -I lib/CLI11-1.9.1/ -I stan/lib/stan_math/ -I stan/lib/stan_math/lib/eigen_3.4.0 -I stan/lib/stan_math/lib/boost_1.87.0 -I stan/lib/stan_math/lib/sundials_6.1.1/include -I stan/lib/stan_math/lib/sundials_6.1.1/src/sundials    -DBOOST_DISABLE_ASSERTS          -c -Wno-ignored-attributes   -x c++ -o /geode2/home/u110/zwu1/BigRed200/gnpc_explor/src/model_shift_mean_paper_jls.o /geode2/home/u110/zwu1/BigRed200/gnpc_explor/src/model_shift_mean_paper_jls.hpp

--- Linking model ---
g++ -std=c++17 -pthread -D_REENTRANT -Wno-sign-compare -Wno-ignored-attributes -Wno-class-memaccess      -I stan/lib/stan_math/lib/tbb_2020.3/include    -O3 -I src -I stan/src -I stan/lib/rapidjson_1.1.0/ -I lib/CLI11-1.9.1/ -I stan/lib/stan_math/ -I stan/lib/stan_math/lib/eigen_3.4.0 -I stan/lib/stan_math/lib/boost_1.87.0 -I stan/lib/stan_math/lib/sundials_6.1.1/include -I stan/lib/stan_math/lib/sundials_6.1.1/src/sundials    -DBOOST_DISABLE_ASSERTS               -Wl,-L,"/geode2/home/u110/zwu1/BigRed200/.cmdstan/cmdstan-2.38.0/stan/lib/stan_math/lib/tbb"   -Wl,-rpath,"/geode2/home/u110/zwu1/BigRed200/.cmdstan/cmdstan-2.38.0/stan/lib/stan_math/lib/tbb"      /geode2/home/u110/zwu1/BigRed200/gnpc_explor/src/model_shift_mean_paper_jls.o src/cmdstan/main.o       -ltbb   stan/lib/stan_math/lib/sundials_6.1.1/lib/libsundials_nvecserial.a stan/lib/stan_math/lib/sundials_6.1.1/lib/libsundials_cvodes.a stan/lib/stan_math/lib/sundials_6.1.1/lib/libsundials_idas.a stan/lib/stan_math/lib/sundials_6.1.1/lib/libsundials_kinsol.a  stan/lib/stan_math/lib/tbb/libtbb.so.2 -o /geode2/home/u110/zwu1/BigRed200/gnpc_explor/src/model_shift_mean_paper_jls
/usr/bin/ld: src/cmdstan/main.o: in function `cmdstan::command(int, char const**)':
main.cpp:(.text+0x35ff4): undefined reference to `new_model(stan::io::var_context&, unsigned int, std::ostream*)'
/usr/bin/ld: main.cpp:(.text+0x36f92): undefined reference to `get_stan_profile_data[abi:cxx11]()'
collect2: error: ld returned 1 exit status
make: *** [make/program:82: /geode2/home/u110/zwu1/BigRed200/gnpc_explor/src/model_shift_mean_paper_jls] Error 1

Command ['make', 'STANCFLAGS+=--filename-in-msg=model_shift_mean_paper_jls.stan', '/geode2/home/u110/zwu1/BigRed200/gnpc_explor/src/model_shift_mean_paper_jls']
	exited with code '2' No such file or directory

  -> Starting Run 140...
  ❌ Failed Run 140: Error during sampling:

Command and output files:
RunSet: chains=3, chain_ids=[1, 2, 3], num_processes=3
 cmd (chain 1):
	['/geode2/home/u110/zwu1/BigRed200/gnpc_explor/src/model_shift_mean_paper_jls', 'id=1', 'random', 'seed=13255', 'data', 'file=/tmp/tmpo4i_jpnf/xpsl6azx.json', 'output', 'file=/tmp/tmpo4i_jpnf/model_shift_mean_paper_jlsnbdla2is/model_shift_mean_paper_jls-20260324100945_1.csv', 'method=sample', 'num_samples=2500', 'num_warmup=2500', 'algorithm=hmc', 'engine=nuts', 'max_depth=12', 'adapt', 'engaged=1', 'delta=0.95']
 retcodes=[-1, -1, -1]
 per-chain output files (showing chain 1 only):
 csv_file:
	/tmp/tmpo4i_jpnf/model_shift_mean_paper_jlsnbdla2is/model_shift_mean_paper_jls-20260324100945_1.csv
 console_msgs (if any):
	/tmp/tmpo4i_jpnf/model_shift_mean_paper_jlsnbdla2is/model_shift_mean_paper_jls-20260324100945_0-stdout.txt
Consider re-running with show_console=True if the above output is unclear!
  -> Starting Run 138...
  ❌ Failed Run 138: Failed to compile Stan model '/geode2/home/u110/zwu1/BigRed200/gnpc_explor/src/model_shift_mean_paper_jls.stan'. Console:

--- Translating Stan model to C++ code ---
bin/stanc --filename-in-msg=model_shift_mean_paper_jls.stan --o=/geode2/home/u110/zwu1/BigRed200/gnpc_explor/src/model_shift_mean_paper_jls.hpp /geode2/home/u110/zwu1/BigRed200/gnpc_explor/src/model_shift_mean_paper_jls.stan

--- Compiling C++ code ---
g++ -std=c++17 -pthread -D_REENTRANT -Wno-sign-compare -Wno-ignored-attributes -Wno-class-memaccess      -I stan/lib/stan_math/lib/tbb_2020.3/include    -O3 -I src -I stan/src -I stan/lib/rapidjson_1.1.0/ -I lib/CLI11-1.9.1/ -I stan/lib/stan_math/ -I stan/lib/stan_math/lib/eigen_3.4.0 -I stan/lib/stan_math/lib/boost_1.87.0 -I stan/lib/stan_math/lib/sundials_6.1.1/include -I stan/lib/stan_math/lib/sundials_6.1.1/src/sundials    -DBOOST_DISABLE_ASSERTS          -c -Wno-ignored-attributes   -x c++ -o /geode2/home/u110/zwu1/BigRed200/gnpc_explor/src/model_shift_mean_paper_jls.o /geode2/home/u110/zwu1/BigRed200/gnpc_explor/src/model_shift_mean_paper_jls.hpp

--- Linking model ---
g++ -std=c++17 -pthread -D_REENTRANT -Wno-sign-compare -Wno-ignored-attributes -Wno-class-memaccess      -I stan/lib/stan_math/lib/tbb_2020.3/include    -O3 -I src -I stan/src -I stan/lib/rapidjson_1.1.0/ -I lib/CLI11-1.9.1/ -I stan/lib/stan_math/ -I stan/lib/stan_math/lib/eigen_3.4.0 -I stan/lib/stan_math/lib/boost_1.87.0 -I stan/lib/stan_math/lib/sundials_6.1.1/include -I stan/lib/stan_math/lib/sundials_6.1.1/src/sundials    -DBOOST_DISABLE_ASSERTS               -Wl,-L,"/geode2/home/u110/zwu1/BigRed200/.cmdstan/cmdstan-2.38.0/stan/lib/stan_math/lib/tbb"   -Wl,-rpath,"/geode2/home/u110/zwu1/BigRed200/.cmdstan/cmdstan-2.38.0/stan/lib/stan_math/lib/tbb"      /geode2/home/u110/zwu1/BigRed200/gnpc_explor/src/model_shift_mean_paper_jls.o src/cmdstan/main.o       -ltbb   stan/lib/stan_math/lib/sundials_6.1.1/lib/libsundials_nvecserial.a stan/lib/stan_math/lib/sundials_6.1.1/lib/libsundials_cvodes.a stan/lib/stan_math/lib/sundials_6.1.1/lib/libsundials_idas.a stan/lib/stan_math/lib/sundials_6.1.1/lib/libsundials_kinsol.a  stan/lib/stan_math/lib/tbb/libtbb.so.2 -o /geode2/home/u110/zwu1/BigRed200/gnpc_explor/src/model_shift_mean_paper_jls
/usr/bin/ld: src/cmdstan/main.o: in function `cmdstan::command(int, char const**)':
main.cpp:(.text+0x35ff4): undefined reference to `new_model(stan::io::var_context&, unsigned int, std::ostream*)'
/usr/bin/ld: main.cpp:(.text+0x36f92): undefined reference to `get_stan_profile_data[abi:cxx11]()'
collect2: error: ld returned 1 exit status
make: *** [make/program:82: /geode2/home/u110/zwu1/BigRed200/gnpc_explor/src/model_shift_mean_paper_jls] Error 1

Command ['make', 'STANCFLAGS+=--filename-in-msg=model_shift_mean_paper_jls.stan', '/geode2/home/u110/zwu1/BigRed200/gnpc_explor/src/model_shift_mean_paper_jls']
	exited with code '2' No such file or directory

  -> Starting Run 137...
  ❌ Failed Run 137: Failed to compile Stan model '/geode2/home/u110/zwu1/BigRed200/gnpc_explor/src/model_shift_mean_paper_jls.stan'. Console:

--- Translating Stan model to C++ code ---
bin/stanc --filename-in-msg=model_shift_mean_paper_jls.stan --o=/geode2/home/u110/zwu1/BigRed200/gnpc_explor/src/model_shift_mean_paper_jls.hpp /geode2/home/u110/zwu1/BigRed200/gnpc_explor/src/model_shift_mean_paper_jls.stan

--- Compiling C++ code ---
g++ -std=c++17 -pthread -D_REENTRANT -Wno-sign-compare -Wno-ignored-attributes -Wno-class-memaccess      -I stan/lib/stan_math/lib/tbb_2020.3/include    -O3 -I src -I stan/src -I stan/lib/rapidjson_1.1.0/ -I lib/CLI11-1.9.1/ -I stan/lib/stan_math/ -I stan/lib/stan_math/lib/eigen_3.4.0 -I stan/lib/stan_math/lib/boost_1.87.0 -I stan/lib/stan_math/lib/sundials_6.1.1/include -I stan/lib/stan_math/lib/sundials_6.1.1/src/sundials    -DBOOST_DISABLE_ASSERTS          -c -Wno-ignored-attributes   -x c++ -o /geode2/home/u110/zwu1/BigRed200/gnpc_explor/src/model_shift_mean_paper_jls.o /geode2/home/u110/zwu1/BigRed200/gnpc_explor/src/model_shift_mean_paper_jls.hpp

--- Linking model ---
g++ -std=c++17 -pthread -D_REENTRANT -Wno-sign-compare -Wno-ignored-attributes -Wno-class-memaccess      -I stan/lib/stan_math/lib/tbb_2020.3/include    -O3 -I src -I stan/src -I stan/lib/rapidjson_1.1.0/ -I lib/CLI11-1.9.1/ -I stan/lib/stan_math/ -I stan/lib/stan_math/lib/eigen_3.4.0 -I stan/lib/stan_math/lib/boost_1.87.0 -I stan/lib/stan_math/lib/sundials_6.1.1/include -I stan/lib/stan_math/lib/sundials_6.1.1/src/sundials    -DBOOST_DISABLE_ASSERTS               -Wl,-L,"/geode2/home/u110/zwu1/BigRed200/.cmdstan/cmdstan-2.38.0/stan/lib/stan_math/lib/tbb"   -Wl,-rpath,"/geode2/home/u110/zwu1/BigRed200/.cmdstan/cmdstan-2.38.0/stan/lib/stan_math/lib/tbb"      /geode2/home/u110/zwu1/BigRed200/gnpc_explor/src/model_shift_mean_paper_jls.o src/cmdstan/main.o       -ltbb   stan/lib/stan_math/lib/sundials_6.1.1/lib/libsundials_nvecserial.a stan/lib/stan_math/lib/sundials_6.1.1/lib/libsundials_cvodes.a stan/lib/stan_math/lib/sundials_6.1.1/lib/libsundials_idas.a stan/lib/stan_math/lib/sundials_6.1.1/lib/libsundials_kinsol.a  stan/lib/stan_math/lib/tbb/libtbb.so.2 -o /geode2/home/u110/zwu1/BigRed200/gnpc_explor/src/model_shift_mean_paper_jls
/usr/bin/ld: src/cmdstan/main.o: in function `cmdstan::command(int, char const**)':
main.cpp:(.text+0x35ff4): undefined reference to `new_model(stan::io::var_context&, unsigned int, std::ostream*)'
/usr/bin/ld: main.cpp:(.text+0x36f92): undefined reference to `get_stan_profile_data[abi:cxx11]()'
collect2: error: ld returned 1 exit status
make: *** [make/program:82: /geode2/home/u110/zwu1/BigRed200/gnpc_explor/src/model_shift_mean_paper_jls] Error 1

Command ['make', 'STANCFLAGS+=--filename-in-msg=model_shift_mean_paper_jls.stan', '/geode2/home/u110/zwu1/BigRed200/gnpc_explor/src/model_shift_mean_paper_jls']
	exited with code '2' No such file or directory

  -> Starting Run 119...
  ❌ Failed Run 119: Error during sampling:

Command and output files:
RunSet: chains=3, chain_ids=[1, 2, 3], num_processes=3
 cmd (chain 1):
	['/geode2/home/u110/zwu1/BigRed200/gnpc_explor/src/model_shift_mean_paper_jls', 'id=1', 'random', 'seed=89716', 'data', 'file=/tmp/tmpo4i_jpnf/jdsw7bio.json', 'output', 'file=/tmp/tmpo4i_jpnf/model_shift_mean_paper_jls1gfq5ro4/model_shift_mean_paper_jls-20260324100945_1.csv', 'method=sample', 'num_samples=2500', 'num_warmup=2500', 'algorithm=hmc', 'engine=nuts', 'max_depth=12', 'adapt', 'engaged=1', 'delta=0.95']
 retcodes=[-1, -1, -1]
 per-chain output files (showing chain 1 only):
 csv_file:
	/tmp/tmpo4i_jpnf/model_shift_mean_paper_jls1gfq5ro4/model_shift_mean_paper_jls-20260324100945_1.csv
 console_msgs (if any):
	/tmp/tmpo4i_jpnf/model_shift_mean_paper_jls1gfq5ro4/model_shift_mean_paper_jls-20260324100945_0-stdout.txt
Consider re-running with show_console=True if the above output is unclear!
  -> Starting Run 124...
  ❌ Failed Run 124: Failed to compile Stan model '/geode2/home/u110/zwu1/BigRed200/gnpc_explor/src/model_shift_mean_paper_jls.stan'. Console:

--- Translating Stan model to C++ code ---
bin/stanc --filename-in-msg=model_shift_mean_paper_jls.stan --o=/geode2/home/u110/zwu1/BigRed200/gnpc_explor/src/model_shift_mean_paper_jls.hpp /geode2/home/u110/zwu1/BigRed200/gnpc_explor/src/model_shift_mean_paper_jls.stan

--- Compiling C++ code ---
g++ -std=c++17 -pthread -D_REENTRANT -Wno-sign-compare -Wno-ignored-attributes -Wno-class-memaccess      -I stan/lib/stan_math/lib/tbb_2020.3/include    -O3 -I src -I stan/src -I stan/lib/rapidjson_1.1.0/ -I lib/CLI11-1.9.1/ -I stan/lib/stan_math/ -I stan/lib/stan_math/lib/eigen_3.4.0 -I stan/lib/stan_math/lib/boost_1.87.0 -I stan/lib/stan_math/lib/sundials_6.1.1/include -I stan/lib/stan_math/lib/sundials_6.1.1/src/sundials    -DBOOST_DISABLE_ASSERTS          -c -Wno-ignored-attributes   -x c++ -o /geode2/home/u110/zwu1/BigRed200/gnpc_explor/src/model_shift_mean_paper_jls.o /geode2/home/u110/zwu1/BigRed200/gnpc_explor/src/model_shift_mean_paper_jls.hpp

--- Linking model ---
g++ -std=c++17 -pthread -D_REENTRANT -Wno-sign-compare -Wno-ignored-attributes -Wno-class-memaccess      -I stan/lib/stan_math/lib/tbb_2020.3/include    -O3 -I src -I stan/src -I stan/lib/rapidjson_1.1.0/ -I lib/CLI11-1.9.1/ -I stan/lib/stan_math/ -I stan/lib/stan_math/lib/eigen_3.4.0 -I stan/lib/stan_math/lib/boost_1.87.0 -I stan/lib/stan_math/lib/sundials_6.1.1/include -I stan/lib/stan_math/lib/sundials_6.1.1/src/sundials    -DBOOST_DISABLE_ASSERTS               -Wl,-L,"/geode2/home/u110/zwu1/BigRed200/.cmdstan/cmdstan-2.38.0/stan/lib/stan_math/lib/tbb"   -Wl,-rpath,"/geode2/home/u110/zwu1/BigRed200/.cmdstan/cmdstan-2.38.0/stan/lib/stan_math/lib/tbb"      /geode2/home/u110/zwu1/BigRed200/gnpc_explor/src/model_shift_mean_paper_jls.o src/cmdstan/main.o       -ltbb   stan/lib/stan_math/lib/sundials_6.1.1/lib/libsundials_nvecserial.a stan/lib/stan_math/lib/sundials_6.1.1/lib/libsundials_cvodes.a stan/lib/stan_math/lib/sundials_6.1.1/lib/libsundials_idas.a stan/lib/stan_math/lib/sundials_6.1.1/lib/libsundials_kinsol.a  stan/lib/stan_math/lib/tbb/libtbb.so.2 -o /geode2/home/u110/zwu1/BigRed200/gnpc_explor/src/model_shift_mean_paper_jls
/usr/bin/ld: cannot find /geode2/home/u110/zwu1/BigRed200/gnpc_explor/src/model_shift_mean_paper_jls.o: No such file or directory
collect2: error: ld returned 1 exit status
make: *** [make/program:82: /geode2/home/u110/zwu1/BigRed200/gnpc_explor/src/model_shift_mean_paper_jls] Error 1

Command ['make', 'STANCFLAGS+=--filename-in-msg=model_shift_mean_paper_jls.stan', '/geode2/home/u110/zwu1/BigRed200/gnpc_explor/src/model_shift_mean_paper_jls']
	exited with code '2' No such file or directory

  -> Starting Run 112...
  ❌ Failed Run 112: Failed to compile Stan model '/geode2/home/u110/zwu1/BigRed200/gnpc_explor/src/model_shift_mean_paper_jls.stan'. Console:

--- Translating Stan model to C++ code ---
bin/stanc --filename-in-msg=model_shift_mean_paper_jls.stan --o=/geode2/home/u110/zwu1/BigRed200/gnpc_explor/src/model_shift_mean_paper_jls.hpp /geode2/home/u110/zwu1/BigRed200/gnpc_explor/src/model_shift_mean_paper_jls.stan

--- Compiling C++ code ---
g++ -std=c++17 -pthread -D_REENTRANT -Wno-sign-compare -Wno-ignored-attributes -Wno-class-memaccess      -I stan/lib/stan_math/lib/tbb_2020.3/include    -O3 -I src -I stan/src -I stan/lib/rapidjson_1.1.0/ -I lib/CLI11-1.9.1/ -I stan/lib/stan_math/ -I stan/lib/stan_math/lib/eigen_3.4.0 -I stan/lib/stan_math/lib/boost_1.87.0 -I stan/lib/stan_math/lib/sundials_6.1.1/include -I stan/lib/stan_math/lib/sundials_6.1.1/src/sundials    -DBOOST_DISABLE_ASSERTS          -c -Wno-ignored-attributes   -x c++ -o /geode2/home/u110/zwu1/BigRed200/gnpc_explor/src/model_shift_mean_paper_jls.o /geode2/home/u110/zwu1/BigRed200/gnpc_explor/src/model_shift_mean_paper_jls.hpp

--- Linking model ---
g++ -std=c++17 -pthread -D_REENTRANT -Wno-sign-compare -Wno-ignored-attributes -Wno-class-memaccess      -I stan/lib/stan_math/lib/tbb_2020.3/include    -O3 -I src -I stan/src -I stan/lib/rapidjson_1.1.0/ -I lib/CLI11-1.9.1/ -I stan/lib/stan_math/ -I stan/lib/stan_math/lib/eigen_3.4.0 -I stan/lib/stan_math/lib/boost_1.87.0 -I stan/lib/stan_math/lib/sundials_6.1.1/include -I stan/lib/stan_math/lib/sundials_6.1.1/src/sundials    -DBOOST_DISABLE_ASSERTS               -Wl,-L,"/geode2/home/u110/zwu1/BigRed200/.cmdstan/cmdstan-2.38.0/stan/lib/stan_math/lib/tbb"   -Wl,-rpath,"/geode2/home/u110/zwu1/BigRed200/.cmdstan/cmdstan-2.38.0/stan/lib/stan_math/lib/tbb"      /geode2/home/u110/zwu1/BigRed200/gnpc_explor/src/model_shift_mean_paper_jls.o src/cmdstan/main.o       -ltbb   stan/lib/stan_math/lib/sundials_6.1.1/lib/libsundials_nvecserial.a stan/lib/stan_math/lib/sundials_6.1.1/lib/libsundials_cvodes.a stan/lib/stan_math/lib/sundials_6.1.1/lib/libsundials_idas.a stan/lib/stan_math/lib/sundials_6.1.1/lib/libsundials_kinsol.a  stan/lib/stan_math/lib/tbb/libtbb.so.2 -o /geode2/home/u110/zwu1/BigRed200/gnpc_explor/src/model_shift_mean_paper_jls
/usr/bin/ld: cannot find /geode2/home/u110/zwu1/BigRed200/gnpc_explor/src/model_shift_mean_paper_jls.o: No such file or directory
collect2: error: ld returned 1 exit status
make: *** [make/program:82: /geode2/home/u110/zwu1/BigRed200/gnpc_explor/src/model_shift_mean_paper_jls] Error 1

Command ['make', 'STANCFLAGS+=--filename-in-msg=model_shift_mean_paper_jls.stan', '/geode2/home/u110/zwu1/BigRed200/gnpc_explor/src/model_shift_mean_paper_jls']
	exited with code '2' No such file or directory


Node finished its chunk. (0/50 successful)
