conda version 25.3.0 python 3.12.7 unloaded.
conda version 25.3.0 python 3.12.7 loaded.
23:13:13 - cmdstanpy - INFO - CmdStan start processing
23:13:13 - cmdstanpy - INFO - Chain [1] start processing
23:13:13 - cmdstanpy - INFO - Chain [2] start processing
23:13:13 - cmdstanpy - INFO - Chain [3] start processing
23:13:13 - cmdstanpy - INFO - Chain [4] start processing
23:13:13 - cmdstanpy - INFO - Chain [5] start processing
23:13:13 - cmdstanpy - INFO - Chain [6] start processing
23:13:13 - cmdstanpy - INFO - Chain [7] start processing
23:13:13 - cmdstanpy - INFO - Chain [8] start processing
23:13:13 - cmdstanpy - INFO - Chain [9] start processing
23:13:13 - cmdstanpy - INFO - Chain [10] start processing
23:13:13 - cmdstanpy - INFO - Chain [11] start processing
23:13:13 - cmdstanpy - INFO - Chain [12] start processing
23:13:13 - cmdstanpy - INFO - Chain [13] start processing
23:13:13 - cmdstanpy - INFO - Chain [14] start processing
23:13:13 - cmdstanpy - INFO - Chain [15] start processing
23:13:13 - cmdstanpy - INFO - Chain [16] start processing
23:13:13 - cmdstanpy - INFO - Chain [17] start processing
23:13:13 - cmdstanpy - INFO - Chain [18] start processing
23:13:13 - cmdstanpy - INFO - Chain [19] start processing
23:13:13 - cmdstanpy - INFO - Chain [20] start processing
23:13:13 - cmdstanpy - INFO - Chain [21] start processing
23:13:13 - cmdstanpy - INFO - Chain [22] start processing
23:13:13 - cmdstanpy - INFO - Chain [23] start processing
23:13:13 - cmdstanpy - INFO - Chain [24] start processing
23:13:13 - cmdstanpy - INFO - Chain [25] start processing
23:13:13 - cmdstanpy - INFO - Chain [26] start processing
23:13:13 - cmdstanpy - INFO - Chain [27] start processing
23:13:13 - cmdstanpy - INFO - Chain [28] start processing
23:13:13 - cmdstanpy - INFO - Chain [29] start processing
23:13:13 - cmdstanpy - INFO - Chain [30] start processing
23:13:13 - cmdstanpy - INFO - Chain [31] start processing
23:13:13 - cmdstanpy - INFO - Chain [32] start processing
23:13:13 - cmdstanpy - INFO - Chain [33] start processing
23:13:13 - cmdstanpy - INFO - Chain [34] start processing
23:13:13 - cmdstanpy - INFO - Chain [35] start processing
23:13:13 - cmdstanpy - INFO - Chain [36] start processing
23:13:13 - cmdstanpy - INFO - Chain [37] start processing
23:13:13 - cmdstanpy - INFO - Chain [38] start processing
23:13:13 - cmdstanpy - INFO - Chain [39] start processing
23:13:13 - cmdstanpy - INFO - Chain [40] start processing
23:13:13 - cmdstanpy - INFO - Chain [41] start processing
23:13:13 - cmdstanpy - INFO - Chain [42] start processing
23:13:13 - cmdstanpy - INFO - Chain [43] start processing
23:13:13 - cmdstanpy - INFO - Chain [44] start processing
23:13:13 - cmdstanpy - INFO - Chain [45] start processing
23:13:13 - cmdstanpy - INFO - Chain [46] start processing
23:13:13 - cmdstanpy - INFO - Chain [47] start processing
23:13:13 - cmdstanpy - INFO - Chain [48] start processing
23:13:13 - cmdstanpy - INFO - Chain [49] start processing
23:13:13 - cmdstanpy - INFO - Chain [50] start processing
23:13:13 - cmdstanpy - INFO - Chain [51] start processing
23:13:13 - cmdstanpy - INFO - Chain [52] start processing
23:13:13 - cmdstanpy - INFO - Chain [53] start processing
23:13:13 - cmdstanpy - INFO - Chain [54] start processing
23:13:13 - cmdstanpy - INFO - Chain [55] start processing
23:13:13 - cmdstanpy - INFO - Chain [56] start processing
23:13:13 - cmdstanpy - INFO - Chain [57] start processing
23:13:13 - cmdstanpy - INFO - Chain [58] start processing
23:13:13 - cmdstanpy - INFO - Chain [59] start processing
23:13:13 - cmdstanpy - INFO - Chain [60] start processing
23:13:13 - cmdstanpy - INFO - Chain [61] start processing
23:13:13 - cmdstanpy - INFO - Chain [62] start processing
23:13:13 - cmdstanpy - INFO - Chain [63] start processing
23:13:13 - cmdstanpy - INFO - Chain [64] start processing
23:13:13 - cmdstanpy - INFO - Chain [65] start processing
23:13:13 - cmdstanpy - INFO - Chain [66] start processing
23:13:13 - cmdstanpy - INFO - Chain [67] start processing
23:13:13 - cmdstanpy - INFO - Chain [68] start processing
23:13:13 - cmdstanpy - INFO - Chain [69] start processing
23:13:13 - cmdstanpy - INFO - Chain [70] start processing
23:13:13 - cmdstanpy - INFO - Chain [71] start processing
23:13:13 - cmdstanpy - INFO - Chain [72] start processing
23:13:13 - cmdstanpy - INFO - Chain [73] start processing
23:13:13 - cmdstanpy - INFO - Chain [74] start processing
23:13:13 - cmdstanpy - INFO - Chain [75] start processing
23:13:13 - cmdstanpy - INFO - Chain [76] start processing
23:13:13 - cmdstanpy - INFO - Chain [77] start processing
23:13:13 - cmdstanpy - INFO - Chain [78] start processing
23:13:13 - cmdstanpy - INFO - Chain [79] start processing
23:13:13 - cmdstanpy - INFO - Chain [80] start processing
23:13:13 - cmdstanpy - INFO - Chain [81] start processing
23:13:13 - cmdstanpy - INFO - Chain [82] start processing
23:13:13 - cmdstanpy - INFO - Chain [83] start processing
23:13:13 - cmdstanpy - INFO - Chain [84] start processing
23:13:13 - cmdstanpy - INFO - Chain [85] start processing
23:13:13 - cmdstanpy - INFO - Chain [86] start processing
23:13:13 - cmdstanpy - INFO - Chain [87] start processing
23:13:13 - cmdstanpy - INFO - Chain [88] start processing
23:13:13 - cmdstanpy - INFO - Chain [89] start processing
23:13:13 - cmdstanpy - INFO - Chain [90] start processing
23:13:13 - cmdstanpy - INFO - Chain [91] start processing
23:13:13 - cmdstanpy - INFO - Chain [92] start processing
23:13:13 - cmdstanpy - INFO - Chain [93] start processing
23:13:13 - cmdstanpy - INFO - Chain [94] start processing
23:13:13 - cmdstanpy - INFO - Chain [95] start processing
23:13:13 - cmdstanpy - INFO - Chain [96] start processing
23:13:13 - cmdstanpy - INFO - Chain [97] start processing
23:13:13 - cmdstanpy - INFO - Chain [98] start processing
23:13:13 - cmdstanpy - INFO - Chain [99] start processing
23:13:13 - cmdstanpy - INFO - Chain [100] start processing
23:13:13 - cmdstanpy - INFO - Chain [101] start processing
23:13:13 - cmdstanpy - INFO - Chain [102] start processing
23:13:13 - cmdstanpy - INFO - Chain [103] start processing
23:13:13 - cmdstanpy - INFO - Chain [104] start processing
23:13:13 - cmdstanpy - INFO - Chain [105] start processing
23:13:13 - cmdstanpy - INFO - Chain [106] start processing
23:13:13 - cmdstanpy - INFO - Chain [107] start processing
23:13:13 - cmdstanpy - INFO - Chain [108] start processing
23:13:13 - cmdstanpy - INFO - Chain [109] start processing
23:13:13 - cmdstanpy - INFO - Chain [110] start processing
23:13:13 - cmdstanpy - INFO - Chain [111] start processing
23:13:13 - cmdstanpy - INFO - Chain [112] start processing
23:13:13 - cmdstanpy - INFO - Chain [113] start processing
23:13:13 - cmdstanpy - INFO - Chain [114] start processing
23:13:13 - cmdstanpy - INFO - Chain [115] start processing
23:13:13 - cmdstanpy - INFO - Chain [116] start processing
23:13:13 - cmdstanpy - INFO - Chain [117] start processing
23:13:13 - cmdstanpy - INFO - Chain [118] start processing
23:13:13 - cmdstanpy - INFO - Chain [119] start processing
23:13:13 - cmdstanpy - INFO - Chain [120] start processing
23:13:13 - cmdstanpy - INFO - Chain [121] start processing
23:13:13 - cmdstanpy - INFO - Chain [122] start processing
23:13:13 - cmdstanpy - INFO - Chain [123] start processing
23:13:13 - cmdstanpy - INFO - Chain [124] start processing
23:13:13 - cmdstanpy - INFO - Chain [125] start processing
23:13:13 - cmdstanpy - INFO - Chain [126] start processing
23:13:13 - cmdstanpy - INFO - Chain [127] start processing
23:13:13 - cmdstanpy - INFO - Chain [128] start processing
01:12:55 - cmdstanpy - INFO - Chain [3] done processing
01:39:19 - cmdstanpy - INFO - Chain [64] done processing
01:52:12 - cmdstanpy - INFO - Chain [56] done processing
02:12:39 - cmdstanpy - INFO - Chain [81] done processing
02:16:37 - cmdstanpy - INFO - Chain [16] done processing
02:33:02 - cmdstanpy - INFO - Chain [93] done processing
02:43:30 - cmdstanpy - INFO - Chain [126] done processing
02:55:24 - cmdstanpy - INFO - Chain [77] done processing
03:16:15 - cmdstanpy - INFO - Chain [45] done processing
03:21:21 - cmdstanpy - INFO - Chain [108] done processing
03:51:48 - cmdstanpy - INFO - Chain [117] done processing
03:52:55 - cmdstanpy - INFO - Chain [113] done processing
04:02:14 - cmdstanpy - INFO - Chain [11] done processing
04:04:31 - cmdstanpy - INFO - Chain [104] done processing
04:05:02 - cmdstanpy - INFO - Chain [72] done processing
04:08:23 - cmdstanpy - INFO - Chain [4] done processing
04:14:01 - cmdstanpy - INFO - Chain [111] done processing
04:23:52 - cmdstanpy - INFO - Chain [99] done processing
04:30:42 - cmdstanpy - INFO - Chain [84] done processing
04:33:55 - cmdstanpy - INFO - Chain [7] done processing
04:37:27 - cmdstanpy - INFO - Chain [55] done processing
04:41:59 - cmdstanpy - INFO - Chain [95] done processing
04:45:32 - cmdstanpy - INFO - Chain [83] done processing
04:46:28 - cmdstanpy - INFO - Chain [120] done processing
04:48:44 - cmdstanpy - INFO - Chain [67] done processing
04:56:39 - cmdstanpy - INFO - Chain [13] done processing
04:59:45 - cmdstanpy - INFO - Chain [73] done processing
05:00:40 - cmdstanpy - INFO - Chain [36] done processing
05:01:24 - cmdstanpy - INFO - Chain [127] done processing
05:05:49 - cmdstanpy - INFO - Chain [24] done processing
05:09:58 - cmdstanpy - INFO - Chain [26] done processing
05:12:42 - cmdstanpy - INFO - Chain [88] done processing
05:15:25 - cmdstanpy - INFO - Chain [28] done processing
05:15:44 - cmdstanpy - INFO - Chain [110] done processing
05:16:20 - cmdstanpy - INFO - Chain [92] done processing
05:18:07 - cmdstanpy - INFO - Chain [43] done processing
05:18:38 - cmdstanpy - INFO - Chain [2] done processing
05:21:07 - cmdstanpy - INFO - Chain [103] done processing
05:29:38 - cmdstanpy - INFO - Chain [60] done processing
05:33:10 - cmdstanpy - INFO - Chain [57] done processing
05:34:50 - cmdstanpy - INFO - Chain [47] done processing
05:35:30 - cmdstanpy - INFO - Chain [22] done processing
05:41:59 - cmdstanpy - INFO - Chain [17] done processing
05:51:07 - cmdstanpy - INFO - Chain [100] done processing
06:01:45 - cmdstanpy - INFO - Chain [40] done processing
06:06:12 - cmdstanpy - INFO - Chain [23] done processing
06:09:20 - cmdstanpy - INFO - Chain [71] done processing
06:14:00 - cmdstanpy - INFO - Chain [41] done processing
06:16:13 - cmdstanpy - INFO - Chain [96] done processing
06:21:03 - cmdstanpy - INFO - Chain [102] done processing
06:25:01 - cmdstanpy - INFO - Chain [80] done processing
06:29:39 - cmdstanpy - INFO - Chain [75] done processing
06:31:04 - cmdstanpy - INFO - Chain [10] done processing
06:31:27 - cmdstanpy - INFO - Chain [32] done processing
06:32:17 - cmdstanpy - INFO - Chain [125] done processing
06:44:29 - cmdstanpy - INFO - Chain [123] done processing
06:52:48 - cmdstanpy - INFO - Chain [31] done processing
07:07:14 - cmdstanpy - INFO - Chain [1] done processing
07:09:55 - cmdstanpy - INFO - Chain [34] done processing
07:10:37 - cmdstanpy - INFO - Chain [15] done processing
07:16:56 - cmdstanpy - INFO - Chain [106] done processing
07:28:00 - cmdstanpy - INFO - Chain [94] done processing
07:30:40 - cmdstanpy - INFO - Chain [63] done processing
07:35:07 - cmdstanpy - INFO - Chain [44] done processing
07:51:55 - cmdstanpy - INFO - Chain [124] done processing
07:53:53 - cmdstanpy - INFO - Chain [79] done processing
07:55:39 - cmdstanpy - INFO - Chain [112] done processing
08:03:21 - cmdstanpy - INFO - Chain [6] done processing
08:04:59 - cmdstanpy - INFO - Chain [105] done processing
08:07:08 - cmdstanpy - INFO - Chain [52] done processing
08:25:11 - cmdstanpy - INFO - Chain [65] done processing
08:36:18 - cmdstanpy - INFO - Chain [33] done processing
08:44:37 - cmdstanpy - INFO - Chain [121] done processing
08:47:20 - cmdstanpy - INFO - Chain [87] done processing
09:17:10 - cmdstanpy - INFO - Chain [42] done processing
09:17:58 - cmdstanpy - INFO - Chain [35] done processing
09:29:00 - cmdstanpy - INFO - Chain [68] done processing
09:31:17 - cmdstanpy - INFO - Chain [51] done processing
09:36:40 - cmdstanpy - INFO - Chain [30] done processing
09:39:54 - cmdstanpy - INFO - Chain [29] done processing
10:13:21 - cmdstanpy - INFO - Chain [50] done processing
10:30:40 - cmdstanpy - INFO - Chain [39] done processing
10:40:31 - cmdstanpy - INFO - Chain [76] done processing
11:12:58 - cmdstanpy - INFO - Chain [78] done processing
11:15:27 - cmdstanpy - INFO - Chain [18] done processing
11:20:33 - cmdstanpy - INFO - Chain [115] done processing
13:10:25 - cmdstanpy - INFO - Chain [122] done processing
14:13:03 - cmdstanpy - INFO - Chain [114] done processing
14:43:49 - cmdstanpy - INFO - Chain [116] done processing
16:37:21 - cmdstanpy - INFO - Chain [37] done processing
16:52:08 - cmdstanpy - INFO - Chain [8] done processing
17:20:19 - cmdstanpy - INFO - Chain [59] done processing
17:36:31 - cmdstanpy - INFO - Chain [61] done processing
17:39:39 - cmdstanpy - INFO - Chain [85] done processing
17:44:55 - cmdstanpy - INFO - Chain [62] done processing
17:46:56 - cmdstanpy - INFO - Chain [46] done processing
17:52:38 - cmdstanpy - INFO - Chain [21] done processing
18:01:51 - cmdstanpy - INFO - Chain [66] done processing
18:08:44 - cmdstanpy - INFO - Chain [70] done processing
18:26:16 - cmdstanpy - INFO - Chain [12] done processing
18:27:16 - cmdstanpy - INFO - Chain [118] done processing
18:37:32 - cmdstanpy - INFO - Chain [97] done processing
18:45:56 - cmdstanpy - INFO - Chain [58] done processing
18:46:26 - cmdstanpy - INFO - Chain [5] done processing
19:00:57 - cmdstanpy - INFO - Chain [9] done processing
19:05:38 - cmdstanpy - INFO - Chain [107] done processing
19:11:37 - cmdstanpy - INFO - Chain [90] done processing
19:12:59 - cmdstanpy - INFO - Chain [74] done processing
19:41:23 - cmdstanpy - INFO - Chain [25] done processing
20:28:10 - cmdstanpy - INFO - Chain [20] done processing
21:39:44 - cmdstanpy - INFO - Chain [82] done processing
23:24:42 - cmdstanpy - INFO - Chain [101] done processing
00:03:05 - cmdstanpy - INFO - Chain [89] done processing
01:30:52 - cmdstanpy - INFO - Chain [48] done processing
01:31:03 - cmdstanpy - INFO - Chain [54] done processing
04:40:02 - cmdstanpy - INFO - Chain [49] done processing
05:59:27 - cmdstanpy - INFO - Chain [109] done processing
07:13:11 - cmdstanpy - INFO - Chain [69] done processing
07:25:18 - cmdstanpy - INFO - Chain [86] done processing
07:30:03 - cmdstanpy - INFO - Chain [128] done processing
08:28:48 - cmdstanpy - INFO - Chain [98] done processing
11:19:38 - cmdstanpy - INFO - Chain [38] done processing
11:41:06 - cmdstanpy - INFO - Chain [91] done processing
11:58:56 - cmdstanpy - INFO - Chain [53] done processing
12:14:35 - cmdstanpy - INFO - Chain [14] done processing
12:41:35 - cmdstanpy - INFO - Chain [119] done processing
13:33:21 - cmdstanpy - INFO - Chain [19] done processing
14:59:10 - cmdstanpy - INFO - Chain [27] done processing
14:59:13 - cmdstanpy - WARNING - Non-fatal error during sampling:
Exception: model_fix_mean_lap_model_namespace::log_prob: Omega is not positive definite. (in 'model_fix_mean_lap.stan', line 67, column 1 to column 22)
	Exception: model_fix_mean_lap_model_namespace::log_prob: Omega is not positive definite. (in 'model_fix_mean_lap.stan', line 67, column 1 to column 22)
	Exception: model_fix_mean_lap_model_namespace::log_prob: Omega is not positive definite. (in 'model_fix_mean_lap.stan', line 67, column 1 to column 22)
	Exception: model_fix_mean_lap_model_namespace::log_prob: Sigma is not positive definite. (in 'model_fix_mean_lap.stan', line 68, column 1 to column 21)
	Exception: model_fix_mean_lap_model_namespace::log_prob: Sigma is not positive definite. (in 'model_fix_mean_lap.stan', line 68, column 1 to column 21)
	Exception: model_fix_mean_lap_model_namespace::log_prob: Sigma is not positive definite. (in 'model_fix_mean_lap.stan', line 68, column 1 to column 21)
	Exception: model_fix_mean_lap_model_namespace::log_prob: Sigma is not positive definite. (in 'model_fix_mean_lap.stan', line 68, column 1 to column 21)
	Exception: multi_normal_lpdf: Location parameter[2] is inf, but must be finite! (in 'model_fix_mean_lap.stan', line 140, column 12 to column 74)
	Exception: model_fix_mean_lap_model_namespace::log_prob: Omega is not positive definite. (in 'model_fix_mean_lap.stan', line 67, column 1 to column 22)
	Exception: model_fix_mean_lap_model_namespace::log_prob: Omega is not positive definite. (in 'model_fix_mean_lap.stan', line 67, column 1 to column 22)
Exception: model_fix_mean_lap_model_namespace::log_prob: Sigma is not positive definite. (in 'model_fix_mean_lap.stan', line 68, column 1 to column 21)
	Exception: model_fix_mean_lap_model_namespace::log_prob: Omega is not positive definite. (in 'model_fix_mean_lap.stan', line 67, column 1 to column 22)
	Exception: model_fix_mean_lap_model_namespace::log_prob: Omega is not positive definite. (in 'model_fix_mean_lap.stan', line 67, column 1 to column 22)
	Exception: model_fix_mean_lap_model_namespace::log_prob: Omega is not positive definite. (in 'model_fix_mean_lap.stan', line 67, column 1 to column 22)
	Exception: model_fix_mean_lap_model_namespace::log_prob: Sigma is not positive definite. (in 'model_fix_mean_lap.stan', line 68, column 1 to column 21)
	Exception: model_fix_mean_lap_model_namespace::log_prob: Sigma is not positive definite. (in 'model_fix_mean_lap.stan', line 68, column 1 to column 21)
	Exception: model_fix_mean_lap_model_namespace::log_prob: Sigma is not positive definite. (in 'model_fix_mean_lap.stan', line 68, column 1 to column 21)
	Exception: model_fix_mean_lap_model_namespace::log_prob: Omega is not positive definite. (in 'model_fix_mean_lap.stan', line 67, column 1 to column 22)
	Exception: model_fix_mean_lap_model_namespace::log_prob: Omega is not positive definite. (in 'model_fix_mean_lap.stan', line 67, column 1 to column 22)
	Exception: model_fix_mean_lap_model_namespace::log_prob: Sigma is not positive definite. (in 'model_fix_mean_lap.stan', line 68, column 1 to column 21)
Exception: model_fix_mean_lap_model_namespace::log_prob: Omega is not positive definite. (in 'model_fix_mean_lap.stan', line 67, column 1 to column 22)
	Exception: model_fix_mean_lap_model_namespace::log_prob: Omega is not positive definite. (in 'model_fix_mean_lap.stan', line 67, column 1 to column 22)
	Exception: model_fix_mean_lap_model_namespace::log_prob: Omega is not positive definite. (in 'model_fix_mean_lap.stan', line 67, column 1 to column 22)
	Exception: model_fix_mean_lap_model_namespace::log_prob: Sigma is not positive definite. (in 'model_fix_mean_lap.stan', line 68, column 1 to column 21)
	Exception: model_fix_mean_lap_model_namespace::log_prob: Sigma is not positive definite. (in 'model_fix_mean_lap.stan', line 68, column 1 to column 21)
	Exception: model_fix_mean_lap_model_namespace::log_prob: Sigma is not positive definite. (in 'model_fix_mean_lap.stan', line 68, column 1 to column 21)
	Exception: model_fix_mean_lap_model_namespace::log_prob: Omega is not positive definite. (in 'model_fix_mean_lap.stan', line 67, column 1 to column 22)
	Exception: model_fix_mean_lap_model_namespace::log_prob: Omega is not positive definite. (in 'model_fix_mean_lap.stan', line 67, column 1 to column 22)
Exception: model_fix_mean_lap_model_namespace::log_prob: Omega is not positive definite. (in 'model_fix_mean_lap.stan', line 67, column 1 to column 22)
	Exception: model_fix_mean_lap_model_namespace::log_prob: Omega is not positive definite. (in 'model_fix_mean_lap.stan', line 67, column 1 to column 22)
	Exception: model_fix_mean_lap_model_namespace::log_prob: Omega is not positive definite. (in 'model_fix_mean_lap.stan', line 67, column 1 to column 22)
	Exception: model_fix_mean_lap_model_namespace::log_prob: Omega is not positive definite. (in 'model_fix_mean_lap.stan', line 67, column 1 to column 22)
	Exception: model_fix_mean_lap_model_namespace::log_prob: Sigma is not positive definite. (in 'model_fix_mean_lap.stan', line 68, column 1 to column 21)
	Exception: model_fix_mean_lap_model_namespace::log_prob: Sigma is not positive definite. (in 'model_fix_mean_lap.stan', line 68, column 1 to column 21)
	Exception: model_fix_mean_lap_model_namespace::log_prob: Sigma is not positive definite. (in 'model_fix_mean_lap.stan', line 68, column 1 to column 21)
	Exception: model_fix_mean_lap_model_namespace::log_prob: Omega is not positive definite. (in 'model_fix_mean_lap.stan', line 67, column 1 to column 22)
	Exception: model_fix_mean_lap_model_namespace::log_prob: Omega is not positive definite. (in 'model_fix_mean_lap.stan', line 67, column 1 to column 22)
	Exception: model_fix_mean_lap_model_namespace::log_prob: Sigma is not positive definite. (in 'model_fix_mean_lap.stan', line 68, column 1 to column 21)
	Exception: model_fix_mean_lap_model_namespace::log_prob: Sigma is not positive definite. (in 'model_fix_mean_lap.stan', line 68, column 1 to column 21)
Exception: model_fix_mean_lap_model_namespace::log_prob: Sigma is not positive definite. (in 'model_fix_mean_lap.stan', line 68, column 1 to column 21)
	Exception: model_fix_mean_lap_model_namespace::log_prob: Omega is not positive definite. (in 'model_fix_mean_lap.stan', line 67, column 1 to column 22)
	Exception: model_fix_mean_lap_model_namespace::log_prob: Omega is not positive definite. (in 'model_fix_mean_lap.stan', line 67, column 1 to column 22)
	Exception: model_fix_mean_lap_model_namespace::log_prob: Omega is not positive definite. (in 'model_fix_mean_lap.stan', line 67, column 1 to column 22)
	Exception: model_fix_mean_lap_model_namespace::log_prob: Sigma is not positive definite. (in 'model_fix_mean_lap.stan', line 68, column 1 to column 21)
	Exception: model_fix_mean_lap_model_namespace::log_prob: Sigma is not positive definite. (in 'model_fix_mean_lap.stan', line 68, column 1 to column 21)
	Exception: model_fix_mean_lap_model_namespace::log_prob: Sigma is not positive definite. (in 'model_fix_mean_lap.stan', line 68, column 1 to column 21)
	Exception: model_fix_mean_lap_model_namespace::log_prob: Omega is not positive definite. (in 'model_fix_mean_lap.stan', line 67, column 1 to column 22)
	Exception: model_fix_mean_lap_model_namespace::log_prob: Sigma is not positive definite. (in 'model_fix_mean_lap.stan', line 68, column 1 to column 21)
	Exception: model_fix_mean_lap_model_namespace::log_prob: Sigma is not positive definite. (in 'model_fix_mean_lap.stan', line 68, column 1 to column 21)
Exception: model_fix_mean_lap_model_namespace::log_prob: Omega is not positive definite. (in 'model_fix_mean_lap.stan', line 67, column 1 to column 22)
	Exception: model_fix_mean_lap_model_namespace::log_prob: Omega is not positive definite. (in 'model_fix_mean_lap.stan', line 67, column 1 to column 22)
	Exception: model_fix_mean_lap_model_namespace::log_prob: Omega is not positive definite. (in 'model_fix_mean_lap.stan', line 67, column 1 to column 22)
	Exception: model_fix_mean_lap_model_namespace::log_prob: Omega is not positive definite. (in 'model_fix_mean_lap.stan', line 67, column 1 to column 22)
	Exception: model_fix_mean_lap_model_namespace::log_prob: Omega is not positive definite. (in 'model_fix_mean_lap.stan', line 67, column 1 to column 22)
	Exception: model_fix_mean_lap_model_namespace::log_prob: Sigma is not positive definite. (in 'model_fix_mean_lap.stan', line 68, column 1 to column 21)
	Exception: model_fix_mean_lap_model_namespace::log_prob: Sigma is not positive definite. (in 'model_fix_mean_lap.stan', line 68, column 1 to column 21)
	Exception: model_fix_mean_lap_model_namespace::log_prob: Omega is not positive definite. (in 'model_fix_mean_lap.stan', line 67, column 1 to column 22)
	Exception: model_fix_mean_lap_model_namespace::log_prob: Omega is not positive definite. (in 'model_fix_mean_lap.stan', line 67, column 1 to column 22)
	Exception: model_fix_mean_lap_model_namespace::log_prob: Sigma is not positive definite. (in 'model_fix_mean_lap.stan', line 68, column 1 to column 21)
Exception: model_fix_mean_lap_model_namespace::log_prob: Sigma is not positive definite. (in 'model_fix_mean_lap.stan', line 68, column 1 to column 21)
	Exception: model_fix_mean_lap_model_namespace::log_prob: Omega is not positive definite. (in 'model_fix_mean_lap.stan', line 67, column 1 to column 22)
	Exception: model_fix_mean_lap_model_namespace::log_prob: Omega is not positive definite. (in 'model_fix_mean_lap.stan', line 67, column 1 to column 22)
	Exception: model_fix_mean_lap_model_namespace::log_prob: Omega is not positive definite. (in 'model_fix_mean_lap.stan', line 67, column 1 to column 22)
	Exception: model_fix_mean_lap_model_namespace::log_prob: Omega is not positive definite. (in 'model_fix_mean_lap.stan', line 67, column 1 to column 22)
	Exception: model_fix_mean_lap_model_namespace::log_prob: Sigma is not positive definite. (in 'model_fix_mean_lap.stan', line 68, column 1 to column 21)
	Exception: model_fix_mean_lap_model_namespace::log_prob: Omega is not positive definite. (in 'model_fix_mean_lap.stan', line 67, column 1 to column 22)
	Exception: model_fix_mean_lap_model_namespace::log_prob: Omega is not positive definite. (in 'model_fix_mean_lap.stan', line 67, column 1 to column 22)
	Exception: model_fix_mean_lap_model_namespace::log_prob: Sigma is not positive definite. (in 'model_fix_mean_lap.stan', line 68, column 1 to column 21)
Exception: model_fix_mean_lap_model_namespace::log_prob: Sigma is not positive definite. (in 'model_fix_mean_lap.stan', line 68, column 1 to column 21)
	Exception: model_fix_mean_lap_model_namespace::log_prob: Sigma is not positive definite. (in 'model_fix_mean_lap.stan', line 68, column 1 to column 21)
	Exception: model_fix_mean_lap_model_namespace::log_prob: Omega is not positive definite. (in 'model_fix_mean_lap.stan', line 67, column 1 to column 22)
	Exception: model_fix_mean_lap_model_namespace::log_prob: Omega is not positive definite. (in 'model_fix_mean_lap.stan', line 67, column 1 to column 22)
	Exception: model_fix_mean_lap_model_namespace::log_prob: Omega is not positive definite. (in 'model_fix_mean_lap.stan', line 67, column 1 to column 22)
	Exception: model_fix_mean_lap_model_namespace::log_prob: Sigma is not positive definite. (in 'model_fix_mean_lap.stan', line 68, column 1 to column 21)
	Exception: model_fix_mean_lap_model_namespace::log_prob: Sigma is not positive definite. (in 'model_fix_mean_lap.stan', line 68, column 1 to column 21)
	Exception: model_fix_mean_lap_model_namespace::log_prob: Omega is not positive definite. (in 'model_fix_mean_lap.stan', line 67, column 1 to column 22)
	Exception: model_fix_mean_lap_model_namespace::log_prob: Omega is not positive definite. (in 'model_fix_mean_lap.stan', line 67, column 1 to column 22)
Exception: model_fix_mean_lap_model_namespace::log_prob: Sigma is not positive definite. (in 'model_fix_mean_lap.stan', line 68, column 1 to column 21)
	Exception: model_fix_mean_lap_model_namespace::log_prob: Omega is not positive definite. (in 'model_fix_mean_lap.stan', line 67, column 1 to column 22)
	Exception: model_fix_mean_lap_model_namespace::log_prob: Omega is not positive definite. (in 'model_fix_mean_lap.stan', line 67, column 1 to column 22)
	Exception: model_fix_mean_lap_model_namespace::log_prob: Omega is not positive definite. (in 'model_fix_mean_lap.stan', line 67, column 1 to column 22)
	Exception: model_fix_mean_lap_model_namespace::log_prob: Omega is not positive definite. (in 'model_fix_mean_lap.stan', line 67, column 1 to column 22)
	Exception: model_fix_mean_lap_model_namespace::log_prob: Sigma is not positive definite. (in 'model_fix_mean_lap.stan', line 68, column 1 to column 21)
	Exception: model_fix_mean_lap_model_namespace::log_prob: Sigma is not positive definite. (in 'model_fix_mean_lap.stan', line 68, column 1 to column 21)
	Exception: model_fix_mean_lap_model_namespace::log_prob: Sigma is not positive definite. (in 'model_fix_mean_lap.stan', line 68, column 1 to column 21)
	Exception: model_fix_mean_lap_model_namespace::log_prob: Omega is not positive definite. (in 'model_fix_mean_lap.stan', line 67, column 1 to column 22)
	Exception: model_fix_mean_lap_model_namespace::log_prob: Omega is not positive definite. (in 'model_fix_mean_lap.stan', line 67, column 1 to column 22)
Exception: model_fix_mean_lap_model_namespace::log_prob: Sigma is not positive definite. (in 'model_fix_mean_lap.stan', line 68, column 1 to column 21)
	Exception: model_fix_mean_lap_model_namespace::log_prob: Omega is not positive definite. (in 'model_fix_mean_lap.stan', line 67, column 1 to column 22)
	Exception: model_fix_mean_lap_model_namespace::log_prob: Omega is not positive definite. (in 'model_fix_mean_lap.stan', line 67, column 1 to column 22)
	Exception: model_fix_mean_lap_model_namespace::log_prob: Omega is not positive definite. (in 'model_fix_mean_lap.stan', line 67, column 1 to column 22)
	Exception: model_fix_mean_lap_model_namespace::log_prob: Omega is not positive definite. (in 'model_fix_mean_lap.stan', line 67, column 1 to column 22)
	Exception: model_fix_mean_lap_model_namespace::log_prob: Sigma is not positive definite. (in 'model_fix_mean_lap.stan', line 68, column 1 to column 21)
	Exception: model_fix_mean_lap_model_namespace::log_prob: Sigma is not positive definite. (in 'model_fix_mean_lap.stan', line 68, column 1 to column 21)
	Exception: model_fix_mean_lap_model_namespace::log_prob: Omega is not positive definite. (in 'model_fix_mean_lap.stan', line 67, column 1 to column 22)
	Exception: model_fix_mean_lap_model_namespace::log_prob: Omega is not positive definite. (in 'model_fix_mean_lap.stan', line 67, column 1 to column 22)
	Exception: multi_normal_lpdf: Location parameter[2] is -inf, but must be finite! (in 'model_fix_mean_lap.stan', line 140, column 12 to column 74)
Exception: model_fix_mean_lap_model_namespace::log_prob: Omega is not positive definite. (in 'model_fix_mean_lap.stan', line 67, column 1 to column 22)
	Exception: model_fix_mean_lap_model_namespace::log_prob: Omega is not positive definite. (in 'model_fix_mean_lap.stan', line 67, column 1 to column 22)
	Exception: model_fix_mean_lap_model_namespace::log_prob: Omega is not positive definite. (in 'model_fix_mean_lap.stan', line 67, column 1 to column 22)
	Exception: model_fix_mean_lap_model_namespace::log_prob: Omega is not positive definite. (in 'model_fix_mean_lap.stan', line 67, column 1 to column 22)
	Exception: model_fix_mean_lap_model_namespace::log_prob: Omega is not positive definite. (in 'model_fix_mean_lap.stan', line 67, column 1 to column 22)
	Exception: model_fix_mean_lap_model_namespace::log_prob: Sigma is not positive definite. (in 'model_fix_mean_lap.stan', line 68, column 1 to column 21)
	Exception: model_fix_mean_lap_model_namespace::log_prob: Sigma is not positive definite. (in 'model_fix_mean_lap.stan', line 68, column 1 to column 21)
	Exception: model_fix_mean_lap_model_namespace::log_prob: Sigma is not positive definite. (in 'model_fix_mean_lap.stan', line 68, column 1 to column 21)
	Exception: model_fix_mean_lap_model_namespace::log_prob: Omega is not positive definite. (in 'model_fix_mean_lap.stan', line 67, column 1 to column 22)
	Exception: model_fix_mean_lap_model_namespace::log_prob: Omega is not positive definite. (in 'model_fix_mean_lap.stan', line 67, column 1 to column 22)
	Exception: model_fix_mean_lap_model_namespace::log_prob: Sigma is not positive definite. (in 'model_fix_mean_lap.stan', line 68, column 1 to column 21)
	Exception: model_fix_mean_lap_model_namespace::log_prob: Sigma is not positive definite. (in 'model_fix_mean_lap.stan', line 68, column 1 to column 21)
	Exception: model_fix_mean_lap_model_namespace::log_prob: Sigma is not positive definite. (in 'model_fix_mean_lap.stan', line 68, column 1 to column 21)
Exception: model_fix_mean_lap_model_namespace::log_prob: Sigma is not positive definite. (in 'model_fix_mean_lap.stan', line 68, column 1 to column 21)
	Exception: model_fix_mean_lap_model_namespace::log_prob: Omega is not positive definite. (in 'model_fix_mean_lap.stan', line 67, column 1 to column 22)
	Exception: model_fix_mean_lap_model_namespace::log_prob: Omega is not positive definite. (in 'model_fix_mean_lap.stan', line 67, column 1 to column 22)
	Exception: model_fix_mean_lap_model_namespace::log_prob: Omega is not positive definite. (in 'model_fix_mean_lap.stan', line 67, column 1 to column 22)
	Exception: model_fix_mean_lap_model_namespace::log_prob: Sigma is not positive definite. (in 'model_fix_mean_lap.stan', line 68, column 1 to column 21)
	Exception: model_fix_mean_lap_model_namespace::log_prob: Sigma is not positive definite. (in 'model_fix_mean_lap.stan', line 68, column 1 to column 21)
	Exception: model_fix_mean_lap_model_namespace::log_prob: Sigma is not positive definite. (in 'model_fix_mean_lap.stan', line 68, column 1 to column 21)
	Exception: multi_normal_lpdf: Location parameter[2] is -inf, but must be finite! (in 'model_fix_mean_lap.stan', line 140, column 12 to column 74)
	Exception: model_fix_mean_lap_model_namespace::log_prob: Omega is not positive definite. (in 'model_fix_mean_lap.stan', line 67, column 1 to column 22)
	Exception: model_fix_mean_lap_model_namespace::log_prob: Omega is not positive definite. (in 'model_fix_mean_lap.stan', line 67, column 1 to column 22)
Exception: model_fix_mean_lap_model_namespace::log_prob: Omega is not positive definite. (in 'model_fix_mean_lap.stan', line 67, column 1 to column 22)
	Exception: model_fix_mean_lap_model_namespace::log_prob: Omega is not positive definite. (in 'model_fix_mean_lap.stan', line 67, column 1 to column 22)
	Exception: model_fix_mean_lap_model_namespace::log_prob: Omega is not positive definite. (in 'model_fix_mean_lap.stan', line 67, column 1 to column 22)
	Exception: model_fix_mean_lap_model_namespace::log_prob: Omega is not positive definite. (in 'model_fix_mean_lap.stan', line 67, column 1 to column 22)
	Exception: model_fix_mean_lap_model_namespace::log_prob: Sigma is not positive definite. (in 'model_fix_mean_lap.stan', line 68, column 1 to column 21)
	Exception: model_fix_mean_lap_model_namespace::log_prob: Sigma is not positive definite. (in 'model_fix_mean_lap.stan', line 68, column 1 to column 21)
	Exception: model_fix_mean_lap_model_namespace::log_prob: Sigma is not positive definite. (in 'model_fix_mean_lap.stan', line 68, column 1 to column 21)
	Exception: model_fix_mean_lap_model_namespace::log_prob: Omega is not positive definite. (in 'model_fix_mean_lap.stan', line 67, column 1 to column 22)
	Exception: model_fix_mean_lap_model_namespace::log_prob: Omega is not positive definite. (in 'model_fix_mean_lap.stan', line 67, column 1 to column 22)
	Exception: model_fix_mean_lap_model_namespace::log_prob: Sigma is not positive definite. (in 'model_fix_mean_lap.stan', line 68, column 1 to column 21)
	Exception: model_fix_mean_lap_model_namespace::log_prob: Sigma is not positive definite. (in 'model_fix_mean_lap.stan', line 68, column 1 to column 21)
	Exception: model_fix_mean_lap_model_namespace::log_prob: Sigma is not positive definite. (in 'model_fix_mean_lap.stan', line 68, column 1 to column 21)
	Exception: model_fix_mean_lap_model_namespace::log_prob: Sigma is not positive definite. (in 'model_fix_mean_lap.stan', line 68, column 1 to column 21)
	Exception: model_fix_mean_lap_model_namespace::log_prob: Sigma is not positive definite. (in 'model_fix_mean_lap.stan', line 68, column 1 to column 21)
	Exception: model_fix_mean_lap_model_namespace::log_prob: Sigma is not positive definite. (in 'model_fix_mean_lap.stan', line 68, column 1 to column 21)
	Exception: model_fix_mean_lap_model_namespace::log_prob: Sigma is not positive definite. (in 'model_fix_mean_lap.stan', line 68, column 1 to column 21)
	Exception: model_fix_mean_lap_model_namespace::log_prob: Sigma is not positive definite. (in 'model_fix_mean_lap.stan', line 68, column 1 to column 21)
	Exception: model_fix_mean_lap_model_namespace::log_prob: Sigma is not positive definite. (in 'model_fix_mean_lap.stan', line 68, column 1 to column 21)
Exception: model_fix_mean_lap_model_namespace::log_prob: Omega is not positive definite. (in 'model_fix_mean_lap.stan', line 67, column 1 to column 22)
	Exception: model_fix_mean_lap_model_namespace::log_prob: Omega is not positive definite. (in 'model_fix_mean_lap.stan', line 67, column 1 to column 22)
	Exception: model_fix_mean_lap_model_namespace::log_prob: Omega is not positive definite. (in 'model_fix_mean_lap.stan', line 67, column 1 to column 22)
	Exception: model_fix_mean_lap_model_namespace::log_prob: Omega is not positive definite. (in 'model_fix_mean_lap.stan', line 67, column 1 to column 22)
	Exception: model_fix_mean_lap_model_namespace::log_prob: Sigma is not positive definite. (in 'model_fix_mean_lap.stan', line 68, column 1 to column 21)
	Exception: model_fix_mean_lap_model_namespace::log_prob: Sigma is not positive definite. (in 'model_fix_mean_lap.stan', line 68, column 1 to column 21)
	Exception: model_fix_mean_lap_model_namespace::log_prob: Omega is not positive definite. (in 'model_fix_mean_lap.stan', line 67, column 1 to column 22)
	Exception: model_fix_mean_lap_model_namespace::log_prob: Omega is not positive definite. (in 'model_fix_mean_lap.stan', line 67, column 1 to column 22)
	Exception: model_fix_mean_lap_model_namespace::log_prob: Sigma is not positive definite. (in 'model_fix_mean_lap.stan', line 68, column 1 to column 21)
Exception: model_fix_mean_lap_model_namespace::log_prob: Sigma is not positive definite. (in 'model_fix_mean_lap.stan', line 68, column 1 to column 21)
	Exception: model_fix_mean_lap_model_namespace::log_prob: Omega is not positive definite. (in 'model_fix_mean_lap.stan', line 67, column 1 to column 22)
	Exception: model_fix_mean_lap_model_namespace::log_prob: Omega is not positive definite. (in 'model_fix_mean_lap.stan', line 67, column 1 to column 22)
	Exception: model_fix_mean_lap_model_namespace::log_prob: Omega is not positive definite. (in 'model_fix_mean_lap.stan', line 67, column 1 to column 22)
	Exception: model_fix_mean_lap_model_namespace::log_prob: Omega is not positive definite. (in 'model_fix_mean_lap.stan', line 67, column 1 to column 22)
	Exception: model_fix_mean_lap_model_namespace::log_prob: Sigma is not positive definite. (in 'model_fix_mean_lap.stan', line 68, column 1 to column 21)
	Exception: model_fix_mean_lap_model_namespace::log_prob: Sigma is not positive definite. (in 'model_fix_mean_lap.stan', line 68, column 1 to column 21)
	Exception: model_fix_mean_lap_model_namespace::log_prob: Sigma is not positive definite. (in 'model_fix_mean_lap.stan', line 68, column 1 to column 21)
	Exception: model_fix_mean_lap_model_namespace::log_prob: Omega is not positive definite. (in 'model_fix_mean_lap.stan', line 67, column 1 to column 22)
	Exception: model_fix_mean_lap_model_namespace::log_prob: Sigma is not positive definite. (in 'model_fix_mean_lap.stan', line 68, column 1 to column 21)
	Exception: model_fix_mean_lap_model_namespace::log_prob: Sigma is not positive definite. (in 'model_fix_mean_lap.stan', line 68, column 1 to column 21)
	Exception: model_fix_mean_lap_model_namespace::log_prob: Sigma is not positive definite. (in 'model_fix_mean_lap.stan', line 68, column 1 to column 21)
	Exception: model_fix_mean_lap_model_namespace::log_prob: Sigma is not positive definite. (in 'model_fix_mean_lap.stan', line 68, column 1 to column 21)
	Exception: model_fix_mean_lap_model_namespace::log_prob: Sigma is not positive definite. (in 'model_fix_mean_lap.stan', line 68, column 1 to column 21)
	Exception: model_fix_mean_lap_model_namespace::log_prob: Sigma is not positive definite. (in 'model_fix_mean_lap.stan', line 68, column 1 to column 21)
	Exception: model_fix_mean_lap_model_namespace::log_prob: Sigma is not positive definite. (in 'model_fix_mean_lap.stan', line 68, column 1 to column 21)
	Exception: model_fix_mean_lap_model_namespace::log_prob: Sigma is not positive definite. (in 'model_fix_mean_lap.stan', line 68, column 1 to column 21)
	Exception: model_fix_mean_lap_model_namespace::log_prob: Sigma is not positive definite. (in 'model_fix_mean_lap.stan', line 68, column 1 to column 21)
	Exception: model_fix_mean_lap_model_namespace::log_prob: Sigma is not positive definite. (in 'model_fix_mean_lap.stan', line 68, column 1 to column 21)
	Exception: model_fix_mean_lap_model_namespace::log_prob: Sigma is not positive definite. (in 'model_fix_mean_lap.stan', line 68, column 1 to column 21)
	Exception: model_fix_mean_lap_model_namespace::log_prob: Sigma is not positive definite. (in 'model_fix_mean_lap.stan', line 68, column 1 to column 21)
	Exception: model_fix_mean_lap_model_namespace::log_prob: Sigma is not positive definite. (in 'model_fix_mean_lap.stan', line 68, column 1 to column 21)
	Exception: model_fix_mean_lap_model_namespace::log_prob: Sigma is not positive definite. (in 'model_fix_mean_lap.stan', line 68, column 1 to column 21)
	Exception: model_fix_mean_lap_model_namespace::log_prob: Sigma is not positive definite. (in 'model_fix_mean_lap.stan', line 68, column 1 to column 21)
	Exception: model_fix_mean_lap_model_namespace::log_prob: Sigma is not positive definite. (in 'model_fix_mean_lap.stan', line 68, column 1 to column 21)
	Exception: model_fix_mean_lap_model_namespace::log_prob: Sigma is not positive definite. (in 'model_fix_mean_lap.stan', line 68, column 1 to column 21)
	Exception: model_fix_mean_lap_model_namespace::log_prob: Sigma is not positive definite. (in 'model_fix_mean_lap.stan', line 68, column 1 to column 21)
	Exception: model_fix_mean_lap_model_namespace::log_prob: Sigma is not positive definite. (in 'model_fix_mean_lap.stan', line 68, column 1 to column 21)
	Exception: model_fix_mean_lap_model_namespace::log_prob: Sigma is not positive definite. (in 'model_fix_mean_lap.stan', line 68, column 1 to column 21)
	Exception: model_fix_mean_lap_model_namespace::log_prob: Sigma is not positive definite. (in 'model_fix_mean_lap.stan', line 68, column 1 to column 21)
	Exception: model_fix_mean_lap_model_namespace::log_prob: Sigma is not positive definite. (in 'model_fix_mean_lap.stan', line 68, column 1 to column 21)
	Exception: model_fix_mean_lap_model_namespace::log_prob: Sigma is not positive definite. (in 'model_fix_mean_lap.stan', line 68, column 1 to column 21)
	Exception: model_fix_mean_lap_model_namespace::log_prob: Sigma is not positive definite. (in 'model_fix_mean_lap.stan', line 68, column 1 to column 21)
	Exception: model_fix_mean_lap_model_namespace::log_prob: Sigma is not positive definite. (in 'model_fix_mean_lap.stan', line 68, column 1 to column 21)
	Exception: model_fix_mean_lap_model_namespace::log_prob: Sigma is not positive definite. (in 'model_fix_mean_lap.stan', line 68, column 1 to column 21)
	Exception: model_fix_mean_lap_model_namespace::log_prob: Sigma is not positive definite. (in 'model_fix_mean_lap.stan', line 68, column 1 to column 21)
Exception: model_fix_mean_lap_model_namespace::log_prob: Omega is not positive definite. (in 'model_fix_mean_lap.stan', line 67, column 1 to column 22)
	Exception: model_fix_mean_lap_model_namespace::log_prob: Omega is not positive definite. (in 'model_fix_mean_lap.stan', line 67, column 1 to column 22)
	Exception: model_fix_mean_lap_model_namespace::log_prob: Omega is not positive definite. (in 'model_fix_mean_lap.stan', line 67, column 1 to column 22)
	Exception: model_fix_mean_lap_model_namespace::log_prob: Omega is not positive definite. (in 'model_fix_mean_lap.stan', line 67, column 1 to column 22)
	Exception: model_fix_mean_lap_model_namespace::log_prob: Omega is not positive definite. (in 'model_fix_mean_lap.stan', line 67, column 1 to column 22)
	Exception: model_fix_mean_lap_model_namespace::log_prob: Omega is not positive definite. (in 'model_fix_mean_lap.stan', line 67, column 1 to column 22)
	Exception: model_fix_mean_lap_model_namespace::log_prob: Omega is not positive definite. (in 'model_fix_mean_lap.stan', line 67, column 1 to column 22)
	Exception: model_fix_mean_lap_model_namespace::log_prob: Sigma is not positive definite. (in 'model_fix_mean_lap.stan', line 68, column 1 to column 21)
	Exception: model_fix_mean_lap_model_namespace::log_prob: Sigma is not positive definite. (in 'model_fix_mean_lap.stan', line 68, column 1 to column 21)
	Exception: model_fix_mean_lap_model_namespace::log_prob: Sigma is not positive definite. (in 'model_fix_mean_lap.stan', line 68, column 1 to column 21)
	Exception: model_fix_mean_lap_model_namespace::log_prob: Sigma is not positive definite. (in 'model_fix_mean_lap.stan', line 68, column 1 to column 21)
	Exception: model_fix_mean_lap_model_namespace::log_prob: Omega is not positive definite. (in 'model_fix_mean_lap.stan', line 67, column 1 to column 22)
	Exception: model_fix_mean_lap_model_namespace::log_prob: Omega is not positive definite. (in 'model_fix_mean_lap.stan', line 67, column 1 to column 22)
	Exception: model_fix_mean_lap_model_namespace::log_prob: Omega is not positive definite. (in 'model_fix_mean_lap.stan', line 67, column 1 to column 22)
	Exception: model_fix_mean_lap_model_namespace::log_prob: Sigma is not positive definite. (in 'model_fix_mean_lap.stan', line 68, column 1 to column 21)
	Exception: model_fix_mean_lap_model_namespace::log_prob: Sigma is not positive definite. (in 'model_fix_mean_lap.stan', line 68, column 1 to column 21)
	Exception: model_fix_mean_lap_model_namespace::log_prob: Sigma is not positive definite. (in 'model_fix_mean_lap.stan', line 68, column 1 to column 21)
	Exception: model_fix_mean_lap_model_namespace::log_prob: Sigma is not positive definite. (in 'model_fix_mean_lap.stan', line 68, column 1 to column 21)
	Exception: model_fix_mean_lap_model_namespace::log_prob: Sigma is not positive definite. (in 'model_fix_mean_lap.stan', line 68, column 1 to column 21)
	Exception: model_fix_mean_lap_model_namespace::log_prob: Sigma is not positive definite. (in 'model_fix_mean_lap.stan', line 68, column 1 to column 21)
Exception: model_fix_mean_lap_model_namespace::log_prob: Sigma is not positive definite. (in 'model_fix_mean_lap.stan', line 68, column 1 to column 21)
	Exception: model_fix_mean_lap_model_namespace::log_prob: Sigma is not positive definite. (in 'model_fix_mean_lap.stan', line 68, column 1 to column 21)
	Exception: model_fix_mean_lap_model_namespace::log_prob: Sigma is not positive definite. (in 'model_fix_mean_lap.stan', line 68, column 1 to column 21)
	Exception: model_fix_mean_lap_model_namespace::log_prob: Sigma is not positive definite. (in 'model_fix_mean_lap.stan', line 68, column 1 to column 21)
	Exception: model_fix_mean_lap_model_namespace::log_prob: Omega is not positive definite. (in 'model_fix_mean_lap.stan', line 67, column 1 to column 22)
	Exception: model_fix_mean_lap_model_namespace::log_prob: Omega is not positive definite. (in 'model_fix_mean_lap.stan', line 67, column 1 to column 22)
	Exception: model_fix_mean_lap_model_namespace::log_prob: Omega is not positive definite. (in 'model_fix_mean_lap.stan', line 67, column 1 to column 22)
	Exception: model_fix_mean_lap_model_namespace::log_prob: Sigma is not positive definite. (in 'model_fix_mean_lap.stan', line 68, column 1 to column 21)
	Exception: model_fix_mean_lap_model_namespace::log_prob: Sigma is not positive definite. (in 'model_fix_mean_lap.stan', line 68, column 1 to column 21)
	Exception: model_fix_mean_lap_model_namespace::log_prob: Sigma is not positive definite. (in 'model_fix_mean_lap.stan', line 68, column 1 to column 21)
	Exception: model_fix_mean_lap_model_namespace::log_prob: Omega is not positive definite. (in 'model_fix_mean_lap.stan', line 67, column 1 to column 22)
	Exception: model_fix_mean_lap_model_namespace::log_prob: Omega is not positive definite. (in 'model_fix_mean_lap.stan', line 67, column 1 to column 22)
Exception: model_fix_mean_lap_model_namespace::log_prob: Sigma is not positive definite. (in 'model_fix_mean_lap.stan', line 68, column 1 to column 21)
	Exception: model_fix_mean_lap_model_namespace::log_prob: Sigma is not positive definite. (in 'model_fix_mean_lap.stan', line 68, column 1 to column 21)
	Exception: model_fix_mean_lap_model_namespace::log_prob: Sigma is not positive definite. (in 'model_fix_mean_lap.stan', line 68, column 1 to column 21)
	Exception: model_fix_mean_lap_model_namespace::log_prob: Sigma is not positive definite. (in 'model_fix_mean_lap.stan', line 68, column 1 to column 21)
	Exception: model_fix_mean_lap_model_namespace::log_prob: Sigma is not symmetric. Sigma[1,2] = -nan, but Sigma[2,1] = -nan (in 'model_fix_mean_lap.stan', line 68, column 1 to column 21)
	Exception: model_fix_mean_lap_model_namespace::log_prob: Sigma is not symmetric. Sigma[1,2] = -nan, but Sigma[2,1] = -nan (in 'model_fix_mean_lap.stan', line 68, column 1 to column 21)
	Exception: model_fix_mean_lap_model_namespace::log_prob: Sigma is not positive definite. (in 'model_fix_mean_lap.stan', line 68, column 1 to column 21)
	Exception: model_fix_mean_lap_model_namespace::log_prob: Sigma is not positive definite. (in 'model_fix_mean_lap.stan', line 68, column 1 to column 21)
	Exception: model_fix_mean_lap_model_namespace::log_prob: Sigma is not positive definite. (in 'model_fix_mean_lap.stan', line 68, column 1 to column 21)
	Exception: model_fix_mean_lap_model_namespace::log_prob: Sigma is not positive definite. (in 'model_fix_mean_lap.stan', line 68, column 1 to column 21)
	Exception: model_fix_mean_lap_model_namespace::log_prob: Sigma is not positive definite. (in 'model_fix_mean_lap.stan', line 68, column 1 to column 21)
	Exception: model_fix_mean_lap_model_namespace::log_prob: Sigma is not positive definite. (in 'model_fix_mean_lap.stan', line 68, column 1 to column 21)
	Exception: model_fix_mean_lap_model_namespace::log_prob: Omega is not positive definite. (in 'model_fix_mean_lap.stan', line 67, column 1 to column 22)
	Exception: model_fix_mean_lap_model_namespace::log_prob: Omega is not positive definite. (in 'model_fix_mean_lap.stan', line 67, column 1 to column 22)
	Exception: model_fix_mean_lap_model_namespace::log_prob: Sigma is not positive definite. (in 'model_fix_mean_lap.stan', line 68, column 1 to column 21)
	Exception: model_fix_mean_lap_model_namespace::log_prob: Sigma is not positive definite. (in 'model_fix_mean_lap.stan', line 68, column 1 to column 21)
	Exception: model_fix_mean_lap_model_namespace::log_prob: Sigma is not positive definite. (in 'model_fix_mean_lap.stan', line 68, column 1 to column 21)
	Exception: model_fix_mean_lap_model_namespace::log_prob: Sigma is not positive definite. (in 'model_fix_mean_lap.stan', line 68, column 1 to column 21)
	Exception: model_fix_mean_lap_model_namespace::log_prob: Sigma is not positive definite. (in 'model_fix_mean_lap.stan', line 68, column 1 to column 21)
	Exception: model_fix_mean_lap_model_namespace::log_prob: Sigma is not positive definite. (in 'model_fix_mean_lap.stan', line 68, column 1 to column 21)
	Exception: model_fix_mean_lap_model_namespace::log_prob: Sigma is not positive definite. (in 'model_fix_mean_lap.stan', line 68, column 1 to column 21)
Exception: model_fix_mean_lap_model_namespace::log_prob: Sigma is not positive definite. (in 'model_fix_mean_lap.stan', line 68, column 1 to column 21)
	Exception: model_fix_mean_lap_model_namespace::log_prob: Omega is not positive definite. (in 'model_fix_mean_lap.stan', line 67, column 1 to column 22)
	Exception: model_fix_mean_lap_model_namespace::log_prob: Omega is not positive definite. (in 'model_fix_mean_lap.stan', line 67, column 1 to column 22)
	Exception: model_fix_mean_lap_model_namespace::log_prob: Omega is not positive definite. (in 'model_fix_mean_lap.stan', line 67, column 1 to column 22)
	Exception: model_fix_mean_lap_model_namespace::log_prob: Omega is not positive definite. (in 'model_fix_mean_lap.stan', line 67, column 1 to column 22)
	Exception: model_fix_mean_lap_model_namespace::log_prob: Omega is not positive definite. (in 'model_fix_mean_lap.stan', line 67, column 1 to column 22)
	Exception: model_fix_mean_lap_model_namespace::log_prob: Sigma is not positive definite. (in 'model_fix_mean_lap.stan', line 68, column 1 to column 21)
	Exception: model_fix_mean_lap_model_namespace::log_prob: Sigma is not positive definite. (in 'model_fix_mean_lap.stan', line 68, column 1 to column 21)
	Exception: model_fix_mean_lap_model_namespace::log_prob: Sigma is not positive definite. (in 'model_fix_mean_lap.stan', line 68, column 1 to column 21)
	Exception: model_fix_mean_lap_model_namespace::log_prob: Sigma is not positive definite. (in 'model_fix_mean_lap.stan', line 68, column 1 to column 21)
	Exception: model_fix_mean_lap_model_namespace::log_prob: Omega is not positive definite. (in 'model_fix_mean_lap.stan', line 67, column 1 to column 22)
	Exception: model_fix_mean_lap_model_namespace::log_prob: Omega is not positive definite. (in 'model_fix_mean_lap.stan', line 67, column 1 to column 22)
	Exception: model_fix_mean_lap_model_namespace::log_prob: Sigma is not positive definite. (in 'model_fix_mean_lap.stan', line 68, column 1 to column 21)
	Exception: model_fix_mean_lap_model_namespace::log_prob: Sigma is not positive definite. (in 'model_fix_mean_lap.stan', line 68, column 1 to column 21)
	Exception: model_fix_mean_lap_model_namespace::log_prob: Sigma is not positive definite. (in 'model_fix_mean_lap.stan', line 68, column 1 to column 21)
	Exception: model_fix_mean_lap_model_namespace::log_prob: Sigma is not positive definite. (in 'model_fix_mean_lap.stan', line 68, column 1 to column 21)
	Exception: model_fix_mean_lap_model_namespace::log_prob: Sigma is not positive definite. (in 'model_fix_mean_lap.stan', line 68, column 1 to column 21)
	Exception: model_fix_mean_lap_model_namespace::log_prob: Sigma is not positive definite. (in 'model_fix_mean_lap.stan', line 68, column 1 to column 21)
	Exception: model_fix_mean_lap_model_namespace::log_prob: Sigma is not positive definite. (in 'model_fix_mean_lap.stan', line 68, column 1 to column 21)
	Exception: model_fix_mean_lap_model_namespace::log_prob: Sigma is not positive definite. (in 'model_fix_mean_lap.stan', line 68, column 1 to column 21)
Exception: model_fix_mean_lap_model_namespace::log_prob: Sigma is not positive definite. (in 'model_fix_mean_lap.stan', line 68, column 1 to column 21)
	Exception: model_fix_mean_lap_model_namespace::log_prob: Omega is not positive definite. (in 'model_fix_mean_lap.stan', line 67, column 1 to column 22)
	Exception: model_fix_mean_lap_model_namespace::log_prob: Omega is not positive definite. (in 'model_fix_mean_lap.stan', line 67, column 1 to column 22)
	Exception: model_fix_mean_lap_model_namespace::log_prob: Omega is not positive definite. (in 'model_fix_mean_lap.stan', line 67, column 1 to column 22)
	Exception: model_fix_mean_lap_model_namespace::log_prob: Omega is not positive definite. (in 'model_fix_mean_lap.stan', line 67, column 1 to column 22)
	Exception: model_fix_mean_lap_model_namespace::log_prob: Omega is not positive definite. (in 'model_fix_mean_lap.stan', line 67, column 1 to column 22)
	Exception: model_fix_mean_lap_model_namespace::log_prob: Omega is not positive definite. (in 'model_fix_mean_lap.stan', line 67, column 1 to column 22)
	Exception: model_fix_mean_lap_model_namespace::log_prob: Sigma is not positive definite. (in 'model_fix_mean_lap.stan', line 68, column 1 to column 21)
	Exception: model_fix_mean_lap_model_namespace::log_prob: Sigma is not positive definite. (in 'model_fix_mean_lap.stan', line 68, column 1 to column 21)
	Exception: model_fix_mean_lap_model_namespace::log_prob: Sigma is not positive definite. (in 'model_fix_mean_lap.stan', line 68, column 1 to column 21)
	Exception: model_fix_mean_lap_model_namespace::log_prob: Sigma is not positive definite. (in 'model_fix_mean_lap.stan', line 68, column 1 to column 21)
	Exception: model_fix_mean_lap_model_namespace::log_prob: Sigma is not positive definite. (in 'model_fix_mean_lap.stan', line 68, column 1 to column 21)
	Exception: model_fix_mean_lap_model_namespace::log_prob: Omega is not positive definite. (in 'model_fix_mean_lap.stan', line 67, column 1 to column 22)
	Exception: model_fix_mean_lap_model_namespace::log_prob: Omega is not positive definite. (in 'model_fix_mean_lap.stan', line 67, column 1 to column 22)
	Exception: model_fix_mean_lap_model_namespace::log_prob: Sigma is not positive definite. (in 'model_fix_mean_lap.stan', line 68, column 1 to column 21)
	Exception: model_fix_mean_lap_model_namespace::log_prob: Sigma is not positive definite. (in 'model_fix_mean_lap.stan', line 68, column 1 to column 21)
	Exception: model_fix_mean_lap_model_namespace::log_prob: Sigma is not positive definite. (in 'model_fix_mean_lap.stan', line 68, column 1 to column 21)
	Exception: model_fix_mean_lap_model_namespace::log_prob: Sigma is not positive definite. (in 'model_fix_mean_lap.stan', line 68, column 1 to column 21)
	Exception: model_fix_mean_lap_model_namespace::log_prob: Sigma is not positive definite. (in 'model_fix_mean_lap.stan', line 68, column 1 to column 21)
	Exception: model_fix_mean_lap_model_namespace::log_prob: Sigma is not positive definite. (in 'model_fix_mean_lap.stan', line 68, column 1 to column 21)
	Exception: model_fix_mean_lap_model_namespace::log_prob: Sigma is not positive definite. (in 'model_fix_mean_lap.stan', line 68, column 1 to column 21)
	Exception: model_fix_mean_lap_model_namespace::log_prob: Sigma is not positive definite. (in 'model_fix_mean_lap.stan', line 68, column 1 to column 21)
	Exception: model_fix_mean_lap_model_namespace::log_prob: Sigma is not positive definite. (in 'model_fix_mean_lap.stan', line 68, column 1 to column 21)
	Exception: model_fix_mean_lap_model_namespace::log_prob: Sigma is not positive definite. (in 'model_fix_mean_lap.stan', line 68, column 1 to column 21)
	Exception: model_fix_mean_lap_model_namespace::log_prob: Sigma is not positive definite. (in 'model_fix_mean_lap.stan', line 68, column 1 to column 21)
	Exception: model_fix_mean_lap_model_namespace::log_prob: Sigma is not positive definite. (in 'model_fix_mean_lap.stan', line 68, column 1 to column 21)
	Exception: model_fix_mean_lap_model_namespace::log_prob: Sigma is not positive definite. (in 'model_fix_mean_lap.stan', line 68, column 1 to column 21)
	Exception: model_fix_mean_lap_model_namespace::log_prob: Sigma is not positive definite. (in 'model_fix_mean_lap.stan', line 68, column 1 to column 21)
	Exception: model_fix_mean_lap_model_namespace::log_prob: Sigma is not positive definite. (in 'model_fix_mean_lap.stan', line 68, column 1 to column 21)
	Exception: model_fix_mean_lap_model_namespace::log_prob: Sigma is not positive definite. (in 'model_fix_mean_lap.stan', line 68, column 1 to column 21)
	Exception: model_fix_mean_lap_model_namespace::log_prob: Sigma is not positive definite. (in 'model_fix_mean_lap.stan', line 68, column 1 to column 21)
	Exception: model_fix_mean_lap_model_namespace::log_prob: Sigma is not positive definite. (in 'model_fix_mean_lap.stan', line 68, column 1 to column 21)
	Exception: model_fix_mean_lap_model_namespace::log_prob: Sigma is not positive definite. (in 'model_fix_mean_lap.stan', line 68, column 1 to column 21)
	Exception: model_fix_mean_lap_model_namespace::log_prob: Sigma is not positive definite. (in 'model_fix_mean_lap.stan', line 68, column 1 to column 21)
	Exception: model_fix_mean_lap_model_namespace::log_prob: Sigma is not positive definite. (in 'model_fix_mean_lap.stan', line 68, column 1 to column 21)
	Exception: model_fix_mean_lap_model_namespace::log_prob: Sigma is not positive definite. (in 'model_fix_mean_lap.stan', line 68, column 1 to column 21)
	Exception: model_fix_mean_lap_model_namespace::log_prob: Sigma is not positive definite. (in 'model_fix_mean_lap.stan', line 68, column 1 to column 21)
	Exception: model_fix_mean_lap_model_namespace::log_prob: Sigma is not positive definite. (in 'model_fix_mean_lap.stan', line 68, column 1 to column 21)
	Exception: model_fix_mean_lap_model_namespace::log_prob: Sigma is not positive definite. (in 'model_fix_mean_lap.stan', line 68, column 1 to column 21)
	Exception: model_fix_mean_lap_model_namespace::log_prob: Sigma is not positive definite. (in 'model_fix_mean_lap.stan', line 68, column 1 to column 21)
	Exception: model_fix_mean_lap_model_namespace::log_prob: Sigma is not positive definite. (in 'model_fix_mean_lap.stan', line 68, column 1 to column 21)
	Exception: model_fix_mean_lap_model_namespace::log_prob: Sigma is not positive definite. (in 'model_fix_mean_lap.stan', line 68, column 1 to column 21)
	Exception: model_fix_mean_lap_model_namespace::log_prob: Sigma is not positive definite. (in 'model_fix_mean_lap.stan', line 68, column 1 to column 21)
	Exception: model_fix_mean_lap_model_namespace::log_prob: Sigma is not positive definite. (in 'model_fix_mean_lap.stan', line 68, column 1 to column 21)
	Exception: model_fix_mean_lap_model_namespace::log_prob: Sigma is not positive definite. (in 'model_fix_mean_lap.stan', line 68, column 1 to column 21)
	Exception: model_fix_mean_lap_model_namespace::log_prob: Sigma is not positive definite. (in 'model_fix_mean_lap.stan', line 68, column 1 to column 21)
	Exception: model_fix_mean_lap_model_namespace::log_prob: Sigma is not positive definite. (in 'model_fix_mean_lap.stan', line 68, column 1 to column 21)
	Exception: model_fix_mean_lap_model_namespace::log_prob: Sigma is not positive definite. (in 'model_fix_mean_lap.stan', line 68, column 1 to column 21)
	Exception: model_fix_mean_lap_model_namespace::log_prob: Sigma is not positive definite. (in 'model_fix_mean_lap.stan', line 68, column 1 to column 21)
	Exception: model_fix_mean_lap_model_namespace::log_prob: Sigma is not positive definite. (in 'model_fix_mean_lap.stan', line 68, column 1 to column 21)
	Exception: model_fix_mean_lap_model_namespace::log_prob: Sigma is not positive definite. (in 'model_fix_mean_lap.stan', line 68, column 1 to column 21)
	Exception: model_fix_mean_lap_model_namespace::log_prob: Sigma is not positive definite. (in 'model_fix_mean_lap.stan', line 68, column 1 to column 21)
	Exception: model_fix_mean_lap_model_namespace::log_prob: Sigma is not positive definite. (in 'model_fix_mean_lap.stan', line 68, column 1 to column 21)
	Exception: model_fix_mean_lap_model_namespace::log_prob: Sigma is not positive definite. (in 'model_fix_mean_lap.stan', line 68, column 1 to column 21)
	Exception: model_fix_mean_lap_model_namespace::log_prob: Sigma is not positive definite. (in 'model_fix_mean_lap.stan', line 68, column 1 to column 21)
	Exception: model_fix_mean_lap_model_namespace::log_prob: Sigma is not positive definite. (in 'model_fix_mean_lap.stan', line 68, column 1 to column 21)
	Exception: model_fix_mean_lap_model_namespace::log_prob: Sigma is not positive definite. (in 'model_fix_mean_lap.stan', line 68, column 1 to column 21)
Exception: model_fix_mean_lap_model_namespace::log_prob: Sigma is not positive definite. (in 'model_fix_mean_lap.stan', line 68, column 1 to column 21)
	Exception: model_fix_mean_lap_model_namespace::log_prob: Omega is not positive definite. (in 'model_fix_mean_lap.stan', line 67, column 1 to column 22)
	Exception: model_fix_mean_lap_model_namespace::log_prob: Omega is not positive definite. (in 'model_fix_mean_lap.stan', line 67, column 1 to column 22)
	Exception: model_fix_mean_lap_model_namespace::log_prob: Omega is not positive definite. (in 'model_fix_mean_lap.stan', line 67, column 1 to column 22)
	Exception: model_fix_mean_lap_model_namespace::log_prob: Omega is not positive definite. (in 'model_fix_mean_lap.stan', line 67, column 1 to column 22)
	Exception: model_fix_mean_lap_model_namespace::log_prob: Sigma is not positive definite. (in 'model_fix_mean_lap.stan', line 68, column 1 to column 21)
	Exception: model_fix_mean_lap_model_namespace::log_prob: Sigma is not positive definite. (in 'model_fix_mean_lap.stan', line 68, column 1 to column 21)
	Exception: model_fix_mean_lap_model_namespace::log_prob: Omega is not positive definite. (in 'model_fix_mean_lap.stan', line 67, column 1 to column 22)
	Exception: model_fix_mean_lap_model_namespace::log_prob: Omega is not positive definite. (in 'model_fix_mean_lap.stan', line 67, column 1 to column 22)
	Exception: multi_normal_lpdf: Location parameter[1] is -inf, but must be finite! (in 'model_fix_mean_lap.stan', line 140, column 12 to column 74)
Exception: model_fix_mean_lap_model_namespace::log_prob: Sigma is not positive definite. (in 'model_fix_mean_lap.stan', line 68, column 1 to column 21)
	Exception: model_fix_mean_lap_model_namespace::log_prob: Sigma is not symmetric. Sigma[1,2] = inf, but Sigma[2,1] = inf (in 'model_fix_mean_lap.stan', line 68, column 1 to column 21)
	Exception: model_fix_mean_lap_model_namespace::log_prob: Sigma is not symmetric. Sigma[1,2] = inf, but Sigma[2,1] = inf (in 'model_fix_mean_lap.stan', line 68, column 1 to column 21)
	Exception: model_fix_mean_lap_model_namespace::log_prob: Sigma is not symmetric. Sigma[1,2] = inf, but Sigma[2,1] = inf (in 'model_fix_mean_lap.stan', line 68, column 1 to column 21)
	Exception: model_fix_mean_lap_model_namespace::log_prob: Sigma is not positive definite. (in 'model_fix_mean_lap.stan', line 68, column 1 to column 21)
	Exception: model_fix_mean_lap_model_namespace::log_prob: Sigma is not positive definite. (in 'model_fix_mean_lap.stan', line 68, column 1 to column 21)
	Exception: model_fix_mean_lap_model_namespace::log_prob: Sigma is not positive definite. (in 'model_fix_mean_lap.stan', line 68, column 1 to column 21)
	Exception: model_fix_mean_lap_model_namespace::log_prob: Omega is not positive definite. (in 'model_fix_mean_lap.stan', line 67, column 1 to column 22)
	Exception: model_fix_mean_lap_model_namespace::log_prob: Omega is not positive definite. (in 'model_fix_mean_lap.stan', line 67, column 1 to column 22)
	Exception: multi_normal_lpdf: Location parameter[2] is -inf, but must be finite! (in 'model_fix_mean_lap.stan', line 140, column 12 to column 74)
Exception: model_fix_mean_lap_model_namespace::log_prob: Sigma is not positive definite. (in 'model_fix_mean_lap.stan', line 68, column 1 to column 21)
	Exception: model_fix_mean_lap_model_namespace::log_prob: Omega is not positive definite. (in 'model_fix_mean_lap.stan', line 67, column 1 to column 22)
	Exception: model_fix_mean_lap_model_namespace::log_prob: Omega is not positive definite. (in 'model_fix_mean_lap.stan', line 67, column 1 to column 22)
	Exception: model_fix_mean_lap_model_namespace::log_prob: Omega is not positive definite. (in 'model_fix_mean_lap.stan', line 67, column 1 to column 22)
	Exception: model_fix_mean_lap_model_namespace::log_prob: Omega is not positive definite. (in 'model_fix_mean_lap.stan', line 67, column 1 to column 22)
	Exception: model_fix_mean_lap_model_namespace::log_prob: Omega is not positive definite. (in 'model_fix_mean_lap.stan', line 67, column 1 to column 22)
	Exception: model_fix_mean_lap_model_namespace::log_prob: Sigma is not positive definite. (in 'model_fix_mean_lap.stan', line 68, column 1 to column 21)
	Exception: model_fix_mean_lap_model_namespace::log_prob: Sigma is not positive definite. (in 'model_fix_mean_lap.stan', line 68, column 1 to column 21)
	Exception: model_fix_mean_lap_model_namespace::log_prob: Sigma is not positive definite. (in 'model_fix_mean_lap.stan', line 68, column 1 to column 21)
	Exception: model_fix_mean_lap_model_namespace::log_prob: Omega is not positive definite. (in 'model_fix_mean_lap.stan', line 67, column 1 to column 22)
	Exception: model_fix_mean_lap_model_namespace::log_prob: Sigma is not symmetric. Sigma[1,2] = -nan, but Sigma[2,1] = -nan (in 'model_fix_mean_lap.stan', line 68, column 1 to column 21)
	Exception: multi_normal_lpdf: Location parameter[2] is -inf, but must be finite! (in 'model_fix_mean_lap.stan', line 140, column 12 to column 74)
Exception: model_fix_mean_lap_model_namespace::log_prob: Omega is not positive definite. (in 'model_fix_mean_lap.stan', line 67, column 1 to column 22)
	Exception: model_fix_mean_lap_model_namespace::log_prob: Omega is not positive definite. (in 'model_fix_mean_lap.stan', line 67, column 1 to column 22)
	Exception: model_fix_mean_lap_model_namespace::log_prob: Omega is not positive definite. (in 'model_fix_mean_lap.stan', line 67, column 1 to column 22)
	Exception: model_fix_mean_lap_model_namespace::log_prob: Omega is not positive definite. (in 'model_fix_mean_lap.stan', line 67, column 1 to column 22)
	Exception: model_fix_mean_lap_model_namespace::log_prob: Sigma is not positive definite. (in 'model_fix_mean_lap.stan', line 68, column 1 to column 21)
	Exception: model_fix_mean_lap_model_namespace::log_prob: Sigma is not positive definite. (in 'model_fix_mean_lap.stan', line 68, column 1 to column 21)
	Exception: multi_normal_lpdf: Location parameter[1] is inf, but must be finite! (in 'model_fix_mean_lap.stan', line 140, column 12 to column 74)
	Exception: model_fix_mean_lap_model_namespace::log_prob: Omega is not positive definite. (in 'model_fix_mean_lap.stan', line 67, column 1 to column 22)
	Exception: model_fix_mean_lap_model_namespace::log_prob: Omega is not positive definite. (in 'model_fix_mean_lap.stan', line 67, column 1 to column 22)
Exception: model_fix_mean_lap_model_namespace::log_prob: Sigma is not positive definite. (in 'model_fix_mean_lap.stan', line 68, column 1 to column 21)
	Exception: model_fix_mean_lap_model_namespace::log_prob: Omega is not positive definite. (in 'model_fix_mean_lap.stan', line 67, column 1 to column 22)
	Exception: model_fix_mean_lap_model_namespace::log_prob: Omega is not positive definite. (in 'model_fix_mean_lap.stan', line 67, column 1 to column 22)
	Exception: model_fix_mean_lap_model_namespace::log_prob: Omega is not positive definite. (in 'model_fix_mean_lap.stan', line 67, column 1 to column 22)
	Exception: model_fix_mean_lap_model_namespace::log_prob: Sigma is not positive definite. (in 'model_fix_mean_lap.stan', line 68, column 1 to column 21)
	Exception: model_fix_mean_lap_model_namespace::log_prob: Sigma is not positive definite. (in 'model_fix_mean_lap.stan', line 68, column 1 to column 21)
	Exception: model_fix_mean_lap_model_namespace::log_prob: Omega is not positive definite. (in 'model_fix_mean_lap.stan', line 67, column 1 to column 22)
	Exception: model_fix_mean_lap_model_namespace::log_prob: Omega is not positive definite. (in 'model_fix_mean_lap.stan', line 67, column 1 to column 22)
Exception: model_fix_mean_lap_model_namespace::log_prob: Omega is not positive definite. (in 'model_fix_mean_lap.stan', line 67, column 1 to column 22)
	Exception: model_fix_mean_lap_model_namespace::log_prob: Omega is not positive definite. (in 'model_fix_mean_lap.stan', line 67, column 1 to column 22)
	Exception: model_fix_mean_lap_model_namespace::log_prob: Omega is not positive definite. (in 'model_fix_mean_lap.stan', line 67, column 1 to column 22)
	Exception: model_fix_mean_lap_model_namespace::log_prob: Omega is not positive definite. (in 'model_fix_mean_lap.stan', line 67, column 1 to column 22)
	Exception: model_fix_mean_lap_model_namespace::log_prob: Sigma is not positive definite. (in 'model_fix_mean_lap.stan', line 68, column 1 to column 21)
	Exception: model_fix_mean_lap_model_namespace::log_prob: Sigma is not positive definite. (in 'model_fix_mean_lap.stan', line 68, column 1 to column 21)
	Exception: model_fix_mean_lap_model_namespace::log_prob: Omega is not positive definite. (in 'model_fix_mean_lap.stan', line 67, column 1 to column 22)
	Exception: model_fix_mean_lap_model_namespace::log_prob: Sigma is not positive definite. (in 'model_fix_mean_lap.stan', line 68, column 1 to column 21)
Exception: model_fix_mean_lap_model_namespace::log_prob: Omega is not positive definite. (in 'model_fix_mean_lap.stan', line 67, column 1 to column 22)
	Exception: model_fix_mean_lap_model_namespace::log_prob: Omega is not positive definite. (in 'model_fix_mean_lap.stan', line 67, column 1 to column 22)
	Exception: model_fix_mean_lap_model_namespace::log_prob: Omega is not positive definite. (in 'model_fix_mean_lap.stan', line 67, column 1 to column 22)
	Exception: model_fix_mean_lap_model_namespace::log_prob: Omega is not positive definite. (in 'model_fix_mean_lap.stan', line 67, column 1 to column 22)
	Exception: model_fix_mean_lap_model_namespace::log_prob: Sigma is not positive definite. (in 'model_fix_mean_lap.stan', line 68, column 1 to column 21)
	Exception: model_fix_mean_lap_model_namespace::log_prob: Sigma is not positive definite. (in 'model_fix_mean_lap.stan', line 68, column 1 to column 21)
	Exception: model_fix_mean_lap_model_namespace::log_prob: Omega is not positive definite. (in 'model_fix_mean_lap.stan', line 67, column 1 to column 22)
	Exception: model_fix_mean_lap_model_namespace::log_prob: Omega is not positive definite. (in 'model_fix_mean_lap.stan', line 67, column 1 to column 22)
Exception: model_fix_mean_lap_model_namespace::log_prob: Omega is not positive definite. (in 'model_fix_mean_lap.stan', line 67, column 1 to column 22)
	Exception: model_fix_mean_lap_model_namespace::log_prob: Omega is not positive definite. (in 'model_fix_mean_lap.stan', line 67, column 1 to column 22)
	Exception: model_fix_mean_lap_model_namespace::log_prob: Omega is not positive definite. (in 'model_fix_mean_lap.stan', line 67, column 1 to column 22)
	Exception: model_fix_mean_lap_model_namespace::log_prob: Omega is not positive definite. (in 'model_fix_mean_lap.stan', line 67, column 1 to column 22)
	Exception: model_fix_mean_lap_model_namespace::log_prob: Sigma is not positive definite. (in 'model_fix_mean_lap.stan', line 68, column 1 to column 21)
	Exception: model_fix_mean_lap_model_namespace::log_prob: Sigma is not positive definite. (in 'model_fix_mean_lap.stan', line 68, column 1 to column 21)
	Exception: model_fix_mean_lap_model_namespace::log_prob: Omega is not positive definite. (in 'model_fix_mean_lap.stan', line 67, column 1 to column 22)
	Exception: model_fix_mean_lap_model_namespace::log_prob: Omega is not positive definite. (in 'model_fix_mean_lap.stan', line 67, column 1 to column 22)
Exception: model_fix_mean_lap_model_namespace::log_prob: Omega is not positive definite. (in 'model_fix_mean_lap.stan', line 67, column 1 to column 22)
	Exception: model_fix_mean_lap_model_namespace::log_prob: Omega is not positive definite. (in 'model_fix_mean_lap.stan', line 67, column 1 to column 22)
	Exception: model_fix_mean_lap_model_namespace::log_prob: Omega is not positive definite. (in 'model_fix_mean_lap.stan', line 67, column 1 to column 22)
	Exception: model_fix_mean_lap_model_namespace::log_prob: Omega is not positive definite. (in 'model_fix_mean_lap.stan', line 67, column 1 to column 22)
	Exception: model_fix_mean_lap_model_namespace::log_prob: Sigma is not positive definite. (in 'model_fix_mean_lap.stan', line 68, column 1 to column 21)
	Exception: model_fix_mean_lap_model_namespace::log_prob: Sigma is not positive definite. (in 'model_fix_mean_lap.stan', line 68, column 1 to column 21)
	Exception: model_fix_mean_lap_model_namespace::log_prob: Sigma is not positive definite. (in 'model_fix_mean_lap.stan', line 68, column 1 to column 21)
	Exception: model_fix_mean_lap_model_namespace::log_prob: Sigma is not positive definite. (in 'model_fix_mean_lap.stan', line 68, column 1 to column 21)
	Exception: model_fix_mean_lap_model_namespace::log_prob: Omega is not positive definite. (in 'model_fix_mean_lap.stan', line 67, column 1 to column 22)
	Exception: model_fix_mean_lap_model_namespace::log_prob: Omega is not positive definite. (in 'model_fix_mean_lap.stan', line 67, column 1 to column 22)
	Exception: model_fix_mean_lap_model_namespace::log_prob: Sigma is not positive definite. (in 'model_fix_mean_lap.stan', line 68, column 1 to column 21)
	Exception: model_fix_mean_lap_model_namespace::log_prob: Sigma is not positive definite. (in 'model_fix_mean_lap.stan', line 68, column 1 to column 21)
	Exception: model_fix_mean_lap_model_namespace::log_prob: Sigma is not positive definite. (in 'model_fix_mean_lap.stan', line 68, column 1 to column 21)
	Exception: model_fix_mean_lap_model_namespace::log_prob: Sigma is not positive definite. (in 'model_fix_mean_lap.stan', line 68, column 1 to column 21)
	Exception: model_fix_mean_lap_model_namespace::log_prob: Sigma is not positive definite. (in 'model_fix_mean_lap.stan', line 68, column 1 to column 21)
	Exception: model_fix_mean_lap_model_namespace::log_prob: Sigma is not positive definite. (in 'model_fix_mean_lap.stan', line 68, column 1 to column 21)
	Exception: model_fix_mean_lap_model_namespace::log_prob: Sigma is not positive definite. (in 'model_fix_mean_lap.stan', line 68, column 1 to column 21)
	Exception: model_fix_mean_lap_model_namespace::log_prob: Sigma is not positive definite. (in 'model_fix_mean_lap.stan', line 68, column 1 to column 21)
	Exception: model_fix_mean_lap_model_namespace::log_prob: Sigma is not positive definite. (in 'model_fix_mean_lap.stan', line 68, column 1 to column 21)
	Exception: model_fix_mean_lap_model_namespace::log_prob: Sigma is not positive definite. (in 'model_fix_mean_lap.stan', line 68, column 1 to column 21)
	Exception: model_fix_mean_lap_model_namespace::log_prob: Sigma is not positive definite. (in 'model_fix_mean_lap.stan', line 68, column 1 to column 21)
	Exception: model_fix_mean_lap_model_namespace::log_prob: Sigma is not positive definite. (in 'model_fix_mean_lap.stan', line 68, column 1 to column 21)
	Exception: model_fix_mean_lap_model_namespace::log_prob: Sigma is not positive definite. (in 'model_fix_mean_lap.stan', line 68, column 1 to column 21)
	Exception: model_fix_mean_lap_model_namespace::log_prob: Sigma is not positive definite. (in 'model_fix_mean_lap.stan', line 68, column 1 to column 21)
	Exception: model_fix_mean_lap_model_namespace::log_prob: Sigma is not positive definite. (in 'model_fix_mean_lap.stan', line 68, column 1 to column 21)
	Exception: model_fix_mean_lap_model_namespace::log_prob: Sigma is not positive definite. (in 'model_fix_mean_lap.stan', line 68, column 1 to column 21)
	Exception: model_fix_mean_lap_model_namespace::log_prob: Sigma is not positive definite. (in 'model_fix_mean_lap.stan', line 68, column 1 to column 21)
	Exception: model_fix_mean_lap_model_namespace::log_prob: Sigma is not positive definite. (in 'model_fix_mean_lap.stan', line 68, column 1 to column 21)
	Exception: model_fix_mean_lap_model_namespace::log_prob: Sigma is not positive definite. (in 'model_fix_mean_lap.stan', line 68, column 1 to column 21)
	Exception: model_fix_mean_lap_model_namespace::log_prob: Sigma is not positive definite. (in 'model_fix_mean_lap.stan', line 68, column 1 to column 21)
	Exception: model_fix_mean_lap_model_namespace::log_prob: Sigma is not positive definite. (in 'model_fix_mean_lap.stan', line 68, column 1 to column 21)
	Exception: model_fix_mean_lap_model_namespace::log_prob: Sigma is not positive definite. (in 'model_fix_mean_lap.stan', line 68, column 1 to column 21)
	Exception: model_fix_mean_lap_model_namespace::log_prob: Sigma is not positive definite. (in 'model_fix_mean_lap.stan', line 68, column 1 to column 21)
	Exception: model_fix_mean_lap_model_namespace::log_prob: Sigma is not positive definite. (in 'model_fix_mean_lap.stan', line 68, column 1 to column 21)
	Exception: model_fix_mean_lap_model_namespace::log_prob: Sigma is not positive definite. (in 'model_fix_mean_lap.stan', line 68, column 1 to column 21)
	Exception: model_fix_mean_lap_model_namespace::log_prob: Sigma is not positive definite. (in 'model_fix_mean_lap.stan', line 68, column 1 to column 21)
	Exception: model_fix_mean_lap_model_namespace::log_prob: Sigma is not positive definite. (in 'model_fix_mean_lap.stan', line 68, column 1 to column 21)
	Exception: model_fix_mean_lap_model_namespace::log_prob: Sigma is not positive definite. (in 'model_fix_mean_lap.stan', line 68, column 1 to column 21)
	Exception: model_fix_mean_lap_model_namespace::log_prob: Sigma is not positive definite. (in 'model_fix_mean_lap.stan', line 68, column 1 to column 21)
	Exception: model_fix_mean_lap_model_namespace::log_prob: Sigma is not positive definite. (in 'model_fix_mean_lap.stan', line 68, column 1 to column 21)
	Exception: model_fix_mean_lap_model_namespace::log_prob: Sigma is not positive definite. (in 'model_fix_mean_lap.stan', line 68, column 1 to column 21)
	Exception: model_fix_mean_lap_model_namespace::log_prob: Sigma is not positive definite. (in 'model_fix_mean_lap.stan', line 68, column 1 to column 21)
	Exception: model_fix_mean_lap_model_namespace::log_prob: Sigma is not positive definite. (in 'model_fix_mean_lap.stan', line 68, column 1 to column 21)
	Exception: model_fix_mean_lap_model_namespace::log_prob: Sigma is not positive definite. (in 'model_fix_mean_lap.stan', line 68, column 1 to column 21)
	Exception: model_fix_mean_lap_model_namespace::log_prob: Sigma is not positive definite. (in 'model_fix_mean_lap.stan', line 68, column 1 to column 21)
	Exception: model_fix_mean_lap_model_namespace::log_prob: Sigma is not positive definite. (in 'model_fix_mean_lap.stan', line 68, column 1 to column 21)
	Exception: model_fix_mean_lap_model_namespace::log_prob: Sigma is not positive definite. (in 'model_fix_mean_lap.stan', line 68, column 1 to column 21)
	Exception: model_fix_mean_lap_model_namespace::log_prob: Sigma is not positive definite. (in 'model_fix_mean_lap.stan', line 68, column 1 to column 21)
	Exception: model_fix_mean_lap_model_namespace::log_prob: Sigma is not positive definite. (in 'model_fix_mean_lap.stan', line 68, column 1 to column 21)
	Exception: model_fix_mean_lap_model_namespace::log_prob: Sigma is not positive definite. (in 'model_fix_mean_lap.stan', line 68, column 1 to column 21)
	Exception: model_fix_mean_lap_model_namespace::log_prob: Sigma is not positive definite. (in 'model_fix_mean_lap.stan', line 68, column 1 to column 21)
	Exception: model_fix_mean_lap_model_namespace::log_prob: Sigma is not positive definite. (in 'model_fix_mean_lap.stan', line 68, column 1 to column 21)
	Exception: model_fix_mean_lap_model_namespace::log_prob: Sigma is not positive definite. (in 'model_fix_mean_lap.stan', line 68, column 1 to column 21)
	Exception: model_fix_mean_lap_model_namespace::log_prob: Sigma is not positive definite. (in 'model_fix_mean_lap.stan', line 68, column 1 to column 21)
	Exception: model_fix_mean_lap_model_namespace::log_prob: Sigma is not positive definite. (in 'model_fix_mean_lap.stan', line 68, column 1 to column 21)
	Exception: model_fix_mean_lap_model_namespace::log_prob: Sigma is not positive definite. (in 'model_fix_mean_lap.stan', line 68, column 1 to column 21)
	Exception: model_fix_mean_lap_model_namespace::log_prob: Sigma is not positive definite. (in 'model_fix_mean_lap.stan', line 68, column 1 to column 21)
	Exception: model_fix_mean_lap_model_namespace::log_prob: Sigma is not positive definite. (in 'model_fix_mean_lap.stan', line 68, column 1 to column 21)
	Exception: model_fix_mean_lap_model_namespace::log_prob: Sigma is not positive definite. (in 'model_fix_mean_lap.stan', line 68, column 1 to column 21)
	Exception: model_fix_mean_lap_model_namespace::log_prob: Sigma is not positive definite. (in 'model_fix_mean_lap.stan', line 68, column 1 to column 21)
	Exception: model_fix_mean_lap_model_namespace::log_prob: Sigma is not positive definite. (in 'model_fix_mean_lap.stan', line 68, column 1 to column 21)
	Exception: model_fix_mean_lap_model_namespace::log_prob: Sigma is not positive definite. (in 'model_fix_mean_lap.stan', line 68, column 1 to column 21)
	Exception: model_fix_mean_lap_model_namespace::log_prob: Sigma is not positive definite. (in 'model_fix_mean_lap.stan', line 68, column 1 to column 21)
	Exception: model_fix_mean_lap_model_namespace::log_prob: Sigma is not positive definite. (in 'model_fix_mean_lap.stan', line 68, column 1 to column 21)
	Exception: model_fix_mean_lap_model_namespace::log_prob: Sigma is not positive definite. (in 'model_fix_mean_lap.stan', line 68, column 1 to column 21)
	Exception: model_fix_mean_lap_model_namespace::log_prob: Sigma is not positive definite. (in 'model_fix_mean_lap.stan', line 68, column 1 to column 21)
	Exception: model_fix_mean_lap_model_namespace::log_prob: Sigma is not positive definite. (in 'model_fix_mean_lap.stan', line 68, column 1 to column 21)
	Exception: model_fix_mean_lap_model_namespace::log_prob: Sigma is not positive definite. (in 'model_fix_mean_lap.stan', line 68, column 1 to column 21)
	Exception: model_fix_mean_lap_model_namespace::log_prob: Sigma is not positive definite. (in 'model_fix_mean_lap.stan', line 68, column 1 to column 21)
	Exception: model_fix_mean_lap_model_namespace::log_prob: Sigma is not positive definite. (in 'model_fix_mean_lap.stan', line 68, column 1 to column 21)
	Exception: model_fix_mean_lap_model_namespace::log_prob: Sigma is not positive definite. (in 'model_fix_mean_lap.stan', line 68, column 1 to column 21)
	Exception: model_fix_mean_lap_model_namespace::log_prob: Sigma is not positive definite. (in 'model_fix_mean_lap.stan', line 68, column 1 to column 21)
	Exception: model_fix_mean_lap_model_namespace::log_prob: Sigma is not positive definite. (in 'model_fix_mean_lap.stan', line 68, column 1 to column 21)
	Exception: model_fix_mean_lap_model_namespace::log_prob: Sigma is not positive definite. (in 'model_fix_mean_lap.stan', line 68, column 1 to column 21)
	Exception: model_fix_mean_lap_model_namespace::log_prob: Sigma is not positive definite. (in 'model_fix_mean_lap.stan', line 68, column 1 to column 21)
	Exception: model_fix_mean_lap_model_namespace::log_prob: Sigma is not positive definite. (in 'model_fix_mean_lap.stan', line 68, column 1 to column 21)
	Exception: model_fix_mean_lap_model_namespace::log_prob: Sigma is not positive definite. (in 'model_fix_mean_lap.stan', line 68, column 1 to column 21)
	Exception: model_fix_mean_lap_model_namespace::log_prob: Sigma is not positive definite. (in 'model_fix_mean_lap.stan', line 68, column 1 to column 21)
	Exception: model_fix_mean_lap_model_namespace::log_prob: Sigma is not positive definite. (in 'model_fix_mean_lap.stan', line 68, column 1 to column 21)
	Exception: model_fix_mean_lap_model_namespace::log_prob: Sigma is not positive definite. (in 'model_fix_mean_lap.stan', line 68, column 1 to column 21)
	Exception: model_fix_mean_lap_model_namespace::log_prob: Sigma is not positive definite. (in 'model_fix_mean_lap.stan', line 68, column 1 to column 21)
	Exception: model_fix_mean_lap_model_namespace::log_prob: Sigma is not positive definite. (in 'model_fix_mean_lap.stan', line 68, column 1 to column 21)
	Exception: model_fix_mean_lap_model_namespace::log_prob: Sigma is not positive definite. (in 'model_fix_mean_lap.stan', line 68, column 1 to column 21)
	Exception: model_fix_mean_lap_model_namespace::log_prob: Sigma is not positive definite. (in 'model_fix_mean_lap.stan', line 68, column 1 to column 21)
	Exception: model_fix_mean_lap_model_namespace::log_prob: Sigma is not positive definite. (in 'model_fix_mean_lap.stan', line 68, column 1 to column 21)
Exception: model_fix_mean_lap_model_namespace::log_prob: Sigma is not positive definite. (in 'model_fix_mean_lap.stan', line 68, column 1 to column 21)
	Exception: model_fix_mean_lap_model_namespace::log_prob: Omega is not positive definite. (in 'model_fix_mean_lap.stan', line 67, column 1 to column 22)
	Exception: model_fix_mean_lap_model_namespace::log_prob: Omega is not positive definite. (in 'model_fix_mean_lap.stan', line 67, column 1 to column 22)
	Exception: model_fix_mean_lap_model_namespace::log_prob: Omega is not positive definite. (in 'model_fix_mean_lap.stan', line 67, column 1 to column 22)
	Exception: model_fix_mean_lap_model_namespace::log_prob: Omega is not positive definite. (in 'model_fix_mean_lap.stan', line 67, column 1 to column 22)
	Exception: model_fix_mean_lap_model_namespace::log_prob: Omega is not positive definite. (in 'model_fix_mean_lap.stan', line 67, column 1 to column 22)
	Exception: model_fix_mean_lap_model_namespace::log_prob: Sigma is not positive definite. (in 'model_fix_mean_lap.stan', line 68, column 1 to column 21)
	Exception: model_fix_mean_lap_model_namespace::log_prob: Sigma is not positive definite. (in 'model_fix_mean_lap.stan', line 68, column 1 to column 21)
	Exception: model_fix_mean_lap_model_namespace::log_prob: Omega is not positive definite. (in 'model_fix_mean_lap.stan', line 67, column 1 to column 22)
	Exception: model_fix_mean_lap_model_namespace::log_prob: Omega is not positive definite. (in 'model_fix_mean_lap.stan', line 67, column 1 to column 22)
	Exception: model_fix_mean_lap_model_namespace::log_prob: Sigma is not positive definite. (in 'model_fix_mean_lap.stan', line 68, column 1 to column 21)
	Exception: model_fix_mean_lap_model_namespace::log_prob: Sigma is not positive definite. (in 'model_fix_mean_lap.stan', line 68, column 1 to column 21)
Exception: model_fix_mean_lap_model_namespace::log_prob: Omega is not positive definite. (in 'model_fix_mean_lap.stan', line 67, column 1 to column 22)
	Exception: model_fix_mean_lap_model_namespace::log_prob: Omega is not positive definite. (in 'model_fix_mean_lap.stan', line 67, column 1 to column 22)
	Exception: model_fix_mean_lap_model_namespace::log_prob: Sigma is not positive definite. (in 'model_fix_mean_lap.stan', line 68, column 1 to column 21)
	Exception: model_fix_mean_lap_model_namespace::log_prob: Sigma is not positive definite. (in 'model_fix_mean_lap.stan', line 68, column 1 to column 21)
	Exception: model_fix_mean_lap_model_namespace::log_prob: Sigma is not positive definite. (in 'model_fix_mean_lap.stan', line 68, column 1 to column 21)
	Exception: model_fix_mean_lap_model_namespace::log_prob: Omega is not positive definite. (in 'model_fix_mean_lap.stan', line 67, column 1 to column 22)
	Exception: model_fix_mean_lap_model_namespace::log_prob: Omega is not positive definite. (in 'model_fix_mean_lap.stan', line 67, column 1 to column 22)
Exception: model_fix_mean_lap_model_namespace::log_prob: Omega is not positive definite. (in 'model_fix_mean_lap.stan', line 67, column 1 to column 22)
	Exception: model_fix_mean_lap_model_namespace::log_prob: Omega is not positive definite. (in 'model_fix_mean_lap.stan', line 67, column 1 to column 22)
	Exception: model_fix_mean_lap_model_namespace::log_prob: Omega is not positive definite. (in 'model_fix_mean_lap.stan', line 67, column 1 to column 22)
	Exception: model_fix_mean_lap_model_namespace::log_prob: Sigma is not positive definite. (in 'model_fix_mean_lap.stan', line 68, column 1 to column 21)
	Exception: model_fix_mean_lap_model_namespace::log_prob: Sigma is not positive definite. (in 'model_fix_mean_lap.stan', line 68, column 1 to column 21)
	Exception: model_fix_mean_lap_model_namespace::log_prob: Omega is not positive definite. (in 'model_fix_mean_lap.stan', line 67, column 1 to column 22)
	Exception: model_fix_mean_lap_model_namespace::log_prob: Omega is not positive definite. (in 'model_fix_mean_lap.stan', line 67, column 1 to column 22)
Exception: model_fix_mean_lap_model_namespace::log_prob: Sigma is not positive definite. (in 'model_fix_mean_lap.stan', line 68, column 1 to column 21)
	Exception: model_fix_mean_lap_model_namespace::log_prob: Omega is not positive definite. (in 'model_fix_mean_lap.stan', line 67, column 1 to column 22)
	Exception: model_fix_mean_lap_model_namespace::log_prob: Omega is not positive definite. (in 'model_fix_mean_lap.stan', line 67, column 1 to column 22)
	Exception: model_fix_mean_lap_model_namespace::log_prob: Omega is not positive definite. (in 'model_fix_mean_lap.stan', line 67, column 1 to column 22)
	Exception: model_fix_mean_lap_model_namespace::log_prob: Omega is not positive definite. (in 'model_fix_mean_lap.stan', line 67, column 1 to column 22)
	Exception: model_fix_mean_lap_model_namespace::log_prob: Sigma is not positive definite. (in 'model_fix_mean_lap.stan', line 68, column 1 to column 21)
	Exception: model_fix_mean_lap_model_namespace::log_prob: Sigma is not positive definite. (in 'model_fix_mean_lap.stan', line 68, column 1 to column 21)
	Exception: model_fix_mean_lap_model_namespace::log_prob: Omega is not positive definite. (in 'model_fix_mean_lap.stan', line 67, column 1 to column 22)
	Exception: model_fix_mean_lap_model_namespace::log_prob: Omega is not positive definite. (in 'model_fix_mean_lap.stan', line 67, column 1 to column 22)
	Exception: model_fix_mean_lap_model_namespace::log_prob: Sigma is not positive definite. (in 'model_fix_mean_lap.stan', line 68, column 1 to column 21)
Exception: model_fix_mean_lap_model_namespace::log_prob: Sigma is not positive definite. (in 'model_fix_mean_lap.stan', line 68, column 1 to column 21)
	Exception: model_fix_mean_lap_model_namespace::log_prob: Sigma is not positive definite. (in 'model_fix_mean_lap.stan', line 68, column 1 to column 21)
	Exception: model_fix_mean_lap_model_namespace::log_prob: Omega is not positive definite. (in 'model_fix_mean_lap.stan', line 67, column 1 to column 22)
	Exception: model_fix_mean_lap_model_namespace::log_prob: Omega is not positive definite. (in 'model_fix_mean_lap.stan', line 67, column 1 to column 22)
	Exception: model_fix_mean_lap_model_namespace::log_prob: Omega is not positive definite. (in 'model_fix_mean_lap.stan', line 67, column 1 to column 22)
	Exception: model_fix_mean_lap_model_namespace::log_prob: Omega is not positive definite. (in 'model_fix_mean_lap.stan', line 67, column 1 to column 22)
	Exception: model_fix_mean_lap_model_namespace::log_prob: Sigma is not positive definite. (in 'model_fix_mean_lap.stan', line 68, column 1 to column 21)
	Exception: model_fix_mean_lap_model_namespace::log_prob: Omega is not positive definite. (in 'model_fix_mean_lap.stan', line 67, column 1 to column 22)
	Exception: model_fix_mean_lap_model_namespace::log_prob: Omega is not positive definite. (in 'model_fix_mean_lap.stan', line 67, column 1 to column 22)
Exception: model_fix_mean_lap_model_namespace::log_prob: Omega is not positive definite. (in 'model_fix_mean_lap.stan', line 67, column 1 to column 22)
	Exception: model_fix_mean_lap_model_namespace::log_prob: Omega is not positive definite. (in 'model_fix_mean_lap.stan', line 67, column 1 to column 22)
	Exception: model_fix_mean_lap_model_namespace::log_prob: Omega is not positive definite. (in 'model_fix_mean_lap.stan', line 67, column 1 to column 22)
	Exception: model_fix_mean_lap_model_namespace::log_prob: Omega is not positive definite. (in 'model_fix_mean_lap.stan', line 67, column 1 to column 22)
	Exception: model_fix_mean_lap_model_namespace::log_prob: Omega is not positive definite. (in 'model_fix_mean_lap.stan', line 67, column 1 to column 22)
	Exception: model_fix_mean_lap_model_namespace::log_prob: Sigma is not positive definite. (in 'model_fix_mean_lap.stan', line 68, column 1 to column 21)
	Exception: model_fix_mean_lap_model_namespace::log_prob: Sigma is not positive definite. (in 'model_fix_mean_lap.stan', line 68, column 1 to column 21)
	Exception: model_fix_mean_lap_model_namespace::log_prob: Sigma is not positive definite. (in 'model_fix_mean_lap.stan', line 68, column 1 to column 21)
	Exception: model_fix_mean_lap_model_namespace::log_prob: Omega is not positive definite. (in 'model_fix_mean_lap.stan', line 67, column 1 to column 22)
	Exception: model_fix_mean_lap_model_namespace::log_prob: Sigma is not positive definite. (in 'model_fix_mean_lap.stan', line 68, column 1 to column 21)
Exception: model_fix_mean_lap_model_namespace::log_prob: Sigma is not positive definite. (in 'model_fix_mean_lap.stan', line 68, column 1 to column 21)
	Exception: model_fix_mean_lap_model_namespace::log_prob: Sigma is not positive definite. (in 'model_fix_mean_lap.stan', line 68, column 1 to column 21)
	Exception: model_fix_mean_lap_model_namespace::log_prob: Sigma is not positive definite. (in 'model_fix_mean_lap.stan', line 68, column 1 to column 21)
	Exception: model_fix_mean_lap_model_namespace::log_prob: Sigma is not positive definite. (in 'model_fix_mean_lap.stan', line 68, column 1 to column 21)
	Exception: model_fix_mean_lap_model_namespace::log_prob: Omega is not positive definite. (in 'model_fix_mean_lap.stan', line 67, column 1 to column 22)
	Exception: model_fix_mean_lap_model_namespace::log_prob: Omega is not positive definite. (in 'model_fix_mean_lap.stan', line 67, column 1 to column 22)
	Exception: model_fix_mean_lap_model_namespace::log_prob: Omega is not positive definite. (in 'model_fix_mean_lap.stan', line 67, column 1 to column 22)
	Exception: model_fix_mean_lap_model_namespace::log_prob: Omega is not positive definite. (in 'model_fix_mean_lap.stan', line 67, column 1 to column 22)
	Exception: model_fix_mean_lap_model_namespace::log_prob: Omega is not positive definite. (in 'model_fix_mean_lap.stan', line 67, column 1 to column 22)
	Exception: model_fix_mean_lap_model_namespace::log_prob: Sigma is not positive definite. (in 'model_fix_mean_lap.stan', line 68, column 1 to column 21)
	Exception: model_fix_mean_lap_model_namespace::log_prob: Sigma is not positive definite. (in 'model_fix_mean_lap.stan', line 68, column 1 to column 21)
	Exception: model_fix_mean_lap_model_namespace::log_prob: Omega is not positive definite. (in 'model_fix_mean_lap.stan', line 67, column 1 to column 22)
	Exception: model_fix_mean_lap_model_namespace::log_prob: Omega is not positive definite. (in 'model_fix_mean_lap.stan', line 67, column 1 to column 22)
	Exception: model_fix_mean_lap_model_namespace::log_prob: Sigma is not positive definite. (in 'model_fix_mean_lap.stan', line 68, column 1 to column 21)
	Exception: multi_normal_lpdf: Location parameter[1] is inf, but must be finite! (in 'model_fix_mean_lap.stan', line 140, column 12 to column 74)
	Exception: model_fix_mean_lap_model_namespace::log_prob: Sigma is not positive definite. (in 'model_fix_mean_lap.stan', line 68, column 1 to column 21)
Exception: model_fix_mean_lap_model_namespace::log_prob: Sigma is not positive definite. (in 'model_fix_mean_lap.stan', line 68, column 1 to column 21)
	Exception: model_fix_mean_lap_model_namespace::log_prob: Sigma is not positive definite. (in 'model_fix_mean_lap.stan', line 68, column 1 to column 21)
	Exception: model_fix_mean_lap_model_namespace::log_prob: Sigma is not positive definite. (in 'model_fix_mean_lap.stan', line 68, column 1 to column 21)
	Exception: model_fix_mean_lap_model_namespace::log_prob: Omega is not positive definite. (in 'model_fix_mean_lap.stan', line 67, column 1 to column 22)
	Exception: model_fix_mean_lap_model_namespace::log_prob: Omega is not positive definite. (in 'model_fix_mean_lap.stan', line 67, column 1 to column 22)
	Exception: model_fix_mean_lap_model_namespace::log_prob: Omega is not positive definite. (in 'model_fix_mean_lap.stan', line 67, column 1 to column 22)
	Exception: model_fix_mean_lap_model_namespace::log_prob: Omega is not positive definite. (in 'model_fix_mean_lap.stan', line 67, column 1 to column 22)
	Exception: model_fix_mean_lap_model_namespace::log_prob: Sigma is not positive definite. (in 'model_fix_mean_lap.stan', line 68, column 1 to column 21)
	Exception: model_fix_mean_lap_model_namespace::log_prob: Sigma is not positive definite. (in 'model_fix_mean_lap.stan', line 68, column 1 to column 21)
	Exception: model_fix_mean_lap_model_namespace::log_prob: Omega is not positive definite. (in 'model_fix_mean_lap.stan', line 67, column 1 to column 22)
	Exception: model_fix_mean_lap_model_namespace::log_prob: Omega is not positive definite. (in 'model_fix_mean_lap.stan', line 67, column 1 to column 22)
	Exception: model_fix_mean_lap_model_namespace::log_prob: Sigma is not positive definite. (in 'model_fix_mean_lap.stan', line 68, column 1 to column 21)
	Exception: model_fix_mean_lap_model_namespace::log_prob: Sigma is not positive definite. (in 'model_fix_mean_lap.stan', line 68, column 1 to column 21)
	Exception: model_fix_mean_lap_model_namespace::log_prob: Sigma is not positive definite. (in 'model_fix_mean_lap.stan', line 68, column 1 to column 21)
	Exception: model_fix_mean_lap_model_namespace::log_prob: Sigma is not positive definite. (in 'model_fix_mean_lap.stan', line 68, column 1 to column 21)
Exception: model_fix_mean_lap_model_namespace::log_prob: Omega is not positive definite. (in 'model_fix_mean_lap.stan', line 67, column 1 to column 22)
	Exception: model_fix_mean_lap_model_namespace::log_prob: Omega is not positive definite. (in 'model_fix_mean_lap.stan', line 67, column 1 to column 22)
	Exception: model_fix_mean_lap_model_namespace::log_prob: Omega is not positive definite. (in 'model_fix_mean_lap.stan', line 67, column 1 to column 22)
	Exception: model_fix_mean_lap_model_namespace::log_prob: Omega is not positive definite. (in 'model_fix_mean_lap.stan', line 67, column 1 to column 22)
	Exception: model_fix_mean_lap_model_namespace::log_prob: Sigma is not positive definite. (in 'model_fix_mean_lap.stan', line 68, column 1 to column 21)
	Exception: model_fix_mean_lap_model_namespace::log_prob: Omega is not positive definite. (in 'model_fix_mean_lap.stan', line 67, column 1 to column 22)
	Exception: model_fix_mean_lap_model_namespace::log_prob: Omega is not positive definite. (in 'model_fix_mean_lap.stan', line 67, column 1 to column 22)
Exception: model_fix_mean_lap_model_namespace::log_prob: Omega is not positive definite. (in 'model_fix_mean_lap.stan', line 67, column 1 to column 22)
	Exception: model_fix_mean_lap_model_namespace::log_prob: Omega is not positive definite. (in 'model_fix_mean_lap.stan', line 67, column 1 to column 22)
	Exception: model_fix_mean_lap_model_namespace::log_prob: Omega is not positive definite. (in 'model_fix_mean_lap.stan', line 67, column 1 to column 22)
	Exception: model_fix_mean_lap_model_namespace::log_prob: Sigma is not positive definite. (in 'model_fix_mean_lap.stan', line 68, column 1 to column 21)
	Exception: model_fix_mean_lap_model_namespace::log_prob: Sigma is not positive definite. (in 'model_fix_mean_lap.stan', line 68, column 1 to column 21)
	Exception: model_fix_mean_lap_model_namespace::log_prob: Sigma is not positive definite. (in 'model_fix_mean_lap.stan', line 68, column 1 to column 21)
	Exception: model_fix_mean_lap_model_namespace::log_prob: Omega is not positive definite. (in 'model_fix_mean_lap.stan', line 67, column 1 to column 22)
	Exception: model_fix_mean_lap_model_namespace::log_prob: Omega is not positive definite. (in 'model_fix_mean_lap.stan', line 67, column 1 to column 22)
Exception: model_fix_mean_lap_model_namespace::log_prob: Omega is not positive definite. (in 'model_fix_mean_lap.stan', line 67, column 1 to column 22)
	Exception: model_fix_mean_lap_model_namespace::log_prob: Omega is not positive definite. (in 'model_fix_mean_lap.stan', line 67, column 1 to column 22)
	Exception: model_fix_mean_lap_model_namespace::log_prob: Omega is not positive definite. (in 'model_fix_mean_lap.stan', line 67, column 1 to column 22)
	Exception: model_fix_mean_lap_model_namespace::log_prob: Omega is not positive definite. (in 'model_fix_mean_lap.stan', line 67, column 1 to column 22)
	Exception: model_fix_mean_lap_model_namespace::log_prob: Sigma is not positive definite. (in 'model_fix_mean_lap.stan', line 68, column 1 to column 21)
	Exception: model_fix_mean_lap_model_namespace::log_prob: Sigma is not positive definite. (in 'model_fix_mean_lap.stan', line 68, column 1 to column 21)
	Exception: model_fix_mean_lap_model_namespace::log_prob: Omega is not positive definite. (in 'model_fix_mean_lap.stan', line 67, column 1 to column 22)
	Exception: model_fix_mean_lap_model_namespace::log_prob: Omega is not positive definite. (in 'model_fix_mean_lap.stan', line 67, column 1 to column 22)
	Exception: model_fix_mean_lap_model_namespace::log_prob: Sigma is not positive definite. (in 'model_fix_mean_lap.stan', line 68, column 1 to column 21)
Exception: model_fix_mean_lap_model_namespace::log_prob: Sigma is not positive definite. (in 'model_fix_mean_lap.stan', line 68, column 1 to column 21)
	Exception: model_fix_mean_lap_model_namespace::log_prob: Sigma is not positive definite. (in 'model_fix_mean_lap.stan', line 68, column 1 to column 21)
	Exception: model_fix_mean_lap_model_namespace::log_prob: Sigma is not positive definite. (in 'model_fix_mean_lap.stan', line 68, column 1 to column 21)
	Exception: model_fix_mean_lap_model_namespace::log_prob: Sigma is not positive definite. (in 'model_fix_mean_lap.stan', line 68, column 1 to column 21)
	Exception: model_fix_mean_lap_model_namespace::log_prob: Sigma is not positive definite. (in 'model_fix_mean_lap.stan', line 68, column 1 to column 21)
	Exception: model_fix_mean_lap_model_namespace::log_prob: Sigma is not positive definite. (in 'model_fix_mean_lap.stan', line 68, column 1 to column 21)
	Exception: model_fix_mean_lap_model_namespace::log_prob: Omega is not positive definite. (in 'model_fix_mean_lap.stan', line 67, column 1 to column 22)
	Exception: model_fix_mean_lap_model_namespace::log_prob: Omega is not positive definite. (in 'model_fix_mean_lap.stan', line 67, column 1 to column 22)
	Exception: model_fix_mean_lap_model_namespace::log_prob: Omega is not positive definite. (in 'model_fix_mean_lap.stan', line 67, column 1 to column 22)
	Exception: model_fix_mean_lap_model_namespace::log_prob: Omega is not positive definite. (in 'model_fix_mean_lap.stan', line 67, column 1 to column 22)
	Exception: model_fix_mean_lap_model_namespace::log_prob: Sigma is not positive definite. (in 'model_fix_mean_lap.stan', line 68, column 1 to column 21)
	Exception: model_fix_mean_lap_model_namespace::log_prob: Sigma is not positive definite. (in 'model_fix_mean_lap.stan', line 68, column 1 to column 21)
	Exception: model_fix_mean_lap_model_namespace::log_prob: Sigma is not positive definite. (in 'model_fix_mean_lap.stan', line 68, column 1 to column 21)
	Exception: model_fix_mean_lap_model_namespace::log_prob: Sigma is not positive definite. (in 'model_fix_mean_lap.stan', line 68, column 1 to column 21)
	Exception: model_fix_mean_lap_model_namespace::log_prob: Omega is not positive definite. (in 'model_fix_mean_lap.stan', line 67, column 1 to column 22)
	Exception: model_fix_mean_lap_model_namespace::log_prob: Omega is not positive definite. (in 'model_fix_mean_lap.stan', line 67, column 1 to column 22)
Exception: model_fix_mean_lap_model_namespace::log_prob: Sigma is not positive definite. (in 'model_fix_mean_lap.stan', line 68, column 1 to column 21)
	Exception: model_fix_mean_lap_model_namespace::log_prob: Sigma is not positive definite. (in 'model_fix_mean_lap.stan', line 68, column 1 to column 21)
	Exception: model_fix_mean_lap_model_namespace::log_prob: Sigma is not positive definite. (in 'model_fix_mean_lap.stan', line 68, column 1 to column 21)
	Exception: model_fix_mean_lap_model_namespace::log_prob: Sigma is not positive definite. (in 'model_fix_mean_lap.stan', line 68, column 1 to column 21)
	Exception: model_fix_mean_lap_model_namespace::log_prob: Sigma is not positive definite. (in 'model_fix_mean_lap.stan', line 68, column 1 to column 21)
	Exception: model_fix_mean_lap_model_namespace::log_prob: Omega is not positive definite. (in 'model_fix_mean_lap.stan', line 67, column 1 to column 22)
	Exception: model_fix_mean_lap_model_namespace::log_prob: Omega is not positive definite. (in 'model_fix_mean_lap.stan', line 67, column 1 to column 22)
	Exception: model_fix_mean_lap_model_namespace::log_prob: Omega is not positive definite. (in 'model_fix_mean_lap.stan', line 67, column 1 to column 22)
	Exception: model_fix_mean_lap_model_namespace::log_prob: Omega is not positive definite. (in 'model_fix_mean_lap.stan', line 67, column 1 to column 22)
	Exception: model_fix_mean_lap_model_namespace::log_prob: Sigma is not positive definite. (in 'model_fix_mean_lap.stan', line 68, column 1 to column 21)
	Exception: model_fix_mean_lap_model_namespace::log_prob: Omega is not positive definite. (in 'model_fix_mean_lap.stan', line 67, column 1 to column 22)
	Exception: model_fix_mean_lap_model_namespace::log_prob: Omega is not positive definite. (in 'model_fix_mean_lap.stan', line 67, column 1 to column 22)
Exception: model_fix_mean_lap_model_namespace::log_prob: Sigma is not positive definite. (in 'model_fix_mean_lap.stan', line 68, column 1 to column 21)
	Exception: model_fix_mean_lap_model_namespace::log_prob: Sigma is not positive definite. (in 'model_fix_mean_lap.stan', line 68, column 1 to column 21)
	Exception: model_fix_mean_lap_model_namespace::log_prob: Sigma is not positive definite. (in 'model_fix_mean_lap.stan', line 68, column 1 to column 21)
	Exception: model_fix_mean_lap_model_namespace::log_prob: Sigma is not positive definite. (in 'model_fix_mean_lap.stan', line 68, column 1 to column 21)
	Exception: model_fix_mean_lap_model_namespace::log_prob: Omega is not positive definite. (in 'model_fix_mean_lap.stan', line 67, column 1 to column 22)
	Exception: model_fix_mean_lap_model_namespace::log_prob: Omega is not positive definite. (in 'model_fix_mean_lap.stan', line 67, column 1 to column 22)
	Exception: model_fix_mean_lap_model_namespace::log_prob: Omega is not positive definite. (in 'model_fix_mean_lap.stan', line 67, column 1 to column 22)
	Exception: model_fix_mean_lap_model_namespace::log_prob: Sigma is not positive definite. (in 'model_fix_mean_lap.stan', line 68, column 1 to column 21)
	Exception: ordered_logistic: Cut-points is not a valid ordered vector. The element at 2 is -9.61049, but should be greater than the previous element, -9.61049 (in 'model_fix_mean_lap.stan', line 157, column 35 to column 126)
	Exception: model_fix_mean_lap_model_namespace::log_prob: Omega is not positive definite. (in 'model_fix_mean_lap.stan', line 67, column 1 to column 22)
	Exception: model_fix_mean_lap_model_namespace::log_prob: Omega is not positive definite. (in 'model_fix_mean_lap.stan', line 67, column 1 to column 22)
Exception: model_fix_mean_lap_model_namespace::log_prob: Omega is not positive definite. (in 'model_fix_mean_lap.stan', line 67, column 1 to column 22)
	Exception: model_fix_mean_lap_model_namespace::log_prob: Omega is not positive definite. (in 'model_fix_mean_lap.stan', line 67, column 1 to column 22)
	Exception: model_fix_mean_lap_model_namespace::log_prob: Omega is not positive definite. (in 'model_fix_mean_lap.stan', line 67, column 1 to column 22)
	Exception: model_fix_mean_lap_model_namespace::log_prob: Omega is not positive definite. (in 'model_fix_mean_lap.stan', line 67, column 1 to column 22)
	Exception: model_fix_mean_lap_model_namespace::log_prob: Omega is not positive definite. (in 'model_fix_mean_lap.stan', line 67, column 1 to column 22)
	Exception: model_fix_mean_lap_model_namespace::log_prob: Sigma is not positive definite. (in 'model_fix_mean_lap.stan', line 68, column 1 to column 21)
	Exception: model_fix_mean_lap_model_namespace::log_prob: Sigma is not positive definite. (in 'model_fix_mean_lap.stan', line 68, column 1 to column 21)
	Exception: model_fix_mean_lap_model_namespace::log_prob: Omega is not positive definite. (in 'model_fix_mean_lap.stan', line 67, column 1 to column 22)
	Exception: model_fix_mean_lap_model_namespace::log_prob: Omega is not positive definite. (in 'model_fix_mean_lap.stan', line 67, column 1 to column 22)
	Exception: model_fix_mean_lap_model_namespace::log_prob: Sigma is not positive definite. (in 'model_fix_mean_lap.stan', line 68, column 1 to column 21)
	Exception: model_fix_mean_lap_model_namespace::log_prob: Sigma is not positive definite. (in 'model_fix_mean_lap.stan', line 68, column 1 to column 21)
Exception: model_fix_mean_lap_model_namespace::log_prob: Sigma is not positive definite. (in 'model_fix_mean_lap.stan', line 68, column 1 to column 21)
	Exception: model_fix_mean_lap_model_namespace::log_prob: Omega is not positive definite. (in 'model_fix_mean_lap.stan', line 67, column 1 to column 22)
	Exception: model_fix_mean_lap_model_namespace::log_prob: Omega is not positive definite. (in 'model_fix_mean_lap.stan', line 67, column 1 to column 22)
	Exception: model_fix_mean_lap_model_namespace::log_prob: Omega is not positive definite. (in 'model_fix_mean_lap.stan', line 67, column 1 to column 22)
	Exception: model_fix_mean_lap_model_namespace::log_prob: Omega is not positive definite. (in 'model_fix_mean_lap.stan', line 67, column 1 to column 22)
	Exception: model_fix_mean_lap_model_namespace::log_prob: Omega is not positive definite. (in 'model_fix_mean_lap.stan', line 67, column 1 to column 22)
	Exception: model_fix_mean_lap_model_namespace::log_prob: Sigma is not positive definite. (in 'model_fix_mean_lap.stan', line 68, column 1 to column 21)
	Exception: model_fix_mean_lap_model_namespace::log_prob: Omega is not positive definite. (in 'model_fix_mean_lap.stan', line 67, column 1 to column 22)
	Exception: model_fix_mean_lap_model_namespace::log_prob: Omega is not positive definite. (in 'model_fix_mean_lap.stan', line 67, column 1 to column 22)
	Exception: model_fix_mean_lap_model_namespace::log_prob: Sigma is not positive definite. (in 'model_fix_mean_lap.stan', line 68, column 1 to column 21)
	Exception: model_fix_mean_lap_model_namespace::log_prob: Sigma is not positive definite. (in 'model_fix_mean_lap.stan', line 68, column 1 to column 21)
	Exception: model_fix_mean_lap_model_namespace::log_prob: Sigma is not positive definite. (in 'model_fix_mean_lap.stan', line 68, column 1 to column 21)
Exception: model_fix_mean_lap_model_namespace::log_prob: Omega is not positive definite. (in 'model_fix_mean_lap.stan', line 67, column 1 to column 22)
	Exception: model_fix_mean_lap_model_namespace::log_prob: Omega is not positive definite. (in 'model_fix_mean_lap.stan', line 67, column 1 to column 22)
	Exception: model_fix_mean_lap_model_namespace::log_prob: Omega is not positive definite. (in 'model_fix_mean_lap.stan', line 67, column 1 to column 22)
	Exception: model_fix_mean_lap_model_namespace::log_prob: Omega is not positive definite. (in 'model_fix_mean_lap.stan', line 67, column 1 to column 22)
	Exception: model_fix_mean_lap_model_namespace::log_prob: Sigma is not positive definite. (in 'model_fix_mean_lap.stan', line 68, column 1 to column 21)
	Exception: model_fix_mean_lap_model_namespace::log_prob: Sigma is not positive definite. (in 'model_fix_mean_lap.stan', line 68, column 1 to column 21)
	Exception: model_fix_mean_lap_model_namespace::log_prob: Omega is not positive definite. (in 'model_fix_mean_lap.stan', line 67, column 1 to column 22)
	Exception: model_fix_mean_lap_model_namespace::log_prob: Omega is not positive definite. (in 'model_fix_mean_lap.stan', line 67, column 1 to column 22)
	Exception: model_fix_mean_lap_model_namespace::log_prob: Sigma is not positive definite. (in 'model_fix_mean_lap.stan', line 68, column 1 to column 21)
Exception: model_fix_mean_lap_model_namespace::log_prob: Sigma is not positive definite. (in 'model_fix_mean_lap.stan', line 68, column 1 to column 21)
	Exception: model_fix_mean_lap_model_namespace::log_prob: Sigma is not positive definite. (in 'model_fix_mean_lap.stan', line 68, column 1 to column 21)
	Exception: model_fix_mean_lap_model_namespace::log_prob: Sigma is not positive definite. (in 'model_fix_mean_lap.stan', line 68, column 1 to column 21)
	Exception: model_fix_mean_lap_model_namespace::log_prob: Omega is not positive definite. (in 'model_fix_mean_lap.stan', line 67, column 1 to column 22)
	Exception: model_fix_mean_lap_model_namespace::log_prob: Omega is not positive definite. (in 'model_fix_mean_lap.stan', line 67, column 1 to column 22)
	Exception: model_fix_mean_lap_model_namespace::log_prob: Omega is not positive definite. (in 'model_fix_mean_lap.stan', line 67, column 1 to column 22)
	Exception: model_fix_mean_lap_model_namespace::log_prob: Omega is not positive definite. (in 'model_fix_mean_lap.stan', line 67, column 1 to column 22)
	Exception: model_fix_mean_lap_model_namespace::log_prob: Sigma is not positive definite. (in 'model_fix_mean_lap.stan', line 68, column 1 to column 21)
	Exception: model_fix_mean_lap_model_namespace::log_prob: Omega is not positive definite. (in 'model_fix_mean_lap.stan', line 67, column 1 to column 22)
	Exception: model_fix_mean_lap_model_namespace::log_prob: Omega is not positive definite. (in 'model_fix_mean_lap.stan', line 67, column 1 to column 22)
	Exception: model_fix_mean_lap_model_namespace::log_prob: Sigma is not positive definite. (in 'model_fix_mean_lap.stan', line 68, column 1 to column 21)
Exception: model_fix_mean_lap_model_namespace::log_prob: Omega is not positive definite. (in 'model_fix_mean_lap.stan', line 67, column 1 to column 22)
	Exception: model_fix_mean_lap_model_namespace::log_prob: Omega is not positive definite. (in 'model_fix_mean_lap.stan', line 67, column 1 to column 22)
	Exception: model_fix_mean_lap_model_namespace::log_prob: Omega is not positive definite. (in 'model_fix_mean_lap.stan', line 67, column 1 to column 22)
	Exception: model_fix_mean_lap_model_namespace::log_prob: Omega is not positive definite. (in 'model_fix_mean_lap.stan', line 67, column 1 to column 22)
	Exception: model_fix_mean_lap_model_namespace::log_prob: Omega is not positive definite. (in 'model_fix_mean_lap.stan', line 67, column 1 to column 22)
	Exception: model_fix_mean_lap_model_namespace::log_prob: Sigma is not positive definite. (in 'model_fix_mean_lap.stan', line 68, column 1 to column 21)
	Exception: model_fix_mean_lap_model_namespace::log_prob: Sigma is not positive definite. (in 'model_fix_mean_lap.stan', line 68, column 1 to column 21)
	Exception: model_fix_mean_lap_model_namespace::log_prob: Omega is not positive definite. (in 'model_fix_mean_lap.stan', line 67, column 1 to column 22)
	Exception: model_fix_mean_lap_model_namespace::log_prob: Omega is not positive definite. (in 'model_fix_mean_lap.stan', line 67, column 1 to column 22)
Exception: model_fix_mean_lap_model_namespace::log_prob: Sigma is not positive definite. (in 'model_fix_mean_lap.stan', line 68, column 1 to column 21)
	Exception: model_fix_mean_lap_model_namespace::log_prob: Omega is not positive definite. (in 'model_fix_mean_lap.stan', line 67, column 1 to column 22)
	Exception: model_fix_mean_lap_model_namespace::log_prob: Omega is not positive definite. (in 'model_fix_mean_lap.stan', line 67, column 1 to column 22)
	Exception: model_fix_mean_lap_model_namespace::log_prob: Omega is not positive definite. (in 'model_fix_mean_lap.stan', line 67, column 1 to column 22)
	Exception: model_fix_mean_lap_model_namespace::log_prob: Omega is not positive definite. (in 'model_fix_mean_lap.stan', line 67, column 1 to column 22)
	Exception: model_fix_mean_lap_model_namespace::log_prob: Sigma is not positive definite. (in 'model_fix_mean_lap.stan', line 68, column 1 to column 21)
	Exception: model_fix_mean_lap_model_namespace::log_prob: Sigma is not positive definite. (in 'model_fix_mean_lap.stan', line 68, column 1 to column 21)
	Exception: model_fix_mean_lap_model_namespace::log_prob: Sigma is not positive definite. (in 'model_fix_mean_lap.stan', line 68, column 1 to column 21)
	Exception: model_fix_mean_lap_model_namespace::log_prob: Sigma is not positive definite. (in 'model_fix_mean_lap.stan', line 68, column 1 to column 21)
	Exception: model_fix_mean_lap_model_namespace::log_prob: Omega is not positive definite. (in 'model_fix_mean_lap.stan', line 67, column 1 to column 22)
	Exception: model_fix_mean_lap_model_namespace::log_prob: Omega is not positive definite. (in 'model_fix_mean_lap.stan', line 67, column 1 to column 22)
Exception: model_fix_mean_lap_model_namespace::log_prob: Omega is not positive definite. (in 'model_fix_mean_lap.stan', line 67, column 1 to column 22)
	Exception: model_fix_mean_lap_model_namespace::log_prob: Omega is not positive definite. (in 'model_fix_mean_lap.stan', line 67, column 1 to column 22)
	Exception: model_fix_mean_lap_model_namespace::log_prob: Omega is not positive definite. (in 'model_fix_mean_lap.stan', line 67, column 1 to column 22)
	Exception: model_fix_mean_lap_model_namespace::log_prob: Omega is not positive definite. (in 'model_fix_mean_lap.stan', line 67, column 1 to column 22)
	Exception: model_fix_mean_lap_model_namespace::log_prob: Omega is not positive definite. (in 'model_fix_mean_lap.stan', line 67, column 1 to column 22)
	Exception: model_fix_mean_lap_model_namespace::log_prob: Omega is not positive definite. (in 'model_fix_mean_lap.stan', line 67, column 1 to column 22)
	Exception: model_fix_mean_lap_model_namespace::log_prob: Omega is not positive definite. (in 'model_fix_mean_lap.stan', line 67, column 1 to column 22)
	Exception: model_fix_mean_lap_model_namespace::log_prob: Sigma is not positive definite. (in 'model_fix_mean_lap.stan', line 68, column 1 to column 21)
	Exception: model_fix_mean_lap_model_namespace::log_prob: Sigma is not positive definite. (in 'model_fix_mean_lap.stan', line 68, column 1 to column 21)
	Exception: model_fix_mean_lap_model_namespace::log_prob: Sigma is not positive definite. (in 'model_fix_mean_lap.stan', line 68, column 1 to column 21)
	Exception: model_fix_mean_lap_model_namespace::log_prob: Omega is not positive definite. (in 'model_fix_mean_lap.stan', line 67, column 1 to column 22)
	Exception: model_fix_mean_lap_model_namespace::log_prob: Omega is not positive definite. (in 'model_fix_mean_lap.stan', line 67, column 1 to column 22)
	Exception: model_fix_mean_lap_model_namespace::log_prob: Omega is not positive definite. (in 'model_fix_mean_lap.stan', line 67, column 1 to column 22)
	Exception: model_fix_mean_lap_model_namespace::log_prob: Sigma is not positive definite. (in 'model_fix_mean_lap.stan', line 68, column 1 to column 21)
Exception: model_fix_mean_lap_model_namespace::log_prob: Sigma is not positive definite. (in 'model_fix_mean_lap.stan', line 68, column 1 to column 21)
	Exception: model_fix_mean_lap_model_namespace::log_prob: Sigma is not positive definite. (in 'model_fix_mean_lap.stan', line 68, column 1 to column 21)
	Exception: model_fix_mean_lap_model_namespace::log_prob: Omega is not positive definite. (in 'model_fix_mean_lap.stan', line 67, column 1 to column 22)
	Exception: model_fix_mean_lap_model_namespace::log_prob: Omega is not positive definite. (in 'model_fix_mean_lap.stan', line 67, column 1 to column 22)
	Exception: model_fix_mean_lap_model_namespace::log_prob: Omega is not positive definite. (in 'model_fix_mean_lap.stan', line 67, column 1 to column 22)
	Exception: model_fix_mean_lap_model_namespace::log_prob: Omega is not positive definite. (in 'model_fix_mean_lap.stan', line 67, column 1 to column 22)
	Exception: model_fix_mean_lap_model_namespace::log_prob: Sigma is not positive definite. (in 'model_fix_mean_lap.stan', line 68, column 1 to column 21)
	Exception: model_fix_mean_lap_model_namespace::log_prob: Sigma is not positive definite. (in 'model_fix_mean_lap.stan', line 68, column 1 to column 21)
	Exception: model_fix_mean_lap_model_namespace::log_prob: Sigma is not positive definite. (in 'model_fix_mean_lap.stan', line 68, column 1 to column 21)
	Exception: model_fix_mean_lap_model_namespace::log_prob: Omega is not positive definite. (in 'model_fix_mean_lap.stan', line 67, column 1 to column 22)
	Exception: model_fix_mean_lap_model_namespace::log_prob: Omega is not positive definite. (in 'model_fix_mean_lap.stan', line 67, column 1 to column 22)
Exception: model_fix_mean_lap_model_namespace::log_prob: Sigma is not positive definite. (in 'model_fix_mean_lap.stan', line 68, column 1 to column 21)
	Exception: model_fix_mean_lap_model_namespace::log_prob: Omega is not positive definite. (in 'model_fix_mean_lap.stan', line 67, column 1 to column 22)
	Exception: model_fix_mean_lap_model_namespace::log_prob: Omega is not positive definite. (in 'model_fix_mean_lap.stan', line 67, column 1 to column 22)
	Exception: model_fix_mean_lap_model_namespace::log_prob: Omega is not positive definite. (in 'model_fix_mean_lap.stan', line 67, column 1 to column 22)
	Exception: model_fix_mean_lap_model_namespace::log_prob: Omega is not positive definite. (in 'model_fix_mean_lap.stan', line 67, column 1 to column 22)
	Exception: model_fix_mean_lap_model_namespace::log_prob: Sigma is not positive definite. (in 'model_fix_mean_lap.stan', line 68, column 1 to column 21)
	Exception: model_fix_mean_lap_model_namespace::log_prob: Sigma is not positive definite. (in 'model_fix_mean_lap.stan', line 68, column 1 to column 21)
	Exception: model_fix_mean_lap_model_namespace::log_prob: Omega is not positive definite. (in 'model_fix_mean_lap.stan', line 67, column 1 to column 22)
	Exception: model_fix_mean_lap_model_namespace::log_prob: Omega is not positive definite. (in 'model_fix_mean_lap.stan', line 67, column 1 to column 22)
Exception: model_fix_mean_lap_model_namespace::log_prob: Sigma is not positive definite. (in 'model_fix_mean_lap.stan', line 68, column 1 to column 21)
	Exception: model_fix_mean_lap_model_namespace::log_prob: Omega is not positive definite. (in 'model_fix_mean_lap.stan', line 67, column 1 to column 22)
	Exception: model_fix_mean_lap_model_namespace::log_prob: Omega is not positive definite. (in 'model_fix_mean_lap.stan', line 67, column 1 to column 22)
	Exception: model_fix_mean_lap_model_namespace::log_prob: Omega is not positive definite. (in 'model_fix_mean_lap.stan', line 67, column 1 to column 22)
	Exception: model_fix_mean_lap_model_namespace::log_prob: Omega is not positive definite. (in 'model_fix_mean_lap.stan', line 67, column 1 to column 22)
	Exception: model_fix_mean_lap_model_namespace::log_prob: Sigma is not positive definite. (in 'model_fix_mean_lap.stan', line 68, column 1 to column 21)
	Exception: model_fix_mean_lap_model_namespace::log_prob: Sigma is not positive definite. (in 'model_fix_mean_lap.stan', line 68, column 1 to column 21)
	Exception: model_fix_mean_lap_model_namespace::log_prob: Omega is not positive definite. (in 'model_fix_mean_lap.stan', line 67, column 1 to column 22)
	Exception: model_fix_mean_lap_model_namespace::log_prob: Omega is not positive definite. (in 'model_fix_mean_lap.stan', line 67, column 1 to column 22)
	Exception: model_fix_mean_lap_model_namespace::log_prob: Sigma is not positive definite. (in 'model_fix_mean_lap.stan', line 68, column 1 to column 21)
Exception: model_fix_mean_lap_model_namespace::log_prob: Sigma is not symmetric. Sigma[1,2] = -nan, but Sigma[2,1] = -nan (in 'model_fix_mean_lap.stan', line 68, column 1 to column 21)
	Exception: model_fix_mean_lap_model_namespace::log_prob: Sigma is not symmetric. Sigma[1,2] = -nan, but Sigma[2,1] = -nan (in 'model_fix_mean_lap.stan', line 68, column 1 to column 21)
	Exception: model_fix_mean_lap_model_namespace::log_prob: Sigma is not symmetric. Sigma[1,2] = -nan, but Sigma[2,1] = -nan (in 'model_fix_mean_lap.stan', line 68, column 1 to column 21)
	Exception: model_fix_mean_lap_model_namespace::log_prob: Sigma is not positive definite. (in 'model_fix_mean_lap.stan', line 68, column 1 to column 21)
	Exception: model_fix_mean_lap_model_namespace::log_prob: Sigma is not positive definite. (in 'model_fix_mean_lap.stan', line 68, column 1 to column 21)
	Exception: model_fix_mean_lap_model_namespace::log_prob: Sigma is not positive definite. (in 'model_fix_mean_lap.stan', line 68, column 1 to column 21)
	Exception: multi_normal_lpdf: Location parameter[1] is inf, but must be finite! (in 'model_fix_mean_lap.stan', line 140, column 12 to column 74)
	Exception: model_fix_mean_lap_model_namespace::log_prob: Omega is not positive definite. (in 'model_fix_mean_lap.stan', line 67, column 1 to column 22)
	Exception: model_fix_mean_lap_model_namespace::log_prob: Sigma is not symmetric. Sigma[1,2] = inf, but Sigma[2,1] = inf (in 'model_fix_mean_lap.stan', line 68, column 1 to column 21)
	Exception: multi_normal_lpdf: Location parameter[1] is -inf, but must be finite! (in 'model_fix_mean_lap.stan', line 140, column 12 to column 74)
	Exception: model_fix_mean_lap_model_namespace::log_prob: Sigma is not positive definite. (in 'model_fix_mean_lap.stan', line 68, column 1 to column 21)
Exception: model_fix_mean_lap_model_namespace::log_prob: Sigma is not positive definite. (in 'model_fix_mean_lap.stan', line 68, column 1 to column 21)
	Exception: model_fix_mean_lap_model_namespace::log_prob: Sigma is not positive definite. (in 'model_fix_mean_lap.stan', line 68, column 1 to column 21)
	Exception: model_fix_mean_lap_model_namespace::log_prob: Omega is not positive definite. (in 'model_fix_mean_lap.stan', line 67, column 1 to column 22)
	Exception: model_fix_mean_lap_model_namespace::log_prob: Omega is not positive definite. (in 'model_fix_mean_lap.stan', line 67, column 1 to column 22)
	Exception: model_fix_mean_lap_model_namespace::log_prob: Omega is not positive definite. (in 'model_fix_mean_lap.stan', line 67, column 1 to column 22)
	Exception: model_fix_mean_lap_model_namespace::log_prob: Sigma is not positive definite. (in 'model_fix_mean_lap.stan', line 68, column 1 to column 21)
	Exception: model_fix_mean_lap_model_namespace::log_prob: Sigma is not positive definite. (in 'model_fix_mean_lap.stan', line 68, column 1 to column 21)
	Exception: model_fix_mean_lap_model_namespace::log_prob: Omega is not positive definite. (in 'model_fix_mean_lap.stan', line 67, column 1 to column 22)
	Exception: model_fix_mean_lap_model_namespace::log_prob: Sigma is not positive definite. (in 'model_fix_mean_lap.stan', line 68, column 1 to column 21)
Exception: model_fix_mean_lap_model_namespace::log_prob: Omega is not positive definite. (in 'model_fix_mean_lap.stan', line 67, column 1 to column 22)
	Exception: model_fix_mean_lap_model_namespace::log_prob: Omega is not positive definite. (in 'model_fix_mean_lap.stan', line 67, column 1 to column 22)
	Exception: model_fix_mean_lap_model_namespace::log_prob: Omega is not positive definite. (in 'model_fix_mean_lap.stan', line 67, column 1 to column 22)
	Exception: model_fix_mean_lap_model_namespace::log_prob: Omega is not positive definite. (in 'model_fix_mean_lap.stan', line 67, column 1 to column 22)
	Exception: model_fix_mean_lap_model_namespace::log_prob: Omega is not positive definite. (in 'model_fix_mean_lap.stan', line 67, column 1 to column 22)
	Exception: model_fix_mean_lap_model_namespace::log_prob: Sigma is not positive definite. (in 'model_fix_mean_lap.stan', line 68, column 1 to column 21)
	Exception: model_fix_mean_lap_model_namespace::log_prob: Omega is not positive definite. (in 'model_fix_mean_lap.stan', line 67, column 1 to column 22)
	Exception: model_fix_mean_lap_model_namespace::log_prob: Omega is not positive definite. (in 'model_fix_mean_lap.stan', line 67, column 1 to column 22)
	Exception: model_fix_mean_lap_model_namespace::log_prob: Sigma is not positive definite. (in 'model_fix_mean_lap.stan', line 68, column 1 to column 21)
	Exception: model_fix_mean_lap_model_namespace::log_prob: Sigma is not positive definite. (in 'model_fix_mean_lap.stan', line 68, column 1 to column 21)
	Exception: model_fix_mean_lap_model_namespace::log_prob: Sigma is not positive definite. (in 'model_fix_mean_lap.stan', line 68, column 1 to column 21)
Exception: model_fix_mean_lap_model_namespace::log_prob: Sigma is not positive definite. (in 'model_fix_mean_lap.stan', line 68, column 1 to column 21)
	Exception: model_fix_mean_lap_model_namespace::log_prob: Sigma is not positive definite. (in 'model_fix_mean_lap.stan', line 68, column 1 to column 21)
	Exception: model_fix_mean_lap_model_namespace::log_prob: Sigma is not positive definite. (in 'model_fix_mean_lap.stan', line 68, column 1 to column 21)
	Exception: model_fix_mean_lap_model_namespace::log_prob: Omega is not positive definite. (in 'model_fix_mean_lap.stan', line 67, column 1 to column 22)
	Exception: model_fix_mean_lap_model_namespace::log_prob: Omega is not positive definite. (in 'model_fix_mean_lap.stan', line 67, column 1 to column 22)
	Exception: model_fix_mean_lap_model_namespace::log_prob: Omega is not positive definite. (in 'model_fix_mean_lap.stan', line 67, column 1 to column 22)
	Exception: model_fix_mean_lap_model_namespace::log_prob: Omega is not positive definite. (in 'model_fix_mean_lap.stan', line 67, column 1 to column 22)
	Exception: model_fix_mean_lap_model_namespace::log_prob: Omega is not positive definite. (in 'model_fix_mean_lap.stan', line 67, column 1 to column 22)
	Exception: model_fix_mean_lap_model_namespace::log_prob: Sigma is not positive definite. (in 'model_fix_mean_lap.stan', line 68, column 1 to column 21)
	Exception: model_fix_mean_lap_model_namespace::log_prob: Omega is not positive definite. (in 'model_fix_mean_lap.stan', line 67, column 1 to column 22)
	Exception: model_fix_mean_lap_model_namespace::log_prob: Omega is not positive definite. (in 'model_fix_mean_lap.stan', line 67, column 1 to column 22)
	Exception: model_fix_mean_lap_model_namespace::log_prob: Sigma is not positive definite. (in 'model_fix_mean_lap.stan', line 68, column 1 to column 21)
Exception: model_fix_mean_lap_model_namespace::log_prob: Omega is not positive definite. (in 'model_fix_mean_lap.stan', line 67, column 1 to column 22)
	Exception: model_fix_mean_lap_model_namespace::log_prob: Omega is not positive definite. (in 'model_fix_mean_lap.stan', line 67, column 1 to column 22)
	Exception: model_fix_mean_lap_model_namespace::log_prob: Omega is not positive definite. (in 'model_fix_mean_lap.stan', line 67, column 1 to column 22)
	Exception: model_fix_mean_lap_model_namespace::log_prob: Omega is not positive definite. (in 'model_fix_mean_lap.stan', line 67, column 1 to column 22)
	Exception: model_fix_mean_lap_model_namespace::log_prob: Sigma is not positive definite. (in 'model_fix_mean_lap.stan', line 68, column 1 to column 21)
	Exception: model_fix_mean_lap_model_namespace::log_prob: Sigma is not positive definite. (in 'model_fix_mean_lap.stan', line 68, column 1 to column 21)
	Exception: model_fix_mean_lap_model_namespace::log_prob: Sigma is not positive definite. (in 'model_fix_mean_lap.stan', line 68, column 1 to column 21)
	Exception: model_fix_mean_lap_model_namespace::log_prob: Sigma is not positive definite. (in 'model_fix_mean_lap.stan', line 68, column 1 to column 21)
	Exception: model_fix_mean_lap_model_namespace::log_prob: Omega is not positive definite. (in 'model_fix_mean_lap.stan', line 67, column 1 to column 22)
	Exception: model_fix_mean_lap_model_namespace::log_prob: Omega is not positive definite. (in 'model_fix_mean_lap.stan', line 67, column 1 to column 22)
	Exception: model_fix_mean_lap_model_namespace::log_prob: Sigma is not positive definite. (in 'model_fix_mean_lap.stan', line 68, column 1 to column 21)
	Exception: model_fix_mean_lap_model_namespace::log_prob: Sigma is not positive definite. (in 'model_fix_mean_lap.stan', line 68, column 1 to column 21)
	Exception: model_fix_mean_lap_model_namespace::log_prob: Sigma is not positive definite. (in 'model_fix_mean_lap.stan', line 68, column 1 to column 21)
	Exception: model_fix_mean_lap_model_namespace::log_prob: Sigma is not positive definite. (in 'model_fix_mean_lap.stan', line 68, column 1 to column 21)
	Exception: model_fix_mean_lap_model_namespace::log_prob: Sigma is not positive definite. (in 'model_fix_mean_lap.stan', line 68, column 1 to column 21)
	Exception: model_fix_mean_lap_model_namespace::log_prob: Sigma is not positive definite. (in 'model_fix_mean_lap.stan', line 68, column 1 to column 21)
Exception: model_fix_mean_lap_model_namespace::log_prob: Sigma is not positive definite. (in 'model_fix_mean_lap.stan', line 68, column 1 to column 21)
	Exception: model_fix_mean_lap_model_namespace::log_prob: Sigma is not positive definite. (in 'model_fix_mean_lap.stan', line 68, column 1 to column 21)
	Exception: model_fix_mean_lap_model_namespace::log_prob: Sigma is not positive definite. (in 'model_fix_mean_lap.stan', line 68, column 1 to column 21)
	Exception: model_fix_mean_lap_model_namespace::log_prob: Sigma is not positive definite. (in 'model_fix_mean_lap.stan', line 68, column 1 to column 21)
	Exception: model_fix_mean_lap_model_namespace::log_prob: Omega is not positive definite. (in 'model_fix_mean_lap.stan', line 67, column 1 to column 22)
	Exception: model_fix_mean_lap_model_namespace::log_prob: Omega is not positive definite. (in 'model_fix_mean_lap.stan', line 67, column 1 to column 22)
	Exception: model_fix_mean_lap_model_namespace::log_prob: Omega is not positive definite. (in 'model_fix_mean_lap.stan', line 67, column 1 to column 22)
	Exception: model_fix_mean_lap_model_namespace::log_prob: Omega is not positive definite. (in 'model_fix_mean_lap.stan', line 67, column 1 to column 22)
	Exception: model_fix_mean_lap_model_namespace::log_prob: Omega is not positive definite. (in 'model_fix_mean_lap.stan', line 67, column 1 to column 22)
	Exception: model_fix_mean_lap_model_namespace::log_prob: Sigma is not positive definite. (in 'model_fix_mean_lap.stan', line 68, column 1 to column 21)
	Exception: model_fix_mean_lap_model_namespace::log_prob: Sigma is not positive definite. (in 'model_fix_mean_lap.stan', line 68, column 1 to column 21)
	Exception: model_fix_mean_lap_model_namespace::log_prob: Sigma is not positive definite. (in 'model_fix_mean_lap.stan', line 68, column 1 to column 21)
	Exception: model_fix_mean_lap_model_namespace::log_prob: Omega is not positive definite. (in 'model_fix_mean_lap.stan', line 67, column 1 to column 22)
	Exception: model_fix_mean_lap_model_namespace::log_prob: Omega is not positive definite. (in 'model_fix_mean_lap.stan', line 67, column 1 to column 22)
	Exception: model_fix_mean_lap_model_namespace::log_prob: Sigma is not positive definite. (in 'model_fix_mean_lap.stan', line 68, column 1 to column 21)
	Exception: model_fix_mean_lap_model_namespace::log_prob: Sigma is not positive definite. (in 'model_fix_mean_lap.stan', line 68, column 1 to column 21)
	Exception: model_fix_mean_lap_model_namespace::log_prob: Sigma is not positive definite. (in 'model_fix_mean_lap.stan', line 68, column 1 to column 21)
	Exception: model_fix_mean_lap_model_namespace::log_prob: Sigma is not positive definite. (in 'model_fix_mean_lap.stan', line 68, column 1 to column 21)
	Exception: model_fix_mean_lap_model_namespace::log_prob: Sigma is not positive definite. (in 'model_fix_mean_lap.stan', line 68, column 1 to column 21)
	Exception: model_fix_mean_lap_model_namespace::log_prob: Sigma is not positive definite. (in 'model_fix_mean_lap.stan', line 68, column 1 to column 21)
	Exception: model_fix_mean_lap_model_namespace::log_prob: Sigma is not positive definite. (in 'model_fix_mean_lap.stan', line 68, column 1 to column 21)
	Exception: model_fix_mean_lap_model_namespace::log_prob: Sigma is not positive definite. (in 'model_fix_mean_lap.stan', line 68, column 1 to column 21)
	Exception: model_fix_mean_lap_model_namespace::log_prob: Sigma is not positive definite. (in 'model_fix_mean_lap.stan', line 68, column 1 to column 21)
Exception: model_fix_mean_lap_model_namespace::log_prob: Sigma is not positive definite. (in 'model_fix_mean_lap.stan', line 68, column 1 to column 21)
	Exception: model_fix_mean_lap_model_namespace::log_prob: Sigma is not positive definite. (in 'model_fix_mean_lap.stan', line 68, column 1 to column 21)
	Exception: model_fix_mean_lap_model_namespace::log_prob: Omega is not positive definite. (in 'model_fix_mean_lap.stan', line 67, column 1 to column 22)
	Exception: model_fix_mean_lap_model_namespace::log_prob: Omega is not positive definite. (in 'model_fix_mean_lap.stan', line 67, column 1 to column 22)
	Exception: model_fix_mean_lap_model_namespace::log_prob: Omega is not positive definite. (in 'model_fix_mean_lap.stan', line 67, column 1 to column 22)
	Exception: model_fix_mean_lap_model_namespace::log_prob: Omega is not positive definite. (in 'model_fix_mean_lap.stan', line 67, column 1 to column 22)
	Exception: model_fix_mean_lap_model_namespace::log_prob: Omega is not positive definite. (in 'model_fix_mean_lap.stan', line 67, column 1 to column 22)
	Exception: model_fix_mean_lap_model_namespace::log_prob: Sigma is not positive definite. (in 'model_fix_mean_lap.stan', line 68, column 1 to column 21)
	Exception: model_fix_mean_lap_model_namespace::log_prob: Sigma is not positive definite. (in 'model_fix_mean_lap.stan', line 68, column 1 to column 21)
	Exception: model_fix_mean_lap_model_namespace::log_prob: Sigma is not positive definite. (in 'model_fix_mean_lap.stan', line 68, column 1 to column 21)
	Exception: model_fix_mean_lap_model_namespace::log_prob: Omega is not positive definite. (in 'model_fix_mean_lap.stan', line 67, column 1 to column 22)
	Exception: model_fix_mean_lap_model_namespace::log_prob: Omega is not positive definite. (in 'model_fix_mean_lap.stan', line 67, column 1 to column 22)
	Exception: model_fix_mean_lap_model_namespace::log_prob: Sigma is not positive definite. (in 'model_fix_mean_lap.stan', line 68, column 1 to column 21)
	Exception: model_fix_mean_lap_model_namespace::log_prob: Sigma is not positive definite. (in 'model_fix_mean_lap.stan', line 68, column 1 to column 21)
Exception: model_fix_mean_lap_model_namespace::log_prob: Sigma is not positive definite. (in 'model_fix_mean_lap.stan', line 68, column 1 to column 21)
	Exception: model_fix_mean_lap_model_namespace::log_prob: Sigma is not positive definite. (in 'model_fix_mean_lap.stan', line 68, column 1 to column 21)
	Exception: model_fix_mean_lap_model_namespace::log_prob: Sigma is not positive definite. (in 'model_fix_mean_lap.stan', line 68, column 1 to column 21)
	Exception: model_fix_mean_lap_model_namespace::log_prob: Omega is not positive definite. (in 'model_fix_mean_lap.stan', line 67, column 1 to column 22)
	Exception: model_fix_mean_lap_model_namespace::log_prob: Omega is not positive definite. (in 'model_fix_mean_lap.stan', line 67, column 1 to column 22)
	Exception: model_fix_mean_lap_model_namespace::log_prob: Omega is not positive definite. (in 'model_fix_mean_lap.stan', line 67, column 1 to column 22)
	Exception: model_fix_mean_lap_model_namespace::log_prob: Omega is not positive definite. (in 'model_fix_mean_lap.stan', line 67, column 1 to column 22)
	Exception: model_fix_mean_lap_model_namespace::log_prob: Sigma is not positive definite. (in 'model_fix_mean_lap.stan', line 68, column 1 to column 21)
	Exception: model_fix_mean_lap_model_namespace::log_prob: Omega is not positive definite. (in 'model_fix_mean_lap.stan', line 67, column 1 to column 22)
	Exception: model_fix_mean_lap_model_namespace::log_prob: Omega is not positive definite. (in 'model_fix_mean_lap.stan', line 67, column 1 to column 22)
	Exception: model_fix_mean_lap_model_namespace::log_prob: Sigma is not positive definite. (in 'model_fix_mean_lap.stan', line 68, column 1 to column 21)
Exception: model_fix_mean_lap_model_namespace::log_prob: Omega is not positive definite. (in 'model_fix_mean_lap.stan', line 67, column 1 to column 22)
	Exception: model_fix_mean_lap_model_namespace::log_prob: Omega is not positive definite. (in 'model_fix_mean_lap.stan', line 67, column 1 to column 22)
	Exception: model_fix_mean_lap_model_namespace::log_prob: Omega is not positive definite. (in 'model_fix_mean_lap.stan', line 67, column 1 to column 22)
	Exception: model_fix_mean_lap_model_namespace::log_prob: Sigma is not positive definite. (in 'model_fix_mean_lap.stan', line 68, column 1 to column 21)
	Exception: model_fix_mean_lap_model_namespace::log_prob: Sigma is not positive definite. (in 'model_fix_mean_lap.stan', line 68, column 1 to column 21)
	Exception: model_fix_mean_lap_model_namespace::log_prob: Omega is not positive definite. (in 'model_fix_mean_lap.stan', line 67, column 1 to column 22)
	Exception: model_fix_mean_lap_model_namespace::log_prob: Omega is not positive definite. (in 'model_fix_mean_lap.stan', line 67, column 1 to column 22)
Exception: model_fix_mean_lap_model_namespace::log_prob: Omega is not positive definite. (in 'model_fix_mean_lap.stan', line 67, column 1 to column 22)
	Exception: model_fix_mean_lap_model_namespace::log_prob: Omega is not positive definite. (in 'model_fix_mean_lap.stan', line 67, column 1 to column 22)
	Exception: model_fix_mean_lap_model_namespace::log_prob: Omega is not positive definite. (in 'model_fix_mean_lap.stan', line 67, column 1 to column 22)
	Exception: model_fix_mean_lap_model_namespace::log_prob: Omega is not positive definite. (in 'model_fix_mean_lap.stan', line 67, column 1 to column 22)
	Exception: model_fix_mean_lap_model_namespace::log_prob: Omega is not positive definite. (in 'model_fix_mean_lap.stan', line 67, column 1 to column 22)
	Exception: model_fix_mean_lap_model_namespace::log_prob: Sigma is not positive definite. (in 'model_fix_mean_lap.stan', line 68, column 1 to column 21)
	Exception: model_fix_mean_lap_model_namespace::log_prob: Sigma is not positive definite. (in 'model_fix_mean_lap.stan', line 68, column 1 to column 21)
	Exception: model_fix_mean_lap_model_namespace::log_prob: Sigma is not positive definite. (in 'model_fix_mean_lap.stan', line 68, column 1 to column 21)
	Exception: model_fix_mean_lap_model_namespace::log_prob: Omega is not positive definite. (in 'model_fix_mean_lap.stan', line 67, column 1 to column 22)
	Exception: model_fix_mean_lap_model_namespace::log_prob: Omega is not positive definite. (in 'model_fix_mean_lap.stan', line 67, column 1 to column 22)
	Exception: multi_normal_lpdf: Location parameter[2] is inf, but must be finite! (in 'model_fix_mean_lap.stan', line 140, column 12 to column 74)
	Exception: model_fix_mean_lap_model_namespace::log_prob: Sigma is not positive definite. (in 'model_fix_mean_lap.stan', line 68, column 1 to column 21)
	Exception: model_fix_mean_lap_model_namespace::log_prob: Sigma is not positive definite. (in 'model_fix_mean_lap.stan', line 68, column 1 to column 21)
	Exception: model_fix_mean_lap_model_namespace::log_prob: Sigma is not positive definite. (in 'model_fix_mean_lap.stan', line 68, column 1 to column 21)
Exception: model_fix_mean_lap_model_namespace::log_prob: Omega is not positive definite. (in 'model_fix_mean_lap.stan', line 67, column 1 to column 22)
	Exception: model_fix_mean_lap_model_namespace::log_prob: Omega is not positive definite. (in 'model_fix_mean_lap.stan', line 67, column 1 to column 22)
	Exception: model_fix_mean_lap_model_namespace::log_prob: Omega is not positive definite. (in 'model_fix_mean_lap.stan', line 67, column 1 to column 22)
	Exception: model_fix_mean_lap_model_namespace::log_prob: Omega is not positive definite. (in 'model_fix_mean_lap.stan', line 67, column 1 to column 22)
	Exception: model_fix_mean_lap_model_namespace::log_prob: Omega is not positive definite. (in 'model_fix_mean_lap.stan', line 67, column 1 to column 22)
	Exception: model_fix_mean_lap_model_namespace::log_prob: Omega is not positive definite. (in 'model_fix_mean_lap.stan', line 67, column 1 to column 22)
	Exception: model_fix_mean_lap_model_namespace::log_prob: Sigma is not positive definite. (in 'model_fix_mean_lap.stan', line 68, column 1 to column 21)
	Exception: model_fix_mean_lap_model_namespace::log_prob: Sigma is not positive definite. (in 'model_fix_mean_lap.stan', line 68, column 1 to column 21)
	Exception: model_fix_mean_lap_model_namespace::log_prob: Omega is not positive definite. (in 'model_fix_mean_lap.stan', line 67, column 1 to column 22)
	Exception: model_fix_mean_lap_model_namespace::log_prob: Omega is not positive definite. (in 'model_fix_mean_lap.stan', line 67, column 1 to column 22)
	Exception: model_fix_mean_lap_model_namespace::log_prob: Sigma is not positive definite. (in 'model_fix_mean_lap.stan', line 68, column 1 to column 21)
Exception: model_fix_mean_lap_model_namespace::log_prob: Omega is not positive definite. (in 'model_fix_mean_lap.stan', line 67, column 1 to column 22)
	Exception: model_fix_mean_lap_model_namespace::log_prob: Omega is not positive definite. (in 'model_fix_mean_lap.stan', line 67, column 1 to column 22)
	Exception: model_fix_mean_lap_model_namespace::log_prob: Omega is not positive definite. (in 'model_fix_mean_lap.stan', line 67, column 1 to column 22)
	Exception: model_fix_mean_lap_model_namespace::log_prob: Omega is not positive definite. (in 'model_fix_mean_lap.stan', line 67, column 1 to column 22)
	Exception: model_fix_mean_lap_model_namespace::log_prob: Sigma is not positive definite. (in 'model_fix_mean_lap.stan', line 68, column 1 to column 21)
	Exception: model_fix_mean_lap_model_namespace::log_prob: Sigma is not positive definite. (in 'model_fix_mean_lap.stan', line 68, column 1 to column 21)
	Exception: model_fix_mean_lap_model_namespace::log_prob: Omega is not positive definite. (in 'model_fix_mean_lap.stan', line 67, column 1 to column 22)
	Exception: model_fix_mean_lap_model_namespace::log_prob: Omega is not positive definite. (in 'model_fix_mean_lap.stan', line 67, column 1 to column 22)
	Exception: model_fix_mean_lap_model_namespace::log_prob: Sigma is not positive definite. (in 'model_fix_mean_lap.stan', line 68, column 1 to column 21)
Exception: model_fix_mean_lap_model_namespace::log_prob: Sigma is not positive definite. (in 'model_fix_mean_lap.stan', line 68, column 1 to column 21)
	Exception: model_fix_mean_lap_model_namespace::log_prob: Omega is not positive definite. (in 'model_fix_mean_lap.stan', line 67, column 1 to column 22)
	Exception: model_fix_mean_lap_model_namespace::log_prob: Omega is not positive definite. (in 'model_fix_mean_lap.stan', line 67, column 1 to column 22)
	Exception: model_fix_mean_lap_model_namespace::log_prob: Omega is not positive definite. (in 'model_fix_mean_lap.stan', line 67, column 1 to column 22)
	Exception: model_fix_mean_lap_model_namespace::log_prob: Omega is not positive definite. (in 'model_fix_mean_lap.stan', line 67, column 1 to column 22)
	Exception: model_fix_mean_lap_model_namespace::log_prob: Sigma is not positive definite. (in 'model_fix_mean_lap.stan', line 68, column 1 to column 21)
	Exception: model_fix_mean_lap_model_namespace::log_prob: Sigma is not positive definite. (in 'model_fix_mean_lap.stan', line 68, column 1 to column 21)
	Exception: model_fix_mean_lap_model_namespace::log_prob: Omega is not positive definite. (in 'model_fix_mean_lap.stan', line 67, column 1 to column 22)
	Exception: model_fix_mean_lap_model_namespace::log_prob: Omega is not positive definite. (in 'model_fix_mean_lap.stan', line 67, column 1 to column 22)
	Exception: model_fix_mean_lap_model_namespace::log_prob: Sigma is not positive definite. (in 'model_fix_mean_lap.stan', line 68, column 1 to column 21)
Exception: model_fix_mean_lap_model_namespace::log_prob: Omega is not positive definite. (in 'model_fix_mean_lap.stan', line 67, column 1 to column 22)
	Exception: model_fix_mean_lap_model_namespace::log_prob: Omega is not positive definite. (in 'model_fix_mean_lap.stan', line 67, column 1 to column 22)
	Exception: model_fix_mean_lap_model_namespace::log_prob: Omega is not positive definite. (in 'model_fix_mean_lap.stan', line 67, column 1 to column 22)
	Exception: model_fix_mean_lap_model_namespace::log_prob: Omega is not positive definite. (in 'model_fix_mean_lap.stan', line 67, column 1 to column 22)
	Exception: model_fix_mean_lap_model_namespace::log_prob: Omega is not positive definite. (in 'model_fix_mean_lap.stan', line 67, column 1 to column 22)
	Exception: model_fix_mean_lap_model_namespace::log_prob: Sigma is not positive definite. (in 'model_fix_mean_lap.stan', line 68, column 1 to column 21)
	Exception: model_fix_mean_lap_model_namespace::log_prob: Sigma is not positive definite. (in 'model_fix_mean_lap.stan', line 68, column 1 to column 21)
	Exception: model_fix_mean_lap_model_namespace::log_prob: Sigma is not positive definite. (in 'model_fix_mean_lap.stan', line 68, column 1 to column 21)
	Exception: model_fix_mean_lap_model_namespace::log_prob: Omega is not positive definite. (in 'model_fix_mean_lap.stan', line 67, column 1 to column 22)
	Exception: model_fix_mean_lap_model_namespace::log_prob: Omega is not positive definite. (in 'model_fix_mean_lap.stan', line 67, column 1 to column 22)
	Exception: model_fix_mean_lap_model_namespace::log_prob: Sigma is not positive definite. (in 'model_fix_mean_lap.stan', line 68, column 1 to column 21)
	Exception: model_fix_mean_lap_model_namespace::log_prob: Sigma is not positive definite. (in 'model_fix_mean_lap.stan', line 68, column 1 to column 21)
Exception: model_fix_mean_lap_model_namespace::log_prob: Sigma is not positive definite. (in 'model_fix_mean_lap.stan', line 68, column 1 to column 21)
	Exception: model_fix_mean_lap_model_namespace::log_prob: Sigma is not positive definite. (in 'model_fix_mean_lap.stan', line 68, column 1 to column 21)
	Exception: model_fix_mean_lap_model_namespace::log_prob: Omega is not positive definite. (in 'model_fix_mean_lap.stan', line 67, column 1 to column 22)
	Exception: model_fix_mean_lap_model_namespace::log_prob: Omega is not positive definite. (in 'model_fix_mean_lap.stan', line 67, column 1 to column 22)
	Exception: model_fix_mean_lap_model_namespace::log_prob: Omega is not positive definite. (in 'model_fix_mean_lap.stan', line 67, column 1 to column 22)
	Exception: model_fix_mean_lap_model_namespace::log_prob: Omega is not positive definite. (in 'model_fix_mean_lap.stan', line 67, column 1 to column 22)
	Exception: model_fix_mean_lap_model_namespace::log_prob: Sigma is not positive definite. (in 'model_fix_mean_lap.stan', line 68, column 1 to column 21)
	Exception: model_fix_mean_lap_model_namespace::log_prob: Sigma is not positive definite. (in 'model_fix_mean_lap.stan', line 68, column 1 to column 21)
	Exception: model_fix_mean_lap_model_namespace::log_prob: Sigma is not positive definite. (in 'model_fix_mean_lap.stan', line 68, column 1 to column 21)
	Exception: model_fix_mean_lap_model_namespace::log_prob: Sigma is not positive definite. (in 'model_fix_mean_lap.stan', line 68, column 1 to column 21)
	Exception: model_fix_mean_lap_model_namespace::log_prob: Omega is not positive definite. (in 'model_fix_mean_lap.stan', line 67, column 1 to column 22)
	Exception: model_fix_mean_lap_model_namespace::log_prob: Omega is not positive definite. (in 'model_fix_mean_lap.stan', line 67, column 1 to column 22)
	Exception: model_fix_mean_lap_model_namespace::log_prob: Sigma is not positive definite. (in 'model_fix_mean_lap.stan', line 68, column 1 to column 21)
	Exception: model_fix_mean_lap_model_namespace::log_prob: Sigma is not positive definite. (in 'model_fix_mean_lap.stan', line 68, column 1 to column 21)
	Exception: model_fix_mean_lap_model_namespace::log_prob: Sigma is not positive definite. (in 'model_fix_mean_lap.stan', line 68, column 1 to column 21)
	Exception: model_fix_mean_lap_model_namespace::log_prob: Sigma is not positive definite. (in 'model_fix_mean_lap.stan', line 68, column 1 to column 21)
	Exception: model_fix_mean_lap_model_namespace::log_prob: Sigma is not positive definite. (in 'model_fix_mean_lap.stan', line 68, column 1 to column 21)
	Exception: model_fix_mean_lap_model_namespace::log_prob: Sigma is not positive definite. (in 'model_fix_mean_lap.stan', line 68, column 1 to column 21)
	Exception: model_fix_mean_lap_model_namespace::log_prob: Sigma is not positive definite. (in 'model_fix_mean_lap.stan', line 68, column 1 to column 21)
	Exception: model_fix_mean_lap_model_namespace::log_prob: Sigma is not positive definite. (in 'model_fix_mean_lap.stan', line 68, column 1 to column 21)
	Exception: model_fix_mean_lap_model_namespace::log_prob: Sigma is not positive definite. (in 'model_fix_mean_lap.stan', line 68, column 1 to column 21)
	Exception: model_fix_mean_lap_model_namespace::log_prob: Sigma is not positive definite. (in 'model_fix_mean_lap.stan', line 68, column 1 to column 21)
Exception: model_fix_mean_lap_model_namespace::log_prob: Omega is not positive definite. (in 'model_fix_mean_lap.stan', line 67, column 1 to column 22)
	Exception: model_fix_mean_lap_model_namespace::log_prob: Omega is not positive definite. (in 'model_fix_mean_lap.stan', line 67, column 1 to column 22)
	Exception: model_fix_mean_lap_model_namespace::log_prob: Omega is not positive definite. (in 'model_fix_mean_lap.stan', line 67, column 1 to column 22)
	Exception: model_fix_mean_lap_model_namespace::log_prob: Omega is not positive definite. (in 'model_fix_mean_lap.stan', line 67, column 1 to column 22)
	Exception: model_fix_mean_lap_model_namespace::log_prob: Omega is not positive definite. (in 'model_fix_mean_lap.stan', line 67, column 1 to column 22)
	Exception: model_fix_mean_lap_model_namespace::log_prob: Sigma is not positive definite. (in 'model_fix_mean_lap.stan', line 68, column 1 to column 21)
	Exception: model_fix_mean_lap_model_namespace::log_prob: Sigma is not positive definite. (in 'model_fix_mean_lap.stan', line 68, column 1 to column 21)
	Exception: model_fix_mean_lap_model_namespace::log_prob: Omega is not positive definite. (in 'model_fix_mean_lap.stan', line 67, column 1 to column 22)
	Exception: model_fix_mean_lap_model_namespace::log_prob: Omega is not positive definite. (in 'model_fix_mean_lap.stan', line 67, column 1 to column 22)
Exception: model_fix_mean_lap_model_namespace::log_prob: Sigma is not positive definite. (in 'model_fix_mean_lap.stan', line 68, column 1 to column 21)
	Exception: model_fix_mean_lap_model_namespace::log_prob: Sigma is not positive definite. (in 'model_fix_mean_lap.stan', line 68, column 1 to column 21)
	Exception: model_fix_mean_lap_model_namespace::log_prob: Omega is not positive definite. (in 'model_fix_mean_lap.stan', line 67, column 1 to column 22)
	Exception: model_fix_mean_lap_model_namespace::log_prob: Omega is not positive definite. (in 'model_fix_mean_lap.stan', line 67, column 1 to column 22)
	Exception: model_fix_mean_lap_model_namespace::log_prob: Omega is not positive definite. (in 'model_fix_mean_lap.stan', line 67, column 1 to column 22)
	Exception: model_fix_mean_lap_model_namespace::log_prob: Omega is not positive definite. (in 'model_fix_mean_lap.stan', line 67, column 1 to column 22)
	Exception: model_fix_mean_lap_model_namespace::log_prob: Omega is not positive definite. (in 'model_fix_mean_lap.stan', line 67, column 1 to column 22)
	Exception: model_fix_mean_lap_model_namespace::log_prob: Sigma is not positive definite. (in 'model_fix_mean_lap.stan', line 68, column 1 to column 21)
	Exception: model_fix_mean_lap_model_namespace::log_prob: Sigma is not positive definite. (in 'model_fix_mean_lap.stan', line 68, column 1 to column 21)
	Exception: model_fix_mean_lap_model_namespace::log_prob: Sigma is not positive definite. (in 'model_fix_mean_lap.stan', line 68, column 1 to column 21)
	Exception: model_fix_mean_lap_model_namespace::log_prob: Omega is not positive definite. (in 'model_fix_mean_lap.stan', line 67, column 1 to column 22)
	Exception: model_fix_mean_lap_model_namespace::log_prob: Omega is not positive definite. (in 'model_fix_mean_lap.stan', line 67, column 1 to column 22)
	Exception: model_fix_mean_lap_model_namespace::log_prob: Sigma is not positive definite. (in 'model_fix_mean_lap.stan', line 68, column 1 to column 21)
	Exception: model_fix_mean_lap_model_namespace::log_prob: Sigma is not positive definite. (in 'model_fix_mean_lap.stan', line 68, column 1 to column 21)
	Exception: model_fix_mean_lap_model_namespace::log_prob: Sigma is not positive definite. (in 'model_fix_mean_lap.stan', line 68, column 1 to column 21)
	Exception: model_fix_mean_lap_model_namespace::log_prob: Sigma is not positive definite. (in 'model_fix_mean_lap.stan', line 68, column 1 to column 21)
	Exception: model_fix_mean_lap_model_namespace::log_prob: Sigma is not positive definite. (in 'model_fix_mean_lap.stan', line 68, column 1 to column 21)
	Exception: model_fix_mean_lap_model_namespace::log_prob: Sigma is not positive definite. (in 'model_fix_mean_lap.stan', line 68, column 1 to column 21)
	Exception: model_fix_mean_lap_model_namespace::log_prob: Sigma is not positive definite. (in 'model_fix_mean_lap.stan', line 68, column 1 to column 21)
	Exception: model_fix_mean_lap_model_namespace::log_prob: Sigma is not positive definite. (in 'model_fix_mean_lap.stan', line 68, column 1 to column 21)
	Exception: model_fix_mean_lap_model_namespace::log_prob: Sigma is not positive definite. (in 'model_fix_mean_lap.stan', line 68, column 1 to column 21)
	Exception: model_fix_mean_lap_model_namespace::log_prob: Sigma is not positive definite. (in 'model_fix_mean_lap.stan', line 68, column 1 to column 21)
	Exception: model_fix_mean_lap_model_namespace::log_prob: Sigma is not positive definite. (in 'model_fix_mean_lap.stan', line 68, column 1 to column 21)
	Exception: model_fix_mean_lap_model_namespace::log_prob: Sigma is not positive definite. (in 'model_fix_mean_lap.stan', line 68, column 1 to column 21)
	Exception: model_fix_mean_lap_model_namespace::log_prob: Sigma is not positive definite. (in 'model_fix_mean_lap.stan', line 68, column 1 to column 21)
	Exception: model_fix_mean_lap_model_namespace::log_prob: Sigma is not positive definite. (in 'model_fix_mean_lap.stan', line 68, column 1 to column 21)
	Exception: model_fix_mean_lap_model_namespace::log_prob: Sigma is not positive definite. (in 'model_fix_mean_lap.stan', line 68, column 1 to column 21)
	Exception: model_fix_mean_lap_model_namespace::log_prob: Sigma is not positive definite. (in 'model_fix_mean_lap.stan', line 68, column 1 to column 21)
	Exception: model_fix_mean_lap_model_namespace::log_prob: Sigma is not positive definite. (in 'model_fix_mean_lap.stan', line 68, column 1 to column 21)
	Exception: model_fix_mean_lap_model_namespace::log_prob: Sigma is not positive definite. (in 'model_fix_mean_lap.stan', line 68, column 1 to column 21)
	Exception: model_fix_mean_lap_model_namespace::log_prob: Sigma is not positive definite. (in 'model_fix_mean_lap.stan', line 68, column 1 to column 21)
	Exception: model_fix_mean_lap_model_namespace::log_prob: Sigma is not positive definite. (in 'model_fix_mean_lap.stan', line 68, column 1 to column 21)
	Exception: model_fix_mean_lap_model_namespace::log_prob: Sigma is not positive definite. (in 'model_fix_mean_lap.stan', line 68, column 1 to column 21)
	Exception: model_fix_mean_lap_model_namespace::log_prob: Sigma is not positive definite. (in 'model_fix_mean_lap.stan', line 68, column 1 to column 21)
	Exception: model_fix_mean_lap_model_namespace::log_prob: Sigma is not positive definite. (in 'model_fix_mean_lap.stan', line 68, column 1 to column 21)
	Exception: model_fix_mean_lap_model_namespace::log_prob: Sigma is not positive definite. (in 'model_fix_mean_lap.stan', line 68, column 1 to column 21)
	Exception: model_fix_mean_lap_model_namespace::log_prob: Sigma is not positive definite. (in 'model_fix_mean_lap.stan', line 68, column 1 to column 21)
	Exception: model_fix_mean_lap_model_namespace::log_prob: Sigma is not positive definite. (in 'model_fix_mean_lap.stan', line 68, column 1 to column 21)
	Exception: model_fix_mean_lap_model_namespace::log_prob: Sigma is not positive definite. (in 'model_fix_mean_lap.stan', line 68, column 1 to column 21)
	Exception: model_fix_mean_lap_model_namespace::log_prob: Sigma is not positive definite. (in 'model_fix_mean_lap.stan', line 68, column 1 to column 21)
	Exception: model_fix_mean_lap_model_namespace::log_prob: Sigma is not positive definite. (in 'model_fix_mean_lap.stan', line 68, column 1 to column 21)
	Exception: model_fix_mean_lap_model_namespace::log_prob: Sigma is not positive definite. (in 'model_fix_mean_lap.stan', line 68, column 1 to column 21)
	Exception: model_fix_mean_lap_model_namespace::log_prob: Sigma is not positive definite. (in 'model_fix_mean_lap.stan', line 68, column 1 to column 21)
	Exception: model_fix_mean_lap_model_namespace::log_prob: Sigma is not positive definite. (in 'model_fix_mean_lap.stan', line 68, column 1 to column 21)
	Exception: model_fix_mean_lap_model_namespace::log_prob: Sigma is not positive definite. (in 'model_fix_mean_lap.stan', line 68, column 1 to column 21)
	Exception: model_fix_mean_lap_model_namespace::log_prob: Sigma is not positive definite. (in 'model_fix_mean_lap.stan', line 68, column 1 to column 21)
	Exception: model_fix_mean_lap_model_namespace::log_prob: Sigma is not positive definite. (in 'model_fix_mean_lap.stan', line 68, column 1 to column 21)
	Exception: model_fix_mean_lap_model_namespace::log_prob: Sigma is not positive definite. (in 'model_fix_mean_lap.stan', line 68, column 1 to column 21)
	Exception: model_fix_mean_lap_model_namespace::log_prob: Sigma is not positive definite. (in 'model_fix_mean_lap.stan', line 68, column 1 to column 21)
	Exception: model_fix_mean_lap_model_namespace::log_prob: Sigma is not positive definite. (in 'model_fix_mean_lap.stan', line 68, column 1 to column 21)
	Exception: model_fix_mean_lap_model_namespace::log_prob: Sigma is not positive definite. (in 'model_fix_mean_lap.stan', line 68, column 1 to column 21)
	Exception: model_fix_mean_lap_model_namespace::log_prob: Sigma is not positive definite. (in 'model_fix_mean_lap.stan', line 68, column 1 to column 21)
	Exception: model_fix_mean_lap_model_namespace::log_prob: Sigma is not positive definite. (in 'model_fix_mean_lap.stan', line 68, column 1 to column 21)
	Exception: model_fix_mean_lap_model_namespace::log_prob: Sigma is not positive definite. (in 'model_fix_mean_lap.stan', line 68, column 1 to column 21)
	Exception: model_fix_mean_lap_model_namespace::log_prob: Sigma is not positive definite. (in 'model_fix_mean_lap.stan', line 68, column 1 to column 21)
	Exception: model_fix_mean_lap_model_namespace::log_prob: Sigma is not positive definite. (in 'model_fix_mean_lap.stan', line 68, column 1 to column 21)
	Exception: model_fix_mean_lap_model_namespace::log_prob: Sigma is not positive definite. (in 'model_fix_mean_lap.stan', line 68, column 1 to column 21)
	Exception: model_fix_mean_lap_model_namespace::log_prob: Sigma is not positive definite. (in 'model_fix_mean_lap.stan', line 68, column 1 to column 21)
	Exception: model_fix_mean_lap_model_namespace::log_prob: Sigma is not positive definite. (in 'model_fix_mean_lap.stan', line 68, column 1 to column 21)
	Exception: model_fix_mean_lap_model_namespace::log_prob: Sigma is not positive definite. (in 'model_fix_mean_lap.stan', line 68, column 1 to column 21)
	Exception: model_fix_mean_lap_model_namespace::log_prob: Sigma is not positive definite. (in 'model_fix_mean_lap.stan', line 68, column 1 to column 21)
	Exception: model_fix_mean_lap_model_namespace::log_prob: Sigma is not positive definite. (in 'model_fix_mean_lap.stan', line 68, column 1 to column 21)
	Exception: model_fix_mean_lap_model_namespace::log_prob: Sigma is not positive definite. (in 'model_fix_mean_lap.stan', line 68, column 1 to column 21)
	Exception: model_fix_mean_lap_model_namespace::log_prob: Sigma is not positive definite. (in 'model_fix_mean_lap.stan', line 68, column 1 to column 21)
	Exception: model_fix_mean_lap_model_namespace::log_prob: Sigma is not positive definite. (in 'model_fix_mean_lap.stan', line 68, column 1 to column 21)
	Exception: model_fix_mean_lap_model_namespace::log_prob: Sigma is not positive definite. (in 'model_fix_mean_lap.stan', line 68, column 1 to column 21)
	Exception: model_fix_mean_lap_model_namespace::log_prob: Sigma is not positive definite. (in 'model_fix_mean_lap.stan', line 68, column 1 to column 21)
	Exception: model_fix_mean_lap_model_namespace::log_prob: Sigma is not positive definite. (in 'model_fix_mean_lap.stan', line 68, column 1 to column 21)
	Exception: model_fix_mean_lap_model_namespace::log_prob: Sigma is not positive definite. (in 'model_fix_mean_lap.stan', line 68, column 1 to column 21)
	Exception: model_fix_mean_lap_model_namespace::log_prob: Sigma is not positive definite. (in 'model_fix_mean_lap.stan', line 68, column 1 to column 21)
	Exception: model_fix_mean_lap_model_namespace::log_prob: Sigma is not positive definite. (in 'model_fix_mean_lap.stan', line 68, column 1 to column 21)
	Exception: model_fix_mean_lap_model_namespace::log_prob: Sigma is not positive definite. (in 'model_fix_mean_lap.stan', line 68, column 1 to column 21)
	Exception: model_fix_mean_lap_model_namespace::log_prob: Sigma is not positive definite. (in 'model_fix_mean_lap.stan', line 68, column 1 to column 21)
	Exception: model_fix_mean_lap_model_namespace::log_prob: Sigma is not positive definite. (in 'model_fix_mean_lap.stan', line 68, column 1 to column 21)
	Exception: model_fix_mean_lap_model_namespace::log_prob: Sigma is not positive definite. (in 'model_fix_mean_lap.stan', line 68, column 1 to column 21)
	Exception: model_fix_mean_lap_model_namespace::log_prob: Sigma is not positive definite. (in 'model_fix_mean_lap.stan', line 68, column 1 to column 21)
	Exception: model_fix_mean_lap_model_namespace::log_prob: Sigma is not positive definite. (in 'model_fix_mean_lap.stan', line 68, column 1 to column 21)
	Exception: model_fix_mean_lap_model_namespace::log_prob: Sigma is not positive definite. (in 'model_fix_mean_lap.stan', line 68, column 1 to column 21)
	Exception: model_fix_mean_lap_model_namespace::log_prob: Sigma is not positive definite. (in 'model_fix_mean_lap.stan', line 68, column 1 to column 21)
	Exception: model_fix_mean_lap_model_namespace::log_prob: Sigma is not positive definite. (in 'model_fix_mean_lap.stan', line 68, column 1 to column 21)
	Exception: model_fix_mean_lap_model_namespace::log_prob: Sigma is not positive definite. (in 'model_fix_mean_lap.stan', line 68, column 1 to column 21)
	Exception: model_fix_mean_lap_model_namespace::log_prob: Sigma is not positive definite. (in 'model_fix_mean_lap.stan', line 68, column 1 to column 21)
	Exception: model_fix_mean_lap_model_namespace::log_prob: Sigma is not positive definite. (in 'model_fix_mean_lap.stan', line 68, column 1 to column 21)
	Exception: model_fix_mean_lap_model_namespace::log_prob: Sigma is not positive definite. (in 'model_fix_mean_lap.stan', line 68, column 1 to column 21)
	Exception: model_fix_mean_lap_model_namespace::log_prob: Sigma is not positive definite. (in 'model_fix_mean_lap.stan', line 68, column 1 to column 21)
	Exception: model_fix_mean_lap_model_namespace::log_prob: Sigma is not positive definite. (in 'model_fix_mean_lap.stan', line 68, column 1 to column 21)
	Exception: model_fix_mean_lap_model_namespace::log_prob: Sigma is not positive definite. (in 'model_fix_mean_lap.stan', line 68, column 1 to column 21)
	Exception: model_fix_mean_lap_model_namespace::log_prob: Sigma is not positive definite. (in 'model_fix_mean_lap.stan', line 68, column 1 to column 21)
	Exception: model_fix_mean_lap_model_namespace::log_prob: Sigma is not positive definite. (in 'model_fix_mean_lap.stan', line 68, column 1 to column 21)
	Exception: model_fix_mean_lap_model_namespace::log_prob: Sigma is not positive definite. (in 'model_fix_mean_lap.stan', line 68, column 1 to column 21)
	Exception: model_fix_mean_lap_model_namespace::log_prob: Sigma is not positive definite. (in 'model_fix_mean_lap.stan', line 68, column 1 to column 21)
	Exception: model_fix_mean_lap_model_namespace::log_prob: Sigma is not positive definite. (in 'model_fix_mean_lap.stan', line 68, column 1 to column 21)
	Exception: model_fix_mean_lap_model_namespace::log_prob: Sigma is not positive definite. (in 'model_fix_mean_lap.stan', line 68, column 1 to column 21)
Exception: model_fix_mean_lap_model_namespace::log_prob: Sigma is not positive definite. (in 'model_fix_mean_lap.stan', line 68, column 1 to column 21)
	Exception: model_fix_mean_lap_model_namespace::log_prob: Omega is not positive definite. (in 'model_fix_mean_lap.stan', line 67, column 1 to column 22)
	Exception: model_fix_mean_lap_model_namespace::log_prob: Omega is not positive definite. (in 'model_fix_mean_lap.stan', line 67, column 1 to column 22)
	Exception: model_fix_mean_lap_model_namespace::log_prob: Omega is not positive definite. (in 'model_fix_mean_lap.stan', line 67, column 1 to column 22)
	Exception: model_fix_mean_lap_model_namespace::log_prob: Omega is not positive definite. (in 'model_fix_mean_lap.stan', line 67, column 1 to column 22)
	Exception: model_fix_mean_lap_model_namespace::log_prob: Omega is not positive definite. (in 'model_fix_mean_lap.stan', line 67, column 1 to column 22)
	Exception: model_fix_mean_lap_model_namespace::log_prob: Omega is not positive definite. (in 'model_fix_mean_lap.stan', line 67, column 1 to column 22)
	Exception: model_fix_mean_lap_model_namespace::log_prob: Sigma is not positive definite. (in 'model_fix_mean_lap.stan', line 68, column 1 to column 21)
	Exception: model_fix_mean_lap_model_namespace::log_prob: Sigma is not positive definite. (in 'model_fix_mean_lap.stan', line 68, column 1 to column 21)
	Exception: model_fix_mean_lap_model_namespace::log_prob: Omega is not positive definite. (in 'model_fix_mean_lap.stan', line 67, column 1 to column 22)
	Exception: model_fix_mean_lap_model_namespace::log_prob: Omega is not positive definite. (in 'model_fix_mean_lap.stan', line 67, column 1 to column 22)
	Exception: model_fix_mean_lap_model_namespace::log_prob: Sigma is not positive definite. (in 'model_fix_mean_lap.stan', line 68, column 1 to column 21)
	Exception: model_fix_mean_lap_model_namespace::log_prob: Sigma is not positive definite. (in 'model_fix_mean_lap.stan', line 68, column 1 to column 21)
Exception: model_fix_mean_lap_model_namespace::log_prob: Sigma is not positive definite. (in 'model_fix_mean_lap.stan', line 68, column 1 to column 21)
	Exception: model_fix_mean_lap_model_namespace::log_prob: Sigma is not positive definite. (in 'model_fix_mean_lap.stan', line 68, column 1 to column 21)
	Exception: model_fix_mean_lap_model_namespace::log_prob: Omega is not positive definite. (in 'model_fix_mean_lap.stan', line 67, column 1 to column 22)
	Exception: model_fix_mean_lap_model_namespace::log_prob: Omega is not positive definite. (in 'model_fix_mean_lap.stan', line 67, column 1 to column 22)
	Exception: model_fix_mean_lap_model_namespace::log_prob: Omega is not positive definite. (in 'model_fix_mean_lap.stan', line 67, column 1 to column 22)
	Exception: model_fix_mean_lap_model_namespace::log_prob: Sigma is not positive definite. (in 'model_fix_mean_lap.stan', line 68, column 1 to column 21)
	Exception: model_fix_mean_lap_model_namespace::log_prob: Sigma is not positive definite. (in 'model_fix_mean_lap.stan', line 68, column 1 to column 21)
	Exception: model_fix_mean_lap_model_namespace::log_prob: Omega is not positive definite. (in 'model_fix_mean_lap.stan', line 67, column 1 to column 22)
	Exception: model_fix_mean_lap_model_namespace::log_prob: Omega is not positive definite. (in 'model_fix_mean_lap.stan', line 67, column 1 to column 22)
Exception: model_fix_mean_lap_model_namespace::log_prob: Sigma is not positive definite. (in 'model_fix_mean_lap.stan', line 68, column 1 to column 21)
	Exception: model_fix_mean_lap_model_namespace::log_prob: Omega is not positive definite. (in 'model_fix_mean_lap.stan', line 67, column 1 to column 22)
	Exception: model_fix_mean_lap_model_namespace::log_prob: Omega is not positive definite. (in 'model_fix_mean_lap.stan', line 67, column 1 to column 22)
	Exception: model_fix_mean_lap_model_namespace::log_prob: Omega is not positive definite. (in 'model_fix_mean_lap.stan', line 67, column 1 to column 22)
	Exception: model_fix_mean_lap_model_namespace::log_prob: Omega is not positive definite. (in 'model_fix_mean_lap.stan', line 67, column 1 to column 22)
	Exception: model_fix_mean_lap_model_namespace::log_prob: Omega is not positive definite. (in 'model_fix_mean_lap.stan', line 67, column 1 to column 22)
	Exception: model_fix_mean_lap_model_namespace::log_prob: Omega is not positive definite. (in 'model_fix_mean_lap.stan', line 67, column 1 to column 22)
	Exception: model_fix_mean_lap_model_namespace::log_prob: Sigma is not positive definite. (in 'model_fix_mean_lap.stan', line 68, column 1 to column 21)
	Exception: model_fix_mean_lap_model_namespace::log_prob: Sigma is not positive definite. (in 'model_fix_mean_lap.stan', line 68, column 1 to column 21)
	Exception: model_fix_mean_lap_model_namespace::log_prob: Sigma is not positive definite. (in 'model_fix_mean_lap.stan', line 68, column 1 to column 21)
	Exception: model_fix_mean_lap_model_namespace::log_prob: Sigma is not positive definite. (in 'model_fix_mean_lap.stan', line 68, column 1 to column 21)
	Exception: model_fix_mean_lap_model_namespace::log_prob: Sigma is not positive definite. (in 'model_fix_mean_lap.stan', line 68, column 1 to column 21)
	Exception: model_fix_mean_lap_model_namespace::log_prob: Sigma is not positive definite. (in 'model_fix_mean_lap.stan', line 68, column 1 to column 21)
	Exception: model_fix_mean_lap_model_namespace::log_prob: Omega is not positive definite. (in 'model_fix_mean_lap.stan', line 67, column 1 to column 22)
	Exception: model_fix_mean_lap_model_namespace::log_prob: Omega is not positive definite. (in 'model_fix_mean_lap.stan', line 67, column 1 to column 22)
	Exception: model_fix_mean_lap_model_namespace::log_prob: Omega is not positive definite. (in 'model_fix_mean_lap.stan', line 67, column 1 to column 22)
	Exception: model_fix_mean_lap_model_namespace::log_prob: Sigma is not positive definite. (in 'model_fix_mean_lap.stan', line 68, column 1 to column 21)
	Exception: model_fix_mean_lap_model_namespace::log_prob: Sigma is not positive definite. (in 'model_fix_mean_lap.stan', line 68, column 1 to column 21)
	Exception: model_fix_mean_lap_model_namespace::log_prob: Sigma is not positive definite. (in 'model_fix_mean_lap.stan', line 68, column 1 to column 21)
	Exception: model_fix_mean_lap_model_namespace::log_prob: Sigma is not positive definite. (in 'model_fix_mean_lap.stan', line 68, column 1 to column 21)
	Exception: model_fix_mean_lap_model_namespace::log_prob: Sigma is not positive definite. (in 'model_fix_mean_lap.stan', line 68, column 1 to column 21)
	Exception: model_fix_mean_lap_model_namespace::log_prob: Sigma is not positive definite. (in 'model_fix_mean_lap.stan', line 68, column 1 to column 21)
	Exception: model_fix_mean_lap_model_namespace::log_prob: Sigma is not positive definite. (in 'model_fix_mean_lap.stan', line 68, column 1 to column 21)
	Exception: model_fix_mean_lap_model_namespace::log_prob: Sigma is not positive definite. (in 'model_fix_mean_lap.stan', line 68, column 1 to column 21)
	Exception: model_fix_mean_lap_model_namespace::log_prob: Sigma is not positive definite. (in 'model_fix_mean_lap.stan', line 68, column 1 to column 21)
	Exception: model_fix_mean_lap_model_namespace::log_prob: Sigma is not positive definite. (in 'model_fix_mean_lap.stan', line 68, column 1 to column 21)
Exception: model_fix_mean_lap_model_namespace::log_prob: Omega is not positive definite. (in 'model_fix_mean_lap.stan', line 67, column 1 to column 22)
	Exception: model_fix_mean_lap_model_namespace::log_prob: Omega is not positive definite. (in 'model_fix_mean_lap.stan', line 67, column 1 to column 22)
	Exception: model_fix_mean_lap_model_namespace::log_prob: Omega is not positive definite. (in 'model_fix_mean_lap.stan', line 67, column 1 to column 22)
	Exception: model_fix_mean_lap_model_namespace::log_prob: Sigma is not positive definite. (in 'model_fix_mean_lap.stan', line 68, column 1 to column 21)
	Exception: model_fix_mean_lap_model_namespace::log_prob: Sigma is not positive definite. (in 'model_fix_mean_lap.stan', line 68, column 1 to column 21)
	Exception: model_fix_mean_lap_model_namespace::log_prob: Sigma is not positive definite. (in 'model_fix_mean_lap.stan', line 68, column 1 to column 21)
	Exception: model_fix_mean_lap_model_namespace::log_prob: Omega is not positive definite. (in 'model_fix_mean_lap.stan', line 67, column 1 to column 22)
	Exception: model_fix_mean_lap_model_namespace::log_prob: Omega is not positive definite. (in 'model_fix_mean_lap.stan', line 67, column 1 to column 22)
	Exception: model_fix_mean_lap_model_namespace::log_prob: Sigma is not positive definite. (in 'model_fix_mean_lap.stan', line 68, column 1 to column 21)
	Exception: model_fix_mean_lap_model_namespace::log_prob: Sigma is not positive definite. (in 'model_fix_mean_lap.stan', line 68, column 1 to column 21)
Exception: model_fix_mean_lap_model_namespace::log_prob: Sigma is not positive definite. (in 'model_fix_mean_lap.stan', line 68, column 1 to column 21)
	Exception: model_fix_mean_lap_model_namespace::log_prob: Sigma is not positive definite. (in 'model_fix_mean_lap.stan', line 68, column 1 to column 21)
	Exception: model_fix_mean_lap_model_namespace::log_prob: Omega is not positive definite. (in 'model_fix_mean_lap.stan', line 67, column 1 to column 22)
	Exception: model_fix_mean_lap_model_namespace::log_prob: Omega is not positive definite. (in 'model_fix_mean_lap.stan', line 67, column 1 to column 22)
	Exception: model_fix_mean_lap_model_namespace::log_prob: Omega is not positive definite. (in 'model_fix_mean_lap.stan', line 67, column 1 to column 22)
	Exception: model_fix_mean_lap_model_namespace::log_prob: Omega is not positive definite. (in 'model_fix_mean_lap.stan', line 67, column 1 to column 22)
	Exception: model_fix_mean_lap_model_namespace::log_prob: Omega is not positive definite. (in 'model_fix_mean_lap.stan', line 67, column 1 to column 22)
	Exception: model_fix_mean_lap_model_namespace::log_prob: Sigma is not positive definite. (in 'model_fix_mean_lap.stan', line 68, column 1 to column 21)
	Exception: model_fix_mean_lap_model_namespace::log_prob: Sigma is not positive definite. (in 'model_fix_mean_lap.stan', line 68, column 1 to column 21)
	Exception: model_fix_mean_lap_model_namespace::log_prob: Omega is not positive definite. (in 'model_fix_mean_lap.stan', line 67, column 1 to column 22)
	Exception: model_fix_mean_lap_model_namespace::log_prob: Omega is not positive definite. (in 'model_fix_mean_lap.stan', line 67, column 1 to column 22)
	Exception: multi_normal_lpdf: Location parameter[1] is -inf, but must be finite! (in 'model_fix_mean_lap.stan', line 140, column 12 to column 74)
	Exception: model_fix_mean_lap_model_namespace::log_prob: Sigma is not positive definite. (in 'model_fix_mean_lap.stan', line 68, column 1 to column 21)
	Exception: model_fix_mean_lap_model_namespace::log_prob: Sigma is not positive definite. (in 'model_fix_mean_lap.stan', line 68, column 1 to column 21)
	Exception: model_fix_mean_lap_model_namespace::log_prob: Sigma is not positive definite. (in 'model_fix_mean_lap.stan', line 68, column 1 to column 21)
Exception: model_fix_mean_lap_model_namespace::log_prob: Sigma is not positive definite. (in 'model_fix_mean_lap.stan', line 68, column 1 to column 21)
	Exception: model_fix_mean_lap_model_namespace::log_prob: Sigma is not positive definite. (in 'model_fix_mean_lap.stan', line 68, column 1 to column 21)
	Exception: model_fix_mean_lap_model_namespace::log_prob: Omega is not positive definite. (in 'model_fix_mean_lap.stan', line 67, column 1 to column 22)
	Exception: model_fix_mean_lap_model_namespace::log_prob: Omega is not positive definite. (in 'model_fix_mean_lap.stan', line 67, column 1 to column 22)
	Exception: model_fix_mean_lap_model_namespace::log_prob: Omega is not positive definite. (in 'model_fix_mean_lap.stan', line 67, column 1 to column 22)
	Exception: model_fix_mean_lap_model_namespace::log_prob: Omega is not positive definite. (in 'model_fix_mean_lap.stan', line 67, column 1 to column 22)
	Exception: model_fix_mean_lap_model_namespace::log_prob: Sigma is not positive definite. (in 'model_fix_mean_lap.stan', line 68, column 1 to column 21)
	Exception: model_fix_mean_lap_model_namespace::log_prob: Omega is not positive definite. (in 'model_fix_mean_lap.stan', line 67, column 1 to column 22)
	Exception: model_fix_mean_lap_model_namespace::log_prob: Omega is not positive definite. (in 'model_fix_mean_lap.stan', line 67, column 1 to column 22)
Exception: model_fix_mean_lap_model_namespace::log_prob: Omega is not positive definite. (in 'model_fix_mean_lap.stan', line 67, column 1 to column 22)
	Exception: model_fix_mean_lap_model_namespace::log_prob: Omega is not positive definite. (in 'model_fix_mean_lap.stan', line 67, column 1 to column 22)
	Exception: model_fix_mean_lap_model_namespace::log_prob: Omega is not positive definite. (in 'model_fix_mean_lap.stan', line 67, column 1 to column 22)
	Exception: model_fix_mean_lap_model_namespace::log_prob: Sigma is not positive definite. (in 'model_fix_mean_lap.stan', line 68, column 1 to column 21)
	Exception: model_fix_mean_lap_model_namespace::log_prob: Sigma is not positive definite. (in 'model_fix_mean_lap.stan', line 68, column 1 to column 21)
	Exception: model_fix_mean_lap_model_namespace::log_prob: Sigma is not positive definite. (in 'model_fix_mean_lap.stan', line 68, column 1 to column 21)
	Exception: model_fix_mean_lap_model_namespace::log_prob: Omega is not positive definite. (in 'model_fix_mean_lap.stan', line 67, column 1 to column 22)
	Exception: model_fix_mean_lap_model_namespace::log_prob: Sigma is not positive definite. (in 'model_fix_mean_lap.stan', line 68, column 1 to column 21)
Exception: model_fix_mean_lap_model_namespace::log_prob: Omega is not positive definite. (in 'model_fix_mean_lap.stan', line 67, column 1 to column 22)
	Exception: model_fix_mean_lap_model_namespace::log_prob: Omega is not positive definite. (in 'model_fix_mean_lap.stan', line 67, column 1 to column 22)
	Exception: model_fix_mean_lap_model_namespace::log_prob: Omega is not positive definite. (in 'model_fix_mean_lap.stan', line 67, column 1 to column 22)
	Exception: model_fix_mean_lap_model_namespace::log_prob: Sigma is not positive definite. (in 'model_fix_mean_lap.stan', line 68, column 1 to column 21)
	Exception: ordered_logistic: Cut-points is not a valid ordered vector. The element at 2 is -13.0911, but should be greater than the previous element, -13.0911 (in 'model_fix_mean_lap.stan', line 159, column 35 to column 126)
	Exception: model_fix_mean_lap_model_namespace::log_prob: Omega is not positive definite. (in 'model_fix_mean_lap.stan', line 67, column 1 to column 22)
	Exception: model_fix_mean_lap_model_namespace::log_prob: Omega is not positive definite. (in 'model_fix_mean_lap.stan', line 67, column 1 to column 22)
Exception: model_fix_mean_lap_model_namespace::log_prob: Sigma is not positive definite. (in 'model_fix_mean_lap.stan', line 68, column 1 to column 21)
	Exception: model_fix_mean_lap_model_namespace::log_prob: Sigma is not positive definite. (in 'model_fix_mean_lap.stan', line 68, column 1 to column 21)
	Exception: model_fix_mean_lap_model_namespace::log_prob: Omega is not positive definite. (in 'model_fix_mean_lap.stan', line 67, column 1 to column 22)
	Exception: model_fix_mean_lap_model_namespace::log_prob: Omega is not positive definite. (in 'model_fix_mean_lap.stan', line 67, column 1 to column 22)
	Exception: model_fix_mean_lap_model_namespace::log_prob: Omega is not positive definite. (in 'model_fix_mean_lap.stan', line 67, column 1 to column 22)
	Exception: model_fix_mean_lap_model_namespace::log_prob: Omega is not positive definite. (in 'model_fix_mean_lap.stan', line 67, column 1 to column 22)
	Exception: model_fix_mean_lap_model_namespace::log_prob: Sigma is not positive definite. (in 'model_fix_mean_lap.stan', line 68, column 1 to column 21)
	Exception: model_fix_mean_lap_model_namespace::log_prob: Sigma is not positive definite. (in 'model_fix_mean_lap.stan', line 68, column 1 to column 21)
	Exception: model_fix_mean_lap_model_namespace::log_prob: Omega is not positive definite. (in 'model_fix_mean_lap.stan', line 67, column 1 to column 22)
	Exception: model_fix_mean_lap_model_namespace::log_prob: Sigma is not positive definite. (in 'model_fix_mean_lap.stan', line 68, column 1 to column 21)
Exception: model_fix_mean_lap_model_namespace::log_prob: Sigma is not positive definite. (in 'model_fix_mean_lap.stan', line 68, column 1 to column 21)
	Exception: model_fix_mean_lap_model_namespace::log_prob: Sigma is not positive definite. (in 'model_fix_mean_lap.stan', line 68, column 1 to column 21)
	Exception: model_fix_mean_lap_model_namespace::log_prob: Sigma is not positive definite. (in 'model_fix_mean_lap.stan', line 68, column 1 to column 21)
	Exception: model_fix_mean_lap_model_namespace::log_prob: Omega is not positive definite. (in 'model_fix_mean_lap.stan', line 67, column 1 to column 22)
	Exception: model_fix_mean_lap_model_namespace::log_prob: Omega is not positive definite. (in 'model_fix_mean_lap.stan', line 67, column 1 to column 22)
	Exception: model_fix_mean_lap_model_namespace::log_prob: Omega is not positive definite. (in 'model_fix_mean_lap.stan', line 67, column 1 to column 22)
	Exception: model_fix_mean_lap_model_namespace::log_prob: Omega is not positive definite. (in 'model_fix_mean_lap.stan', line 67, column 1 to column 22)
	Exception: model_fix_mean_lap_model_namespace::log_prob: Sigma is not positive definite. (in 'model_fix_mean_lap.stan', line 68, column 1 to column 21)
	Exception: model_fix_mean_lap_model_namespace::log_prob: Sigma is not positive definite. (in 'model_fix_mean_lap.stan', line 68, column 1 to column 21)
	Exception: model_fix_mean_lap_model_namespace::log_prob: Sigma is not positive definite. (in 'model_fix_mean_lap.stan', line 68, column 1 to column 21)
	Exception: model_fix_mean_lap_model_namespace::log_prob: Omega is not positive definite. (in 'model_fix_mean_lap.stan', line 67, column 1 to column 22)
	Exception: model_fix_mean_lap_model_namespace::log_prob: Omega is not positive definite. (in 'model_fix_mean_lap.stan', line 67, column 1 to column 22)
	Exception: model_fix_mean_lap_model_namespace::log_prob: Sigma is not positive definite. (in 'model_fix_mean_lap.stan', line 68, column 1 to column 21)
	Exception: multi_normal_lpdf: Location parameter[1] is -inf, but must be finite! (in 'model_fix_mean_lap.stan', line 140, column 12 to column 74)
	Exception: multi_normal_lpdf: Location parameter[1] is inf, but must be finite! (in 'model_fix_mean_lap.stan', line 140, column 12 to column 74)
Exception: model_fix_mean_lap_model_namespace::log_prob: Omega is not positive definite. (in 'model_fix_mean_lap.stan', line 67, column 1 to column 22)
	Exception: model_fix_mean_lap_model_namespace::log_prob: Omega is not positive definite. (in 'model_fix_mean_lap.stan', line 67, column 1 to column 22)
	Exception: model_fix_mean_lap_model_namespace::log_prob: Omega is not positive definite. (in 'model_fix_mean_lap.stan', line 67, column 1 to column 22)
	Exception: model_fix_mean_lap_model_namespace::log_prob: Omega is not positive definite. (in 'model_fix_mean_lap.stan', line 67, column 1 to column 22)
	Exception: model_fix_mean_lap_model_namespace::log_prob: Sigma is not positive definite. (in 'model_fix_mean_lap.stan', line 68, column 1 to column 21)
	Exception: model_fix_mean_lap_model_namespace::log_prob: Sigma is not positive definite. (in 'model_fix_mean_lap.stan', line 68, column 1 to column 21)
	Exception: model_fix_mean_lap_model_namespace::log_prob: Omega is not positive definite. (in 'model_fix_mean_lap.stan', line 67, column 1 to column 22)
	Exception: model_fix_mean_lap_model_namespace::log_prob: Sigma is not positive definite. (in 'model_fix_mean_lap.stan', line 68, column 1 to column 21)
Exception: model_fix_mean_lap_model_namespace::log_prob: Sigma is not positive definite. (in 'model_fix_mean_lap.stan', line 68, column 1 to column 21)
	Exception: model_fix_mean_lap_model_namespace::log_prob: Omega is not positive definite. (in 'model_fix_mean_lap.stan', line 67, column 1 to column 22)
	Exception: model_fix_mean_lap_model_namespace::log_prob: Omega is not positive definite. (in 'model_fix_mean_lap.stan', line 67, column 1 to column 22)
	Exception: model_fix_mean_lap_model_namespace::log_prob: Omega is not positive definite. (in 'model_fix_mean_lap.stan', line 67, column 1 to column 22)
	Exception: model_fix_mean_lap_model_namespace::log_prob: Omega is not positive definite. (in 'model_fix_mean_lap.stan', line 67, column 1 to column 22)
	Exception: model_fix_mean_lap_model_namespace::log_prob: Omega is not positive definite. (in 'model_fix_mean_lap.stan', line 67, column 1 to column 22)
	Exception: model_fix_mean_lap_model_namespace::log_prob: Sigma is not positive definite. (in 'model_fix_mean_lap.stan', line 68, column 1 to column 21)
	Exception: model_fix_mean_lap_model_namespace::log_prob: Sigma is not positive definite. (in 'model_fix_mean_lap.stan', line 68, column 1 to column 21)
	Exception: model_fix_mean_lap_model_namespace::log_prob: Sigma is not positive definite. (in 'model_fix_mean_lap.stan', line 68, column 1 to column 21)
	Exception: model_fix_mean_lap_model_namespace::log_prob: Omega is not positive definite. (in 'model_fix_mean_lap.stan', line 67, column 1 to column 22)
	Exception: model_fix_mean_lap_model_namespace::log_prob: Omega is not positive definite. (in 'model_fix_mean_lap.stan', line 67, column 1 to column 22)
Exception: model_fix_mean_lap_model_namespace::log_prob: Sigma is not positive definite. (in 'model_fix_mean_lap.stan', line 68, column 1 to column 21)
	Exception: model_fix_mean_lap_model_namespace::log_prob: Sigma is not positive definite. (in 'model_fix_mean_lap.stan', line 68, column 1 to column 21)
	Exception: model_fix_mean_lap_model_namespace::log_prob: Omega is not positive definite. (in 'model_fix_mean_lap.stan', line 67, column 1 to column 22)
	Exception: model_fix_mean_lap_model_namespace::log_prob: Omega is not positive definite. (in 'model_fix_mean_lap.stan', line 67, column 1 to column 22)
	Exception: model_fix_mean_lap_model_namespace::log_prob: Sigma is not positive definite. (in 'model_fix_mean_lap.stan', line 68, column 1 to column 21)
	Exception: model_fix_mean_lap_model_namespace::log_prob: Sigma is not positive definite. (in 'model_fix_mean_lap.stan', line 68, column 1 to column 21)
	Exception: ordered_logistic: Cut-points is not a valid ordered vector. The element at 2 is -8.03894, but should be greater than the previous element, -8.03894 (in 'model_fix_mean_lap.stan', line 157, column 35 to column 126)
	Exception: model_fix_mean_lap_model_namespace::log_prob: Omega is not positive definite. (in 'model_fix_mean_lap.stan', line 67, column 1 to column 22)
	Exception: model_fix_mean_lap_model_namespace::log_prob: Omega is not positive definite. (in 'model_fix_mean_lap.stan', line 67, column 1 to column 22)
	Exception: model_fix_mean_lap_model_namespace::log_prob: Sigma is not positive definite. (in 'model_fix_mean_lap.stan', line 68, column 1 to column 21)
Exception: model_fix_mean_lap_model_namespace::log_prob: Sigma is not positive definite. (in 'model_fix_mean_lap.stan', line 68, column 1 to column 21)
	Exception: model_fix_mean_lap_model_namespace::log_prob: Omega is not positive definite. (in 'model_fix_mean_lap.stan', line 67, column 1 to column 22)
	Exception: model_fix_mean_lap_model_namespace::log_prob: Omega is not positive definite. (in 'model_fix_mean_lap.stan', line 67, column 1 to column 22)
	Exception: model_fix_mean_lap_model_namespace::log_prob: Omega is not positive definite. (in 'model_fix_mean_lap.stan', line 67, column 1 to column 22)
	Exception: model_fix_mean_lap_model_namespace::log_prob: Sigma is not positive definite. (in 'model_fix_mean_lap.stan', line 68, column 1 to column 21)
	Exception: model_fix_mean_lap_model_namespace::log_prob: Sigma is not positive definite. (in 'model_fix_mean_lap.stan', line 68, column 1 to column 21)
	Exception: model_fix_mean_lap_model_namespace::log_prob: Omega is not positive definite. (in 'model_fix_mean_lap.stan', line 67, column 1 to column 22)
	Exception: model_fix_mean_lap_model_namespace::log_prob: Omega is not positive definite. (in 'model_fix_mean_lap.stan', line 67, column 1 to column 22)
	Exception: model_fix_mean_lap_model_namespace::log_prob: Sigma is not positive definite. (in 'model_fix_mean_lap.stan', line 68, column 1 to column 21)
Exception: model_fix_mean_lap_model_namespace::log_prob: Omega is not positive definite. (in 'model_fix_mean_lap.stan', line 67, column 1 to column 22)
	Exception: model_fix_mean_lap_model_namespace::log_prob: Omega is not positive definite. (in 'model_fix_mean_lap.stan', line 67, column 1 to column 22)
	Exception: model_fix_mean_lap_model_namespace::log_prob: Omega is not positive definite. (in 'model_fix_mean_lap.stan', line 67, column 1 to column 22)
	Exception: model_fix_mean_lap_model_namespace::log_prob: Omega is not positive definite. (in 'model_fix_mean_lap.stan', line 67, column 1 to column 22)
	Exception: model_fix_mean_lap_model_namespace::log_prob: Sigma is not positive definite. (in 'model_fix_mean_lap.stan', line 68, column 1 to column 21)
	Exception: model_fix_mean_lap_model_namespace::log_prob: Sigma is not positive definite. (in 'model_fix_mean_lap.stan', line 68, column 1 to column 21)
	Exception: model_fix_mean_lap_model_namespace::log_prob: Sigma is not positive definite. (in 'model_fix_mean_lap.stan', line 68, column 1 to column 21)
	Exception: model_fix_mean_lap_model_namespace::log_prob: Sigma is not positive definite. (in 'model_fix_mean_lap.stan', line 68, column 1 to column 21)
	Exception: model_fix_mean_lap_model_namespace::log_prob: Omega is not positive definite. (in 'model_fix_mean_lap.stan', line 67, column 1 to column 22)
	Exception: model_fix_mean_lap_model_namespace::log_prob: Omega is not positive definite. (in 'model_fix_mean_lap.stan', line 67, column 1 to column 22)
Exception: model_fix_mean_lap_model_namespace::log_prob: Omega is not positive definite. (in 'model_fix_mean_lap.stan', line 67, column 1 to column 22)
	Exception: model_fix_mean_lap_model_namespace::log_prob: Omega is not positive definite. (in 'model_fix_mean_lap.stan', line 67, column 1 to column 22)
	Exception: model_fix_mean_lap_model_namespace::log_prob: Omega is not positive definite. (in 'model_fix_mean_lap.stan', line 67, column 1 to column 22)
	Exception: model_fix_mean_lap_model_namespace::log_prob: Omega is not positive definite. (in 'model_fix_mean_lap.stan', line 67, column 1 to column 22)
	Exception: model_fix_mean_lap_model_namespace::log_prob: Omega is not positive definite. (in 'model_fix_mean_lap.stan', line 67, column 1 to column 22)
	Exception: model_fix_mean_lap_model_namespace::log_prob: Sigma is not positive definite. (in 'model_fix_mean_lap.stan', line 68, column 1 to column 21)
	Exception: model_fix_mean_lap_model_namespace::log_prob: Omega is not positive definite. (in 'model_fix_mean_lap.stan', line 67, column 1 to column 22)
	Exception: model_fix_mean_lap_model_namespace::log_prob: Omega is not positive definite. (in 'model_fix_mean_lap.stan', line 67, column 1 to column 22)
	Exception: model_fix_mean_lap_model_namespace::log_prob: Sigma is not positive definite. (in 'model_fix_mean_lap.stan', line 68, column 1 to column 21)
	Exception: model_fix_mean_lap_model_namespace::log_prob: Sigma is not positive definite. (in 'model_fix_mean_lap.stan', line 68, column 1 to column 21)
Exception: model_fix_mean_lap_model_namespace::log_prob: Sigma is not positive definite. (in 'model_fix_mean_lap.stan', line 68, column 1 to column 21)
	Exception: model_fix_mean_lap_model_namespace::log_prob: Sigma is not positive definite. (in 'model_fix_mean_lap.stan', line 68, column 1 to column 21)
	Exception: model_fix_mean_lap_model_namespace::log_prob: Sigma is not positive definite. (in 'model_fix_mean_lap.stan', line 68, column 1 to column 21)
	Exception: model_fix_mean_lap_model_namespace::log_prob: Sigma is not positive definite. (in 'model_fix_mean_lap.stan', line 68, column 1 to column 21)
	Exception: model_fix_mean_lap_model_namespace::log_prob: Sigma is not positive definite. (in 'model_fix_mean_lap.stan', line 68, column 1 to column 21)
	Exception: model_fix_mean_lap_model_namespace::log_prob: Sigma is not positive definite. (in 'model_fix_mean_lap.stan', line 68, column 1 to column 21)
	Exception: model_fix_mean_lap_model_namespace::log_prob: Sigma is not positive definite. (in 'model_fix_mean_lap.stan', line 68, column 1 to column 21)
	Exception: model_fix_mean_lap_model_namespace::log_prob: Sigma is not positive definite. (in 'model_fix_mean_lap.stan', line 68, column 1 to column 21)
	Exception: model_fix_mean_lap_model_namespace::log_prob: Sigma is not positive definite. (in 'model_fix_mean_lap.stan', line 68, column 1 to column 21)
	Exception: model_fix_mean_lap_model_namespace::log_prob: Sigma is not positive definite. (in 'model_fix_mean_lap.stan', line 68, column 1 to column 21)
	Exception: model_fix_mean_lap_model_namespace::log_prob: Sigma is not positive definite. (in 'model_fix_mean_lap.stan', line 68, column 1 to column 21)
	Exception: model_fix_mean_lap_model_namespace::log_prob: Omega is not positive definite. (in 'model_fix_mean_lap.stan', line 67, column 1 to column 22)
	Exception: model_fix_mean_lap_model_namespace::log_prob: Omega is not positive definite. (in 'model_fix_mean_lap.stan', line 67, column 1 to column 22)
	Exception: model_fix_mean_lap_model_namespace::log_prob: Omega is not positive definite. (in 'model_fix_mean_lap.stan', line 67, column 1 to column 22)
	Exception: model_fix_mean_lap_model_namespace::log_prob: Omega is not positive definite. (in 'model_fix_mean_lap.stan', line 67, column 1 to column 22)
	Exception: model_fix_mean_lap_model_namespace::log_prob: Omega is not positive definite. (in 'model_fix_mean_lap.stan', line 67, column 1 to column 22)
	Exception: model_fix_mean_lap_model_namespace::log_prob: Omega is not positive definite. (in 'model_fix_mean_lap.stan', line 67, column 1 to column 22)
	Exception: model_fix_mean_lap_model_namespace::log_prob: Omega is not positive definite. (in 'model_fix_mean_lap.stan', line 67, column 1 to column 22)
	Exception: model_fix_mean_lap_model_namespace::log_prob: Omega is not positive definite. (in 'model_fix_mean_lap.stan', line 67, column 1 to column 22)
	Exception: model_fix_mean_lap_model_namespace::log_prob: Sigma is not positive definite. (in 'model_fix_mean_lap.stan', line 68, column 1 to column 21)
	Exception: model_fix_mean_lap_model_namespace::log_prob: Sigma is not positive definite. (in 'model_fix_mean_lap.stan', line 68, column 1 to column 21)
	Exception: model_fix_mean_lap_model_namespace::log_prob: Sigma is not positive definite. (in 'model_fix_mean_lap.stan', line 68, column 1 to column 21)
	Exception: model_fix_mean_lap_model_namespace::log_prob: Omega is not positive definite. (in 'model_fix_mean_lap.stan', line 67, column 1 to column 22)
	Exception: model_fix_mean_lap_model_namespace::log_prob: Omega is not positive definite. (in 'model_fix_mean_lap.stan', line 67, column 1 to column 22)
	Exception: model_fix_mean_lap_model_namespace::log_prob: Omega is not positive definite. (in 'model_fix_mean_lap.stan', line 67, column 1 to column 22)
	Exception: model_fix_mean_lap_model_namespace::log_prob: Sigma is not positive definite. (in 'model_fix_mean_lap.stan', line 68, column 1 to column 21)
	Exception: model_fix_mean_lap_model_namespace::log_prob: Sigma is not positive definite. (in 'model_fix_mean_lap.stan', line 68, column 1 to column 21)
	Exception: model_fix_mean_lap_model_namespace::log_prob: Sigma is not positive definite. (in 'model_fix_mean_lap.stan', line 68, column 1 to column 21)
	Exception: model_fix_mean_lap_model_namespace::log_prob: Sigma is not positive definite. (in 'model_fix_mean_lap.stan', line 68, column 1 to column 21)
	Exception: model_fix_mean_lap_model_namespace::log_prob: Sigma is not positive definite. (in 'model_fix_mean_lap.stan', line 68, column 1 to column 21)
	Exception: model_fix_mean_lap_model_namespace::log_prob: Sigma is not positive definite. (in 'model_fix_mean_lap.stan', line 68, column 1 to column 21)
	Exception: model_fix_mean_lap_model_namespace::log_prob: Sigma is not positive definite. (in 'model_fix_mean_lap.stan', line 68, column 1 to column 21)
	Exception: model_fix_mean_lap_model_namespace::log_prob: Sigma is not positive definite. (in 'model_fix_mean_lap.stan', line 68, column 1 to column 21)
	Exception: model_fix_mean_lap_model_namespace::log_prob: Sigma is not positive definite. (in 'model_fix_mean_lap.stan', line 68, column 1 to column 21)
Exception: model_fix_mean_lap_model_namespace::log_prob: Omega is not positive definite. (in 'model_fix_mean_lap.stan', line 67, column 1 to column 22)
	Exception: model_fix_mean_lap_model_namespace::log_prob: Omega is not positive definite. (in 'model_fix_mean_lap.stan', line 67, column 1 to column 22)
	Exception: model_fix_mean_lap_model_namespace::log_prob: Omega is not positive definite. (in 'model_fix_mean_lap.stan', line 67, column 1 to column 22)
	Exception: model_fix_mean_lap_model_namespace::log_prob: Sigma is not positive definite. (in 'model_fix_mean_lap.stan', line 68, column 1 to column 21)
	Exception: model_fix_mean_lap_model_namespace::log_prob: Sigma is not positive definite. (in 'model_fix_mean_lap.stan', line 68, column 1 to column 21)
	Exception: model_fix_mean_lap_model_namespace::log_prob: Omega is not positive definite. (in 'model_fix_mean_lap.stan', line 67, column 1 to column 22)
	Exception: model_fix_mean_lap_model_namespace::log_prob: Omega is not positive definite. (in 'model_fix_mean_lap.stan', line 67, column 1 to column 22)
Exception: model_fix_mean_lap_model_namespace::log_prob: Sigma is not positive definite. (in 'model_fix_mean_lap.stan', line 68, column 1 to column 21)
	Exception: model_fix_mean_lap_model_namespace::log_prob: Sigma is not positive definite. (in 'model_fix_mean_lap.stan', line 68, column 1 to column 21)
	Exception: model_fix_mean_lap_model_namespace::log_prob: Omega is not positive definite. (in 'model_fix_mean_lap.stan', line 67, column 1 to column 22)
	Exception: model_fix_mean_lap_model_namespace::log_prob: Omega is not positive definite. (in 'model_fix_mean_lap.stan', line 67, column 1 to column 22)
	Exception: model_fix_mean_lap_model_namespace::log_prob: Omega is not positive definite. (in 'model_fix_mean_lap.stan', line 67, column 1 to column 22)
	Exception: model_fix_mean_lap_model_namespace::log_prob: Omega is not positive definite. (in 'model_fix_mean_lap.stan', line 67, column 1 to column 22)
	Exception: model_fix_mean_lap_model_namespace::log_prob: Omega is not positive definite. (in 'model_fix_mean_lap.stan', line 67, column 1 to column 22)
	Exception: model_fix_mean_lap_model_namespace::log_prob: Omega is not positive definite. (in 'model_fix_mean_lap.stan', line 67, column 1 to column 22)
	Exception: model_fix_mean_lap_model_namespace::log_prob: Omega is not positive definite. (in 'model_fix_mean_lap.stan', line 67, column 1 to column 22)
	Exception: model_fix_mean_lap_model_namespace::log_prob: Sigma is not positive definite. (in 'model_fix_mean_lap.stan', line 68, column 1 to column 21)
	Exception: model_fix_mean_lap_model_namespace::log_prob: Sigma is not positive definite. (in 'model_fix_mean_lap.stan', line 68, column 1 to column 21)
	Exception: model_fix_mean_lap_model_namespace::log_prob: Sigma is not positive definite. (in 'model_fix_mean_lap.stan', line 68, column 1 to column 21)
	Exception: model_fix_mean_lap_model_namespace::log_prob: Sigma is not positive definite. (in 'model_fix_mean_lap.stan', line 68, column 1 to column 21)
Exception: model_fix_mean_lap_model_namespace::log_prob: Sigma is not positive definite. (in 'model_fix_mean_lap.stan', line 68, column 1 to column 21)
	Exception: model_fix_mean_lap_model_namespace::log_prob: Omega is not positive definite. (in 'model_fix_mean_lap.stan', line 67, column 1 to column 22)
	Exception: model_fix_mean_lap_model_namespace::log_prob: Omega is not positive definite. (in 'model_fix_mean_lap.stan', line 67, column 1 to column 22)
	Exception: model_fix_mean_lap_model_namespace::log_prob: Omega is not positive definite. (in 'model_fix_mean_lap.stan', line 67, column 1 to column 22)
	Exception: model_fix_mean_lap_model_namespace::log_prob: Omega is not positive definite. (in 'model_fix_mean_lap.stan', line 67, column 1 to column 22)
	Exception: model_fix_mean_lap_model_namespace::log_prob: Omega is not positive definite. (in 'model_fix_mean_lap.stan', line 67, column 1 to column 22)
	Exception: model_fix_mean_lap_model_namespace::log_prob: Sigma is not positive definite. (in 'model_fix_mean_lap.stan', line 68, column 1 to column 21)
	Exception: model_fix_mean_lap_model_namespace::log_prob: Sigma is not positive definite. (in 'model_fix_mean_lap.stan', line 68, column 1 to column 21)
	Exception: model_fix_mean_lap_model_namespace::log_prob: Sigma is not positive definite. (in 'model_fix_mean_lap.stan', line 68, column 1 to column 21)
	Exception: model_fix_mean_lap_model_namespace::log_prob: Omega is not positive definite. (in 'model_fix_mean_lap.stan', line 67, column 1 to column 22)
	Exception: model_fix_mean_lap_model_namespace::log_prob: Omega is not positive definite. (in 'model_fix_mean_lap.stan', line 67, column 1 to column 22)
Exception: model_fix_mean_lap_model_namespace::log_prob: Sigma is not positive definite. (in 'model_fix_mean_lap.stan', line 68, column 1 to column 21)
	Exception: model_fix_mean_lap_model_namespace::log_prob: Omega is not positive definite. (in 'model_fix_mean_lap.stan', line 67, column 1 to column 22)
	Exception: model_fix_mean_lap_model_namespace::log_prob: Omega is not positive definite. (in 'model_fix_mean_lap.stan', line 67, column 1 to column 22)
	Exception: model_fix_mean_lap_model_namespace::log_prob: Omega is not positive definite. (in 'model_fix_mean_lap.stan', line 67, column 1 to column 22)
	Exception: model_fix_mean_lap_model_namespace::log_prob: Omega is not positive definite. (in 'model_fix_mean_lap.stan', line 67, column 1 to column 22)
	Exception: model_fix_mean_lap_model_namespace::log_prob: Sigma is not positive definite. (in 'model_fix_mean_lap.stan', line 68, column 1 to column 21)
	Exception: model_fix_mean_lap_model_namespace::log_prob: Omega is not positive definite. (in 'model_fix_mean_lap.stan', line 67, column 1 to column 22)
	Exception: model_fix_mean_lap_model_namespace::log_prob: Omega is not positive definite. (in 'model_fix_mean_lap.stan', line 67, column 1 to column 22)
	Exception: model_fix_mean_lap_model_namespace::log_prob: Sigma is not positive definite. (in 'model_fix_mean_lap.stan', line 68, column 1 to column 21)
Exception: model_fix_mean_lap_model_namespace::log_prob: Omega is not positive definite. (in 'model_fix_mean_lap.stan', line 67, column 1 to column 22)
	Exception: model_fix_mean_lap_model_namespace::log_prob: Omega is not positive definite. (in 'model_fix_mean_lap.stan', line 67, column 1 to column 22)
	Exception: model_fix_mean_lap_model_namespace::log_prob: Omega is not positive definite. (in 'model_fix_mean_lap.stan', line 67, column 1 to column 22)
	Exception: model_fix_mean_lap_model_namespace::log_prob: Omega is not positive definite. (in 'model_fix_mean_lap.stan', line 67, column 1 to column 22)
	Exception: model_fix_mean_lap_model_namespace::log_prob: Sigma is not positive definite. (in 'model_fix_mean_lap.stan', line 68, column 1 to column 21)
	Exception: model_fix_mean_lap_model_namespace::log_prob: Sigma is not positive definite. (in 'model_fix_mean_lap.stan', line 68, column 1 to column 21)
	Exception: model_fix_mean_lap_model_namespace::log_prob: Sigma is not positive definite. (in 'model_fix_mean_lap.stan', line 68, column 1 to column 21)
	Exception: model_fix_mean_lap_model_namespace::log_prob: Sigma is not positive definite. (in 'model_fix_mean_lap.stan', line 68, column 1 to column 21)
	Exception: model_fix_mean_lap_model_namespace::log_prob: Omega is not positive definite. (in 'model_fix_mean_lap.stan', line 67, column 1 to column 22)
	Exception: model_fix_mean_lap_model_namespace::log_prob: Sigma is not symmetric. Sigma[1,2] = -inf, but Sigma[2,1] = -inf (in 'model_fix_mean_lap.stan', line 68, column 1 to column 21)
	Exception: model_fix_mean_lap_model_namespace::log_prob: Sigma is not positive definite. (in 'model_fix_mean_lap.stan', line 68, column 1 to column 21)
	Exception: model_fix_mean_lap_model_namespace::log_prob: Sigma is not positive definite. (in 'model_fix_mean_lap.stan', line 68, column 1 to column 21)
	Exception: model_fix_mean_lap_model_namespace::log_prob: Sigma is not positive definite. (in 'model_fix_mean_lap.stan', line 68, column 1 to column 21)
	Exception: model_fix_mean_lap_model_namespace::log_prob: Sigma is not positive definite. (in 'model_fix_mean_lap.stan', line 68, column 1 to column 21)
	Exception: model_fix_mean_lap_model_namespace::log_prob: Sigma is not positive definite. (in 'model_fix_mean_lap.stan', line 68, column 1 to column 21)
	Exception: model_fix_mean_lap_model_namespace::log_prob: Sigma is not positive definite. (in 'model_fix_mean_lap.stan', line 68, column 1 to column 21)
Exception: model_fix_mean_lap_model_namespace::log_prob: Sigma is not positive definite. (in 'model_fix_mean_lap.stan', line 68, column 1 to column 21)
	Exception: model_fix_mean_lap_model_namespace::log_prob: Omega is not positive definite. (in 'model_fix_mean_lap.stan', line 67, column 1 to column 22)
	Exception: model_fix_mean_lap_model_namespace::log_prob: Omega is not positive definite. (in 'model_fix_mean_lap.stan', line 67, column 1 to column 22)
	Exception: model_fix_mean_lap_model_namespace::log_prob: Omega is not positive definite. (in 'model_fix_mean_lap.stan', line 67, column 1 to column 22)
	Exception: model_fix_mean_lap_model_namespace::log_prob: Sigma is not symmetric. Sigma[1,2] = inf, but Sigma[2,1] = inf (in 'model_fix_mean_lap.stan', line 68, column 1 to column 21)
	Exception: model_fix_mean_lap_model_namespace::log_prob: Sigma is not positive definite. (in 'model_fix_mean_lap.stan', line 68, column 1 to column 21)
	Exception: model_fix_mean_lap_model_namespace::log_prob: Sigma is not positive definite. (in 'model_fix_mean_lap.stan', line 68, column 1 to column 21)
	Exception: model_fix_mean_lap_model_namespace::log_prob: Omega is not positive definite. (in 'model_fix_mean_lap.stan', line 67, column 1 to column 22)
	Exception: model_fix_mean_lap_model_namespace::log_prob: Omega is not positive definite. (in 'model_fix_mean_lap.stan', line 67, column 1 to column 22)
	Exception: model_fix_mean_lap_model_namespace::log_prob: Sigma is not positive definite. (in 'model_fix_mean_lap.stan', line 68, column 1 to column 21)
	Exception: model_fix_mean_lap_model_namespace::log_prob: Sigma is not positive definite. (in 'model_fix_mean_lap.stan', line 68, column 1 to column 21)
	Exception: model_fix_mean_lap_model_namespace::log_prob: Sigma is not positive definite. (in 'model_fix_mean_lap.stan', line 68, column 1 to column 21)
Exception: model_fix_mean_lap_model_namespace::log_prob: Omega is not positive definite. (in 'model_fix_mean_lap.stan', line 67, column 1 to column 22)
	Exception: model_fix_mean_lap_model_namespace::log_prob: Omega is not positive definite. (in 'model_fix_mean_lap.stan', line 67, column 1 to column 22)
	Exception: model_fix_mean_lap_model_namespace::log_prob: Omega is not positive definite. (in 'model_fix_mean_lap.stan', line 67, column 1 to column 22)
	Exception: model_fix_mean_lap_model_namespace::log_prob: Omega is not positive definite. (in 'model_fix_mean_lap.stan', line 67, column 1 to column 22)
	Exception: model_fix_mean_lap_model_namespace::log_prob: Omega is not positive definite. (in 'model_fix_mean_lap.stan', line 67, column 1 to column 22)
	Exception: model_fix_mean_lap_model_namespace::log_prob: Omega is not positive definite. (in 'model_fix_mean_lap.stan', line 67, column 1 to column 22)
	Exception: model_fix_mean_lap_model_namespace::log_prob: Sigma is not positive definite. (in 'model_fix_mean_lap.stan', line 68, column 1 to column 21)
	Exception: model_fix_mean_lap_model_namespace::log_prob: Sigma is not positive definite. (in 'model_fix_mean_lap.stan', line 68, column 1 to column 21)
	Exception: model_fix_mean_lap_model_namespace::log_prob: Sigma is not positive definite. (in 'model_fix_mean_lap.stan', line 68, column 1 to column 21)
	Exception: model_fix_mean_lap_model_namespace::log_prob: Omega is not positive definite. (in 'model_fix_mean_lap.stan', line 67, column 1 to column 22)
	Exception: model_fix_mean_lap_model_namespace::log_prob: Omega is not positive definite. (in 'model_fix_mean_lap.stan', line 67, column 1 to column 22)
	Exception: model_fix_mean_lap_model_namespace::log_prob: Sigma is not positive definite. (in 'model_fix_mean_lap.stan', line 68, column 1 to column 21)
	Exception: model_fix_mean_lap_model_namespace::log_prob: Sigma is not positive definite. (in 'model_fix_mean_lap.stan', line 68, column 1 to column 21)
	Exception: model_fix_mean_lap_model_namespace::log_prob: Sigma is not positive definite. (in 'model_fix_mean_lap.stan', line 68, column 1 to column 21)
Exception: model_fix_mean_lap_model_namespace::log_prob: Omega is not positive definite. (in 'model_fix_mean_lap.stan', line 67, column 1 to column 22)
	Exception: model_fix_mean_lap_model_namespace::log_prob: Omega is not positive definite. (in 'model_fix_mean_lap.stan', line 67, column 1 to column 22)
	Exception: model_fix_mean_lap_model_namespace::log_prob: Omega is not positive definite. (in 'model_fix_mean_lap.stan', line 67, column 1 to column 22)
	Exception: model_fix_mean_lap_model_namespace::log_prob: Omega is not positive definite. (in 'model_fix_mean_lap.stan', line 67, column 1 to column 22)
	Exception: model_fix_mean_lap_model_namespace::log_prob: Omega is not positive definite. (in 'model_fix_mean_lap.stan', line 67, column 1 to column 22)
	Exception: model_fix_mean_lap_model_namespace::log_prob: Omega is not positive definite. (in 'model_fix_mean_lap.stan', line 67, column 1 to column 22)
	Exception: model_fix_mean_lap_model_namespace::log_prob: Omega is not positive definite. (in 'model_fix_mean_lap.stan', line 67, column 1 to column 22)
	Exception: model_fix_mean_lap_model_namespace::log_prob: Sigma is not positive definite. (in 'model_fix_mean_lap.stan', line 68, column 1 to column 21)
	Exception: model_fix_mean_lap_model_namespace::log_prob: Sigma is not positive definite. (in 'model_fix_mean_lap.stan', line 68, column 1 to column 21)
	Exception: model_fix_mean_lap_model_namespace::log_prob: Sigma is not positive definite. (in 'model_fix_mean_lap.stan', line 68, column 1 to column 21)
	Exception: model_fix_mean_lap_model_namespace::log_prob: Sigma is not positive definite. (in 'model_fix_mean_lap.stan', line 68, column 1 to column 21)
	Exception: model_fix_mean_lap_model_namespace::log_prob: Omega is not positive definite. (in 'model_fix_mean_lap.stan', line 67, column 1 to column 22)
	Exception: model_fix_mean_lap_model_namespace::log_prob: Omega is not positive definite. (in 'model_fix_mean_lap.stan', line 67, column 1 to column 22)
	Exception: model_fix_mean_lap_model_namespace::log_prob: Sigma is not positive definite. (in 'model_fix_mean_lap.stan', line 68, column 1 to column 21)
	Exception: model_fix_mean_lap_model_namespace::log_prob: Sigma is not positive definite. (in 'model_fix_mean_lap.stan', line 68, column 1 to column 21)
	Exception: model_fix_mean_lap_model_namespace::log_prob: Sigma is not positive definite. (in 'model_fix_mean_lap.stan', line 68, column 1 to column 21)
	Exception: model_fix_mean_lap_model_namespace::log_prob: Sigma is not positive definite. (in 'model_fix_mean_lap.stan', line 68, column 1 to column 21)
	Exception: model_fix_mean_lap_model_namespace::log_prob: Sigma is not positive definite. (in 'model_fix_mean_lap.stan', line 68, column 1 to column 21)
	Exception: model_fix_mean_lap_model_namespace::log_prob: Sigma is not positive definite. (in 'model_fix_mean_lap.stan', line 68, column 1 to column 21)
Exception: model_fix_mean_lap_model_namespace::log_prob: Omega is not positive definite. (in 'model_fix_mean_lap.stan', line 67, column 1 to column 22)
	Exception: model_fix_mean_lap_model_namespace::log_prob: Omega is not positive definite. (in 'model_fix_mean_lap.stan', line 67, column 1 to column 22)
	Exception: model_fix_mean_lap_model_namespace::log_prob: Omega is not positive definite. (in 'model_fix_mean_lap.stan', line 67, column 1 to column 22)
	Exception: model_fix_mean_lap_model_namespace::log_prob: Omega is not positive definite. (in 'model_fix_mean_lap.stan', line 67, column 1 to column 22)
	Exception: model_fix_mean_lap_model_namespace::log_prob: Sigma is not positive definite. (in 'model_fix_mean_lap.stan', line 68, column 1 to column 21)
	Exception: model_fix_mean_lap_model_namespace::log_prob: Omega is not positive definite. (in 'model_fix_mean_lap.stan', line 67, column 1 to column 22)
	Exception: model_fix_mean_lap_model_namespace::log_prob: Omega is not positive definite. (in 'model_fix_mean_lap.stan', line 67, column 1 to column 22)
	Exception: model_fix_mean_lap_model_namespace::log_prob: Sigma is not positive definite. (in 'model_fix_mean_lap.stan', line 68, column 1 to column 21)
	Exception: model_fix_mean_lap_model_namespace::log_prob: Sigma is not positive definite. (in 'model_fix_mean_lap.stan', line 68, column 1 to column 21)
Exception: model_fix_mean_lap_model_namespace::log_prob: Sigma is not positive definite. (in 'model_fix_mean_lap.stan', line 68, column 1 to column 21)
	Exception: model_fix_mean_lap_model_namespace::log_prob: Sigma is not positive definite. (in 'model_fix_mean_lap.stan', line 68, column 1 to column 21)
	Exception: model_fix_mean_lap_model_namespace::log_prob: Sigma is not positive definite. (in 'model_fix_mean_lap.stan', line 68, column 1 to column 21)
	Exception: model_fix_mean_lap_model_namespace::log_prob: Sigma is not positive definite. (in 'model_fix_mean_lap.stan', line 68, column 1 to column 21)
	Exception: model_fix_mean_lap_model_namespace::log_prob: Sigma is not positive definite. (in 'model_fix_mean_lap.stan', line 68, column 1 to column 21)
	Exception: model_fix_mean_lap_model_namespace::log_prob: Sigma is not positive definite. (in 'model_fix_mean_lap.stan', line 68, column 1 to column 21)
	Exception: model_fix_mean_lap_model_namespace::log_prob: Sigma is not positive definite. (in 'model_fix_mean_lap.stan', line 68, column 1 to column 21)
	Exception: model_fix_mean_lap_model_namespace::log_prob: Omega is not positive definite. (in 'model_fix_mean_lap.stan', line 67, column 1 to column 22)
	Exception: model_fix_mean_lap_model_namespace::log_prob: Omega is not positive definite. (in 'model_fix_mean_lap.stan', line 67, column 1 to column 22)
	Exception: model_fix_mean_lap_model_namespace::log_prob: Omega is not positive definite. (in 'model_fix_mean_lap.stan', line 67, column 1 to column 22)
	Exception: model_fix_mean_lap_model_namespace::log_prob: Omega is not positive definite. (in 'model_fix_mean_lap.stan', line 67, column 1 to column 22)
	Exception: model_fix_mean_lap_model_namespace::log_prob: Sigma is not positive definite. (in 'model_fix_mean_lap.stan', line 68, column 1 to column 21)
	Exception: model_fix_mean_lap_model_namespace::log_prob: Omega is not positive definite. (in 'model_fix_mean_lap.stan', line 67, column 1 to column 22)
	Exception: model_fix_mean_lap_model_namespace::log_prob: Omega is not positive definite. (in 'model_fix_mean_lap.stan', line 67, column 1 to column 22)
	Exception: model_fix_mean_lap_model_namespace::log_prob: Sigma is not positive definite. (in 'model_fix_mean_lap.stan', line 68, column 1 to column 21)
Exception: model_fix_mean_lap_model_namespace::log_prob: Omega is not positive definite. (in 'model_fix_mean_lap.stan', line 67, column 1 to column 22)
	Exception: model_fix_mean_lap_model_namespace::log_prob: Omega is not positive definite. (in 'model_fix_mean_lap.stan', line 67, column 1 to column 22)
	Exception: model_fix_mean_lap_model_namespace::log_prob: Omega is not positive definite. (in 'model_fix_mean_lap.stan', line 67, column 1 to column 22)
	Exception: model_fix_mean_lap_model_namespace::log_prob: Omega is not positive definite. (in 'model_fix_mean_lap.stan', line 67, column 1 to column 22)
	Exception: model_fix_mean_lap_model_namespace::log_prob: Sigma is not positive definite. (in 'model_fix_mean_lap.stan', line 68, column 1 to column 21)
	Exception: model_fix_mean_lap_model_namespace::log_prob: Omega is not positive definite. (in 'model_fix_mean_lap.stan', line 67, column 1 to column 22)
	Exception: model_fix_mean_lap_model_namespace::log_prob: Omega is not positive definite. (in 'model_fix_mean_lap.stan', line 67, column 1 to column 22)
Exception: model_fix_mean_lap_model_namespace::log_prob: Sigma is not positive definite. (in 'model_fix_mean_lap.stan', line 68, column 1 to column 21)
	Exception: model_fix_mean_lap_model_namespace::log_prob: Omega is not positive definite. (in 'model_fix_mean_lap.stan', line 67, column 1 to column 22)
	Exception: model_fix_mean_lap_model_namespace::log_prob: Omega is not positive definite. (in 'model_fix_mean_lap.stan', line 67, column 1 to column 22)
	Exception: model_fix_mean_lap_model_namespace::log_prob: Omega is not positive definite. (in 'model_fix_mean_lap.stan', line 67, column 1 to column 22)
	Exception: model_fix_mean_lap_model_namespace::log_prob: Omega is not positive definite. (in 'model_fix_mean_lap.stan', line 67, column 1 to column 22)
	Exception: model_fix_mean_lap_model_namespace::log_prob: Sigma is not positive definite. (in 'model_fix_mean_lap.stan', line 68, column 1 to column 21)
	Exception: model_fix_mean_lap_model_namespace::log_prob: Omega is not positive definite. (in 'model_fix_mean_lap.stan', line 67, column 1 to column 22)
	Exception: model_fix_mean_lap_model_namespace::log_prob: Omega is not positive definite. (in 'model_fix_mean_lap.stan', line 67, column 1 to column 22)
Exception: model_fix_mean_lap_model_namespace::log_prob: Omega is not positive definite. (in 'model_fix_mean_lap.stan', line 67, column 1 to column 22)
	Exception: model_fix_mean_lap_model_namespace::log_prob: Omega is not positive definite. (in 'model_fix_mean_lap.stan', line 67, column 1 to column 22)
	Exception: model_fix_mean_lap_model_namespace::log_prob: Omega is not positive definite. (in 'model_fix_mean_lap.stan', line 67, column 1 to column 22)
	Exception: model_fix_mean_lap_model_namespace::log_prob: Omega is not positive definite. (in 'model_fix_mean_lap.stan', line 67, column 1 to column 22)
	Exception: model_fix_mean_lap_model_namespace::log_prob: Omega is not positive definite. (in 'model_fix_mean_lap.stan', line 67, column 1 to column 22)
	Exception: model_fix_mean_lap_model_namespace::log_prob: Sigma is not positive definite. (in 'model_fix_mean_lap.stan', line 68, column 1 to column 21)
	Exception: model_fix_mean_lap_model_namespace::log_prob: Omega is not positive definite. (in 'model_fix_mean_lap.stan', line 67, column 1 to column 22)
	Exception: model_fix_mean_lap_model_namespace::log_prob: Omega is not positive definite. (in 'model_fix_mean_lap.stan', line 67, column 1 to column 22)
	Exception: model_fix_mean_lap_model_namespace::log_prob: Sigma is not positive definite. (in 'model_fix_mean_lap.stan', line 68, column 1 to column 21)
Exception: model_fix_mean_lap_model_namespace::log_prob: Sigma is not positive definite. (in 'model_fix_mean_lap.stan', line 68, column 1 to column 21)
	Exception: model_fix_mean_lap_model_namespace::log_prob: Omega is not positive definite. (in 'model_fix_mean_lap.stan', line 67, column 1 to column 22)
	Exception: model_fix_mean_lap_model_namespace::log_prob: Omega is not positive definite. (in 'model_fix_mean_lap.stan', line 67, column 1 to column 22)
	Exception: model_fix_mean_lap_model_namespace::log_prob: Omega is not positive definite. (in 'model_fix_mean_lap.stan', line 67, column 1 to column 22)
	Exception: model_fix_mean_lap_model_namespace::log_prob: Omega is not positive definite. (in 'model_fix_mean_lap.stan', line 67, column 1 to column 22)
	Exception: model_fix_mean_lap_model_namespace::log_prob: Sigma is not positive definite. (in 'model_fix_mean_lap.stan', line 68, column 1 to column 21)
	Exception: model_fix_mean_lap_model_namespace::log_prob: Sigma is not positive definite. (in 'model_fix_mean_lap.stan', line 68, column 1 to column 21)
	Exception: model_fix_mean_lap_model_namespace::log_prob: Sigma is not positive definite. (in 'model_fix_mean_lap.stan', line 68, column 1 to column 21)
	Exception: model_fix_mean_lap_model_namespace::log_prob: Sigma is not positive definite. (in 'model_fix_mean_lap.stan', line 68, column 1 to column 21)
	Exception: model_fix_mean_lap_model_namespace::log_prob: Omega is not positive definite. (in 'model_fix_mean_lap.stan', line 67, column 1 to column 22)
	Exception: model_fix_mean_lap_model_namespace::log_prob: Omega is not positive definite. (in 'model_fix_mean_lap.stan', line 67, column 1 to column 22)
	Exception: model_fix_mean_lap_model_namespace::log_prob: Sigma is not positive definite. (in 'model_fix_mean_lap.stan', line 68, column 1 to column 21)
	Exception: model_fix_mean_lap_model_namespace::log_prob: Sigma is not positive definite. (in 'model_fix_mean_lap.stan', line 68, column 1 to column 21)
	Exception: model_fix_mean_lap_model_namespace::log_prob: Sigma is not positive definite. (in 'model_fix_mean_lap.stan', line 68, column 1 to column 21)
	Exception: model_fix_mean_lap_model_namespace::log_prob: Sigma is not positive definite. (in 'model_fix_mean_lap.stan', line 68, column 1 to column 21)
	Exception: model_fix_mean_lap_model_namespace::log_prob: Sigma is not positive definite. (in 'model_fix_mean_lap.stan', line 68, column 1 to column 21)
	Exception: model_fix_mean_lap_model_namespace::log_prob: Sigma is not positive definite. (in 'model_fix_mean_lap.stan', line 68, column 1 to column 21)
	Exception: model_fix_mean_lap_model_namespace::log_prob: Sigma is not positive definite. (in 'model_fix_mean_lap.stan', line 68, column 1 to column 21)
	Exception: model_fix_mean_lap_model_namespace::log_prob: Sigma is not positive definite. (in 'model_fix_mean_lap.stan', line 68, column 1 to column 21)
	Exception: model_fix_mean_lap_model_namespace::log_prob: Sigma is not positive definite. (in 'model_fix_mean_lap.stan', line 68, column 1 to column 21)
	Exception: model_fix_mean_lap_model_namespace::log_prob: Sigma is not positive definite. (in 'model_fix_mean_lap.stan', line 68, column 1 to column 21)
	Exception: model_fix_mean_lap_model_namespace::log_prob: Sigma is not positive definite. (in 'model_fix_mean_lap.stan', line 68, column 1 to column 21)
	Exception: model_fix_mean_lap_model_namespace::log_prob: Sigma is not positive definite. (in 'model_fix_mean_lap.stan', line 68, column 1 to column 21)
	Exception: model_fix_mean_lap_model_namespace::log_prob: Sigma is not positive definite. (in 'model_fix_mean_lap.stan', line 68, column 1 to column 21)
	Exception: model_fix_mean_lap_model_namespace::log_prob: Sigma is not positive definite. (in 'model_fix_mean_lap.stan', line 68, column 1 to column 21)
	Exception: model_fix_mean_lap_model_namespace::log_prob: Sigma is not positive definite. (in 'model_fix_mean_lap.stan', line 68, column 1 to column 21)
Exception: model_fix_mean_lap_model_namespace::log_prob: Sigma is not positive definite. (in 'model_fix_mean_lap.stan', line 68, column 1 to column 21)
	Exception: model_fix_mean_lap_model_namespace::log_prob: Sigma is not positive definite. (in 'model_fix_mean_lap.stan', line 68, column 1 to column 21)
	Exception: model_fix_mean_lap_model_namespace::log_prob: Sigma is not positive definite. (in 'model_fix_mean_lap.stan', line 68, column 1 to column 21)
	Exception: model_fix_mean_lap_model_namespace::log_prob: Sigma is not positive definite. (in 'model_fix_mean_lap.stan', line 68, column 1 to column 21)
	Exception: model_fix_mean_lap_model_namespace::log_prob: Sigma is not positive definite. (in 'model_fix_mean_lap.stan', line 68, column 1 to column 21)
	Exception: model_fix_mean_lap_model_namespace::log_prob: Sigma is not positive definite. (in 'model_fix_mean_lap.stan', line 68, column 1 to column 21)
	Exception: model_fix_mean_lap_model_namespace::log_prob: Sigma is not positive definite. (in 'model_fix_mean_lap.stan', line 68, column 1 to column 21)
	Exception: model_fix_mean_lap_model_namespace::log_prob: Sigma is not positive definite. (in 'model_fix_mean_lap.stan', line 68, column 1 to column 21)
	Exception: model_fix_mean_lap_model_namespace::log_prob: Omega is not positive definite. (in 'model_fix_mean_lap.stan', line 67, column 1 to column 22)
	Exception: model_fix_mean_lap_model_namespace::log_prob: Omega is not positive definite. (in 'model_fix_mean_lap.stan', line 67, column 1 to column 22)
	Exception: model_fix_mean_lap_model_namespace::log_prob: Omega is not positive definite. (in 'model_fix_mean_lap.stan', line 67, column 1 to column 22)
	Exception: model_fix_mean_lap_model_namespace::log_prob: Omega is not positive definite. (in 'model_fix_mean_lap.stan', line 67, column 1 to column 22)
	Exception: model_fix_mean_lap_model_namespace::log_prob: Sigma is not positive definite. (in 'model_fix_mean_lap.stan', line 68, column 1 to column 21)
	Exception: model_fix_mean_lap_model_namespace::log_prob: Omega is not positive definite. (in 'model_fix_mean_lap.stan', line 67, column 1 to column 22)
	Exception: model_fix_mean_lap_model_namespace::log_prob: Omega is not positive definite. (in 'model_fix_mean_lap.stan', line 67, column 1 to column 22)
Exception: model_fix_mean_lap_model_namespace::log_prob: Omega is not positive definite. (in 'model_fix_mean_lap.stan', line 67, column 1 to column 22)
	Exception: model_fix_mean_lap_model_namespace::log_prob: Omega is not positive definite. (in 'model_fix_mean_lap.stan', line 67, column 1 to column 22)
	Exception: model_fix_mean_lap_model_namespace::log_prob: Omega is not positive definite. (in 'model_fix_mean_lap.stan', line 67, column 1 to column 22)
	Exception: model_fix_mean_lap_model_namespace::log_prob: Omega is not positive definite. (in 'model_fix_mean_lap.stan', line 67, column 1 to column 22)
	Exception: model_fix_mean_lap_model_namespace::log_prob: Sigma is not positive definite. (in 'model_fix_mean_lap.stan', line 68, column 1 to column 21)
	Exception: model_fix_mean_lap_model_namespace::log_prob: Sigma is not positive definite. (in 'model_fix_mean_lap.stan', line 68, column 1 to column 21)
	Exception: model_fix_mean_lap_model_namespace::log_prob: Sigma is not positive definite. (in 'model_fix_mean_lap.stan', line 68, column 1 to column 21)
	Exception: model_fix_mean_lap_model_namespace::log_prob: Sigma is not positive definite. (in 'model_fix_mean_lap.stan', line 68, column 1 to column 21)
	Exception: model_fix_mean_lap_model_namespace::log_prob: Omega is not positive definite. (in 'model_fix_mean_lap.stan', line 67, column 1 to column 22)
	Exception: model_fix_mean_lap_model_namespace::log_prob: Sigma is not positive definite. (in 'model_fix_mean_lap.stan', line 68, column 1 to column 21)
	Exception: model_fix_mean_lap_model_namespace::log_prob: Sigma is not positive definite. (in 'model_fix_mean_lap.stan', line 68, column 1 to column 21)
	Exception: model_fix_mean_lap_model_namespace::log_prob: Sigma is not positive definite. (in 'model_fix_mean_lap.stan', line 68, column 1 to column 21)
	Exception: model_fix_mean_lap_model_namespace::log_prob: Sigma is not positive definite. (in 'model_fix_mean_lap.stan', line 68, column 1 to column 21)
	Exception: model_fix_mean_lap_model_namespace::log_prob: Sigma is not positive definite. (in 'model_fix_mean_lap.stan', line 68, column 1 to column 21)
Exception: model_fix_mean_lap_model_namespace::log_prob: Omega is not positive definite. (in 'model_fix_mean_lap.stan', line 67, column 1 to column 22)
	Exception: model_fix_mean_lap_model_namespace::log_prob: Omega is not positive definite. (in 'model_fix_mean_lap.stan', line 67, column 1 to column 22)
	Exception: model_fix_mean_lap_model_namespace::log_prob: Omega is not positive definite. (in 'model_fix_mean_lap.stan', line 67, column 1 to column 22)
	Exception: model_fix_mean_lap_model_namespace::log_prob: Omega is not positive definite. (in 'model_fix_mean_lap.stan', line 67, column 1 to column 22)
	Exception: model_fix_mean_lap_model_namespace::log_prob: Omega is not positive definite. (in 'model_fix_mean_lap.stan', line 67, column 1 to column 22)
	Exception: model_fix_mean_lap_model_namespace::log_prob: Omega is not positive definite. (in 'model_fix_mean_lap.stan', line 67, column 1 to column 22)
	Exception: model_fix_mean_lap_model_namespace::log_prob: Sigma is not positive definite. (in 'model_fix_mean_lap.stan', line 68, column 1 to column 21)
	Exception: model_fix_mean_lap_model_namespace::log_prob: Sigma is not positive definite. (in 'model_fix_mean_lap.stan', line 68, column 1 to column 21)
	Exception: model_fix_mean_lap_model_namespace::log_prob: Sigma is not positive definite. (in 'model_fix_mean_lap.stan', line 68, column 1 to column 21)
	Exception: model_fix_mean_lap_model_namespace::log_prob: Omega is not positive definite. (in 'model_fix_mean_lap.stan', line 67, column 1 to column 22)
	Exception: model_fix_mean_lap_model_namespace::log_prob: Omega is not positive definite. (in 'model_fix_mean_lap.stan', line 67, column 1 to column 22)
	Exception: model_fix_mean_lap_model_namespace::log_prob: Sigma is not positive definite. (in 'model_fix_mean_lap.stan', line 68, column 1 to column 21)
	Exception: model_fix_mean_lap_model_namespace::log_prob: Sigma is not positive definite. (in 'model_fix_mean_lap.stan', line 68, column 1 to column 21)
	Exception: model_fix_mean_lap_model_namespace::log_prob: Sigma is not positive definite. (in 'model_fix_mean_lap.stan', line 68, column 1 to column 21)
	Exception: model_fix_mean_lap_model_namespace::log_prob: Sigma is not positive definite. (in 'model_fix_mean_lap.stan', line 68, column 1 to column 21)
Exception: model_fix_mean_lap_model_namespace::log_prob: Sigma is not positive definite. (in 'model_fix_mean_lap.stan', line 68, column 1 to column 21)
	Exception: model_fix_mean_lap_model_namespace::log_prob: Omega is not positive definite. (in 'model_fix_mean_lap.stan', line 67, column 1 to column 22)
	Exception: model_fix_mean_lap_model_namespace::log_prob: Omega is not positive definite. (in 'model_fix_mean_lap.stan', line 67, column 1 to column 22)
	Exception: model_fix_mean_lap_model_namespace::log_prob: Omega is not positive definite. (in 'model_fix_mean_lap.stan', line 67, column 1 to column 22)
	Exception: model_fix_mean_lap_model_namespace::log_prob: Omega is not positive definite. (in 'model_fix_mean_lap.stan', line 67, column 1 to column 22)
	Exception: model_fix_mean_lap_model_namespace::log_prob: Sigma is not positive definite. (in 'model_fix_mean_lap.stan', line 68, column 1 to column 21)
	Exception: model_fix_mean_lap_model_namespace::log_prob: Sigma is not positive definite. (in 'model_fix_mean_lap.stan', line 68, column 1 to column 21)
	Exception: model_fix_mean_lap_model_namespace::log_prob: Sigma is not positive definite. (in 'model_fix_mean_lap.stan', line 68, column 1 to column 21)
	Exception: model_fix_mean_lap_model_namespace::log_prob: Omega is not positive definite. (in 'model_fix_mean_lap.stan', line 67, column 1 to column 22)
	Exception: model_fix_mean_lap_model_namespace::log_prob: Omega is not positive definite. (in 'model_fix_mean_lap.stan', line 67, column 1 to column 22)
	Exception: model_fix_mean_lap_model_namespace::log_prob: Sigma is not positive definite. (in 'model_fix_mean_lap.stan', line 68, column 1 to column 21)
	Exception: model_fix_mean_lap_model_namespace::log_prob: Sigma is not positive definite. (in 'model_fix_mean_lap.stan', line 68, column 1 to column 21)
	Exception: model_fix_mean_lap_model_namespace::log_prob: Sigma is not positive definite. (in 'model_fix_mean_lap.stan', line 68, column 1 to column 21)
	Exception: model_fix_mean_lap_model_namespace::log_prob: Sigma is not positive definite. (in 'model_fix_mean_lap.stan', line 68, column 1 to column 21)
	Exception: model_fix_mean_lap_model_namespace::log_prob: Sigma is not positive definite. (in 'model_fix_mean_lap.stan', line 68, column 1 to column 21)
	Exception: model_fix_mean_lap_model_namespace::log_prob: Sigma is not positive definite. (in 'model_fix_mean_lap.stan', line 68, column 1 to column 21)
	Exception: model_fix_mean_lap_model_namespace::log_prob: Sigma is not positive definite. (in 'model_fix_mean_lap.stan', line 68, column 1 to column 21)
	Exception: model_fix_mean_lap_model_namespace::log_prob: Sigma is not positive definite. (in 'model_fix_mean_lap.stan', line 68, column 1 to column 21)
	Exception: model_fix_mean_lap_model_namespace::log_prob: Sigma is not positive definite. (in 'model_fix_mean_lap.stan', line 68, column 1 to column 21)
	Exception: model_fix_mean_lap_model_namespace::log_prob: Sigma is not positive definite. (in 'model_fix_mean_lap.stan', line 68, column 1 to column 21)
	Exception: model_fix_mean_lap_model_namespace::log_prob: Sigma is not positive definite. (in 'model_fix_mean_lap.stan', line 68, column 1 to column 21)
	Exception: model_fix_mean_lap_model_namespace::log_prob: Sigma is not positive definite. (in 'model_fix_mean_lap.stan', line 68, column 1 to column 21)
	Exception: model_fix_mean_lap_model_namespace::log_prob: Sigma is not positive definite. (in 'model_fix_mean_lap.stan', line 68, column 1 to column 21)
	Exception: model_fix_mean_lap_model_namespace::log_prob: Sigma is not positive definite. (in 'model_fix_mean_lap.stan', line 68, column 1 to column 21)
	Exception: model_fix_mean_lap_model_namespace::log_prob: Sigma is not positive definite. (in 'model_fix_mean_lap.stan', line 68, column 1 to column 21)
	Exception: model_fix_mean_lap_model_namespace::log_prob: Sigma is not positive definite. (in 'model_fix_mean_lap.stan', line 68, column 1 to column 21)
	Exception: model_fix_mean_lap_model_namespace::log_prob: Sigma is not positive definite. (in 'model_fix_mean_lap.stan', line 68, column 1 to column 21)
	Exception: model_fix_mean_lap_model_namespace::log_prob: Sigma is not positive definite. (in 'model_fix_mean_lap.stan', line 68, column 1 to column 21)
	Exception: model_fix_mean_lap_model_namespace::log_prob: Sigma is not positive definite. (in 'model_fix_mean_lap.stan', line 68, column 1 to column 21)
	Exception: model_fix_mean_lap_model_namespace::log_prob: Sigma is not positive definite. (in 'model_fix_mean_lap.stan', line 68, column 1 to column 21)
	Exception: model_fix_mean_lap_model_namespace::log_prob: Sigma is not positive definite. (in 'model_fix_mean_lap.stan', line 68, column 1 to column 21)
	Exception: model_fix_mean_lap_model_namespace::log_prob: Sigma is not positive definite. (in 'model_fix_mean_lap.stan', line 68, column 1 to column 21)
	Exception: model_fix_mean_lap_model_namespace::log_prob: Sigma is not positive definite. (in 'model_fix_mean_lap.stan', line 68, column 1 to column 21)
	Exception: model_fix_mean_lap_model_namespace::log_prob: Sigma is not positive definite. (in 'model_fix_mean_lap.stan', line 68, column 1 to column 21)
	Exception: model_fix_mean_lap_model_namespace::log_prob: Sigma is not positive definite. (in 'model_fix_mean_lap.stan', line 68, column 1 to column 21)
	Exception: model_fix_mean_lap_model_namespace::log_prob: Sigma is not positive definite. (in 'model_fix_mean_lap.stan', line 68, column 1 to column 21)
	Exception: model_fix_mean_lap_model_namespace::log_prob: Sigma is not positive definite. (in 'model_fix_mean_lap.stan', line 68, column 1 to column 21)
	Exception: model_fix_mean_lap_model_namespace::log_prob: Sigma is not positive definite. (in 'model_fix_mean_lap.stan', line 68, column 1 to column 21)
	Exception: model_fix_mean_lap_model_namespace::log_prob: Sigma is not positive definite. (in 'model_fix_mean_lap.stan', line 68, column 1 to column 21)
	Exception: model_fix_mean_lap_model_namespace::log_prob: Sigma is not positive definite. (in 'model_fix_mean_lap.stan', line 68, column 1 to column 21)
	Exception: model_fix_mean_lap_model_namespace::log_prob: Sigma is not positive definite. (in 'model_fix_mean_lap.stan', line 68, column 1 to column 21)
	Exception: model_fix_mean_lap_model_namespace::log_prob: Sigma is not positive definite. (in 'model_fix_mean_lap.stan', line 68, column 1 to column 21)
	Exception: model_fix_mean_lap_model_namespace::log_prob: Sigma is not positive definite. (in 'model_fix_mean_lap.stan', line 68, column 1 to column 21)
	Exception: model_fix_mean_lap_model_namespace::log_prob: Sigma is not positive definite. (in 'model_fix_mean_lap.stan', line 68, column 1 to column 21)
	Exception: model_fix_mean_lap_model_namespace::log_prob: Sigma is not positive definite. (in 'model_fix_mean_lap.stan', line 68, column 1 to column 21)
	Exception: model_fix_mean_lap_model_namespace::log_prob: Sigma is not positive definite. (in 'model_fix_mean_lap.stan', line 68, column 1 to column 21)
	Exception: model_fix_mean_lap_model_namespace::log_prob: Sigma is not positive definite. (in 'model_fix_mean_lap.stan', line 68, column 1 to column 21)
	Exception: model_fix_mean_lap_model_namespace::log_prob: Sigma is not positive definite. (in 'model_fix_mean_lap.stan', line 68, column 1 to column 21)
	Exception: model_fix_mean_lap_model_namespace::log_prob: Sigma is not positive definite. (in 'model_fix_mean_lap.stan', line 68, column 1 to column 21)
	Exception: model_fix_mean_lap_model_namespace::log_prob: Sigma is not positive definite. (in 'model_fix_mean_lap.stan', line 68, column 1 to column 21)
	Exception: model_fix_mean_lap_model_namespace::log_prob: Sigma is not positive definite. (in 'model_fix_mean_lap.stan', line 68, column 1 to column 21)
	Exception: model_fix_mean_lap_model_namespace::log_prob: Sigma is not positive definite. (in 'model_fix_mean_lap.stan', line 68, column 1 to column 21)
	Exception: model_fix_mean_lap_model_namespace::log_prob: Sigma is not positive definite. (in 'model_fix_mean_lap.stan', line 68, column 1 to column 21)
	Exception: model_fix_mean_lap_model_namespace::log_prob: Sigma is not positive definite. (in 'model_fix_mean_lap.stan', line 68, column 1 to column 21)
	Exception: model_fix_mean_lap_model_namespace::log_prob: Sigma is not positive definite. (in 'model_fix_mean_lap.stan', line 68, column 1 to column 21)
	Exception: model_fix_mean_lap_model_namespace::log_prob: Sigma is not positive definite. (in 'model_fix_mean_lap.stan', line 68, column 1 to column 21)
	Exception: model_fix_mean_lap_model_namespace::log_prob: Sigma is not positive definite. (in 'model_fix_mean_lap.stan', line 68, column 1 to column 21)
	Exception: model_fix_mean_lap_model_namespace::log_prob: Sigma is not positive definite. (in 'model_fix_mean_lap.stan', line 68, column 1 to column 21)
	Exception: model_fix_mean_lap_model_namespace::log_prob: Sigma is not positive definite. (in 'model_fix_mean_lap.stan', line 68, column 1 to column 21)
	Exception: model_fix_mean_lap_model_namespace::log_prob: Sigma is not positive definite. (in 'model_fix_mean_lap.stan', line 68, column 1 to column 21)
	Exception: model_fix_mean_lap_model_namespace::log_prob: Sigma is not positive definite. (in 'model_fix_mean_lap.stan', line 68, column 1 to column 21)
	Exception: model_fix_mean_lap_model_namespace::log_prob: Sigma is not positive definite. (in 'model_fix_mean_lap.stan', line 68, column 1 to column 21)
	Exception: model_fix_mean_lap_model_namespace::log_prob: Sigma is not positive definite. (in 'model_fix_mean_lap.stan', line 68, column 1 to column 21)
	Exception: model_fix_mean_lap_model_namespace::log_prob: Sigma is not positive definite. (in 'model_fix_mean_lap.stan', line 68, column 1 to column 21)
	Exception: model_fix_mean_lap_model_namespace::log_prob: Sigma is not positive definite. (in 'model_fix_mean_lap.stan', line 68, column 1 to column 21)
	Exception: model_fix_mean_lap_model_namespace::log_prob: Sigma is not positive definite. (in 'model_fix_mean_lap.stan', line 68, column 1 to column 21)
	Exception: model_fix_mean_lap_model_namespace::log_prob: Sigma is not positive definite. (in 'model_fix_mean_lap.stan', line 68, column 1 to column 21)
	Exception: model_fix_mean_lap_model_namespace::log_prob: Sigma is not positive definite. (in 'model_fix_mean_lap.stan', line 68, column 1 to column 21)
	Exception: model_fix_mean_lap_model_namespace::log_prob: Sigma is not positive definite. (in 'model_fix_mean_lap.stan', line 68, column 1 to column 21)
	Exception: model_fix_mean_lap_model_namespace::log_prob: Sigma is not positive definite. (in 'model_fix_mean_lap.stan', line 68, column 1 to column 21)
	Exception: model_fix_mean_lap_model_namespace::log_prob: Sigma is not positive definite. (in 'model_fix_mean_lap.stan', line 68, column 1 to column 21)
	Exception: model_fix_mean_lap_model_namespace::log_prob: Sigma is not positive definite. (in 'model_fix_mean_lap.stan', line 68, column 1 to column 21)
	Exception: model_fix_mean_lap_model_namespace::log_prob: Sigma is not positive definite. (in 'model_fix_mean_lap.stan', line 68, column 1 to column 21)
	Exception: model_fix_mean_lap_model_namespace::log_prob: Sigma is not positive definite. (in 'model_fix_mean_lap.stan', line 68, column 1 to column 21)
	Exception: model_fix_mean_lap_model_namespace::log_prob: Sigma is not positive definite. (in 'model_fix_mean_lap.stan', line 68, column 1 to column 21)
Exception: model_fix_mean_lap_model_namespace::log_prob: Sigma is not positive definite. (in 'model_fix_mean_lap.stan', line 68, column 1 to column 21)
	Exception: model_fix_mean_lap_model_namespace::log_prob: Omega is not positive definite. (in 'model_fix_mean_lap.stan', line 67, column 1 to column 22)
	Exception: model_fix_mean_lap_model_namespace::log_prob: Omega is not positive definite. (in 'model_fix_mean_lap.stan', line 67, column 1 to column 22)
	Exception: model_fix_mean_lap_model_namespace::log_prob: Omega is not positive definite. (in 'model_fix_mean_lap.stan', line 67, column 1 to column 22)
	Exception: model_fix_mean_lap_model_namespace::log_prob: Omega is not positive definite. (in 'model_fix_mean_lap.stan', line 67, column 1 to column 22)
	Exception: model_fix_mean_lap_model_namespace::log_prob: Sigma is not positive definite. (in 'model_fix_mean_lap.stan', line 68, column 1 to column 21)
	Exception: model_fix_mean_lap_model_namespace::log_prob: Sigma is not positive definite. (in 'model_fix_mean_lap.stan', line 68, column 1 to column 21)
	Exception: model_fix_mean_lap_model_namespace::log_prob: Omega is not positive definite. (in 'model_fix_mean_lap.stan', line 67, column 1 to column 22)
	Exception: model_fix_mean_lap_model_namespace::log_prob: Omega is not positive definite. (in 'model_fix_mean_lap.stan', line 67, column 1 to column 22)
	Exception: model_fix_mean_lap_model_namespace::log_prob: Sigma is not positive definite. (in 'model_fix_mean_lap.stan', line 68, column 1 to column 21)
Exception: model_fix_mean_lap_model_namespace::log_prob: Omega is not positive definite. (in 'model_fix_mean_lap.stan', line 67, column 1 to column 22)
	Exception: model_fix_mean_lap_model_namespace::log_prob: Omega is not positive definite. (in 'model_fix_mean_lap.stan', line 67, column 1 to column 22)
	Exception: model_fix_mean_lap_model_namespace::log_prob: Omega is not positive definite. (in 'model_fix_mean_lap.stan', line 67, column 1 to column 22)
	Exception: model_fix_mean_lap_model_namespace::log_prob: Omega is not positive definite. (in 'model_fix_mean_lap.stan', line 67, column 1 to column 22)
	Exception: model_fix_mean_lap_model_namespace::log_prob: Sigma is not positive definite. (in 'model_fix_mean_lap.stan', line 68, column 1 to column 21)
	Exception: model_fix_mean_lap_model_namespace::log_prob: Sigma is not positive definite. (in 'model_fix_mean_lap.stan', line 68, column 1 to column 21)
	Exception: multi_normal_lpdf: Location parameter[1] is inf, but must be finite! (in 'model_fix_mean_lap.stan', line 140, column 12 to column 74)
	Exception: model_fix_mean_lap_model_namespace::log_prob: Omega is not positive definite. (in 'model_fix_mean_lap.stan', line 67, column 1 to column 22)
	Exception: model_fix_mean_lap_model_namespace::log_prob: Sigma is not positive definite. (in 'model_fix_mean_lap.stan', line 68, column 1 to column 21)
Exception: model_fix_mean_lap_model_namespace::log_prob: Sigma is not positive definite. (in 'model_fix_mean_lap.stan', line 68, column 1 to column 21)
	Exception: model_fix_mean_lap_model_namespace::log_prob: Omega is not positive definite. (in 'model_fix_mean_lap.stan', line 67, column 1 to column 22)
	Exception: model_fix_mean_lap_model_namespace::log_prob: Omega is not positive definite. (in 'model_fix_mean_lap.stan', line 67, column 1 to column 22)
	Exception: model_fix_mean_lap_model_namespace::log_prob: Omega is not positive definite. (in 'model_fix_mean_lap.stan', line 67, column 1 to column 22)
	Exception: model_fix_mean_lap_model_namespace::log_prob: Omega is not positive definite. (in 'model_fix_mean_lap.stan', line 67, column 1 to column 22)
	Exception: model_fix_mean_lap_model_namespace::log_prob: Sigma is not positive definite. (in 'model_fix_mean_lap.stan', line 68, column 1 to column 21)
	Exception: model_fix_mean_lap_model_namespace::log_prob: Omega is not positive definite. (in 'model_fix_mean_lap.stan', line 67, column 1 to column 22)
	Exception: model_fix_mean_lap_model_namespace::log_prob: Sigma is not positive definite. (in 'model_fix_mean_lap.stan', line 68, column 1 to column 21)
	Exception: model_fix_mean_lap_model_namespace::log_prob: Sigma is not positive definite. (in 'model_fix_mean_lap.stan', line 68, column 1 to column 21)
Exception: model_fix_mean_lap_model_namespace::log_prob: Sigma is not positive definite. (in 'model_fix_mean_lap.stan', line 68, column 1 to column 21)
	Exception: model_fix_mean_lap_model_namespace::log_prob: Sigma is not positive definite. (in 'model_fix_mean_lap.stan', line 68, column 1 to column 21)
	Exception: model_fix_mean_lap_model_namespace::log_prob: Sigma is not positive definite. (in 'model_fix_mean_lap.stan', line 68, column 1 to column 21)
	Exception: model_fix_mean_lap_model_namespace::log_prob: Omega is not positive definite. (in 'model_fix_mean_lap.stan', line 67, column 1 to column 22)
	Exception: model_fix_mean_lap_model_namespace::log_prob: Omega is not positive definite. (in 'model_fix_mean_lap.stan', line 67, column 1 to column 22)
	Exception: model_fix_mean_lap_model_namespace::log_prob: Omega is not positive definite. (in 'model_fix_mean_lap.stan', line 67, column 1 to column 22)
	Exception: model_fix_mean_lap_model_namespace::log_prob: Omega is not positive definite. (in 'model_fix_mean_lap.stan', line 67, column 1 to column 22)
	Exception: model_fix_mean_lap_model_namespace::log_prob: Sigma is not positive definite. (in 'model_fix_mean_lap.stan', line 68, column 1 to column 21)
	Exception: model_fix_mean_lap_model_namespace::log_prob: Sigma is not positive definite. (in 'model_fix_mean_lap.stan', line 68, column 1 to column 21)
	Exception: model_fix_mean_lap_model_namespace::log_prob: Sigma is not positive definite. (in 'model_fix_mean_lap.stan', line 68, column 1 to column 21)
	Exception: model_fix_mean_lap_model_namespace::log_prob: Omega is not positive definite. (in 'model_fix_mean_lap.stan', line 67, column 1 to column 22)
	Exception: model_fix_mean_lap_model_namespace::log_prob: Omega is not positive definite. (in 'model_fix_mean_lap.stan', line 67, column 1 to column 22)
	Exception: model_fix_mean_lap_model_namespace::log_prob: Sigma is not positive definite. (in 'model_fix_mean_lap.stan', line 68, column 1 to column 21)
	Exception: model_fix_mean_lap_model_namespace::log_prob: Sigma is not positive definite. (in 'model_fix_mean_lap.stan', line 68, column 1 to column 21)
Exception: model_fix_mean_lap_model_namespace::log_prob: Sigma is not positive definite. (in 'model_fix_mean_lap.stan', line 68, column 1 to column 21)
	Exception: model_fix_mean_lap_model_namespace::log_prob: Sigma is not positive definite. (in 'model_fix_mean_lap.stan', line 68, column 1 to column 21)
	Exception: model_fix_mean_lap_model_namespace::log_prob: Omega is not positive definite. (in 'model_fix_mean_lap.stan', line 67, column 1 to column 22)
	Exception: model_fix_mean_lap_model_namespace::log_prob: Omega is not positive definite. (in 'model_fix_mean_lap.stan', line 67, column 1 to column 22)
	Exception: model_fix_mean_lap_model_namespace::log_prob: Omega is not positive definite. (in 'model_fix_mean_lap.stan', line 67, column 1 to column 22)
	Exception: model_fix_mean_lap_model_namespace::log_prob: Omega is not positive definite. (in 'model_fix_mean_lap.stan', line 67, column 1 to column 22)
	Exception: model_fix_mean_lap_model_namespace::log_prob: Sigma is not positive definite. (in 'model_fix_mean_lap.stan', line 68, column 1 to column 21)
	Exception: model_fix_mean_lap_model_namespace::log_prob: Omega is not positive definite. (in 'model_fix_mean_lap.stan', line 67, column 1 to column 22)
	Exception: model_fix_mean_lap_model_namespace::log_prob: Omega is not positive definite. (in 'model_fix_mean_lap.stan', line 67, column 1 to column 22)
Exception: model_fix_mean_lap_model_namespace::log_prob: Omega is not positive definite. (in 'model_fix_mean_lap.stan', line 67, column 1 to column 22)
	Exception: model_fix_mean_lap_model_namespace::log_prob: Omega is not positive definite. (in 'model_fix_mean_lap.stan', line 67, column 1 to column 22)
	Exception: model_fix_mean_lap_model_namespace::log_prob: Omega is not positive definite. (in 'model_fix_mean_lap.stan', line 67, column 1 to column 22)
	Exception: model_fix_mean_lap_model_namespace::log_prob: Omega is not positive definite. (in 'model_fix_mean_lap.stan', line 67, column 1 to column 22)
	Exception: model_fix_mean_lap_model_namespace::log_prob: Sigma is not positive definite. (in 'model_fix_mean_lap.stan', line 68, column 1 to column 21)
	Exception: model_fix_mean_lap_model_namespace::log_prob: Sigma is not positive definite. (in 'model_fix_mean_lap.stan', line 68, column 1 to column 21)
	Exception: model_fix_mean_lap_model_namespace::log_prob: Omega is not positive definite. (in 'model_fix_mean_lap.stan', line 67, column 1 to column 22)
	Exception: model_fix_mean_lap_model_namespace::log_prob: Omega is not positive definite. (in 'model_fix_mean_lap.stan', line 67, column 1 to column 22)
Exception: model_fix_mean_lap_model_namespace::log_prob: Sigma is not positive definite. (in 'model_fix_mean_lap.stan', line 68, column 1 to column 21)
	Exception: model_fix_mean_lap_model_namespace::log_prob: Omega is not positive definite. (in 'model_fix_mean_lap.stan', line 67, column 1 to column 22)
	Exception: model_fix_mean_lap_model_namespace::log_prob: Omega is not positive definite. (in 'model_fix_mean_lap.stan', line 67, column 1 to column 22)
	Exception: model_fix_mean_lap_model_namespace::log_prob: Omega is not positive definite. (in 'model_fix_mean_lap.stan', line 67, column 1 to column 22)
	Exception: model_fix_mean_lap_model_namespace::log_prob: Omega is not positive definite. (in 'model_fix_mean_lap.stan', line 67, column 1 to column 22)
	Exception: model_fix_mean_lap_model_namespace::log_prob: Sigma is not positive definite. (in 'model_fix_mean_lap.stan', line 68, column 1 to column 21)
	Exception: model_fix_mean_lap_model_namespace::log_prob: Omega is not positive definite. (in 'model_fix_mean_lap.stan', line 67, column 1 to column 22)
	Exception: model_fix_mean_lap_model_namespace::log_prob: Omega is not positive definite. (in 'model_fix_mean_lap.stan', line 67, column 1 to column 22)
Exception: model_fix_mean_lap_model_namespace::log_prob: Omega is not positive definite. (in 'model_fix_mean_lap.stan', line 67, column 1 to column 22)
	Exception: model_fix_mean_lap_model_namespace::log_prob: Omega is not positive definite. (in 'model_fix_mean_lap.stan', line 67, column 1 to column 22)
	Exception: model_fix_mean_lap_model_namespace::log_prob: Omega is not positive definite. (in 'model_fix_mean_lap.stan', line 67, column 1 to column 22)
	Exception: model_fix_mean_lap_model_namespace::log_prob: Omega is not positive definite. (in 'model_fix_mean_lap.stan', line 67, column 1 to column 22)
	Exception: model_fix_mean_lap_model_namespace::log_prob: Sigma is not positive definite. (in 'model_fix_mean_lap.stan', line 68, column 1 to column 21)
	Exception: model_fix_mean_lap_model_namespace::log_prob: Sigma is not positive definite. (in 'model_fix_mean_lap.stan', line 68, column 1 to column 21)
	Exception: model_fix_mean_lap_model_namespace::log_prob: Sigma is not positive definite. (in 'model_fix_mean_lap.stan', line 68, column 1 to column 21)
	Exception: model_fix_mean_lap_model_namespace::log_prob: Omega is not positive definite. (in 'model_fix_mean_lap.stan', line 67, column 1 to column 22)
	Exception: model_fix_mean_lap_model_namespace::log_prob: Omega is not positive definite. (in 'model_fix_mean_lap.stan', line 67, column 1 to column 22)
	Exception: model_fix_mean_lap_model_namespace::log_prob: Sigma is not positive definite. (in 'model_fix_mean_lap.stan', line 68, column 1 to column 21)
	Exception: model_fix_mean_lap_model_namespace::log_prob: Sigma is not positive definite. (in 'model_fix_mean_lap.stan', line 68, column 1 to column 21)
	Exception: model_fix_mean_lap_model_namespace::log_prob: Sigma is not positive definite. (in 'model_fix_mean_lap.stan', line 68, column 1 to column 21)
	Exception: model_fix_mean_lap_model_namespace::log_prob: Sigma is not positive definite. (in 'model_fix_mean_lap.stan', line 68, column 1 to column 21)
	Exception: model_fix_mean_lap_model_namespace::log_prob: Sigma is not positive definite. (in 'model_fix_mean_lap.stan', line 68, column 1 to column 21)
Exception: model_fix_mean_lap_model_namespace::log_prob: Omega is not positive definite. (in 'model_fix_mean_lap.stan', line 67, column 1 to column 22)
	Exception: model_fix_mean_lap_model_namespace::log_prob: Omega is not positive definite. (in 'model_fix_mean_lap.stan', line 67, column 1 to column 22)
	Exception: model_fix_mean_lap_model_namespace::log_prob: Omega is not positive definite. (in 'model_fix_mean_lap.stan', line 67, column 1 to column 22)
	Exception: model_fix_mean_lap_model_namespace::log_prob: Sigma is not positive definite. (in 'model_fix_mean_lap.stan', line 68, column 1 to column 21)
	Exception: model_fix_mean_lap_model_namespace::log_prob: Sigma is not positive definite. (in 'model_fix_mean_lap.stan', line 68, column 1 to column 21)
	Exception: model_fix_mean_lap_model_namespace::log_prob: Omega is not positive definite. (in 'model_fix_mean_lap.stan', line 67, column 1 to column 22)
	Exception: model_fix_mean_lap_model_namespace::log_prob: Omega is not positive definite. (in 'model_fix_mean_lap.stan', line 67, column 1 to column 22)
	Exception: model_fix_mean_lap_model_namespace::log_prob: Sigma is not positive definite. (in 'model_fix_mean_lap.stan', line 68, column 1 to column 21)
	Exception: model_fix_mean_lap_model_namespace::log_prob: Sigma is not positive definite. (in 'model_fix_mean_lap.stan', line 68, column 1 to column 21)
	Exception: model_fix_mean_lap_model_namespace::log_prob: Sigma is not positive definite. (in 'model_fix_mean_lap.stan', line 68, column 1 to column 21)
Exception: model_fix_mean_lap_model_namespace::log_prob: Omega is not positive definite. (in 'model_fix_mean_lap.stan', line 67, column 1 to column 22)
	Exception: model_fix_mean_lap_model_namespace::log_prob: Omega is not positive definite. (in 'model_fix_mean_lap.stan', line 67, column 1 to column 22)
	Exception: model_fix_mean_lap_model_namespace::log_prob: Omega is not positive definite. (in 'model_fix_mean_lap.stan', line 67, column 1 to column 22)
	Exception: model_fix_mean_lap_model_namespace::log_prob: Omega is not positive definite. (in 'model_fix_mean_lap.stan', line 67, column 1 to column 22)
	Exception: model_fix_mean_lap_model_namespace::log_prob: Omega is not positive definite. (in 'model_fix_mean_lap.stan', line 67, column 1 to column 22)
	Exception: model_fix_mean_lap_model_namespace::log_prob: Omega is not positive definite. (in 'model_fix_mean_lap.stan', line 67, column 1 to column 22)
	Exception: model_fix_mean_lap_model_namespace::log_prob: Omega is not positive definite. (in 'model_fix_mean_lap.stan', line 67, column 1 to column 22)
	Exception: model_fix_mean_lap_model_namespace::log_prob: Omega is not positive definite. (in 'model_fix_mean_lap.stan', line 67, column 1 to column 22)
	Exception: model_fix_mean_lap_model_namespace::log_prob: Sigma is not positive definite. (in 'model_fix_mean_lap.stan', line 68, column 1 to column 21)
	Exception: model_fix_mean_lap_model_namespace::log_prob: Omega is not positive definite. (in 'model_fix_mean_lap.stan', line 67, column 1 to column 22)
	Exception: model_fix_mean_lap_model_namespace::log_prob: Omega is not positive definite. (in 'model_fix_mean_lap.stan', line 67, column 1 to column 22)
	Exception: model_fix_mean_lap_model_namespace::log_prob: Omega is not positive definite. (in 'model_fix_mean_lap.stan', line 67, column 1 to column 22)
	Exception: model_fix_mean_lap_model_namespace::log_prob: Sigma is not positive definite. (in 'model_fix_mean_lap.stan', line 68, column 1 to column 21)
	Exception: model_fix_mean_lap_model_namespace::log_prob: Sigma is not positive definite. (in 'model_fix_mean_lap.stan', line 68, column 1 to column 21)
	Exception: model_fix_mean_lap_model_namespace::log_prob: Sigma is not positive definite. (in 'model_fix_mean_lap.stan', line 68, column 1 to column 21)
Exception: model_fix_mean_lap_model_namespace::log_prob: Omega is not positive definite. (in 'model_fix_mean_lap.stan', line 67, column 1 to column 22)
	Exception: model_fix_mean_lap_model_namespace::log_prob: Omega is not positive definite. (in 'model_fix_mean_lap.stan', line 67, column 1 to column 22)
	Exception: model_fix_mean_lap_model_namespace::log_prob: Omega is not positive definite. (in 'model_fix_mean_lap.stan', line 67, column 1 to column 22)
	Exception: model_fix_mean_lap_model_namespace::log_prob: Omega is not positive definite. (in 'model_fix_mean_lap.stan', line 67, column 1 to column 22)
	Exception: model_fix_mean_lap_model_namespace::log_prob: Omega is not positive definite. (in 'model_fix_mean_lap.stan', line 67, column 1 to column 22)
	Exception: model_fix_mean_lap_model_namespace::log_prob: Sigma is not positive definite. (in 'model_fix_mean_lap.stan', line 68, column 1 to column 21)
	Exception: model_fix_mean_lap_model_namespace::log_prob: Sigma is not positive definite. (in 'model_fix_mean_lap.stan', line 68, column 1 to column 21)
	Exception: model_fix_mean_lap_model_namespace::log_prob: Sigma is not positive definite. (in 'model_fix_mean_lap.stan', line 68, column 1 to column 21)
	Exception: model_fix_mean_lap_model_namespace::log_prob: Sigma is not positive definite. (in 'model_fix_mean_lap.stan', line 68, column 1 to column 21)
	Exception: model_fix_mean_lap_model_namespace::log_prob: Omega is not positive definite. (in 'model_fix_mean_lap.stan', line 67, column 1 to column 22)
	Exception: model_fix_mean_lap_model_namespace::log_prob: Omega is not positive definite. (in 'model_fix_mean_lap.stan', line 67, column 1 to column 22)
	Exception: model_fix_mean_lap_model_namespace::log_prob: Sigma is not positive definite. (in 'model_fix_mean_lap.stan', line 68, column 1 to column 21)
	Exception: model_fix_mean_lap_model_namespace::log_prob: Sigma is not positive definite. (in 'model_fix_mean_lap.stan', line 68, column 1 to column 21)
	Exception: multi_normal_lpdf: Location parameter[1] is -inf, but must be finite! (in 'model_fix_mean_lap.stan', line 140, column 12 to column 74)
Exception: model_fix_mean_lap_model_namespace::log_prob: Omega is not positive definite. (in 'model_fix_mean_lap.stan', line 67, column 1 to column 22)
	Exception: model_fix_mean_lap_model_namespace::log_prob: Omega is not positive definite. (in 'model_fix_mean_lap.stan', line 67, column 1 to column 22)
	Exception: model_fix_mean_lap_model_namespace::log_prob: Omega is not positive definite. (in 'model_fix_mean_lap.stan', line 67, column 1 to column 22)
	Exception: model_fix_mean_lap_model_namespace::log_prob: Omega is not positive definite. (in 'model_fix_mean_lap.stan', line 67, column 1 to column 22)
	Exception: model_fix_mean_lap_model_namespace::log_prob: Omega is not positive definite. (in 'model_fix_mean_lap.stan', line 67, column 1 to column 22)
	Exception: model_fix_mean_lap_model_namespace::log_prob: Sigma is not positive definite. (in 'model_fix_mean_lap.stan', line 68, column 1 to column 21)
	Exception: model_fix_mean_lap_model_namespace::log_prob: Sigma is not positive definite. (in 'model_fix_mean_lap.stan', line 68, column 1 to column 21)
	Exception: model_fix_mean_lap_model_namespace::log_prob: Omega is not positive definite. (in 'model_fix_mean_lap.stan', line 67, column 1 to column 22)
	Exception: model_fix_mean_lap_model_namespace::log_prob: Omega is not positive definite. (in 'model_fix_mean_lap.stan', line 67, column 1 to column 22)
Exception: model_fix_mean_lap_model_namespace::log_prob: Omega is not positive definite. (in 'model_fix_mean_lap.stan', line 67, column 1 to column 22)
	Exception: model_fix_mean_lap_model_namespace::log_prob: Omega is not positive definite. (in 'model_fix_mean_lap.stan', line 67, column 1 to column 22)
	Exception: model_fix_mean_lap_model_namespace::log_prob: Omega is not positive definite. (in 'model_fix_mean_lap.stan', line 67, column 1 to column 22)
	Exception: model_fix_mean_lap_model_namespace::log_prob: Omega is not positive definite. (in 'model_fix_mean_lap.stan', line 67, column 1 to column 22)
	Exception: model_fix_mean_lap_model_namespace::log_prob: Sigma is not positive definite. (in 'model_fix_mean_lap.stan', line 68, column 1 to column 21)
	Exception: model_fix_mean_lap_model_namespace::log_prob: Sigma is not positive definite. (in 'model_fix_mean_lap.stan', line 68, column 1 to column 21)
	Exception: model_fix_mean_lap_model_namespace::log_prob: Omega is not positive definite. (in 'model_fix_mean_lap.stan', line 67, column 1 to column 22)
	Exception: model_fix_mean_lap_model_namespace::log_prob: Omega is not positive definite. (in 'model_fix_mean_lap.stan', line 67, column 1 to column 22)
	Exception: model_fix_mean_lap_model_namespace::log_prob: Sigma is not positive definite. (in 'model_fix_mean_lap.stan', line 68, column 1 to column 21)
Exception: model_fix_mean_lap_model_namespace::log_prob: Omega is not positive definite. (in 'model_fix_mean_lap.stan', line 67, column 1 to column 22)
	Exception: model_fix_mean_lap_model_namespace::log_prob: Omega is not positive definite. (in 'model_fix_mean_lap.stan', line 67, column 1 to column 22)
	Exception: model_fix_mean_lap_model_namespace::log_prob: Omega is not positive definite. (in 'model_fix_mean_lap.stan', line 67, column 1 to column 22)
	Exception: model_fix_mean_lap_model_namespace::log_prob: Omega is not positive definite. (in 'model_fix_mean_lap.stan', line 67, column 1 to column 22)
	Exception: model_fix_mean_lap_model_namespace::log_prob: Sigma is not positive definite. (in 'model_fix_mean_lap.stan', line 68, column 1 to column 21)
	Exception: model_fix_mean_lap_model_namespace::log_prob: Sigma is not positive definite. (in 'model_fix_mean_lap.stan', line 68, column 1 to column 21)
	Exception: model_fix_mean_lap_model_namespace::log_prob: Sigma is not positive definite. (in 'model_fix_mean_lap.stan', line 68, column 1 to column 21)
	Exception: model_fix_mean_lap_model_namespace::log_prob: Sigma is not positive definite. (in 'model_fix_mean_lap.stan', line 68, column 1 to column 21)
	Exception: model_fix_mean_lap_model_namespace::log_prob: Omega is not positive definite. (in 'model_fix_mean_lap.stan', line 67, column 1 to column 22)
	Exception: model_fix_mean_lap_model_namespace::log_prob: Omega is not positive definite. (in 'model_fix_mean_lap.stan', line 67, column 1 to column 22)
	Exception: model_fix_mean_lap_model_namespace::log_prob: Sigma is not positive definite. (in 'model_fix_mean_lap.stan', line 68, column 1 to column 21)
	Exception: multi_normal_lpdf: Location parameter[1] is -inf, but must be finite! (in 'model_fix_mean_lap.stan', line 140, column 12 to column 74)
Exception: model_fix_mean_lap_model_namespace::log_prob: Omega is not positive definite. (in 'model_fix_mean_lap.stan', line 67, column 1 to column 22)
	Exception: model_fix_mean_lap_model_namespace::log_prob: Omega is not positive definite. (in 'model_fix_mean_lap.stan', line 67, column 1 to column 22)
	Exception: model_fix_mean_lap_model_namespace::log_prob: Omega is not positive definite. (in 'model_fix_mean_lap.stan', line 67, column 1 to column 22)
	Exception: model_fix_mean_lap_model_namespace::log_prob: Omega is not positive definite. (in 'model_fix_mean_lap.stan', line 67, column 1 to column 22)
	Exception: model_fix_mean_lap_model_namespace::log_prob: Omega is not positive definite. (in 'model_fix_mean_lap.stan', line 67, column 1 to column 22)
	Exception: model_fix_mean_lap_model_namespace::log_prob: Omega is not positive definite. (in 'model_fix_mean_lap.stan', line 67, column 1 to column 22)
	Exception: model_fix_mean_lap_model_namespace::log_prob: Sigma is not positive definite. (in 'model_fix_mean_lap.stan', line 68, column 1 to column 21)
	Exception: model_fix_mean_lap_model_namespace::log_prob: Sigma is not positive definite. (in 'model_fix_mean_lap.stan', line 68, column 1 to column 21)
	Exception: model_fix_mean_lap_model_namespace::log_prob: Omega is not positive definite. (in 'model_fix_mean_lap.stan', line 67, column 1 to column 22)
	Exception: model_fix_mean_lap_model_namespace::log_prob: Omega is not positive definite. (in 'model_fix_mean_lap.stan', line 67, column 1 to column 22)
	Exception: model_fix_mean_lap_model_namespace::log_prob: Sigma is not positive definite. (in 'model_fix_mean_lap.stan', line 68, column 1 to column 21)
	Exception: multi_normal_lpdf: Location parameter[2] is inf, but must be finite! (in 'model_fix_mean_lap.stan', line 140, column 12 to column 74)
Exception: model_fix_mean_lap_model_namespace::log_prob: Omega is not positive definite. (in 'model_fix_mean_lap.stan', line 67, column 1 to column 22)
	Exception: model_fix_mean_lap_model_namespace::log_prob: Omega is not positive definite. (in 'model_fix_mean_lap.stan', line 67, column 1 to column 22)
	Exception: model_fix_mean_lap_model_namespace::log_prob: Omega is not positive definite. (in 'model_fix_mean_lap.stan', line 67, column 1 to column 22)
	Exception: model_fix_mean_lap_model_namespace::log_prob: Omega is not positive definite. (in 'model_fix_mean_lap.stan', line 67, column 1 to column 22)
	Exception: model_fix_mean_lap_model_namespace::log_prob: Sigma is not positive definite. (in 'model_fix_mean_lap.stan', line 68, column 1 to column 21)
	Exception: model_fix_mean_lap_model_namespace::log_prob: Sigma is not positive definite. (in 'model_fix_mean_lap.stan', line 68, column 1 to column 21)
	Exception: model_fix_mean_lap_model_namespace::log_prob: Omega is not positive definite. (in 'model_fix_mean_lap.stan', line 67, column 1 to column 22)
	Exception: model_fix_mean_lap_model_namespace::log_prob: Omega is not positive definite. (in 'model_fix_mean_lap.stan', line 67, column 1 to column 22)
	Exception: model_fix_mean_lap_model_namespace::log_prob: Sigma is not positive definite. (in 'model_fix_mean_lap.stan', line 68, column 1 to column 21)
Exception: model_fix_mean_lap_model_namespace::log_prob: Omega is not positive definite. (in 'model_fix_mean_lap.stan', line 67, column 1 to column 22)
	Exception: model_fix_mean_lap_model_namespace::log_prob: Omega is not positive definite. (in 'model_fix_mean_lap.stan', line 67, column 1 to column 22)
	Exception: model_fix_mean_lap_model_namespace::log_prob: Omega is not positive definite. (in 'model_fix_mean_lap.stan', line 67, column 1 to column 22)
	Exception: model_fix_mean_lap_model_namespace::log_prob: Omega is not positive definite. (in 'model_fix_mean_lap.stan', line 67, column 1 to column 22)
	Exception: model_fix_mean_lap_model_namespace::log_prob: Sigma is not positive definite. (in 'model_fix_mean_lap.stan', line 68, column 1 to column 21)
	Exception: model_fix_mean_lap_model_namespace::log_prob: Sigma is not positive definite. (in 'model_fix_mean_lap.stan', line 68, column 1 to column 21)
	Exception: model_fix_mean_lap_model_namespace::log_prob: Sigma is not positive definite. (in 'model_fix_mean_lap.stan', line 68, column 1 to column 21)
	Exception: model_fix_mean_lap_model_namespace::log_prob: Omega is not positive definite. (in 'model_fix_mean_lap.stan', line 67, column 1 to column 22)
	Exception: model_fix_mean_lap_model_namespace::log_prob: Omega is not positive definite. (in 'model_fix_mean_lap.stan', line 67, column 1 to column 22)
Exception: model_fix_mean_lap_model_namespace::log_prob: Sigma is not symmetric. Sigma[1,2] = inf, but Sigma[2,1] = inf (in 'model_fix_mean_lap.stan', line 68, column 1 to column 21)
	Exception: model_fix_mean_lap_model_namespace::log_prob: Sigma is not symmetric. Sigma[1,2] = inf, but Sigma[2,1] = inf (in 'model_fix_mean_lap.stan', line 68, column 1 to column 21)
	Exception: model_fix_mean_lap_model_namespace::log_prob: Sigma is not symmetric. Sigma[1,2] = inf, but Sigma[2,1] = inf (in 'model_fix_mean_lap.stan', line 68, column 1 to column 21)
	Exception: model_fix_mean_lap_model_namespace::log_prob: Sigma is not positive definite. (in 'model_fix_mean_lap.stan', line 68, column 1 to column 21)
	Exception: model_fix_mean_lap_model_namespace::log_prob: Sigma is not positive definite. (in 'model_fix_mean_lap.stan', line 68, column 1 to column 21)
	Exception: model_fix_mean_lap_model_namespace::log_prob: Sigma is not positive definite. (in 'model_fix_mean_lap.stan', line 68, column 1 to column 21)
	Exception: model_fix_mean_lap_model_namespace::log_prob: Omega is not positive definite. (in 'model_fix_mean_lap.stan', line 67, column 1 to column 22)
	Exception: model_fix_mean_lap_model_namespace::log_prob: Sigma is not positive definite. (in 'model_fix_mean_lap.stan', line 68, column 1 to column 21)
Exception: model_fix_mean_lap_model_namespace::log_prob: Sigma is not positive definite. (in 'model_fix_mean_lap.stan', line 68, column 1 to column 21)
	Exception: model_fix_mean_lap_model_namespace::log_prob: Omega is not positive definite. (in 'model_fix_mean_lap.stan', line 67, column 1 to column 22)
	Exception: model_fix_mean_lap_model_namespace::log_prob: Omega is not positive definite. (in 'model_fix_mean_lap.stan', line 67, column 1 to column 22)
	Exception: model_fix_mean_lap_model_namespace::log_prob: Omega is not positive definite. (in 'model_fix_mean_lap.stan', line 67, column 1 to column 22)
	Exception: model_fix_mean_lap_model_namespace::log_prob: Omega is not positive definite. (in 'model_fix_mean_lap.stan', line 67, column 1 to column 22)
	Exception: model_fix_mean_lap_model_namespace::log_prob: Sigma is not positive definite. (in 'model_fix_mean_lap.stan', line 68, column 1 to column 21)
	Exception: model_fix_mean_lap_model_namespace::log_prob: Sigma is not positive definite. (in 'model_fix_mean_lap.stan', line 68, column 1 to column 21)
	Exception: model_fix_mean_lap_model_namespace::log_prob: Omega is not positive definite. (in 'model_fix_mean_lap.stan', line 67, column 1 to column 22)
	Exception: model_fix_mean_lap_model_namespace::log_prob: Omega is not positive definite. (in 'model_fix_mean_lap.stan', line 67, column 1 to column 22)
	Exception: model_fix_mean_lap_model_namespace::log_prob: Sigma is not positive definite. (in 'model_fix_mean_lap.stan', line 68, column 1 to column 21)
	Exception: model_fix_mean_lap_model_namespace::log_prob: Sigma is not positive definite. (in 'model_fix_mean_lap.stan', line 68, column 1 to column 21)
	Exception: model_fix_mean_lap_model_namespace::log_prob: Sigma is not positive definite. (in 'model_fix_mean_lap.stan', line 68, column 1 to column 21)
Exception: model_fix_mean_lap_model_namespace::log_prob: Omega is not positive definite. (in 'model_fix_mean_lap.stan', line 67, column 1 to column 22)
	Exception: model_fix_mean_lap_model_namespace::log_prob: Omega is not positive definite. (in 'model_fix_mean_lap.stan', line 67, column 1 to column 22)
	Exception: model_fix_mean_lap_model_namespace::log_prob: Omega is not positive definite. (in 'model_fix_mean_lap.stan', line 67, column 1 to column 22)
	Exception: model_fix_mean_lap_model_namespace::log_prob: Omega is not positive definite. (in 'model_fix_mean_lap.stan', line 67, column 1 to column 22)
	Exception: model_fix_mean_lap_model_namespace::log_prob: Omega is not positive definite. (in 'model_fix_mean_lap.stan', line 67, column 1 to column 22)
	Exception: model_fix_mean_lap_model_namespace::log_prob: Omega is not positive definite. (in 'model_fix_mean_lap.stan', line 67, column 1 to column 22)
	Exception: model_fix_mean_lap_model_namespace::log_prob: Sigma is not positive definite. (in 'model_fix_mean_lap.stan', line 68, column 1 to column 21)
	Exception: model_fix_mean_lap_model_namespace::log_prob: Sigma is not positive definite. (in 'model_fix_mean_lap.stan', line 68, column 1 to column 21)
	Exception: model_fix_mean_lap_model_namespace::log_prob: Omega is not positive definite. (in 'model_fix_mean_lap.stan', line 67, column 1 to column 22)
	Exception: model_fix_mean_lap_model_namespace::log_prob: Omega is not positive definite. (in 'model_fix_mean_lap.stan', line 67, column 1 to column 22)
	Exception: model_fix_mean_lap_model_namespace::log_prob: Sigma is not positive definite. (in 'model_fix_mean_lap.stan', line 68, column 1 to column 21)
	Exception: model_fix_mean_lap_model_namespace::log_prob: Sigma is not positive definite. (in 'model_fix_mean_lap.stan', line 68, column 1 to column 21)
Exception: model_fix_mean_lap_model_namespace::log_prob: Sigma is not positive definite. (in 'model_fix_mean_lap.stan', line 68, column 1 to column 21)
	Exception: model_fix_mean_lap_model_namespace::log_prob: Sigma is not positive definite. (in 'model_fix_mean_lap.stan', line 68, column 1 to column 21)
	Exception: model_fix_mean_lap_model_namespace::log_prob: Omega is not positive definite. (in 'model_fix_mean_lap.stan', line 67, column 1 to column 22)
	Exception: model_fix_mean_lap_model_namespace::log_prob: Omega is not positive definite. (in 'model_fix_mean_lap.stan', line 67, column 1 to column 22)
	Exception: model_fix_mean_lap_model_namespace::log_prob: Omega is not positive definite. (in 'model_fix_mean_lap.stan', line 67, column 1 to column 22)
	Exception: model_fix_mean_lap_model_namespace::log_prob: Omega is not positive definite. (in 'model_fix_mean_lap.stan', line 67, column 1 to column 22)
	Exception: model_fix_mean_lap_model_namespace::log_prob: Omega is not positive definite. (in 'model_fix_mean_lap.stan', line 67, column 1 to column 22)
	Exception: model_fix_mean_lap_model_namespace::log_prob: Sigma is not positive definite. (in 'model_fix_mean_lap.stan', line 68, column 1 to column 21)
	Exception: model_fix_mean_lap_model_namespace::log_prob: Sigma is not positive definite. (in 'model_fix_mean_lap.stan', line 68, column 1 to column 21)
	Exception: model_fix_mean_lap_model_namespace::log_prob: Omega is not positive definite. (in 'model_fix_mean_lap.stan', line 67, column 1 to column 22)
	Exception: model_fix_mean_lap_model_namespace::log_prob: Omega is not positive definite. (in 'model_fix_mean_lap.stan', line 67, column 1 to column 22)
Exception: model_fix_mean_lap_model_namespace::log_prob: Omega is not positive definite. (in 'model_fix_mean_lap.stan', line 67, column 1 to column 22)
	Exception: model_fix_mean_lap_model_namespace::log_prob: Omega is not positive definite. (in 'model_fix_mean_lap.stan', line 67, column 1 to column 22)
	Exception: model_fix_mean_lap_model_namespace::log_prob: Omega is not positive definite. (in 'model_fix_mean_lap.stan', line 67, column 1 to column 22)
	Exception: model_fix_mean_lap_model_namespace::log_prob: Omega is not positive definite. (in 'model_fix_mean_lap.stan', line 67, column 1 to column 22)
	Exception: model_fix_mean_lap_model_namespace::log_prob: Sigma is not positive definite. (in 'model_fix_mean_lap.stan', line 68, column 1 to column 21)
	Exception: model_fix_mean_lap_model_namespace::log_prob: Sigma is not positive definite. (in 'model_fix_mean_lap.stan', line 68, column 1 to column 21)
	Exception: model_fix_mean_lap_model_namespace::log_prob: Sigma is not positive definite. (in 'model_fix_mean_lap.stan', line 68, column 1 to column 21)
	Exception: model_fix_mean_lap_model_namespace::log_prob: Omega is not positive definite. (in 'model_fix_mean_lap.stan', line 67, column 1 to column 22)
	Exception: model_fix_mean_lap_model_namespace::log_prob: Omega is not positive definite. (in 'model_fix_mean_lap.stan', line 67, column 1 to column 22)
	Exception: model_fix_mean_lap_model_namespace::log_prob: Sigma is not positive definite. (in 'model_fix_mean_lap.stan', line 68, column 1 to column 21)
	Exception: model_fix_mean_lap_model_namespace::log_prob: Sigma is not positive definite. (in 'model_fix_mean_lap.stan', line 68, column 1 to column 21)
	Exception: model_fix_mean_lap_model_namespace::log_prob: Sigma is not positive definite. (in 'model_fix_mean_lap.stan', line 68, column 1 to column 21)
	Exception: model_fix_mean_lap_model_namespace::log_prob: Sigma is not positive definite. (in 'model_fix_mean_lap.stan', line 68, column 1 to column 21)
	Exception: model_fix_mean_lap_model_namespace::log_prob: Sigma is not positive definite. (in 'model_fix_mean_lap.stan', line 68, column 1 to column 21)
Exception: model_fix_mean_lap_model_namespace::log_prob: Sigma is not positive definite. (in 'model_fix_mean_lap.stan', line 68, column 1 to column 21)
	Exception: model_fix_mean_lap_model_namespace::log_prob: Omega is not positive definite. (in 'model_fix_mean_lap.stan', line 67, column 1 to column 22)
	Exception: model_fix_mean_lap_model_namespace::log_prob: Omega is not positive definite. (in 'model_fix_mean_lap.stan', line 67, column 1 to column 22)
	Exception: model_fix_mean_lap_model_namespace::log_prob: Omega is not positive definite. (in 'model_fix_mean_lap.stan', line 67, column 1 to column 22)
	Exception: model_fix_mean_lap_model_namespace::log_prob: Omega is not positive definite. (in 'model_fix_mean_lap.stan', line 67, column 1 to column 22)
	Exception: model_fix_mean_lap_model_namespace::log_prob: Omega is not positive definite. (in 'model_fix_mean_lap.stan', line 67, column 1 to column 22)
	Exception: model_fix_mean_lap_model_namespace::log_prob: Sigma is not positive definite. (in 'model_fix_mean_lap.stan', line 68, column 1 to column 21)
	Exception: model_fix_mean_lap_model_namespace::log_prob: Sigma is not positive definite. (in 'model_fix_mean_lap.stan', line 68, column 1 to column 21)
	Exception: model_fix_mean_lap_model_namespace::log_prob: Sigma is not positive definite. (in 'model_fix_mean_lap.stan', line 68, column 1 to column 21)
	Exception: model_fix_mean_lap_model_namespace::log_prob: Sigma is not positive definite. (in 'model_fix_mean_lap.stan', line 68, column 1 to column 21)
	Exception: model_fix_mean_lap_model_namespace::log_prob: Omega is not positive definite. (in 'model_fix_mean_lap.stan', line 67, column 1 to column 22)
	Exception: model_fix_mean_lap_model_namespace::log_prob: Omega is not positive definite. (in 'model_fix_mean_lap.stan', line 67, column 1 to column 22)
	Exception: multi_normal_lpdf: Location parameter[2] is inf, but must be finite! (in 'model_fix_mean_lap.stan', line 140, column 12 to column 74)
	Exception: model_fix_mean_lap_model_namespace::log_prob: Sigma is not positive definite. (in 'model_fix_mean_lap.stan', line 68, column 1 to column 21)
Consider re-running with show_console=True if the above output is unclear!
15:04:05 - cmdstanpy - WARNING - Some chains may have failed to converge.
	Chain 10 had 2 iterations at max treedepth (0.1%)
	Chain 14 had 571 iterations at max treedepth (22.8%)
	Chain 18 had 12 iterations at max treedepth (0.5%)
	Chain 19 had 535 iterations at max treedepth (21.4%)
	Chain 25 had 25 iterations at max treedepth (1.0%)
	Chain 27 had 508 iterations at max treedepth (20.3%)
	Chain 28 had 2 iterations at max treedepth (0.1%)
	Chain 31 had 3 iterations at max treedepth (0.1%)
	Chain 32 had 5 iterations at max treedepth (0.2%)
	Chain 34 had 6 iterations at max treedepth (0.2%)
	Chain 38 had 390 iterations at max treedepth (15.6%)
	Chain 45 had 2 iterations at max treedepth (0.1%)
	Chain 46 had 1 iterations at max treedepth (0.0%)
	Chain 48 had 110 iterations at max treedepth (4.4%)
	Chain 49 had 59 iterations at max treedepth (2.4%)
	Chain 53 had 349 iterations at max treedepth (14.0%)
	Chain 54 had 208 iterations at max treedepth (8.3%)
	Chain 69 had 372 iterations at max treedepth (14.9%)
	Chain 72 had 1 iterations at max treedepth (0.0%)
	Chain 81 had 1 iterations at max treedepth (0.0%)
	Chain 82 had 34 iterations at max treedepth (1.4%)
	Chain 83 had 1 iterations at max treedepth (0.0%)
	Chain 86 had 363 iterations at max treedepth (14.5%)
	Chain 89 had 158 iterations at max treedepth (6.3%)
	Chain 91 had 7 divergent transitions (0.3%)
	Chain 91 had 492 iterations at max treedepth (19.7%)
	Chain 98 had 382 iterations at max treedepth (15.3%)
	Chain 101 had 3 iterations at max treedepth (0.1%)
	Chain 102 had 1 divergent transitions (0.0%)
	Chain 107 had 2 iterations at max treedepth (0.1%)
	Chain 109 had 119 iterations at max treedepth (4.8%)
	Chain 114 had 23 iterations at max treedepth (0.9%)
	Chain 117 had 3 iterations at max treedepth (0.1%)
	Chain 119 had 382 iterations at max treedepth (15.3%)
	Chain 128 had 355 iterations at max treedepth (14.2%)
	Use the "diagnose()" method on the CmdStanMCMC object to see further information.
16:59:49 - cmdstanpy - INFO - CmdStan start processing
16:59:49 - cmdstanpy - INFO - Chain [1] start processing
16:59:49 - cmdstanpy - INFO - Chain [2] start processing
16:59:49 - cmdstanpy - INFO - Chain [3] start processing
16:59:49 - cmdstanpy - INFO - Chain [4] start processing
16:59:49 - cmdstanpy - INFO - Chain [5] start processing
16:59:49 - cmdstanpy - INFO - Chain [6] start processing
16:59:49 - cmdstanpy - INFO - Chain [7] start processing
16:59:49 - cmdstanpy - INFO - Chain [8] start processing
16:59:49 - cmdstanpy - INFO - Chain [9] start processing
16:59:49 - cmdstanpy - INFO - Chain [10] start processing
16:59:49 - cmdstanpy - INFO - Chain [11] start processing
16:59:51 - cmdstanpy - INFO - Chain [12] start processing
16:59:51 - cmdstanpy - INFO - Chain [13] start processing
16:59:51 - cmdstanpy - INFO - Chain [14] start processing
16:59:51 - cmdstanpy - INFO - Chain [15] start processing
16:59:51 - cmdstanpy - INFO - Chain [16] start processing
16:59:51 - cmdstanpy - INFO - Chain [17] start processing
16:59:51 - cmdstanpy - INFO - Chain [18] start processing
16:59:51 - cmdstanpy - INFO - Chain [19] start processing
16:59:51 - cmdstanpy - INFO - Chain [20] start processing
16:59:51 - cmdstanpy - INFO - Chain [21] start processing
16:59:51 - cmdstanpy - INFO - Chain [22] start processing
16:59:51 - cmdstanpy - INFO - Chain [23] start processing
16:59:51 - cmdstanpy - INFO - Chain [24] start processing
16:59:51 - cmdstanpy - INFO - Chain [25] start processing
16:59:51 - cmdstanpy - INFO - Chain [26] start processing
16:59:51 - cmdstanpy - INFO - Chain [27] start processing
16:59:51 - cmdstanpy - INFO - Chain [28] start processing
16:59:51 - cmdstanpy - INFO - Chain [29] start processing
16:59:51 - cmdstanpy - INFO - Chain [30] start processing
16:59:51 - cmdstanpy - INFO - Chain [31] start processing
16:59:51 - cmdstanpy - INFO - Chain [32] start processing
16:59:51 - cmdstanpy - INFO - Chain [33] start processing
16:59:51 - cmdstanpy - INFO - Chain [34] start processing
16:59:51 - cmdstanpy - INFO - Chain [35] start processing
16:59:51 - cmdstanpy - INFO - Chain [36] start processing
16:59:51 - cmdstanpy - INFO - Chain [37] start processing
16:59:51 - cmdstanpy - INFO - Chain [38] start processing
16:59:51 - cmdstanpy - INFO - Chain [39] start processing
16:59:51 - cmdstanpy - INFO - Chain [40] start processing
16:59:51 - cmdstanpy - INFO - Chain [41] start processing
16:59:51 - cmdstanpy - INFO - Chain [42] start processing
16:59:51 - cmdstanpy - INFO - Chain [43] start processing
16:59:51 - cmdstanpy - INFO - Chain [44] start processing
16:59:51 - cmdstanpy - INFO - Chain [45] start processing
16:59:51 - cmdstanpy - INFO - Chain [46] start processing
16:59:51 - cmdstanpy - INFO - Chain [47] start processing
16:59:51 - cmdstanpy - INFO - Chain [48] start processing
16:59:51 - cmdstanpy - INFO - Chain [49] start processing
16:59:51 - cmdstanpy - INFO - Chain [50] start processing
16:59:51 - cmdstanpy - INFO - Chain [51] start processing
16:59:51 - cmdstanpy - INFO - Chain [52] start processing
16:59:51 - cmdstanpy - INFO - Chain [53] start processing
16:59:51 - cmdstanpy - INFO - Chain [54] start processing
16:59:51 - cmdstanpy - INFO - Chain [55] start processing
16:59:51 - cmdstanpy - INFO - Chain [56] start processing
16:59:51 - cmdstanpy - INFO - Chain [57] start processing
16:59:51 - cmdstanpy - INFO - Chain [58] start processing
16:59:51 - cmdstanpy - INFO - Chain [59] start processing
16:59:51 - cmdstanpy - INFO - Chain [60] start processing
16:59:51 - cmdstanpy - INFO - Chain [61] start processing
16:59:51 - cmdstanpy - INFO - Chain [62] start processing
16:59:51 - cmdstanpy - INFO - Chain [63] start processing
16:59:51 - cmdstanpy - INFO - Chain [64] start processing
16:59:51 - cmdstanpy - INFO - Chain [65] start processing
16:59:51 - cmdstanpy - INFO - Chain [66] start processing
16:59:51 - cmdstanpy - INFO - Chain [67] start processing
16:59:51 - cmdstanpy - INFO - Chain [68] start processing
16:59:51 - cmdstanpy - INFO - Chain [69] start processing
16:59:51 - cmdstanpy - INFO - Chain [70] start processing
16:59:51 - cmdstanpy - INFO - Chain [71] start processing
16:59:51 - cmdstanpy - INFO - Chain [72] start processing
16:59:51 - cmdstanpy - INFO - Chain [73] start processing
16:59:51 - cmdstanpy - INFO - Chain [74] start processing
16:59:51 - cmdstanpy - INFO - Chain [75] start processing
16:59:51 - cmdstanpy - INFO - Chain [76] start processing
16:59:51 - cmdstanpy - INFO - Chain [77] start processing
16:59:51 - cmdstanpy - INFO - Chain [78] start processing
16:59:51 - cmdstanpy - INFO - Chain [79] start processing
16:59:51 - cmdstanpy - INFO - Chain [80] start processing
16:59:51 - cmdstanpy - INFO - Chain [81] start processing
16:59:51 - cmdstanpy - INFO - Chain [82] start processing
16:59:51 - cmdstanpy - INFO - Chain [83] start processing
16:59:51 - cmdstanpy - INFO - Chain [84] start processing
16:59:51 - cmdstanpy - INFO - Chain [85] start processing
16:59:51 - cmdstanpy - INFO - Chain [86] start processing
16:59:51 - cmdstanpy - INFO - Chain [87] start processing
16:59:51 - cmdstanpy - INFO - Chain [88] start processing
16:59:51 - cmdstanpy - INFO - Chain [89] start processing
16:59:51 - cmdstanpy - INFO - Chain [90] start processing
16:59:51 - cmdstanpy - INFO - Chain [91] start processing
16:59:51 - cmdstanpy - INFO - Chain [92] start processing
16:59:51 - cmdstanpy - INFO - Chain [93] start processing
16:59:51 - cmdstanpy - INFO - Chain [94] start processing
16:59:51 - cmdstanpy - INFO - Chain [95] start processing
16:59:51 - cmdstanpy - INFO - Chain [96] start processing
16:59:51 - cmdstanpy - INFO - Chain [97] start processing
16:59:51 - cmdstanpy - INFO - Chain [98] start processing
16:59:51 - cmdstanpy - INFO - Chain [99] start processing
16:59:51 - cmdstanpy - INFO - Chain [100] start processing
16:59:51 - cmdstanpy - INFO - Chain [101] start processing
16:59:51 - cmdstanpy - INFO - Chain [102] start processing
16:59:51 - cmdstanpy - INFO - Chain [103] start processing
16:59:51 - cmdstanpy - INFO - Chain [104] start processing
16:59:51 - cmdstanpy - INFO - Chain [105] start processing
16:59:51 - cmdstanpy - INFO - Chain [106] start processing
16:59:51 - cmdstanpy - INFO - Chain [107] start processing
16:59:51 - cmdstanpy - INFO - Chain [108] start processing
16:59:51 - cmdstanpy - INFO - Chain [109] start processing
16:59:51 - cmdstanpy - INFO - Chain [110] start processing
16:59:51 - cmdstanpy - INFO - Chain [111] start processing
16:59:51 - cmdstanpy - INFO - Chain [112] start processing
16:59:51 - cmdstanpy - INFO - Chain [113] start processing
16:59:51 - cmdstanpy - INFO - Chain [114] start processing
16:59:51 - cmdstanpy - INFO - Chain [115] start processing
16:59:51 - cmdstanpy - INFO - Chain [116] start processing
16:59:51 - cmdstanpy - INFO - Chain [117] start processing
16:59:51 - cmdstanpy - INFO - Chain [118] start processing
16:59:51 - cmdstanpy - INFO - Chain [119] start processing
16:59:51 - cmdstanpy - INFO - Chain [120] start processing
16:59:51 - cmdstanpy - INFO - Chain [121] start processing
16:59:51 - cmdstanpy - INFO - Chain [122] start processing
16:59:51 - cmdstanpy - INFO - Chain [123] start processing
16:59:51 - cmdstanpy - INFO - Chain [124] start processing
16:59:51 - cmdstanpy - INFO - Chain [125] start processing
16:59:51 - cmdstanpy - INFO - Chain [126] start processing
16:59:51 - cmdstanpy - INFO - Chain [127] start processing
16:59:51 - cmdstanpy - INFO - Chain [128] start processing
04:16:48 - cmdstanpy - INFO - Chain [77] done processing
slurmstepd: error: *** JOB 6645648 ON nid0352 CANCELLED AT 2026-03-20T09:07:29 ***
