conda version 25.3.0 python 3.12.7 unloaded.
conda version 25.3.0 python 3.12.7 loaded.
23:13:13 - cmdstanpy - INFO - CmdStan start processing
23:13:13 - cmdstanpy - INFO - Chain [1] start processing
23:13:13 - cmdstanpy - INFO - Chain [2] start processing
23:13:13 - cmdstanpy - INFO - Chain [3] start processing
23:13:13 - cmdstanpy - INFO - Chain [4] start processing
23:13:13 - cmdstanpy - INFO - Chain [5] start processing
23:13:13 - cmdstanpy - INFO - Chain [6] start processing
23:13:13 - cmdstanpy - INFO - Chain [7] start processing
23:13:13 - cmdstanpy - INFO - Chain [8] start processing
23:13:13 - cmdstanpy - INFO - Chain [9] start processing
23:13:13 - cmdstanpy - INFO - Chain [10] start processing
23:13:13 - cmdstanpy - INFO - Chain [11] start processing
23:13:13 - cmdstanpy - INFO - Chain [12] start processing
23:13:13 - cmdstanpy - INFO - Chain [13] start processing
23:13:13 - cmdstanpy - INFO - Chain [14] start processing
23:13:13 - cmdstanpy - INFO - Chain [15] start processing
23:13:13 - cmdstanpy - INFO - Chain [16] start processing
23:13:13 - cmdstanpy - INFO - Chain [17] start processing
23:13:13 - cmdstanpy - INFO - Chain [18] start processing
23:13:13 - cmdstanpy - INFO - Chain [19] start processing
23:13:13 - cmdstanpy - INFO - Chain [20] start processing
23:13:13 - cmdstanpy - INFO - Chain [21] start processing
23:13:13 - cmdstanpy - INFO - Chain [22] start processing
23:13:13 - cmdstanpy - INFO - Chain [23] start processing
23:13:13 - cmdstanpy - INFO - Chain [24] start processing
23:13:13 - cmdstanpy - INFO - Chain [25] start processing
23:13:13 - cmdstanpy - INFO - Chain [26] start processing
23:13:13 - cmdstanpy - INFO - Chain [27] start processing
23:13:13 - cmdstanpy - INFO - Chain [28] start processing
23:13:13 - cmdstanpy - INFO - Chain [29] start processing
23:13:13 - cmdstanpy - INFO - Chain [30] start processing
23:13:13 - cmdstanpy - INFO - Chain [31] start processing
23:13:13 - cmdstanpy - INFO - Chain [32] start processing
23:13:13 - cmdstanpy - INFO - Chain [33] start processing
23:13:13 - cmdstanpy - INFO - Chain [34] start processing
23:13:13 - cmdstanpy - INFO - Chain [35] start processing
23:13:13 - cmdstanpy - INFO - Chain [36] start processing
23:13:13 - cmdstanpy - INFO - Chain [37] start processing
23:13:13 - cmdstanpy - INFO - Chain [38] start processing
23:13:13 - cmdstanpy - INFO - Chain [39] start processing
23:13:13 - cmdstanpy - INFO - Chain [40] start processing
23:13:13 - cmdstanpy - INFO - Chain [41] start processing
23:13:13 - cmdstanpy - INFO - Chain [42] start processing
23:13:13 - cmdstanpy - INFO - Chain [43] start processing
23:13:13 - cmdstanpy - INFO - Chain [44] start processing
23:13:13 - cmdstanpy - INFO - Chain [45] start processing
23:13:13 - cmdstanpy - INFO - Chain [46] start processing
23:13:13 - cmdstanpy - INFO - Chain [47] start processing
23:13:13 - cmdstanpy - INFO - Chain [48] start processing
23:13:13 - cmdstanpy - INFO - Chain [49] start processing
23:13:13 - cmdstanpy - INFO - Chain [50] start processing
23:13:13 - cmdstanpy - INFO - Chain [51] start processing
23:13:13 - cmdstanpy - INFO - Chain [52] start processing
23:13:13 - cmdstanpy - INFO - Chain [53] start processing
23:13:13 - cmdstanpy - INFO - Chain [54] start processing
23:13:13 - cmdstanpy - INFO - Chain [55] start processing
23:13:13 - cmdstanpy - INFO - Chain [56] start processing
23:13:13 - cmdstanpy - INFO - Chain [57] start processing
23:13:13 - cmdstanpy - INFO - Chain [58] start processing
23:13:13 - cmdstanpy - INFO - Chain [59] start processing
23:13:13 - cmdstanpy - INFO - Chain [60] start processing
23:13:13 - cmdstanpy - INFO - Chain [61] start processing
23:13:13 - cmdstanpy - INFO - Chain [62] start processing
23:13:13 - cmdstanpy - INFO - Chain [63] start processing
23:13:13 - cmdstanpy - INFO - Chain [64] start processing
23:13:13 - cmdstanpy - INFO - Chain [65] start processing
23:13:13 - cmdstanpy - INFO - Chain [66] start processing
23:13:13 - cmdstanpy - INFO - Chain [67] start processing
23:13:13 - cmdstanpy - INFO - Chain [68] start processing
23:13:13 - cmdstanpy - INFO - Chain [69] start processing
23:13:13 - cmdstanpy - INFO - Chain [70] start processing
23:13:13 - cmdstanpy - INFO - Chain [71] start processing
23:13:13 - cmdstanpy - INFO - Chain [72] start processing
23:13:13 - cmdstanpy - INFO - Chain [73] start processing
23:13:13 - cmdstanpy - INFO - Chain [74] start processing
23:13:13 - cmdstanpy - INFO - Chain [75] start processing
23:13:13 - cmdstanpy - INFO - Chain [76] start processing
23:13:13 - cmdstanpy - INFO - Chain [77] start processing
23:13:13 - cmdstanpy - INFO - Chain [78] start processing
23:13:13 - cmdstanpy - INFO - Chain [79] start processing
23:13:13 - cmdstanpy - INFO - Chain [80] start processing
23:13:13 - cmdstanpy - INFO - Chain [81] start processing
23:13:13 - cmdstanpy - INFO - Chain [82] start processing
23:13:13 - cmdstanpy - INFO - Chain [83] start processing
23:13:13 - cmdstanpy - INFO - Chain [84] start processing
23:13:13 - cmdstanpy - INFO - Chain [85] start processing
23:13:13 - cmdstanpy - INFO - Chain [86] start processing
23:13:13 - cmdstanpy - INFO - Chain [87] start processing
23:13:13 - cmdstanpy - INFO - Chain [88] start processing
23:13:13 - cmdstanpy - INFO - Chain [89] start processing
23:13:13 - cmdstanpy - INFO - Chain [90] start processing
23:13:13 - cmdstanpy - INFO - Chain [91] start processing
23:13:13 - cmdstanpy - INFO - Chain [92] start processing
23:13:13 - cmdstanpy - INFO - Chain [93] start processing
23:13:13 - cmdstanpy - INFO - Chain [94] start processing
23:13:13 - cmdstanpy - INFO - Chain [95] start processing
23:13:13 - cmdstanpy - INFO - Chain [96] start processing
23:13:13 - cmdstanpy - INFO - Chain [97] start processing
23:13:13 - cmdstanpy - INFO - Chain [98] start processing
23:13:13 - cmdstanpy - INFO - Chain [99] start processing
23:13:13 - cmdstanpy - INFO - Chain [100] start processing
23:13:13 - cmdstanpy - INFO - Chain [101] start processing
23:13:13 - cmdstanpy - INFO - Chain [102] start processing
23:13:13 - cmdstanpy - INFO - Chain [103] start processing
23:13:13 - cmdstanpy - INFO - Chain [104] start processing
23:13:13 - cmdstanpy - INFO - Chain [105] start processing
23:13:13 - cmdstanpy - INFO - Chain [106] start processing
23:13:13 - cmdstanpy - INFO - Chain [107] start processing
23:13:13 - cmdstanpy - INFO - Chain [108] start processing
23:13:13 - cmdstanpy - INFO - Chain [109] start processing
23:13:13 - cmdstanpy - INFO - Chain [110] start processing
23:13:13 - cmdstanpy - INFO - Chain [111] start processing
23:13:13 - cmdstanpy - INFO - Chain [112] start processing
23:13:13 - cmdstanpy - INFO - Chain [113] start processing
23:13:13 - cmdstanpy - INFO - Chain [114] start processing
23:13:13 - cmdstanpy - INFO - Chain [115] start processing
23:13:13 - cmdstanpy - INFO - Chain [116] start processing
23:13:13 - cmdstanpy - INFO - Chain [117] start processing
23:13:13 - cmdstanpy - INFO - Chain [118] start processing
23:13:13 - cmdstanpy - INFO - Chain [119] start processing
23:13:13 - cmdstanpy - INFO - Chain [120] start processing
23:13:13 - cmdstanpy - INFO - Chain [121] start processing
23:13:13 - cmdstanpy - INFO - Chain [122] start processing
23:13:13 - cmdstanpy - INFO - Chain [123] start processing
23:13:13 - cmdstanpy - INFO - Chain [124] start processing
23:13:13 - cmdstanpy - INFO - Chain [125] start processing
23:13:13 - cmdstanpy - INFO - Chain [126] start processing
23:13:13 - cmdstanpy - INFO - Chain [127] start processing
23:13:13 - cmdstanpy - INFO - Chain [128] start processing
17:50:49 - cmdstanpy - INFO - Chain [28] done processing
18:36:46 - cmdstanpy - INFO - Chain [34] done processing
19:36:33 - cmdstanpy - INFO - Chain [120] done processing
19:45:07 - cmdstanpy - INFO - Chain [82] done processing
19:48:20 - cmdstanpy - INFO - Chain [105] done processing
19:51:31 - cmdstanpy - INFO - Chain [87] done processing
20:00:49 - cmdstanpy - INFO - Chain [106] done processing
20:00:55 - cmdstanpy - INFO - Chain [128] done processing
20:06:01 - cmdstanpy - INFO - Chain [59] done processing
20:08:10 - cmdstanpy - INFO - Chain [93] done processing
20:11:46 - cmdstanpy - INFO - Chain [75] done processing
20:13:42 - cmdstanpy - INFO - Chain [31] done processing
20:27:20 - cmdstanpy - INFO - Chain [88] done processing
20:32:18 - cmdstanpy - INFO - Chain [110] done processing
20:36:42 - cmdstanpy - INFO - Chain [51] done processing
20:36:55 - cmdstanpy - INFO - Chain [111] done processing
20:47:07 - cmdstanpy - INFO - Chain [92] done processing
20:50:52 - cmdstanpy - INFO - Chain [109] done processing
20:52:02 - cmdstanpy - INFO - Chain [32] done processing
20:52:31 - cmdstanpy - INFO - Chain [4] done processing
20:59:15 - cmdstanpy - INFO - Chain [108] done processing
21:01:48 - cmdstanpy - INFO - Chain [125] done processing
21:07:29 - cmdstanpy - INFO - Chain [68] done processing
21:07:37 - cmdstanpy - INFO - Chain [121] done processing
21:11:53 - cmdstanpy - INFO - Chain [114] done processing
21:13:28 - cmdstanpy - INFO - Chain [48] done processing
21:15:00 - cmdstanpy - INFO - Chain [119] done processing
21:23:29 - cmdstanpy - INFO - Chain [46] done processing
21:23:38 - cmdstanpy - INFO - Chain [118] done processing
21:29:32 - cmdstanpy - INFO - Chain [96] done processing
21:29:39 - cmdstanpy - INFO - Chain [70] done processing
21:30:39 - cmdstanpy - INFO - Chain [67] done processing
21:33:37 - cmdstanpy - INFO - Chain [122] done processing
21:34:22 - cmdstanpy - INFO - Chain [15] done processing
21:38:48 - cmdstanpy - INFO - Chain [100] done processing
21:39:45 - cmdstanpy - INFO - Chain [47] done processing
21:40:16 - cmdstanpy - INFO - Chain [50] done processing
21:43:50 - cmdstanpy - INFO - Chain [97] done processing
21:45:19 - cmdstanpy - INFO - Chain [102] done processing
21:45:46 - cmdstanpy - INFO - Chain [123] done processing
21:46:33 - cmdstanpy - INFO - Chain [104] done processing
21:48:27 - cmdstanpy - INFO - Chain [12] done processing
21:52:25 - cmdstanpy - INFO - Chain [45] done processing
21:52:36 - cmdstanpy - INFO - Chain [17] done processing
21:58:00 - cmdstanpy - INFO - Chain [18] done processing
22:03:22 - cmdstanpy - INFO - Chain [9] done processing
22:07:18 - cmdstanpy - INFO - Chain [90] done processing
22:08:47 - cmdstanpy - INFO - Chain [10] done processing
22:09:26 - cmdstanpy - INFO - Chain [76] done processing
22:10:56 - cmdstanpy - INFO - Chain [22] done processing
22:13:14 - cmdstanpy - INFO - Chain [25] done processing
22:13:37 - cmdstanpy - INFO - Chain [20] done processing
22:14:38 - cmdstanpy - INFO - Chain [77] done processing
22:17:56 - cmdstanpy - INFO - Chain [91] done processing
22:22:50 - cmdstanpy - INFO - Chain [89] done processing
22:23:10 - cmdstanpy - INFO - Chain [11] done processing
22:28:32 - cmdstanpy - INFO - Chain [44] done processing
22:29:21 - cmdstanpy - INFO - Chain [66] done processing
22:32:40 - cmdstanpy - INFO - Chain [2] done processing
22:33:03 - cmdstanpy - INFO - Chain [49] done processing
22:38:16 - cmdstanpy - INFO - Chain [30] done processing
22:40:29 - cmdstanpy - INFO - Chain [21] done processing
22:43:50 - cmdstanpy - INFO - Chain [39] done processing
22:48:01 - cmdstanpy - INFO - Chain [6] done processing
23:02:09 - cmdstanpy - INFO - Chain [107] done processing
23:03:24 - cmdstanpy - INFO - Chain [101] done processing
23:12:25 - cmdstanpy - INFO - Chain [58] done processing
23:14:00 - cmdstanpy - INFO - Chain [65] done processing
23:15:14 - cmdstanpy - INFO - Chain [43] done processing
23:19:17 - cmdstanpy - INFO - Chain [64] done processing
23:19:42 - cmdstanpy - INFO - Chain [19] done processing
23:39:19 - cmdstanpy - INFO - Chain [54] done processing
23:58:43 - cmdstanpy - INFO - Chain [85] done processing
00:02:50 - cmdstanpy - INFO - Chain [94] done processing
00:26:40 - cmdstanpy - INFO - Chain [60] done processing
00:38:30 - cmdstanpy - INFO - Chain [74] done processing
00:53:03 - cmdstanpy - INFO - Chain [29] done processing
01:09:21 - cmdstanpy - INFO - Chain [95] done processing
02:03:03 - cmdstanpy - INFO - Chain [79] done processing
02:10:14 - cmdstanpy - INFO - Chain [55] done processing
02:43:50 - cmdstanpy - INFO - Chain [81] done processing
03:22:10 - cmdstanpy - INFO - Chain [56] done processing
03:31:45 - cmdstanpy - INFO - Chain [127] done processing
03:47:12 - cmdstanpy - INFO - Chain [41] done processing
04:13:56 - cmdstanpy - INFO - Chain [38] done processing
04:23:39 - cmdstanpy - INFO - Chain [52] done processing
04:30:48 - cmdstanpy - INFO - Chain [103] done processing
04:46:26 - cmdstanpy - INFO - Chain [3] done processing
05:17:39 - cmdstanpy - INFO - Chain [98] done processing
05:18:19 - cmdstanpy - INFO - Chain [8] done processing
05:37:11 - cmdstanpy - INFO - Chain [36] done processing
06:23:58 - cmdstanpy - INFO - Chain [116] done processing
06:33:14 - cmdstanpy - INFO - Chain [73] done processing
06:42:21 - cmdstanpy - INFO - Chain [69] done processing
07:14:44 - cmdstanpy - INFO - Chain [83] done processing
07:25:43 - cmdstanpy - INFO - Chain [7] done processing
07:39:19 - cmdstanpy - INFO - Chain [53] done processing
07:57:03 - cmdstanpy - INFO - Chain [24] done processing
08:02:58 - cmdstanpy - INFO - Chain [99] done processing
08:15:18 - cmdstanpy - INFO - Chain [27] done processing
08:33:49 - cmdstanpy - INFO - Chain [42] done processing
08:40:52 - cmdstanpy - INFO - Chain [40] done processing
09:05:43 - cmdstanpy - INFO - Chain [63] done processing
09:11:53 - cmdstanpy - INFO - Chain [37] done processing
09:15:37 - cmdstanpy - INFO - Chain [16] done processing
09:44:12 - cmdstanpy - INFO - Chain [72] done processing
10:20:33 - cmdstanpy - INFO - Chain [35] done processing
10:50:52 - cmdstanpy - INFO - Chain [117] done processing
11:06:44 - cmdstanpy - INFO - Chain [86] done processing
11:21:00 - cmdstanpy - INFO - Chain [23] done processing
11:25:17 - cmdstanpy - INFO - Chain [112] done processing
11:29:44 - cmdstanpy - INFO - Chain [14] done processing
12:28:30 - cmdstanpy - INFO - Chain [124] done processing
12:38:13 - cmdstanpy - INFO - Chain [115] done processing
14:51:40 - cmdstanpy - INFO - Chain [61] done processing
14:53:33 - cmdstanpy - INFO - Chain [84] done processing
16:15:06 - cmdstanpy - INFO - Chain [1] done processing
16:46:14 - cmdstanpy - INFO - Chain [13] done processing
17:42:37 - cmdstanpy - INFO - Chain [78] done processing
21:35:19 - cmdstanpy - INFO - Chain [5] done processing
22:45:59 - cmdstanpy - INFO - Chain [113] done processing
23:02:35 - cmdstanpy - INFO - Chain [62] done processing
23:06:23 - cmdstanpy - INFO - Chain [126] done processing
00:49:47 - cmdstanpy - INFO - Chain [57] done processing
00:55:01 - cmdstanpy - INFO - Chain [71] done processing
01:35:28 - cmdstanpy - INFO - Chain [26] done processing
05:04:25 - cmdstanpy - INFO - Chain [33] done processing
06:06:00 - cmdstanpy - INFO - Chain [80] done processing
06:06:00 - cmdstanpy - WARNING - Non-fatal error during sampling:
Exception: model_fix_mean_lap_model_namespace::log_prob: Sigma is not positive definite. (in 'model_fix_mean_lap.stan', line 68, column 1 to column 21)
	Exception: model_fix_mean_lap_model_namespace::log_prob: Omega is not positive definite. (in 'model_fix_mean_lap.stan', line 67, column 1 to column 22)
	Exception: model_fix_mean_lap_model_namespace::log_prob: Omega is not positive definite. (in 'model_fix_mean_lap.stan', line 67, column 1 to column 22)
	Exception: model_fix_mean_lap_model_namespace::log_prob: Omega is not positive definite. (in 'model_fix_mean_lap.stan', line 67, column 1 to column 22)
	Exception: model_fix_mean_lap_model_namespace::log_prob: Omega is not positive definite. (in 'model_fix_mean_lap.stan', line 67, column 1 to column 22)
	Exception: model_fix_mean_lap_model_namespace::log_prob: Sigma is not positive definite. (in 'model_fix_mean_lap.stan', line 68, column 1 to column 21)
	Exception: model_fix_mean_lap_model_namespace::log_prob: Sigma is not positive definite. (in 'model_fix_mean_lap.stan', line 68, column 1 to column 21)
	Exception: model_fix_mean_lap_model_namespace::log_prob: Omega is not positive definite. (in 'model_fix_mean_lap.stan', line 67, column 1 to column 22)
	Exception: model_fix_mean_lap_model_namespace::log_prob: Omega is not positive definite. (in 'model_fix_mean_lap.stan', line 67, column 1 to column 22)
Exception: model_fix_mean_lap_model_namespace::log_prob: Omega is not positive definite. (in 'model_fix_mean_lap.stan', line 67, column 1 to column 22)
	Exception: model_fix_mean_lap_model_namespace::log_prob: Omega is not positive definite. (in 'model_fix_mean_lap.stan', line 67, column 1 to column 22)
	Exception: model_fix_mean_lap_model_namespace::log_prob: Omega is not positive definite. (in 'model_fix_mean_lap.stan', line 67, column 1 to column 22)
	Exception: model_fix_mean_lap_model_namespace::log_prob: Sigma is not positive definite. (in 'model_fix_mean_lap.stan', line 68, column 1 to column 21)
	Exception: model_fix_mean_lap_model_namespace::log_prob: Sigma is not positive definite. (in 'model_fix_mean_lap.stan', line 68, column 1 to column 21)
	Exception: model_fix_mean_lap_model_namespace::log_prob: Sigma is not positive definite. (in 'model_fix_mean_lap.stan', line 68, column 1 to column 21)
	Exception: model_fix_mean_lap_model_namespace::log_prob: Omega is not positive definite. (in 'model_fix_mean_lap.stan', line 67, column 1 to column 22)
	Exception: model_fix_mean_lap_model_namespace::log_prob: Omega is not positive definite. (in 'model_fix_mean_lap.stan', line 67, column 1 to column 22)
Exception: model_fix_mean_lap_model_namespace::log_prob: Sigma is not positive definite. (in 'model_fix_mean_lap.stan', line 68, column 1 to column 21)
	Exception: model_fix_mean_lap_model_namespace::log_prob: Omega is not positive definite. (in 'model_fix_mean_lap.stan', line 67, column 1 to column 22)
	Exception: model_fix_mean_lap_model_namespace::log_prob: Omega is not positive definite. (in 'model_fix_mean_lap.stan', line 67, column 1 to column 22)
	Exception: model_fix_mean_lap_model_namespace::log_prob: Omega is not positive definite. (in 'model_fix_mean_lap.stan', line 67, column 1 to column 22)
	Exception: model_fix_mean_lap_model_namespace::log_prob: Omega is not positive definite. (in 'model_fix_mean_lap.stan', line 67, column 1 to column 22)
	Exception: model_fix_mean_lap_model_namespace::log_prob: Sigma is not positive definite. (in 'model_fix_mean_lap.stan', line 68, column 1 to column 21)
	Exception: model_fix_mean_lap_model_namespace::log_prob: Sigma is not positive definite. (in 'model_fix_mean_lap.stan', line 68, column 1 to column 21)
	Exception: model_fix_mean_lap_model_namespace::log_prob: Sigma is not positive definite. (in 'model_fix_mean_lap.stan', line 68, column 1 to column 21)
	Exception: model_fix_mean_lap_model_namespace::log_prob: Omega is not positive definite. (in 'model_fix_mean_lap.stan', line 67, column 1 to column 22)
	Exception: model_fix_mean_lap_model_namespace::log_prob: Omega is not positive definite. (in 'model_fix_mean_lap.stan', line 67, column 1 to column 22)
	Exception: model_fix_mean_lap_model_namespace::log_prob: Sigma is not positive definite. (in 'model_fix_mean_lap.stan', line 68, column 1 to column 21)
	Exception: model_fix_mean_lap_model_namespace::log_prob: Sigma is not positive definite. (in 'model_fix_mean_lap.stan', line 68, column 1 to column 21)
	Exception: model_fix_mean_lap_model_namespace::log_prob: Sigma is not positive definite. (in 'model_fix_mean_lap.stan', line 68, column 1 to column 21)
	Exception: model_fix_mean_lap_model_namespace::log_prob: Sigma is not positive definite. (in 'model_fix_mean_lap.stan', line 68, column 1 to column 21)
	Exception: model_fix_mean_lap_model_namespace::log_prob: Sigma is not positive definite. (in 'model_fix_mean_lap.stan', line 68, column 1 to column 21)
	Exception: model_fix_mean_lap_model_namespace::log_prob: Sigma is not positive definite. (in 'model_fix_mean_lap.stan', line 68, column 1 to column 21)
	Exception: model_fix_mean_lap_model_namespace::log_prob: Sigma is not positive definite. (in 'model_fix_mean_lap.stan', line 68, column 1 to column 21)
	Exception: model_fix_mean_lap_model_namespace::log_prob: Sigma is not positive definite. (in 'model_fix_mean_lap.stan', line 68, column 1 to column 21)
	Exception: model_fix_mean_lap_model_namespace::log_prob: Sigma is not positive definite. (in 'model_fix_mean_lap.stan', line 68, column 1 to column 21)
	Exception: model_fix_mean_lap_model_namespace::log_prob: Sigma is not positive definite. (in 'model_fix_mean_lap.stan', line 68, column 1 to column 21)
	Exception: model_fix_mean_lap_model_namespace::log_prob: Sigma is not positive definite. (in 'model_fix_mean_lap.stan', line 68, column 1 to column 21)
	Exception: model_fix_mean_lap_model_namespace::log_prob: Sigma is not positive definite. (in 'model_fix_mean_lap.stan', line 68, column 1 to column 21)
	Exception: model_fix_mean_lap_model_namespace::log_prob: Sigma is not positive definite. (in 'model_fix_mean_lap.stan', line 68, column 1 to column 21)
	Exception: model_fix_mean_lap_model_namespace::log_prob: Sigma is not positive definite. (in 'model_fix_mean_lap.stan', line 68, column 1 to column 21)
	Exception: model_fix_mean_lap_model_namespace::log_prob: Sigma is not positive definite. (in 'model_fix_mean_lap.stan', line 68, column 1 to column 21)
	Exception: model_fix_mean_lap_model_namespace::log_prob: Sigma is not positive definite. (in 'model_fix_mean_lap.stan', line 68, column 1 to column 21)
	Exception: model_fix_mean_lap_model_namespace::log_prob: Sigma is not positive definite. (in 'model_fix_mean_lap.stan', line 68, column 1 to column 21)
	Exception: model_fix_mean_lap_model_namespace::log_prob: Sigma is not positive definite. (in 'model_fix_mean_lap.stan', line 68, column 1 to column 21)
	Exception: model_fix_mean_lap_model_namespace::log_prob: Sigma is not positive definite. (in 'model_fix_mean_lap.stan', line 68, column 1 to column 21)
	Exception: model_fix_mean_lap_model_namespace::log_prob: Sigma is not positive definite. (in 'model_fix_mean_lap.stan', line 68, column 1 to column 21)
	Exception: model_fix_mean_lap_model_namespace::log_prob: Sigma is not positive definite. (in 'model_fix_mean_lap.stan', line 68, column 1 to column 21)
	Exception: model_fix_mean_lap_model_namespace::log_prob: Sigma is not positive definite. (in 'model_fix_mean_lap.stan', line 68, column 1 to column 21)
	Exception: model_fix_mean_lap_model_namespace::log_prob: Sigma is not positive definite. (in 'model_fix_mean_lap.stan', line 68, column 1 to column 21)
	Exception: model_fix_mean_lap_model_namespace::log_prob: Sigma is not positive definite. (in 'model_fix_mean_lap.stan', line 68, column 1 to column 21)
	Exception: model_fix_mean_lap_model_namespace::log_prob: Sigma is not positive definite. (in 'model_fix_mean_lap.stan', line 68, column 1 to column 21)
	Exception: model_fix_mean_lap_model_namespace::log_prob: Sigma is not positive definite. (in 'model_fix_mean_lap.stan', line 68, column 1 to column 21)
	Exception: model_fix_mean_lap_model_namespace::log_prob: Sigma is not positive definite. (in 'model_fix_mean_lap.stan', line 68, column 1 to column 21)
	Exception: model_fix_mean_lap_model_namespace::log_prob: Sigma is not positive definite. (in 'model_fix_mean_lap.stan', line 68, column 1 to column 21)
	Exception: model_fix_mean_lap_model_namespace::log_prob: Sigma is not positive definite. (in 'model_fix_mean_lap.stan', line 68, column 1 to column 21)
	Exception: model_fix_mean_lap_model_namespace::log_prob: Sigma is not positive definite. (in 'model_fix_mean_lap.stan', line 68, column 1 to column 21)
	Exception: model_fix_mean_lap_model_namespace::log_prob: Sigma is not positive definite. (in 'model_fix_mean_lap.stan', line 68, column 1 to column 21)
	Exception: model_fix_mean_lap_model_namespace::log_prob: Sigma is not positive definite. (in 'model_fix_mean_lap.stan', line 68, column 1 to column 21)
	Exception: model_fix_mean_lap_model_namespace::log_prob: Sigma is not positive definite. (in 'model_fix_mean_lap.stan', line 68, column 1 to column 21)
	Exception: model_fix_mean_lap_model_namespace::log_prob: Sigma is not positive definite. (in 'model_fix_mean_lap.stan', line 68, column 1 to column 21)
	Exception: model_fix_mean_lap_model_namespace::log_prob: Sigma is not positive definite. (in 'model_fix_mean_lap.stan', line 68, column 1 to column 21)
	Exception: model_fix_mean_lap_model_namespace::log_prob: Sigma is not positive definite. (in 'model_fix_mean_lap.stan', line 68, column 1 to column 21)
	Exception: model_fix_mean_lap_model_namespace::log_prob: Sigma is not positive definite. (in 'model_fix_mean_lap.stan', line 68, column 1 to column 21)
	Exception: model_fix_mean_lap_model_namespace::log_prob: Sigma is not positive definite. (in 'model_fix_mean_lap.stan', line 68, column 1 to column 21)
	Exception: model_fix_mean_lap_model_namespace::log_prob: Sigma is not positive definite. (in 'model_fix_mean_lap.stan', line 68, column 1 to column 21)
	Exception: model_fix_mean_lap_model_namespace::log_prob: Sigma is not positive definite. (in 'model_fix_mean_lap.stan', line 68, column 1 to column 21)
	Exception: model_fix_mean_lap_model_namespace::log_prob: Sigma is not positive definite. (in 'model_fix_mean_lap.stan', line 68, column 1 to column 21)
	Exception: model_fix_mean_lap_model_namespace::log_prob: Sigma is not positive definite. (in 'model_fix_mean_lap.stan', line 68, column 1 to column 21)
	Exception: model_fix_mean_lap_model_namespace::log_prob: Sigma is not positive definite. (in 'model_fix_mean_lap.stan', line 68, column 1 to column 21)
	Exception: model_fix_mean_lap_model_namespace::log_prob: Sigma is not positive definite. (in 'model_fix_mean_lap.stan', line 68, column 1 to column 21)
	Exception: model_fix_mean_lap_model_namespace::log_prob: Sigma is not positive definite. (in 'model_fix_mean_lap.stan', line 68, column 1 to column 21)
	Exception: model_fix_mean_lap_model_namespace::log_prob: Sigma is not positive definite. (in 'model_fix_mean_lap.stan', line 68, column 1 to column 21)
	Exception: model_fix_mean_lap_model_namespace::log_prob: Sigma is not positive definite. (in 'model_fix_mean_lap.stan', line 68, column 1 to column 21)
	Exception: model_fix_mean_lap_model_namespace::log_prob: Sigma is not positive definite. (in 'model_fix_mean_lap.stan', line 68, column 1 to column 21)
	Exception: model_fix_mean_lap_model_namespace::log_prob: Sigma is not positive definite. (in 'model_fix_mean_lap.stan', line 68, column 1 to column 21)
	Exception: model_fix_mean_lap_model_namespace::log_prob: Sigma is not positive definite. (in 'model_fix_mean_lap.stan', line 68, column 1 to column 21)
	Exception: model_fix_mean_lap_model_namespace::log_prob: Sigma is not positive definite. (in 'model_fix_mean_lap.stan', line 68, column 1 to column 21)
	Exception: model_fix_mean_lap_model_namespace::log_prob: Sigma is not positive definite. (in 'model_fix_mean_lap.stan', line 68, column 1 to column 21)
	Exception: model_fix_mean_lap_model_namespace::log_prob: Sigma is not positive definite. (in 'model_fix_mean_lap.stan', line 68, column 1 to column 21)
	Exception: model_fix_mean_lap_model_namespace::log_prob: Sigma is not positive definite. (in 'model_fix_mean_lap.stan', line 68, column 1 to column 21)
	Exception: model_fix_mean_lap_model_namespace::log_prob: Sigma is not positive definite. (in 'model_fix_mean_lap.stan', line 68, column 1 to column 21)
	Exception: model_fix_mean_lap_model_namespace::log_prob: Sigma is not positive definite. (in 'model_fix_mean_lap.stan', line 68, column 1 to column 21)
	Exception: model_fix_mean_lap_model_namespace::log_prob: Sigma is not positive definite. (in 'model_fix_mean_lap.stan', line 68, column 1 to column 21)
	Exception: model_fix_mean_lap_model_namespace::log_prob: Sigma is not positive definite. (in 'model_fix_mean_lap.stan', line 68, column 1 to column 21)
	Exception: model_fix_mean_lap_model_namespace::log_prob: Sigma is not positive definite. (in 'model_fix_mean_lap.stan', line 68, column 1 to column 21)
	Exception: model_fix_mean_lap_model_namespace::log_prob: Sigma is not positive definite. (in 'model_fix_mean_lap.stan', line 68, column 1 to column 21)
	Exception: model_fix_mean_lap_model_namespace::log_prob: Sigma is not positive definite. (in 'model_fix_mean_lap.stan', line 68, column 1 to column 21)
	Exception: model_fix_mean_lap_model_namespace::log_prob: Sigma is not positive definite. (in 'model_fix_mean_lap.stan', line 68, column 1 to column 21)
	Exception: model_fix_mean_lap_model_namespace::log_prob: Sigma is not positive definite. (in 'model_fix_mean_lap.stan', line 68, column 1 to column 21)
	Exception: model_fix_mean_lap_model_namespace::log_prob: Sigma is not positive definite. (in 'model_fix_mean_lap.stan', line 68, column 1 to column 21)
	Exception: model_fix_mean_lap_model_namespace::log_prob: Sigma is not positive definite. (in 'model_fix_mean_lap.stan', line 68, column 1 to column 21)
	Exception: model_fix_mean_lap_model_namespace::log_prob: Sigma is not positive definite. (in 'model_fix_mean_lap.stan', line 68, column 1 to column 21)
	Exception: model_fix_mean_lap_model_namespace::log_prob: Sigma is not positive definite. (in 'model_fix_mean_lap.stan', line 68, column 1 to column 21)
	Exception: model_fix_mean_lap_model_namespace::log_prob: Sigma is not positive definite. (in 'model_fix_mean_lap.stan', line 68, column 1 to column 21)
	Exception: model_fix_mean_lap_model_namespace::log_prob: Sigma is not positive definite. (in 'model_fix_mean_lap.stan', line 68, column 1 to column 21)
	Exception: model_fix_mean_lap_model_namespace::log_prob: Sigma is not positive definite. (in 'model_fix_mean_lap.stan', line 68, column 1 to column 21)
	Exception: model_fix_mean_lap_model_namespace::log_prob: Sigma is not positive definite. (in 'model_fix_mean_lap.stan', line 68, column 1 to column 21)
	Exception: model_fix_mean_lap_model_namespace::log_prob: Sigma is not positive definite. (in 'model_fix_mean_lap.stan', line 68, column 1 to column 21)
	Exception: model_fix_mean_lap_model_namespace::log_prob: Sigma is not positive definite. (in 'model_fix_mean_lap.stan', line 68, column 1 to column 21)
	Exception: model_fix_mean_lap_model_namespace::log_prob: Sigma is not positive definite. (in 'model_fix_mean_lap.stan', line 68, column 1 to column 21)
	Exception: model_fix_mean_lap_model_namespace::log_prob: Sigma is not positive definite. (in 'model_fix_mean_lap.stan', line 68, column 1 to column 21)
	Exception: model_fix_mean_lap_model_namespace::log_prob: Sigma is not positive definite. (in 'model_fix_mean_lap.stan', line 68, column 1 to column 21)
	Exception: model_fix_mean_lap_model_namespace::log_prob: Sigma is not positive definite. (in 'model_fix_mean_lap.stan', line 68, column 1 to column 21)
	Exception: model_fix_mean_lap_model_namespace::log_prob: Sigma is not positive definite. (in 'model_fix_mean_lap.stan', line 68, column 1 to column 21)
	Exception: model_fix_mean_lap_model_namespace::log_prob: Sigma is not positive definite. (in 'model_fix_mean_lap.stan', line 68, column 1 to column 21)
	Exception: model_fix_mean_lap_model_namespace::log_prob: Sigma is not positive definite. (in 'model_fix_mean_lap.stan', line 68, column 1 to column 21)
	Exception: model_fix_mean_lap_model_namespace::log_prob: Sigma is not positive definite. (in 'model_fix_mean_lap.stan', line 68, column 1 to column 21)
	Exception: model_fix_mean_lap_model_namespace::log_prob: Sigma is not positive definite. (in 'model_fix_mean_lap.stan', line 68, column 1 to column 21)
	Exception: model_fix_mean_lap_model_namespace::log_prob: Sigma is not positive definite. (in 'model_fix_mean_lap.stan', line 68, column 1 to column 21)
	Exception: model_fix_mean_lap_model_namespace::log_prob: Sigma is not positive definite. (in 'model_fix_mean_lap.stan', line 68, column 1 to column 21)
	Exception: model_fix_mean_lap_model_namespace::log_prob: Sigma is not positive definite. (in 'model_fix_mean_lap.stan', line 68, column 1 to column 21)
	Exception: model_fix_mean_lap_model_namespace::log_prob: Sigma is not positive definite. (in 'model_fix_mean_lap.stan', line 68, column 1 to column 21)
	Exception: model_fix_mean_lap_model_namespace::log_prob: Sigma is not positive definite. (in 'model_fix_mean_lap.stan', line 68, column 1 to column 21)
	Exception: model_fix_mean_lap_model_namespace::log_prob: Sigma is not positive definite. (in 'model_fix_mean_lap.stan', line 68, column 1 to column 21)
	Exception: model_fix_mean_lap_model_namespace::log_prob: Sigma is not positive definite. (in 'model_fix_mean_lap.stan', line 68, column 1 to column 21)
	Exception: model_fix_mean_lap_model_namespace::log_prob: Sigma is not positive definite. (in 'model_fix_mean_lap.stan', line 68, column 1 to column 21)
	Exception: model_fix_mean_lap_model_namespace::log_prob: Sigma is not positive definite. (in 'model_fix_mean_lap.stan', line 68, column 1 to column 21)
	Exception: model_fix_mean_lap_model_namespace::log_prob: Sigma is not positive definite. (in 'model_fix_mean_lap.stan', line 68, column 1 to column 21)
	Exception: model_fix_mean_lap_model_namespace::log_prob: Sigma is not positive definite. (in 'model_fix_mean_lap.stan', line 68, column 1 to column 21)
	Exception: model_fix_mean_lap_model_namespace::log_prob: Sigma is not positive definite. (in 'model_fix_mean_lap.stan', line 68, column 1 to column 21)
	Exception: model_fix_mean_lap_model_namespace::log_prob: Sigma is not positive definite. (in 'model_fix_mean_lap.stan', line 68, column 1 to column 21)
	Exception: model_fix_mean_lap_model_namespace::log_prob: Sigma is not positive definite. (in 'model_fix_mean_lap.stan', line 68, column 1 to column 21)
	Exception: model_fix_mean_lap_model_namespace::log_prob: Sigma is not positive definite. (in 'model_fix_mean_lap.stan', line 68, column 1 to column 21)
	Exception: model_fix_mean_lap_model_namespace::log_prob: Sigma is not positive definite. (in 'model_fix_mean_lap.stan', line 68, column 1 to column 21)
	Exception: model_fix_mean_lap_model_namespace::log_prob: Sigma is not positive definite. (in 'model_fix_mean_lap.stan', line 68, column 1 to column 21)
	Exception: model_fix_mean_lap_model_namespace::log_prob: Sigma is not positive definite. (in 'model_fix_mean_lap.stan', line 68, column 1 to column 21)
	Exception: model_fix_mean_lap_model_namespace::log_prob: Sigma is not positive definite. (in 'model_fix_mean_lap.stan', line 68, column 1 to column 21)
	Exception: model_fix_mean_lap_model_namespace::log_prob: Sigma is not positive definite. (in 'model_fix_mean_lap.stan', line 68, column 1 to column 21)
	Exception: model_fix_mean_lap_model_namespace::log_prob: Sigma is not positive definite. (in 'model_fix_mean_lap.stan', line 68, column 1 to column 21)
	Exception: model_fix_mean_lap_model_namespace::log_prob: Sigma is not positive definite. (in 'model_fix_mean_lap.stan', line 68, column 1 to column 21)
	Exception: model_fix_mean_lap_model_namespace::log_prob: Sigma is not positive definite. (in 'model_fix_mean_lap.stan', line 68, column 1 to column 21)
	Exception: model_fix_mean_lap_model_namespace::log_prob: Sigma is not positive definite. (in 'model_fix_mean_lap.stan', line 68, column 1 to column 21)
	Exception: model_fix_mean_lap_model_namespace::log_prob: Sigma is not positive definite. (in 'model_fix_mean_lap.stan', line 68, column 1 to column 21)
	Exception: model_fix_mean_lap_model_namespace::log_prob: Sigma is not positive definite. (in 'model_fix_mean_lap.stan', line 68, column 1 to column 21)
	Exception: model_fix_mean_lap_model_namespace::log_prob: Sigma is not positive definite. (in 'model_fix_mean_lap.stan', line 68, column 1 to column 21)
	Exception: model_fix_mean_lap_model_namespace::log_prob: Sigma is not positive definite. (in 'model_fix_mean_lap.stan', line 68, column 1 to column 21)
	Exception: model_fix_mean_lap_model_namespace::log_prob: Sigma is not positive definite. (in 'model_fix_mean_lap.stan', line 68, column 1 to column 21)
	Exception: model_fix_mean_lap_model_namespace::log_prob: Sigma is not positive definite. (in 'model_fix_mean_lap.stan', line 68, column 1 to column 21)
	Exception: model_fix_mean_lap_model_namespace::log_prob: Sigma is not positive definite. (in 'model_fix_mean_lap.stan', line 68, column 1 to column 21)
	Exception: model_fix_mean_lap_model_namespace::log_prob: Sigma is not positive definite. (in 'model_fix_mean_lap.stan', line 68, column 1 to column 21)
	Exception: model_fix_mean_lap_model_namespace::log_prob: Sigma is not positive definite. (in 'model_fix_mean_lap.stan', line 68, column 1 to column 21)
	Exception: model_fix_mean_lap_model_namespace::log_prob: Sigma is not positive definite. (in 'model_fix_mean_lap.stan', line 68, column 1 to column 21)
	Exception: model_fix_mean_lap_model_namespace::log_prob: Sigma is not positive definite. (in 'model_fix_mean_lap.stan', line 68, column 1 to column 21)
	Exception: model_fix_mean_lap_model_namespace::log_prob: Sigma is not positive definite. (in 'model_fix_mean_lap.stan', line 68, column 1 to column 21)
	Exception: model_fix_mean_lap_model_namespace::log_prob: Sigma is not positive definite. (in 'model_fix_mean_lap.stan', line 68, column 1 to column 21)
	Exception: model_fix_mean_lap_model_namespace::log_prob: Sigma is not positive definite. (in 'model_fix_mean_lap.stan', line 68, column 1 to column 21)
	Exception: model_fix_mean_lap_model_namespace::log_prob: Sigma is not positive definite. (in 'model_fix_mean_lap.stan', line 68, column 1 to column 21)
	Exception: model_fix_mean_lap_model_namespace::log_prob: Sigma is not positive definite. (in 'model_fix_mean_lap.stan', line 68, column 1 to column 21)
	Exception: model_fix_mean_lap_model_namespace::log_prob: Sigma is not positive definite. (in 'model_fix_mean_lap.stan', line 68, column 1 to column 21)
	Exception: model_fix_mean_lap_model_namespace::log_prob: Sigma is not positive definite. (in 'model_fix_mean_lap.stan', line 68, column 1 to column 21)
	Exception: model_fix_mean_lap_model_namespace::log_prob: Sigma is not positive definite. (in 'model_fix_mean_lap.stan', line 68, column 1 to column 21)
	Exception: model_fix_mean_lap_model_namespace::log_prob: Sigma is not positive definite. (in 'model_fix_mean_lap.stan', line 68, column 1 to column 21)
	Exception: model_fix_mean_lap_model_namespace::log_prob: Sigma is not positive definite. (in 'model_fix_mean_lap.stan', line 68, column 1 to column 21)
	Exception: model_fix_mean_lap_model_namespace::log_prob: Sigma is not positive definite. (in 'model_fix_mean_lap.stan', line 68, column 1 to column 21)
	Exception: model_fix_mean_lap_model_namespace::log_prob: Sigma is not positive definite. (in 'model_fix_mean_lap.stan', line 68, column 1 to column 21)
	Exception: model_fix_mean_lap_model_namespace::log_prob: Sigma is not positive definite. (in 'model_fix_mean_lap.stan', line 68, column 1 to column 21)
	Exception: model_fix_mean_lap_model_namespace::log_prob: Sigma is not positive definite. (in 'model_fix_mean_lap.stan', line 68, column 1 to column 21)
	Exception: model_fix_mean_lap_model_namespace::log_prob: Sigma is not positive definite. (in 'model_fix_mean_lap.stan', line 68, column 1 to column 21)
	Exception: model_fix_mean_lap_model_namespace::log_prob: Sigma is not positive definite. (in 'model_fix_mean_lap.stan', line 68, column 1 to column 21)
	Exception: model_fix_mean_lap_model_namespace::log_prob: Sigma is not positive definite. (in 'model_fix_mean_lap.stan', line 68, column 1 to column 21)
	Exception: model_fix_mean_lap_model_namespace::log_prob: Sigma is not positive definite. (in 'model_fix_mean_lap.stan', line 68, column 1 to column 21)
	Exception: model_fix_mean_lap_model_namespace::log_prob: Sigma is not positive definite. (in 'model_fix_mean_lap.stan', line 68, column 1 to column 21)
	Exception: model_fix_mean_lap_model_namespace::log_prob: Sigma is not positive definite. (in 'model_fix_mean_lap.stan', line 68, column 1 to column 21)
	Exception: model_fix_mean_lap_model_namespace::log_prob: Sigma is not positive definite. (in 'model_fix_mean_lap.stan', line 68, column 1 to column 21)
	Exception: model_fix_mean_lap_model_namespace::log_prob: Sigma is not positive definite. (in 'model_fix_mean_lap.stan', line 68, column 1 to column 21)
	Exception: model_fix_mean_lap_model_namespace::log_prob: Sigma is not positive definite. (in 'model_fix_mean_lap.stan', line 68, column 1 to column 21)
	Exception: model_fix_mean_lap_model_namespace::log_prob: Sigma is not positive definite. (in 'model_fix_mean_lap.stan', line 68, column 1 to column 21)
	Exception: model_fix_mean_lap_model_namespace::log_prob: Sigma is not positive definite. (in 'model_fix_mean_lap.stan', line 68, column 1 to column 21)
	Exception: model_fix_mean_lap_model_namespace::log_prob: Sigma is not positive definite. (in 'model_fix_mean_lap.stan', line 68, column 1 to column 21)
	Exception: model_fix_mean_lap_model_namespace::log_prob: Sigma is not positive definite. (in 'model_fix_mean_lap.stan', line 68, column 1 to column 21)
	Exception: model_fix_mean_lap_model_namespace::log_prob: Sigma is not positive definite. (in 'model_fix_mean_lap.stan', line 68, column 1 to column 21)
	Exception: model_fix_mean_lap_model_namespace::log_prob: Sigma is not positive definite. (in 'model_fix_mean_lap.stan', line 68, column 1 to column 21)
	Exception: model_fix_mean_lap_model_namespace::log_prob: Sigma is not positive definite. (in 'model_fix_mean_lap.stan', line 68, column 1 to column 21)
	Exception: model_fix_mean_lap_model_namespace::log_prob: Sigma is not positive definite. (in 'model_fix_mean_lap.stan', line 68, column 1 to column 21)
	Exception: model_fix_mean_lap_model_namespace::log_prob: Sigma is not positive definite. (in 'model_fix_mean_lap.stan', line 68, column 1 to column 21)
	Exception: model_fix_mean_lap_model_namespace::log_prob: Sigma is not positive definite. (in 'model_fix_mean_lap.stan', line 68, column 1 to column 21)
	Exception: model_fix_mean_lap_model_namespace::log_prob: Sigma is not positive definite. (in 'model_fix_mean_lap.stan', line 68, column 1 to column 21)
	Exception: model_fix_mean_lap_model_namespace::log_prob: Sigma is not positive definite. (in 'model_fix_mean_lap.stan', line 68, column 1 to column 21)
	Exception: model_fix_mean_lap_model_namespace::log_prob: Sigma is not positive definite. (in 'model_fix_mean_lap.stan', line 68, column 1 to column 21)
	Exception: model_fix_mean_lap_model_namespace::log_prob: Sigma is not positive definite. (in 'model_fix_mean_lap.stan', line 68, column 1 to column 21)
	Exception: model_fix_mean_lap_model_namespace::log_prob: Sigma is not positive definite. (in 'model_fix_mean_lap.stan', line 68, column 1 to column 21)
	Exception: model_fix_mean_lap_model_namespace::log_prob: Sigma is not positive definite. (in 'model_fix_mean_lap.stan', line 68, column 1 to column 21)
	Exception: model_fix_mean_lap_model_namespace::log_prob: Sigma is not positive definite. (in 'model_fix_mean_lap.stan', line 68, column 1 to column 21)
	Exception: model_fix_mean_lap_model_namespace::log_prob: Sigma is not positive definite. (in 'model_fix_mean_lap.stan', line 68, column 1 to column 21)
	Exception: model_fix_mean_lap_model_namespace::log_prob: Sigma is not positive definite. (in 'model_fix_mean_lap.stan', line 68, column 1 to column 21)
	Exception: model_fix_mean_lap_model_namespace::log_prob: Sigma is not positive definite. (in 'model_fix_mean_lap.stan', line 68, column 1 to column 21)
	Exception: model_fix_mean_lap_model_namespace::log_prob: Sigma is not positive definite. (in 'model_fix_mean_lap.stan', line 68, column 1 to column 21)
	Exception: model_fix_mean_lap_model_namespace::log_prob: Sigma is not positive definite. (in 'model_fix_mean_lap.stan', line 68, column 1 to column 21)
	Exception: model_fix_mean_lap_model_namespace::log_prob: Sigma is not positive definite. (in 'model_fix_mean_lap.stan', line 68, column 1 to column 21)
	Exception: model_fix_mean_lap_model_namespace::log_prob: Sigma is not positive definite. (in 'model_fix_mean_lap.stan', line 68, column 1 to column 21)
	Exception: model_fix_mean_lap_model_namespace::log_prob: Sigma is not positive definite. (in 'model_fix_mean_lap.stan', line 68, column 1 to column 21)
	Exception: model_fix_mean_lap_model_namespace::log_prob: Sigma is not positive definite. (in 'model_fix_mean_lap.stan', line 68, column 1 to column 21)
	Exception: model_fix_mean_lap_model_namespace::log_prob: Sigma is not positive definite. (in 'model_fix_mean_lap.stan', line 68, column 1 to column 21)
	Exception: model_fix_mean_lap_model_namespace::log_prob: Sigma is not positive definite. (in 'model_fix_mean_lap.stan', line 68, column 1 to column 21)
	Exception: model_fix_mean_lap_model_namespace::log_prob: Sigma is not positive definite. (in 'model_fix_mean_lap.stan', line 68, column 1 to column 21)
	Exception: model_fix_mean_lap_model_namespace::log_prob: Sigma is not positive definite. (in 'model_fix_mean_lap.stan', line 68, column 1 to column 21)
	Exception: model_fix_mean_lap_model_namespace::log_prob: Sigma is not positive definite. (in 'model_fix_mean_lap.stan', line 68, column 1 to column 21)
	Exception: model_fix_mean_lap_model_namespace::log_prob: Sigma is not positive definite. (in 'model_fix_mean_lap.stan', line 68, column 1 to column 21)
	Exception: model_fix_mean_lap_model_namespace::log_prob: Sigma is not positive definite. (in 'model_fix_mean_lap.stan', line 68, column 1 to column 21)
	Exception: model_fix_mean_lap_model_namespace::log_prob: Sigma is not positive definite. (in 'model_fix_mean_lap.stan', line 68, column 1 to column 21)
	Exception: model_fix_mean_lap_model_namespace::log_prob: Sigma is not positive definite. (in 'model_fix_mean_lap.stan', line 68, column 1 to column 21)
	Exception: model_fix_mean_lap_model_namespace::log_prob: Sigma is not positive definite. (in 'model_fix_mean_lap.stan', line 68, column 1 to column 21)
	Exception: model_fix_mean_lap_model_namespace::log_prob: Sigma is not positive definite. (in 'model_fix_mean_lap.stan', line 68, column 1 to column 21)
	Exception: model_fix_mean_lap_model_namespace::log_prob: Sigma is not positive definite. (in 'model_fix_mean_lap.stan', line 68, column 1 to column 21)
	Exception: model_fix_mean_lap_model_namespace::log_prob: Sigma is not positive definite. (in 'model_fix_mean_lap.stan', line 68, column 1 to column 21)
	Exception: model_fix_mean_lap_model_namespace::log_prob: Sigma is not positive definite. (in 'model_fix_mean_lap.stan', line 68, column 1 to column 21)
	Exception: model_fix_mean_lap_model_namespace::log_prob: Sigma is not positive definite. (in 'model_fix_mean_lap.stan', line 68, column 1 to column 21)
	Exception: model_fix_mean_lap_model_namespace::log_prob: Sigma is not positive definite. (in 'model_fix_mean_lap.stan', line 68, column 1 to column 21)
	Exception: model_fix_mean_lap_model_namespace::log_prob: Sigma is not positive definite. (in 'model_fix_mean_lap.stan', line 68, column 1 to column 21)
	Exception: model_fix_mean_lap_model_namespace::log_prob: Sigma is not positive definite. (in 'model_fix_mean_lap.stan', line 68, column 1 to column 21)
	Exception: model_fix_mean_lap_model_namespace::log_prob: Sigma is not positive definite. (in 'model_fix_mean_lap.stan', line 68, column 1 to column 21)
	Exception: model_fix_mean_lap_model_namespace::log_prob: Sigma is not positive definite. (in 'model_fix_mean_lap.stan', line 68, column 1 to column 21)
	Exception: model_fix_mean_lap_model_namespace::log_prob: Sigma is not positive definite. (in 'model_fix_mean_lap.stan', line 68, column 1 to column 21)
	Exception: model_fix_mean_lap_model_namespace::log_prob: Sigma is not positive definite. (in 'model_fix_mean_lap.stan', line 68, column 1 to column 21)
	Exception: model_fix_mean_lap_model_namespace::log_prob: Sigma is not positive definite. (in 'model_fix_mean_lap.stan', line 68, column 1 to column 21)
	Exception: model_fix_mean_lap_model_namespace::log_prob: Sigma is not positive definite. (in 'model_fix_mean_lap.stan', line 68, column 1 to column 21)
	Exception: model_fix_mean_lap_model_namespace::log_prob: Sigma is not positive definite. (in 'model_fix_mean_lap.stan', line 68, column 1 to column 21)
	Exception: model_fix_mean_lap_model_namespace::log_prob: Sigma is not positive definite. (in 'model_fix_mean_lap.stan', line 68, column 1 to column 21)
	Exception: model_fix_mean_lap_model_namespace::log_prob: Sigma is not positive definite. (in 'model_fix_mean_lap.stan', line 68, column 1 to column 21)
	Exception: model_fix_mean_lap_model_namespace::log_prob: Sigma is not positive definite. (in 'model_fix_mean_lap.stan', line 68, column 1 to column 21)
	Exception: model_fix_mean_lap_model_namespace::log_prob: Sigma is not positive definite. (in 'model_fix_mean_lap.stan', line 68, column 1 to column 21)
	Exception: model_fix_mean_lap_model_namespace::log_prob: Sigma is not positive definite. (in 'model_fix_mean_lap.stan', line 68, column 1 to column 21)
	Exception: model_fix_mean_lap_model_namespace::log_prob: Sigma is not positive definite. (in 'model_fix_mean_lap.stan', line 68, column 1 to column 21)
	Exception: model_fix_mean_lap_model_namespace::log_prob: Sigma is not positive definite. (in 'model_fix_mean_lap.stan', line 68, column 1 to column 21)
	Exception: model_fix_mean_lap_model_namespace::log_prob: Sigma is not positive definite. (in 'model_fix_mean_lap.stan', line 68, column 1 to column 21)
	Exception: model_fix_mean_lap_model_namespace::log_prob: Sigma is not positive definite. (in 'model_fix_mean_lap.stan', line 68, column 1 to column 21)
	Exception: model_fix_mean_lap_model_namespace::log_prob: Sigma is not positive definite. (in 'model_fix_mean_lap.stan', line 68, column 1 to column 21)
	Exception: model_fix_mean_lap_model_namespace::log_prob: Sigma is not positive definite. (in 'model_fix_mean_lap.stan', line 68, column 1 to column 21)
	Exception: model_fix_mean_lap_model_namespace::log_prob: Sigma is not positive definite. (in 'model_fix_mean_lap.stan', line 68, column 1 to column 21)
	Exception: model_fix_mean_lap_model_namespace::log_prob: Sigma is not positive definite. (in 'model_fix_mean_lap.stan', line 68, column 1 to column 21)
	Exception: model_fix_mean_lap_model_namespace::log_prob: Sigma is not positive definite. (in 'model_fix_mean_lap.stan', line 68, column 1 to column 21)
	Exception: model_fix_mean_lap_model_namespace::log_prob: Sigma is not positive definite. (in 'model_fix_mean_lap.stan', line 68, column 1 to column 21)
	Exception: model_fix_mean_lap_model_namespace::log_prob: Sigma is not positive definite. (in 'model_fix_mean_lap.stan', line 68, column 1 to column 21)
	Exception: model_fix_mean_lap_model_namespace::log_prob: Sigma is not positive definite. (in 'model_fix_mean_lap.stan', line 68, column 1 to column 21)
	Exception: model_fix_mean_lap_model_namespace::log_prob: Sigma is not positive definite. (in 'model_fix_mean_lap.stan', line 68, column 1 to column 21)
	Exception: model_fix_mean_lap_model_namespace::log_prob: Sigma is not positive definite. (in 'model_fix_mean_lap.stan', line 68, column 1 to column 21)
	Exception: model_fix_mean_lap_model_namespace::log_prob: Sigma is not positive definite. (in 'model_fix_mean_lap.stan', line 68, column 1 to column 21)
	Exception: model_fix_mean_lap_model_namespace::log_prob: Sigma is not positive definite. (in 'model_fix_mean_lap.stan', line 68, column 1 to column 21)
	Exception: model_fix_mean_lap_model_namespace::log_prob: Sigma is not positive definite. (in 'model_fix_mean_lap.stan', line 68, column 1 to column 21)
	Exception: model_fix_mean_lap_model_namespace::log_prob: Sigma is not positive definite. (in 'model_fix_mean_lap.stan', line 68, column 1 to column 21)
	Exception: model_fix_mean_lap_model_namespace::log_prob: Sigma is not positive definite. (in 'model_fix_mean_lap.stan', line 68, column 1 to column 21)
	Exception: model_fix_mean_lap_model_namespace::log_prob: Sigma is not positive definite. (in 'model_fix_mean_lap.stan', line 68, column 1 to column 21)
	Exception: model_fix_mean_lap_model_namespace::log_prob: Sigma is not positive definite. (in 'model_fix_mean_lap.stan', line 68, column 1 to column 21)
	Exception: model_fix_mean_lap_model_namespace::log_prob: Sigma is not positive definite. (in 'model_fix_mean_lap.stan', line 68, column 1 to column 21)
	Exception: model_fix_mean_lap_model_namespace::log_prob: Sigma is not positive definite. (in 'model_fix_mean_lap.stan', line 68, column 1 to column 21)
	Exception: model_fix_mean_lap_model_namespace::log_prob: Sigma is not positive definite. (in 'model_fix_mean_lap.stan', line 68, column 1 to column 21)
	Exception: model_fix_mean_lap_model_namespace::log_prob: Sigma is not positive definite. (in 'model_fix_mean_lap.stan', line 68, column 1 to column 21)
	Exception: model_fix_mean_lap_model_namespace::log_prob: Sigma is not positive definite. (in 'model_fix_mean_lap.stan', line 68, column 1 to column 21)
	Exception: model_fix_mean_lap_model_namespace::log_prob: Sigma is not positive definite. (in 'model_fix_mean_lap.stan', line 68, column 1 to column 21)
	Exception: model_fix_mean_lap_model_namespace::log_prob: Sigma is not positive definite. (in 'model_fix_mean_lap.stan', line 68, column 1 to column 21)
	Exception: model_fix_mean_lap_model_namespace::log_prob: Sigma is not positive definite. (in 'model_fix_mean_lap.stan', line 68, column 1 to column 21)
	Exception: model_fix_mean_lap_model_namespace::log_prob: Sigma is not positive definite. (in 'model_fix_mean_lap.stan', line 68, column 1 to column 21)
	Exception: model_fix_mean_lap_model_namespace::log_prob: Sigma is not positive definite. (in 'model_fix_mean_lap.stan', line 68, column 1 to column 21)
	Exception: model_fix_mean_lap_model_namespace::log_prob: Sigma is not positive definite. (in 'model_fix_mean_lap.stan', line 68, column 1 to column 21)
	Exception: model_fix_mean_lap_model_namespace::log_prob: Sigma is not positive definite. (in 'model_fix_mean_lap.stan', line 68, column 1 to column 21)
	Exception: model_fix_mean_lap_model_namespace::log_prob: Sigma is not positive definite. (in 'model_fix_mean_lap.stan', line 68, column 1 to column 21)
	Exception: model_fix_mean_lap_model_namespace::log_prob: Sigma is not positive definite. (in 'model_fix_mean_lap.stan', line 68, column 1 to column 21)
	Exception: model_fix_mean_lap_model_namespace::log_prob: Sigma is not positive definite. (in 'model_fix_mean_lap.stan', line 68, column 1 to column 21)
	Exception: model_fix_mean_lap_model_namespace::log_prob: Sigma is not positive definite. (in 'model_fix_mean_lap.stan', line 68, column 1 to column 21)
	Exception: model_fix_mean_lap_model_namespace::log_prob: Sigma is not positive definite. (in 'model_fix_mean_lap.stan', line 68, column 1 to column 21)
	Exception: model_fix_mean_lap_model_namespace::log_prob: Sigma is not positive definite. (in 'model_fix_mean_lap.stan', line 68, column 1 to column 21)
	Exception: model_fix_mean_lap_model_namespace::log_prob: Sigma is not positive definite. (in 'model_fix_mean_lap.stan', line 68, column 1 to column 21)
	Exception: model_fix_mean_lap_model_namespace::log_prob: Sigma is not positive definite. (in 'model_fix_mean_lap.stan', line 68, column 1 to column 21)
	Exception: model_fix_mean_lap_model_namespace::log_prob: Sigma is not positive definite. (in 'model_fix_mean_lap.stan', line 68, column 1 to column 21)
	Exception: model_fix_mean_lap_model_namespace::log_prob: Sigma is not positive definite. (in 'model_fix_mean_lap.stan', line 68, column 1 to column 21)
	Exception: model_fix_mean_lap_model_namespace::log_prob: Sigma is not positive definite. (in 'model_fix_mean_lap.stan', line 68, column 1 to column 21)
	Exception: model_fix_mean_lap_model_namespace::log_prob: Sigma is not positive definite. (in 'model_fix_mean_lap.stan', line 68, column 1 to column 21)
	Exception: model_fix_mean_lap_model_namespace::log_prob: Sigma is not positive definite. (in 'model_fix_mean_lap.stan', line 68, column 1 to column 21)
	Exception: model_fix_mean_lap_model_namespace::log_prob: Sigma is not positive definite. (in 'model_fix_mean_lap.stan', line 68, column 1 to column 21)
	Exception: model_fix_mean_lap_model_namespace::log_prob: Sigma is not positive definite. (in 'model_fix_mean_lap.stan', line 68, column 1 to column 21)
	Exception: model_fix_mean_lap_model_namespace::log_prob: Sigma is not positive definite. (in 'model_fix_mean_lap.stan', line 68, column 1 to column 21)
	Exception: model_fix_mean_lap_model_namespace::log_prob: Sigma is not positive definite. (in 'model_fix_mean_lap.stan', line 68, column 1 to column 21)
	Exception: model_fix_mean_lap_model_namespace::log_prob: Sigma is not positive definite. (in 'model_fix_mean_lap.stan', line 68, column 1 to column 21)
	Exception: model_fix_mean_lap_model_namespace::log_prob: Sigma is not positive definite. (in 'model_fix_mean_lap.stan', line 68, column 1 to column 21)
	Exception: model_fix_mean_lap_model_namespace::log_prob: Sigma is not positive definite. (in 'model_fix_mean_lap.stan', line 68, column 1 to column 21)
	Exception: model_fix_mean_lap_model_namespace::log_prob: Sigma is not positive definite. (in 'model_fix_mean_lap.stan', line 68, column 1 to column 21)
	Exception: model_fix_mean_lap_model_namespace::log_prob: Sigma is not positive definite. (in 'model_fix_mean_lap.stan', line 68, column 1 to column 21)
	Exception: model_fix_mean_lap_model_namespace::log_prob: Sigma is not positive definite. (in 'model_fix_mean_lap.stan', line 68, column 1 to column 21)
	Exception: model_fix_mean_lap_model_namespace::log_prob: Sigma is not positive definite. (in 'model_fix_mean_lap.stan', line 68, column 1 to column 21)
	Exception: model_fix_mean_lap_model_namespace::log_prob: Sigma is not positive definite. (in 'model_fix_mean_lap.stan', line 68, column 1 to column 21)
	Exception: model_fix_mean_lap_model_namespace::log_prob: Sigma is not positive definite. (in 'model_fix_mean_lap.stan', line 68, column 1 to column 21)
	Exception: model_fix_mean_lap_model_namespace::log_prob: Sigma is not positive definite. (in 'model_fix_mean_lap.stan', line 68, column 1 to column 21)
	Exception: model_fix_mean_lap_model_namespace::log_prob: Sigma is not positive definite. (in 'model_fix_mean_lap.stan', line 68, column 1 to column 21)
	Exception: model_fix_mean_lap_model_namespace::log_prob: Sigma is not positive definite. (in 'model_fix_mean_lap.stan', line 68, column 1 to column 21)
	Exception: model_fix_mean_lap_model_namespace::log_prob: Sigma is not positive definite. (in 'model_fix_mean_lap.stan', line 68, column 1 to column 21)
	Exception: model_fix_mean_lap_model_namespace::log_prob: Sigma is not positive definite. (in 'model_fix_mean_lap.stan', line 68, column 1 to column 21)
	Exception: model_fix_mean_lap_model_namespace::log_prob: Sigma is not positive definite. (in 'model_fix_mean_lap.stan', line 68, column 1 to column 21)
	Exception: model_fix_mean_lap_model_namespace::log_prob: Sigma is not positive definite. (in 'model_fix_mean_lap.stan', line 68, column 1 to column 21)
	Exception: model_fix_mean_lap_model_namespace::log_prob: Sigma is not positive definite. (in 'model_fix_mean_lap.stan', line 68, column 1 to column 21)
	Exception: model_fix_mean_lap_model_namespace::log_prob: Sigma is not positive definite. (in 'model_fix_mean_lap.stan', line 68, column 1 to column 21)
	Exception: model_fix_mean_lap_model_namespace::log_prob: Sigma is not positive definite. (in 'model_fix_mean_lap.stan', line 68, column 1 to column 21)
	Exception: model_fix_mean_lap_model_namespace::log_prob: Sigma is not positive definite. (in 'model_fix_mean_lap.stan', line 68, column 1 to column 21)
	Exception: model_fix_mean_lap_model_namespace::log_prob: Sigma is not positive definite. (in 'model_fix_mean_lap.stan', line 68, column 1 to column 21)
	Exception: model_fix_mean_lap_model_namespace::log_prob: Sigma is not positive definite. (in 'model_fix_mean_lap.stan', line 68, column 1 to column 21)
	Exception: model_fix_mean_lap_model_namespace::log_prob: Sigma is not positive definite. (in 'model_fix_mean_lap.stan', line 68, column 1 to column 21)
	Exception: model_fix_mean_lap_model_namespace::log_prob: Sigma is not positive definite. (in 'model_fix_mean_lap.stan', line 68, column 1 to column 21)
	Exception: model_fix_mean_lap_model_namespace::log_prob: Sigma is not positive definite. (in 'model_fix_mean_lap.stan', line 68, column 1 to column 21)
	Exception: model_fix_mean_lap_model_namespace::log_prob: Sigma is not positive definite. (in 'model_fix_mean_lap.stan', line 68, column 1 to column 21)
Exception: model_fix_mean_lap_model_namespace::log_prob: Sigma is not positive definite. (in 'model_fix_mean_lap.stan', line 68, column 1 to column 21)
	Exception: model_fix_mean_lap_model_namespace::log_prob: Omega is not positive definite. (in 'model_fix_mean_lap.stan', line 67, column 1 to column 22)
	Exception: model_fix_mean_lap_model_namespace::log_prob: Omega is not positive definite. (in 'model_fix_mean_lap.stan', line 67, column 1 to column 22)
	Exception: model_fix_mean_lap_model_namespace::log_prob: Omega is not positive definite. (in 'model_fix_mean_lap.stan', line 67, column 1 to column 22)
	Exception: model_fix_mean_lap_model_namespace::log_prob: Omega is not positive definite. (in 'model_fix_mean_lap.stan', line 67, column 1 to column 22)
	Exception: model_fix_mean_lap_model_namespace::log_prob: Sigma is not positive definite. (in 'model_fix_mean_lap.stan', line 68, column 1 to column 21)
	Exception: model_fix_mean_lap_model_namespace::log_prob: Sigma is not positive definite. (in 'model_fix_mean_lap.stan', line 68, column 1 to column 21)
	Exception: model_fix_mean_lap_model_namespace::log_prob: Omega is not positive definite. (in 'model_fix_mean_lap.stan', line 67, column 1 to column 22)
	Exception: model_fix_mean_lap_model_namespace::log_prob: Omega is not positive definite. (in 'model_fix_mean_lap.stan', line 67, column 1 to column 22)
Exception: model_fix_mean_lap_model_namespace::log_prob: Sigma is not positive definite. (in 'model_fix_mean_lap.stan', line 68, column 1 to column 21)
	Exception: model_fix_mean_lap_model_namespace::log_prob: Sigma is not positive definite. (in 'model_fix_mean_lap.stan', line 68, column 1 to column 21)
	Exception: model_fix_mean_lap_model_namespace::log_prob: Omega is not positive definite. (in 'model_fix_mean_lap.stan', line 67, column 1 to column 22)
	Exception: model_fix_mean_lap_model_namespace::log_prob: Omega is not positive definite. (in 'model_fix_mean_lap.stan', line 67, column 1 to column 22)
	Exception: model_fix_mean_lap_model_namespace::log_prob: Omega is not positive definite. (in 'model_fix_mean_lap.stan', line 67, column 1 to column 22)
	Exception: model_fix_mean_lap_model_namespace::log_prob: Omega is not positive definite. (in 'model_fix_mean_lap.stan', line 67, column 1 to column 22)
	Exception: model_fix_mean_lap_model_namespace::log_prob: Sigma is not positive definite. (in 'model_fix_mean_lap.stan', line 68, column 1 to column 21)
	Exception: model_fix_mean_lap_model_namespace::log_prob: Sigma is not positive definite. (in 'model_fix_mean_lap.stan', line 68, column 1 to column 21)
	Exception: model_fix_mean_lap_model_namespace::log_prob: Omega is not positive definite. (in 'model_fix_mean_lap.stan', line 67, column 1 to column 22)
	Exception: model_fix_mean_lap_model_namespace::log_prob: Omega is not positive definite. (in 'model_fix_mean_lap.stan', line 67, column 1 to column 22)
Exception: model_fix_mean_lap_model_namespace::log_prob: Omega is not positive definite. (in 'model_fix_mean_lap.stan', line 67, column 1 to column 22)
	Exception: model_fix_mean_lap_model_namespace::log_prob: Omega is not positive definite. (in 'model_fix_mean_lap.stan', line 67, column 1 to column 22)
	Exception: model_fix_mean_lap_model_namespace::log_prob: Omega is not positive definite. (in 'model_fix_mean_lap.stan', line 67, column 1 to column 22)
	Exception: model_fix_mean_lap_model_namespace::log_prob: Sigma is not positive definite. (in 'model_fix_mean_lap.stan', line 68, column 1 to column 21)
	Exception: model_fix_mean_lap_model_namespace::log_prob: Sigma is not positive definite. (in 'model_fix_mean_lap.stan', line 68, column 1 to column 21)
	Exception: model_fix_mean_lap_model_namespace::log_prob: Omega is not positive definite. (in 'model_fix_mean_lap.stan', line 67, column 1 to column 22)
	Exception: model_fix_mean_lap_model_namespace::log_prob: Omega is not positive definite. (in 'model_fix_mean_lap.stan', line 67, column 1 to column 22)
Exception: model_fix_mean_lap_model_namespace::log_prob: Sigma is not positive definite. (in 'model_fix_mean_lap.stan', line 68, column 1 to column 21)
	Exception: model_fix_mean_lap_model_namespace::log_prob: Sigma is not positive definite. (in 'model_fix_mean_lap.stan', line 68, column 1 to column 21)
	Exception: model_fix_mean_lap_model_namespace::log_prob: Omega is not positive definite. (in 'model_fix_mean_lap.stan', line 67, column 1 to column 22)
	Exception: model_fix_mean_lap_model_namespace::log_prob: Omega is not positive definite. (in 'model_fix_mean_lap.stan', line 67, column 1 to column 22)
	Exception: model_fix_mean_lap_model_namespace::log_prob: Omega is not positive definite. (in 'model_fix_mean_lap.stan', line 67, column 1 to column 22)
	Exception: model_fix_mean_lap_model_namespace::log_prob: Omega is not positive definite. (in 'model_fix_mean_lap.stan', line 67, column 1 to column 22)
	Exception: model_fix_mean_lap_model_namespace::log_prob: Sigma is not positive definite. (in 'model_fix_mean_lap.stan', line 68, column 1 to column 21)
	Exception: model_fix_mean_lap_model_namespace::log_prob: Sigma is not positive definite. (in 'model_fix_mean_lap.stan', line 68, column 1 to column 21)
	Exception: model_fix_mean_lap_model_namespace::log_prob: Sigma is not positive definite. (in 'model_fix_mean_lap.stan', line 68, column 1 to column 21)
	Exception: model_fix_mean_lap_model_namespace::log_prob: Sigma is not positive definite. (in 'model_fix_mean_lap.stan', line 68, column 1 to column 21)
	Exception: model_fix_mean_lap_model_namespace::log_prob: Sigma is not positive definite. (in 'model_fix_mean_lap.stan', line 68, column 1 to column 21)
	Exception: model_fix_mean_lap_model_namespace::log_prob: Omega is not positive definite. (in 'model_fix_mean_lap.stan', line 67, column 1 to column 22)
	Exception: model_fix_mean_lap_model_namespace::log_prob: Omega is not positive definite. (in 'model_fix_mean_lap.stan', line 67, column 1 to column 22)
	Exception: model_fix_mean_lap_model_namespace::log_prob: Sigma is not positive definite. (in 'model_fix_mean_lap.stan', line 68, column 1 to column 21)
	Exception: model_fix_mean_lap_model_namespace::log_prob: Sigma is not positive definite. (in 'model_fix_mean_lap.stan', line 68, column 1 to column 21)
	Exception: model_fix_mean_lap_model_namespace::log_prob: Sigma is not positive definite. (in 'model_fix_mean_lap.stan', line 68, column 1 to column 21)
	Exception: model_fix_mean_lap_model_namespace::log_prob: Sigma is not positive definite. (in 'model_fix_mean_lap.stan', line 68, column 1 to column 21)
	Exception: model_fix_mean_lap_model_namespace::log_prob: Sigma is not positive definite. (in 'model_fix_mean_lap.stan', line 68, column 1 to column 21)
	Exception: model_fix_mean_lap_model_namespace::log_prob: Sigma is not positive definite. (in 'model_fix_mean_lap.stan', line 68, column 1 to column 21)
	Exception: model_fix_mean_lap_model_namespace::log_prob: Sigma is not positive definite. (in 'model_fix_mean_lap.stan', line 68, column 1 to column 21)
	Exception: model_fix_mean_lap_model_namespace::log_prob: Sigma is not positive definite. (in 'model_fix_mean_lap.stan', line 68, column 1 to column 21)
	Exception: model_fix_mean_lap_model_namespace::log_prob: Sigma is not positive definite. (in 'model_fix_mean_lap.stan', line 68, column 1 to column 21)
	Exception: model_fix_mean_lap_model_namespace::log_prob: Sigma is not positive definite. (in 'model_fix_mean_lap.stan', line 68, column 1 to column 21)
	Exception: model_fix_mean_lap_model_namespace::log_prob: Sigma is not positive definite. (in 'model_fix_mean_lap.stan', line 68, column 1 to column 21)
	Exception: model_fix_mean_lap_model_namespace::log_prob: Sigma is not positive definite. (in 'model_fix_mean_lap.stan', line 68, column 1 to column 21)
	Exception: model_fix_mean_lap_model_namespace::log_prob: Sigma is not positive definite. (in 'model_fix_mean_lap.stan', line 68, column 1 to column 21)
	Exception: model_fix_mean_lap_model_namespace::log_prob: Sigma is not positive definite. (in 'model_fix_mean_lap.stan', line 68, column 1 to column 21)
	Exception: model_fix_mean_lap_model_namespace::log_prob: Sigma is not positive definite. (in 'model_fix_mean_lap.stan', line 68, column 1 to column 21)
	Exception: model_fix_mean_lap_model_namespace::log_prob: Sigma is not positive definite. (in 'model_fix_mean_lap.stan', line 68, column 1 to column 21)
	Exception: model_fix_mean_lap_model_namespace::log_prob: Sigma is not positive definite. (in 'model_fix_mean_lap.stan', line 68, column 1 to column 21)
	Exception: model_fix_mean_lap_model_namespace::log_prob: Sigma is not positive definite. (in 'model_fix_mean_lap.stan', line 68, column 1 to column 21)
	Exception: model_fix_mean_lap_model_namespace::log_prob: Sigma is not positive definite. (in 'model_fix_mean_lap.stan', line 68, column 1 to column 21)
	Exception: model_fix_mean_lap_model_namespace::log_prob: Sigma is not positive definite. (in 'model_fix_mean_lap.stan', line 68, column 1 to column 21)
	Exception: model_fix_mean_lap_model_namespace::log_prob: Sigma is not positive definite. (in 'model_fix_mean_lap.stan', line 68, column 1 to column 21)
	Exception: model_fix_mean_lap_model_namespace::log_prob: Sigma is not positive definite. (in 'model_fix_mean_lap.stan', line 68, column 1 to column 21)
	Exception: model_fix_mean_lap_model_namespace::log_prob: Sigma is not positive definite. (in 'model_fix_mean_lap.stan', line 68, column 1 to column 21)
	Exception: model_fix_mean_lap_model_namespace::log_prob: Sigma is not positive definite. (in 'model_fix_mean_lap.stan', line 68, column 1 to column 21)
	Exception: model_fix_mean_lap_model_namespace::log_prob: Sigma is not positive definite. (in 'model_fix_mean_lap.stan', line 68, column 1 to column 21)
	Exception: model_fix_mean_lap_model_namespace::log_prob: Sigma is not positive definite. (in 'model_fix_mean_lap.stan', line 68, column 1 to column 21)
	Exception: model_fix_mean_lap_model_namespace::log_prob: Sigma is not positive definite. (in 'model_fix_mean_lap.stan', line 68, column 1 to column 21)
	Exception: model_fix_mean_lap_model_namespace::log_prob: Sigma is not positive definite. (in 'model_fix_mean_lap.stan', line 68, column 1 to column 21)
	Exception: model_fix_mean_lap_model_namespace::log_prob: Sigma is not positive definite. (in 'model_fix_mean_lap.stan', line 68, column 1 to column 21)
	Exception: model_fix_mean_lap_model_namespace::log_prob: Sigma is not positive definite. (in 'model_fix_mean_lap.stan', line 68, column 1 to column 21)
	Exception: model_fix_mean_lap_model_namespace::log_prob: Sigma is not positive definite. (in 'model_fix_mean_lap.stan', line 68, column 1 to column 21)
	Exception: model_fix_mean_lap_model_namespace::log_prob: Sigma is not positive definite. (in 'model_fix_mean_lap.stan', line 68, column 1 to column 21)
	Exception: model_fix_mean_lap_model_namespace::log_prob: Sigma is not positive definite. (in 'model_fix_mean_lap.stan', line 68, column 1 to column 21)
	Exception: model_fix_mean_lap_model_namespace::log_prob: Sigma is not positive definite. (in 'model_fix_mean_lap.stan', line 68, column 1 to column 21)
	Exception: model_fix_mean_lap_model_namespace::log_prob: Sigma is not positive definite. (in 'model_fix_mean_lap.stan', line 68, column 1 to column 21)
	Exception: model_fix_mean_lap_model_namespace::log_prob: Sigma is not positive definite. (in 'model_fix_mean_lap.stan', line 68, column 1 to column 21)
	Exception: model_fix_mean_lap_model_namespace::log_prob: Sigma is not positive definite. (in 'model_fix_mean_lap.stan', line 68, column 1 to column 21)
	Exception: model_fix_mean_lap_model_namespace::log_prob: Sigma is not positive definite. (in 'model_fix_mean_lap.stan', line 68, column 1 to column 21)
	Exception: model_fix_mean_lap_model_namespace::log_prob: Sigma is not positive definite. (in 'model_fix_mean_lap.stan', line 68, column 1 to column 21)
	Exception: model_fix_mean_lap_model_namespace::log_prob: Sigma is not positive definite. (in 'model_fix_mean_lap.stan', line 68, column 1 to column 21)
	Exception: model_fix_mean_lap_model_namespace::log_prob: Sigma is not positive definite. (in 'model_fix_mean_lap.stan', line 68, column 1 to column 21)
	Exception: model_fix_mean_lap_model_namespace::log_prob: Sigma is not positive definite. (in 'model_fix_mean_lap.stan', line 68, column 1 to column 21)
	Exception: model_fix_mean_lap_model_namespace::log_prob: Sigma is not positive definite. (in 'model_fix_mean_lap.stan', line 68, column 1 to column 21)
	Exception: model_fix_mean_lap_model_namespace::log_prob: Sigma is not positive definite. (in 'model_fix_mean_lap.stan', line 68, column 1 to column 21)
	Exception: model_fix_mean_lap_model_namespace::log_prob: Sigma is not positive definite. (in 'model_fix_mean_lap.stan', line 68, column 1 to column 21)
	Exception: model_fix_mean_lap_model_namespace::log_prob: Sigma is not positive definite. (in 'model_fix_mean_lap.stan', line 68, column 1 to column 21)
	Exception: model_fix_mean_lap_model_namespace::log_prob: Sigma is not positive definite. (in 'model_fix_mean_lap.stan', line 68, column 1 to column 21)
	Exception: model_fix_mean_lap_model_namespace::log_prob: Sigma is not positive definite. (in 'model_fix_mean_lap.stan', line 68, column 1 to column 21)
	Exception: model_fix_mean_lap_model_namespace::log_prob: Sigma is not positive definite. (in 'model_fix_mean_lap.stan', line 68, column 1 to column 21)
	Exception: model_fix_mean_lap_model_namespace::log_prob: Sigma is not positive definite. (in 'model_fix_mean_lap.stan', line 68, column 1 to column 21)
	Exception: model_fix_mean_lap_model_namespace::log_prob: Sigma is not positive definite. (in 'model_fix_mean_lap.stan', line 68, column 1 to column 21)
	Exception: model_fix_mean_lap_model_namespace::log_prob: Sigma is not positive definite. (in 'model_fix_mean_lap.stan', line 68, column 1 to column 21)
	Exception: model_fix_mean_lap_model_namespace::log_prob: Sigma is not positive definite. (in 'model_fix_mean_lap.stan', line 68, column 1 to column 21)
	Exception: model_fix_mean_lap_model_namespace::log_prob: Sigma is not positive definite. (in 'model_fix_mean_lap.stan', line 68, column 1 to column 21)
	Exception: model_fix_mean_lap_model_namespace::log_prob: Sigma is not positive definite. (in 'model_fix_mean_lap.stan', line 68, column 1 to column 21)
	Exception: model_fix_mean_lap_model_namespace::log_prob: Sigma is not positive definite. (in 'model_fix_mean_lap.stan', line 68, column 1 to column 21)
	Exception: model_fix_mean_lap_model_namespace::log_prob: Sigma is not positive definite. (in 'model_fix_mean_lap.stan', line 68, column 1 to column 21)
	Exception: model_fix_mean_lap_model_namespace::log_prob: Sigma is not positive definite. (in 'model_fix_mean_lap.stan', line 68, column 1 to column 21)
	Exception: model_fix_mean_lap_model_namespace::log_prob: Sigma is not positive definite. (in 'model_fix_mean_lap.stan', line 68, column 1 to column 21)
	Exception: model_fix_mean_lap_model_namespace::log_prob: Sigma is not positive definite. (in 'model_fix_mean_lap.stan', line 68, column 1 to column 21)
	Exception: model_fix_mean_lap_model_namespace::log_prob: Sigma is not positive definite. (in 'model_fix_mean_lap.stan', line 68, column 1 to column 21)
	Exception: model_fix_mean_lap_model_namespace::log_prob: Sigma is not positive definite. (in 'model_fix_mean_lap.stan', line 68, column 1 to column 21)
	Exception: model_fix_mean_lap_model_namespace::log_prob: Sigma is not positive definite. (in 'model_fix_mean_lap.stan', line 68, column 1 to column 21)
	Exception: model_fix_mean_lap_model_namespace::log_prob: Sigma is not positive definite. (in 'model_fix_mean_lap.stan', line 68, column 1 to column 21)
	Exception: model_fix_mean_lap_model_namespace::log_prob: Sigma is not positive definite. (in 'model_fix_mean_lap.stan', line 68, column 1 to column 21)
	Exception: model_fix_mean_lap_model_namespace::log_prob: Sigma is not positive definite. (in 'model_fix_mean_lap.stan', line 68, column 1 to column 21)
	Exception: model_fix_mean_lap_model_namespace::log_prob: Sigma is not positive definite. (in 'model_fix_mean_lap.stan', line 68, column 1 to column 21)
	Exception: model_fix_mean_lap_model_namespace::log_prob: Sigma is not positive definite. (in 'model_fix_mean_lap.stan', line 68, column 1 to column 21)
	Exception: model_fix_mean_lap_model_namespace::log_prob: Sigma is not positive definite. (in 'model_fix_mean_lap.stan', line 68, column 1 to column 21)
	Exception: model_fix_mean_lap_model_namespace::log_prob: Sigma is not positive definite. (in 'model_fix_mean_lap.stan', line 68, column 1 to column 21)
	Exception: model_fix_mean_lap_model_namespace::log_prob: Sigma is not positive definite. (in 'model_fix_mean_lap.stan', line 68, column 1 to column 21)
	Exception: model_fix_mean_lap_model_namespace::log_prob: Sigma is not positive definite. (in 'model_fix_mean_lap.stan', line 68, column 1 to column 21)
	Exception: model_fix_mean_lap_model_namespace::log_prob: Sigma is not positive definite. (in 'model_fix_mean_lap.stan', line 68, column 1 to column 21)
	Exception: model_fix_mean_lap_model_namespace::log_prob: Sigma is not positive definite. (in 'model_fix_mean_lap.stan', line 68, column 1 to column 21)
	Exception: model_fix_mean_lap_model_namespace::log_prob: Sigma is not positive definite. (in 'model_fix_mean_lap.stan', line 68, column 1 to column 21)
	Exception: model_fix_mean_lap_model_namespace::log_prob: Sigma is not positive definite. (in 'model_fix_mean_lap.stan', line 68, column 1 to column 21)
	Exception: model_fix_mean_lap_model_namespace::log_prob: Sigma is not positive definite. (in 'model_fix_mean_lap.stan', line 68, column 1 to column 21)
	Exception: model_fix_mean_lap_model_namespace::log_prob: Sigma is not positive definite. (in 'model_fix_mean_lap.stan', line 68, column 1 to column 21)
	Exception: model_fix_mean_lap_model_namespace::log_prob: Sigma is not positive definite. (in 'model_fix_mean_lap.stan', line 68, column 1 to column 21)
	Exception: model_fix_mean_lap_model_namespace::log_prob: Sigma is not positive definite. (in 'model_fix_mean_lap.stan', line 68, column 1 to column 21)
	Exception: model_fix_mean_lap_model_namespace::log_prob: Sigma is not positive definite. (in 'model_fix_mean_lap.stan', line 68, column 1 to column 21)
	Exception: model_fix_mean_lap_model_namespace::log_prob: Sigma is not positive definite. (in 'model_fix_mean_lap.stan', line 68, column 1 to column 21)
	Exception: model_fix_mean_lap_model_namespace::log_prob: Sigma is not positive definite. (in 'model_fix_mean_lap.stan', line 68, column 1 to column 21)
	Exception: model_fix_mean_lap_model_namespace::log_prob: Sigma is not positive definite. (in 'model_fix_mean_lap.stan', line 68, column 1 to column 21)
	Exception: model_fix_mean_lap_model_namespace::log_prob: Sigma is not positive definite. (in 'model_fix_mean_lap.stan', line 68, column 1 to column 21)
	Exception: model_fix_mean_lap_model_namespace::log_prob: Sigma is not positive definite. (in 'model_fix_mean_lap.stan', line 68, column 1 to column 21)
	Exception: model_fix_mean_lap_model_namespace::log_prob: Sigma is not positive definite. (in 'model_fix_mean_lap.stan', line 68, column 1 to column 21)
	Exception: model_fix_mean_lap_model_namespace::log_prob: Sigma is not positive definite. (in 'model_fix_mean_lap.stan', line 68, column 1 to column 21)
	Exception: model_fix_mean_lap_model_namespace::log_prob: Sigma is not positive definite. (in 'model_fix_mean_lap.stan', line 68, column 1 to column 21)
	Exception: model_fix_mean_lap_model_namespace::log_prob: Sigma is not positive definite. (in 'model_fix_mean_lap.stan', line 68, column 1 to column 21)
	Exception: model_fix_mean_lap_model_namespace::log_prob: Sigma is not positive definite. (in 'model_fix_mean_lap.stan', line 68, column 1 to column 21)
	Exception: model_fix_mean_lap_model_namespace::log_prob: Sigma is not positive definite. (in 'model_fix_mean_lap.stan', line 68, column 1 to column 21)
	Exception: model_fix_mean_lap_model_namespace::log_prob: Sigma is not positive definite. (in 'model_fix_mean_lap.stan', line 68, column 1 to column 21)
	Exception: model_fix_mean_lap_model_namespace::log_prob: Sigma is not positive definite. (in 'model_fix_mean_lap.stan', line 68, column 1 to column 21)
	Exception: model_fix_mean_lap_model_namespace::log_prob: Sigma is not positive definite. (in 'model_fix_mean_lap.stan', line 68, column 1 to column 21)
	Exception: model_fix_mean_lap_model_namespace::log_prob: Sigma is not positive definite. (in 'model_fix_mean_lap.stan', line 68, column 1 to column 21)
	Exception: model_fix_mean_lap_model_namespace::log_prob: Sigma is not positive definite. (in 'model_fix_mean_lap.stan', line 68, column 1 to column 21)
	Exception: model_fix_mean_lap_model_namespace::log_prob: Sigma is not positive definite. (in 'model_fix_mean_lap.stan', line 68, column 1 to column 21)
	Exception: model_fix_mean_lap_model_namespace::log_prob: Sigma is not positive definite. (in 'model_fix_mean_lap.stan', line 68, column 1 to column 21)
	Exception: model_fix_mean_lap_model_namespace::log_prob: Sigma is not positive definite. (in 'model_fix_mean_lap.stan', line 68, column 1 to column 21)
	Exception: model_fix_mean_lap_model_namespace::log_prob: Sigma is not positive definite. (in 'model_fix_mean_lap.stan', line 68, column 1 to column 21)
	Exception: model_fix_mean_lap_model_namespace::log_prob: Sigma is not positive definite. (in 'model_fix_mean_lap.stan', line 68, column 1 to column 21)
	Exception: model_fix_mean_lap_model_namespace::log_prob: Sigma is not positive definite. (in 'model_fix_mean_lap.stan', line 68, column 1 to column 21)
	Exception: model_fix_mean_lap_model_namespace::log_prob: Sigma is not positive definite. (in 'model_fix_mean_lap.stan', line 68, column 1 to column 21)
	Exception: model_fix_mean_lap_model_namespace::log_prob: Sigma is not positive definite. (in 'model_fix_mean_lap.stan', line 68, column 1 to column 21)
	Exception: model_fix_mean_lap_model_namespace::log_prob: Sigma is not positive definite. (in 'model_fix_mean_lap.stan', line 68, column 1 to column 21)
	Exception: model_fix_mean_lap_model_namespace::log_prob: Sigma is not positive definite. (in 'model_fix_mean_lap.stan', line 68, column 1 to column 21)
	Exception: model_fix_mean_lap_model_namespace::log_prob: Sigma is not positive definite. (in 'model_fix_mean_lap.stan', line 68, column 1 to column 21)
	Exception: model_fix_mean_lap_model_namespace::log_prob: Sigma is not positive definite. (in 'model_fix_mean_lap.stan', line 68, column 1 to column 21)
	Exception: model_fix_mean_lap_model_namespace::log_prob: Sigma is not positive definite. (in 'model_fix_mean_lap.stan', line 68, column 1 to column 21)
	Exception: model_fix_mean_lap_model_namespace::log_prob: Sigma is not positive definite. (in 'model_fix_mean_lap.stan', line 68, column 1 to column 21)
	Exception: model_fix_mean_lap_model_namespace::log_prob: Sigma is not positive definite. (in 'model_fix_mean_lap.stan', line 68, column 1 to column 21)
	Exception: model_fix_mean_lap_model_namespace::log_prob: Sigma is not positive definite. (in 'model_fix_mean_lap.stan', line 68, column 1 to column 21)
	Exception: model_fix_mean_lap_model_namespace::log_prob: Sigma is not positive definite. (in 'model_fix_mean_lap.stan', line 68, column 1 to column 21)
	Exception: model_fix_mean_lap_model_namespace::log_prob: Sigma is not positive definite. (in 'model_fix_mean_lap.stan', line 68, column 1 to column 21)
	Exception: model_fix_mean_lap_model_namespace::log_prob: Sigma is not positive definite. (in 'model_fix_mean_lap.stan', line 68, column 1 to column 21)
	Exception: model_fix_mean_lap_model_namespace::log_prob: Sigma is not positive definite. (in 'model_fix_mean_lap.stan', line 68, column 1 to column 21)
	Exception: model_fix_mean_lap_model_namespace::log_prob: Sigma is not positive definite. (in 'model_fix_mean_lap.stan', line 68, column 1 to column 21)
	Exception: model_fix_mean_lap_model_namespace::log_prob: Sigma is not positive definite. (in 'model_fix_mean_lap.stan', line 68, column 1 to column 21)
	Exception: model_fix_mean_lap_model_namespace::log_prob: Sigma is not positive definite. (in 'model_fix_mean_lap.stan', line 68, column 1 to column 21)
	Exception: model_fix_mean_lap_model_namespace::log_prob: Sigma is not positive definite. (in 'model_fix_mean_lap.stan', line 68, column 1 to column 21)
	Exception: model_fix_mean_lap_model_namespace::log_prob: Sigma is not positive definite. (in 'model_fix_mean_lap.stan', line 68, column 1 to column 21)
	Exception: model_fix_mean_lap_model_namespace::log_prob: Sigma is not positive definite. (in 'model_fix_mean_lap.stan', line 68, column 1 to column 21)
	Exception: model_fix_mean_lap_model_namespace::log_prob: Sigma is not positive definite. (in 'model_fix_mean_lap.stan', line 68, column 1 to column 21)
	Exception: model_fix_mean_lap_model_namespace::log_prob: Sigma is not positive definite. (in 'model_fix_mean_lap.stan', line 68, column 1 to column 21)
	Exception: model_fix_mean_lap_model_namespace::log_prob: Sigma is not positive definite. (in 'model_fix_mean_lap.stan', line 68, column 1 to column 21)
	Exception: model_fix_mean_lap_model_namespace::log_prob: Sigma is not positive definite. (in 'model_fix_mean_lap.stan', line 68, column 1 to column 21)
	Exception: model_fix_mean_lap_model_namespace::log_prob: Sigma is not positive definite. (in 'model_fix_mean_lap.stan', line 68, column 1 to column 21)
	Exception: model_fix_mean_lap_model_namespace::log_prob: Sigma is not positive definite. (in 'model_fix_mean_lap.stan', line 68, column 1 to column 21)
	Exception: model_fix_mean_lap_model_namespace::log_prob: Sigma is not positive definite. (in 'model_fix_mean_lap.stan', line 68, column 1 to column 21)
Exception: model_fix_mean_lap_model_namespace::log_prob: Omega is not positive definite. (in 'model_fix_mean_lap.stan', line 67, column 1 to column 22)
	Exception: model_fix_mean_lap_model_namespace::log_prob: Omega is not positive definite. (in 'model_fix_mean_lap.stan', line 67, column 1 to column 22)
	Exception: model_fix_mean_lap_model_namespace::log_prob: Omega is not positive definite. (in 'model_fix_mean_lap.stan', line 67, column 1 to column 22)
	Exception: model_fix_mean_lap_model_namespace::log_prob: Sigma is not positive definite. (in 'model_fix_mean_lap.stan', line 68, column 1 to column 21)
	Exception: model_fix_mean_lap_model_namespace::log_prob: Sigma is not positive definite. (in 'model_fix_mean_lap.stan', line 68, column 1 to column 21)
	Exception: model_fix_mean_lap_model_namespace::log_prob: Omega is not positive definite. (in 'model_fix_mean_lap.stan', line 67, column 1 to column 22)
	Exception: model_fix_mean_lap_model_namespace::log_prob: Omega is not positive definite. (in 'model_fix_mean_lap.stan', line 67, column 1 to column 22)
Exception: model_fix_mean_lap_model_namespace::log_prob: Sigma is not positive definite. (in 'model_fix_mean_lap.stan', line 68, column 1 to column 21)
	Exception: model_fix_mean_lap_model_namespace::log_prob: Omega is not positive definite. (in 'model_fix_mean_lap.stan', line 67, column 1 to column 22)
	Exception: model_fix_mean_lap_model_namespace::log_prob: Omega is not positive definite. (in 'model_fix_mean_lap.stan', line 67, column 1 to column 22)
	Exception: model_fix_mean_lap_model_namespace::log_prob: Omega is not positive definite. (in 'model_fix_mean_lap.stan', line 67, column 1 to column 22)
	Exception: model_fix_mean_lap_model_namespace::log_prob: Omega is not positive definite. (in 'model_fix_mean_lap.stan', line 67, column 1 to column 22)
	Exception: model_fix_mean_lap_model_namespace::log_prob: Sigma is not positive definite. (in 'model_fix_mean_lap.stan', line 68, column 1 to column 21)
	Exception: model_fix_mean_lap_model_namespace::log_prob: Sigma is not positive definite. (in 'model_fix_mean_lap.stan', line 68, column 1 to column 21)
	Exception: model_fix_mean_lap_model_namespace::log_prob: Omega is not positive definite. (in 'model_fix_mean_lap.stan', line 67, column 1 to column 22)
	Exception: model_fix_mean_lap_model_namespace::log_prob: Omega is not positive definite. (in 'model_fix_mean_lap.stan', line 67, column 1 to column 22)
Exception: model_fix_mean_lap_model_namespace::log_prob: Sigma is not positive definite. (in 'model_fix_mean_lap.stan', line 68, column 1 to column 21)
	Exception: model_fix_mean_lap_model_namespace::log_prob: Sigma is not positive definite. (in 'model_fix_mean_lap.stan', line 68, column 1 to column 21)
	Exception: model_fix_mean_lap_model_namespace::log_prob: Omega is not positive definite. (in 'model_fix_mean_lap.stan', line 67, column 1 to column 22)
	Exception: model_fix_mean_lap_model_namespace::log_prob: Omega is not positive definite. (in 'model_fix_mean_lap.stan', line 67, column 1 to column 22)
	Exception: model_fix_mean_lap_model_namespace::log_prob: Omega is not positive definite. (in 'model_fix_mean_lap.stan', line 67, column 1 to column 22)
	Exception: model_fix_mean_lap_model_namespace::log_prob: Sigma is not positive definite. (in 'model_fix_mean_lap.stan', line 68, column 1 to column 21)
	Exception: model_fix_mean_lap_model_namespace::log_prob: Sigma is not positive definite. (in 'model_fix_mean_lap.stan', line 68, column 1 to column 21)
	Exception: model_fix_mean_lap_model_namespace::log_prob: Sigma is not positive definite. (in 'model_fix_mean_lap.stan', line 68, column 1 to column 21)
	Exception: model_fix_mean_lap_model_namespace::log_prob: Omega is not positive definite. (in 'model_fix_mean_lap.stan', line 67, column 1 to column 22)
	Exception: model_fix_mean_lap_model_namespace::log_prob: Omega is not positive definite. (in 'model_fix_mean_lap.stan', line 67, column 1 to column 22)
	Exception: model_fix_mean_lap_model_namespace::log_prob: Sigma is not positive definite. (in 'model_fix_mean_lap.stan', line 68, column 1 to column 21)
Exception: model_fix_mean_lap_model_namespace::log_prob: Sigma is not positive definite. (in 'model_fix_mean_lap.stan', line 68, column 1 to column 21)
	Exception: model_fix_mean_lap_model_namespace::log_prob: Omega is not positive definite. (in 'model_fix_mean_lap.stan', line 67, column 1 to column 22)
	Exception: model_fix_mean_lap_model_namespace::log_prob: Omega is not positive definite. (in 'model_fix_mean_lap.stan', line 67, column 1 to column 22)
	Exception: model_fix_mean_lap_model_namespace::log_prob: Omega is not positive definite. (in 'model_fix_mean_lap.stan', line 67, column 1 to column 22)
	Exception: model_fix_mean_lap_model_namespace::log_prob: Sigma is not positive definite. (in 'model_fix_mean_lap.stan', line 68, column 1 to column 21)
	Exception: model_fix_mean_lap_model_namespace::log_prob: Sigma is not positive definite. (in 'model_fix_mean_lap.stan', line 68, column 1 to column 21)
	Exception: model_fix_mean_lap_model_namespace::log_prob: Sigma is not positive definite. (in 'model_fix_mean_lap.stan', line 68, column 1 to column 21)
	Exception: model_fix_mean_lap_model_namespace::log_prob: Omega is not positive definite. (in 'model_fix_mean_lap.stan', line 67, column 1 to column 22)
	Exception: model_fix_mean_lap_model_namespace::log_prob: Omega is not positive definite. (in 'model_fix_mean_lap.stan', line 67, column 1 to column 22)
	Exception: model_fix_mean_lap_model_namespace::log_prob: Sigma is not positive definite. (in 'model_fix_mean_lap.stan', line 68, column 1 to column 21)
	Exception: model_fix_mean_lap_model_namespace::log_prob: Sigma is not positive definite. (in 'model_fix_mean_lap.stan', line 68, column 1 to column 21)
	Exception: model_fix_mean_lap_model_namespace::log_prob: Sigma is not positive definite. (in 'model_fix_mean_lap.stan', line 68, column 1 to column 21)
	Exception: model_fix_mean_lap_model_namespace::log_prob: Sigma is not positive definite. (in 'model_fix_mean_lap.stan', line 68, column 1 to column 21)
	Exception: model_fix_mean_lap_model_namespace::log_prob: Sigma is not positive definite. (in 'model_fix_mean_lap.stan', line 68, column 1 to column 21)
Exception: model_fix_mean_lap_model_namespace::log_prob: Omega is not positive definite. (in 'model_fix_mean_lap.stan', line 67, column 1 to column 22)
	Exception: model_fix_mean_lap_model_namespace::log_prob: Omega is not positive definite. (in 'model_fix_mean_lap.stan', line 67, column 1 to column 22)
	Exception: model_fix_mean_lap_model_namespace::log_prob: Omega is not positive definite. (in 'model_fix_mean_lap.stan', line 67, column 1 to column 22)
	Exception: model_fix_mean_lap_model_namespace::log_prob: Omega is not positive definite. (in 'model_fix_mean_lap.stan', line 67, column 1 to column 22)
	Exception: model_fix_mean_lap_model_namespace::log_prob: Sigma is not positive definite. (in 'model_fix_mean_lap.stan', line 68, column 1 to column 21)
	Exception: model_fix_mean_lap_model_namespace::log_prob: Sigma is not positive definite. (in 'model_fix_mean_lap.stan', line 68, column 1 to column 21)
	Exception: model_fix_mean_lap_model_namespace::log_prob: Sigma is not positive definite. (in 'model_fix_mean_lap.stan', line 68, column 1 to column 21)
	Exception: model_fix_mean_lap_model_namespace::log_prob: Sigma is not positive definite. (in 'model_fix_mean_lap.stan', line 68, column 1 to column 21)
	Exception: model_fix_mean_lap_model_namespace::log_prob: Omega is not positive definite. (in 'model_fix_mean_lap.stan', line 67, column 1 to column 22)
	Exception: model_fix_mean_lap_model_namespace::log_prob: Omega is not positive definite. (in 'model_fix_mean_lap.stan', line 67, column 1 to column 22)
	Exception: model_fix_mean_lap_model_namespace::log_prob: Sigma is not positive definite. (in 'model_fix_mean_lap.stan', line 68, column 1 to column 21)
	Exception: model_fix_mean_lap_model_namespace::log_prob: Sigma is not positive definite. (in 'model_fix_mean_lap.stan', line 68, column 1 to column 21)
	Exception: model_fix_mean_lap_model_namespace::log_prob: Sigma is not positive definite. (in 'model_fix_mean_lap.stan', line 68, column 1 to column 21)
	Exception: model_fix_mean_lap_model_namespace::log_prob: Sigma is not positive definite. (in 'model_fix_mean_lap.stan', line 68, column 1 to column 21)
	Exception: model_fix_mean_lap_model_namespace::log_prob: Sigma is not positive definite. (in 'model_fix_mean_lap.stan', line 68, column 1 to column 21)
Exception: model_fix_mean_lap_model_namespace::log_prob: Omega is not positive definite. (in 'model_fix_mean_lap.stan', line 67, column 1 to column 22)
	Exception: model_fix_mean_lap_model_namespace::log_prob: Omega is not positive definite. (in 'model_fix_mean_lap.stan', line 67, column 1 to column 22)
	Exception: model_fix_mean_lap_model_namespace::log_prob: Sigma is not positive definite. (in 'model_fix_mean_lap.stan', line 68, column 1 to column 21)
	Exception: ordered_logistic: Cut-points is not a valid ordered vector. The element at 2 is -15.3934, but should be greater than the previous element, -15.3934 (in 'model_fix_mean_lap.stan', line 156, column 35 to column 126)
	Exception: ordered_logistic: Cut-points is not a valid ordered vector. The element at 2 is -11.446, but should be greater than the previous element, -11.446 (in 'model_fix_mean_lap.stan', line 158, column 35 to column 126)
	Exception: model_fix_mean_lap_model_namespace::log_prob: Omega is not positive definite. (in 'model_fix_mean_lap.stan', line 67, column 1 to column 22)
	Exception: model_fix_mean_lap_model_namespace::log_prob: Omega is not positive definite. (in 'model_fix_mean_lap.stan', line 67, column 1 to column 22)
Exception: model_fix_mean_lap_model_namespace::log_prob: Sigma is not positive definite. (in 'model_fix_mean_lap.stan', line 68, column 1 to column 21)
	Exception: model_fix_mean_lap_model_namespace::log_prob: Sigma is not positive definite. (in 'model_fix_mean_lap.stan', line 68, column 1 to column 21)
	Exception: model_fix_mean_lap_model_namespace::log_prob: Sigma is not positive definite. (in 'model_fix_mean_lap.stan', line 68, column 1 to column 21)
	Exception: model_fix_mean_lap_model_namespace::log_prob: Sigma is not positive definite. (in 'model_fix_mean_lap.stan', line 68, column 1 to column 21)
	Exception: model_fix_mean_lap_model_namespace::log_prob: Sigma is not positive definite. (in 'model_fix_mean_lap.stan', line 68, column 1 to column 21)
	Exception: model_fix_mean_lap_model_namespace::log_prob: Sigma is not positive definite. (in 'model_fix_mean_lap.stan', line 68, column 1 to column 21)
	Exception: model_fix_mean_lap_model_namespace::log_prob: Omega is not positive definite. (in 'model_fix_mean_lap.stan', line 67, column 1 to column 22)
	Exception: model_fix_mean_lap_model_namespace::log_prob: Omega is not positive definite. (in 'model_fix_mean_lap.stan', line 67, column 1 to column 22)
	Exception: model_fix_mean_lap_model_namespace::log_prob: Omega is not positive definite. (in 'model_fix_mean_lap.stan', line 67, column 1 to column 22)
	Exception: model_fix_mean_lap_model_namespace::log_prob: Omega is not positive definite. (in 'model_fix_mean_lap.stan', line 67, column 1 to column 22)
	Exception: model_fix_mean_lap_model_namespace::log_prob: Omega is not positive definite. (in 'model_fix_mean_lap.stan', line 67, column 1 to column 22)
	Exception: model_fix_mean_lap_model_namespace::log_prob: Omega is not positive definite. (in 'model_fix_mean_lap.stan', line 67, column 1 to column 22)
	Exception: model_fix_mean_lap_model_namespace::log_prob: Sigma is not positive definite. (in 'model_fix_mean_lap.stan', line 68, column 1 to column 21)
	Exception: model_fix_mean_lap_model_namespace::log_prob: Sigma is not positive definite. (in 'model_fix_mean_lap.stan', line 68, column 1 to column 21)
	Exception: model_fix_mean_lap_model_namespace::log_prob: Omega is not positive definite. (in 'model_fix_mean_lap.stan', line 67, column 1 to column 22)
	Exception: model_fix_mean_lap_model_namespace::log_prob: Omega is not positive definite. (in 'model_fix_mean_lap.stan', line 67, column 1 to column 22)
	Exception: model_fix_mean_lap_model_namespace::log_prob: Sigma is not positive definite. (in 'model_fix_mean_lap.stan', line 68, column 1 to column 21)
	Exception: model_fix_mean_lap_model_namespace::log_prob: Sigma is not positive definite. (in 'model_fix_mean_lap.stan', line 68, column 1 to column 21)
	Exception: model_fix_mean_lap_model_namespace::log_prob: Sigma is not positive definite. (in 'model_fix_mean_lap.stan', line 68, column 1 to column 21)
	Exception: model_fix_mean_lap_model_namespace::log_prob: Sigma is not positive definite. (in 'model_fix_mean_lap.stan', line 68, column 1 to column 21)
	Exception: model_fix_mean_lap_model_namespace::log_prob: Sigma is not positive definite. (in 'model_fix_mean_lap.stan', line 68, column 1 to column 21)
	Exception: model_fix_mean_lap_model_namespace::log_prob: Sigma is not positive definite. (in 'model_fix_mean_lap.stan', line 68, column 1 to column 21)
	Exception: model_fix_mean_lap_model_namespace::log_prob: Sigma is not positive definite. (in 'model_fix_mean_lap.stan', line 68, column 1 to column 21)
	Exception: model_fix_mean_lap_model_namespace::log_prob: Sigma is not positive definite. (in 'model_fix_mean_lap.stan', line 68, column 1 to column 21)
Exception: model_fix_mean_lap_model_namespace::log_prob: Omega is not positive definite. (in 'model_fix_mean_lap.stan', line 67, column 1 to column 22)
	Exception: model_fix_mean_lap_model_namespace::log_prob: Omega is not positive definite. (in 'model_fix_mean_lap.stan', line 67, column 1 to column 22)
	Exception: model_fix_mean_lap_model_namespace::log_prob: Omega is not positive definite. (in 'model_fix_mean_lap.stan', line 67, column 1 to column 22)
	Exception: model_fix_mean_lap_model_namespace::log_prob: Omega is not positive definite. (in 'model_fix_mean_lap.stan', line 67, column 1 to column 22)
	Exception: model_fix_mean_lap_model_namespace::log_prob: Sigma is not positive definite. (in 'model_fix_mean_lap.stan', line 68, column 1 to column 21)
	Exception: model_fix_mean_lap_model_namespace::log_prob: Sigma is not positive definite. (in 'model_fix_mean_lap.stan', line 68, column 1 to column 21)
	Exception: model_fix_mean_lap_model_namespace::log_prob: Omega is not positive definite. (in 'model_fix_mean_lap.stan', line 67, column 1 to column 22)
	Exception: model_fix_mean_lap_model_namespace::log_prob: Sigma is not positive definite. (in 'model_fix_mean_lap.stan', line 68, column 1 to column 21)
Exception: model_fix_mean_lap_model_namespace::log_prob: Omega is not positive definite. (in 'model_fix_mean_lap.stan', line 67, column 1 to column 22)
	Exception: model_fix_mean_lap_model_namespace::log_prob: Omega is not positive definite. (in 'model_fix_mean_lap.stan', line 67, column 1 to column 22)
	Exception: model_fix_mean_lap_model_namespace::log_prob: Omega is not positive definite. (in 'model_fix_mean_lap.stan', line 67, column 1 to column 22)
	Exception: model_fix_mean_lap_model_namespace::log_prob: Omega is not positive definite. (in 'model_fix_mean_lap.stan', line 67, column 1 to column 22)
	Exception: model_fix_mean_lap_model_namespace::log_prob: Omega is not positive definite. (in 'model_fix_mean_lap.stan', line 67, column 1 to column 22)
	Exception: model_fix_mean_lap_model_namespace::log_prob: Omega is not positive definite. (in 'model_fix_mean_lap.stan', line 67, column 1 to column 22)
	Exception: model_fix_mean_lap_model_namespace::log_prob: Sigma is not positive definite. (in 'model_fix_mean_lap.stan', line 68, column 1 to column 21)
	Exception: model_fix_mean_lap_model_namespace::log_prob: Sigma is not positive definite. (in 'model_fix_mean_lap.stan', line 68, column 1 to column 21)
	Exception: model_fix_mean_lap_model_namespace::log_prob: Sigma is not positive definite. (in 'model_fix_mean_lap.stan', line 68, column 1 to column 21)
	Exception: model_fix_mean_lap_model_namespace::log_prob: Omega is not positive definite. (in 'model_fix_mean_lap.stan', line 67, column 1 to column 22)
	Exception: model_fix_mean_lap_model_namespace::log_prob: Omega is not positive definite. (in 'model_fix_mean_lap.stan', line 67, column 1 to column 22)
	Exception: model_fix_mean_lap_model_namespace::log_prob: Sigma is not positive definite. (in 'model_fix_mean_lap.stan', line 68, column 1 to column 21)
	Exception: model_fix_mean_lap_model_namespace::log_prob: Sigma is not positive definite. (in 'model_fix_mean_lap.stan', line 68, column 1 to column 21)
	Exception: model_fix_mean_lap_model_namespace::log_prob: Sigma is not positive definite. (in 'model_fix_mean_lap.stan', line 68, column 1 to column 21)
	Exception: model_fix_mean_lap_model_namespace::log_prob: Sigma is not positive definite. (in 'model_fix_mean_lap.stan', line 68, column 1 to column 21)
	Exception: model_fix_mean_lap_model_namespace::log_prob: Sigma is not positive definite. (in 'model_fix_mean_lap.stan', line 68, column 1 to column 21)
	Exception: model_fix_mean_lap_model_namespace::log_prob: Sigma is not positive definite. (in 'model_fix_mean_lap.stan', line 68, column 1 to column 21)
	Exception: model_fix_mean_lap_model_namespace::log_prob: Sigma is not positive definite. (in 'model_fix_mean_lap.stan', line 68, column 1 to column 21)
	Exception: model_fix_mean_lap_model_namespace::log_prob: Sigma is not positive definite. (in 'model_fix_mean_lap.stan', line 68, column 1 to column 21)
	Exception: model_fix_mean_lap_model_namespace::log_prob: Sigma is not positive definite. (in 'model_fix_mean_lap.stan', line 68, column 1 to column 21)
	Exception: model_fix_mean_lap_model_namespace::log_prob: Sigma is not positive definite. (in 'model_fix_mean_lap.stan', line 68, column 1 to column 21)
	Exception: model_fix_mean_lap_model_namespace::log_prob: Sigma is not positive definite. (in 'model_fix_mean_lap.stan', line 68, column 1 to column 21)
	Exception: model_fix_mean_lap_model_namespace::log_prob: Sigma is not positive definite. (in 'model_fix_mean_lap.stan', line 68, column 1 to column 21)
	Exception: model_fix_mean_lap_model_namespace::log_prob: Sigma is not positive definite. (in 'model_fix_mean_lap.stan', line 68, column 1 to column 21)
	Exception: model_fix_mean_lap_model_namespace::log_prob: Sigma is not positive definite. (in 'model_fix_mean_lap.stan', line 68, column 1 to column 21)
	Exception: model_fix_mean_lap_model_namespace::log_prob: Sigma is not positive definite. (in 'model_fix_mean_lap.stan', line 68, column 1 to column 21)
	Exception: model_fix_mean_lap_model_namespace::log_prob: Sigma is not positive definite. (in 'model_fix_mean_lap.stan', line 68, column 1 to column 21)
	Exception: model_fix_mean_lap_model_namespace::log_prob: Sigma is not positive definite. (in 'model_fix_mean_lap.stan', line 68, column 1 to column 21)
	Exception: model_fix_mean_lap_model_namespace::log_prob: Sigma is not positive definite. (in 'model_fix_mean_lap.stan', line 68, column 1 to column 21)
	Exception: model_fix_mean_lap_model_namespace::log_prob: Sigma is not positive definite. (in 'model_fix_mean_lap.stan', line 68, column 1 to column 21)
	Exception: model_fix_mean_lap_model_namespace::log_prob: Sigma is not positive definite. (in 'model_fix_mean_lap.stan', line 68, column 1 to column 21)
	Exception: model_fix_mean_lap_model_namespace::log_prob: Sigma is not positive definite. (in 'model_fix_mean_lap.stan', line 68, column 1 to column 21)
	Exception: model_fix_mean_lap_model_namespace::log_prob: Sigma is not positive definite. (in 'model_fix_mean_lap.stan', line 68, column 1 to column 21)
	Exception: model_fix_mean_lap_model_namespace::log_prob: Sigma is not positive definite. (in 'model_fix_mean_lap.stan', line 68, column 1 to column 21)
	Exception: model_fix_mean_lap_model_namespace::log_prob: Sigma is not positive definite. (in 'model_fix_mean_lap.stan', line 68, column 1 to column 21)
	Exception: model_fix_mean_lap_model_namespace::log_prob: Sigma is not positive definite. (in 'model_fix_mean_lap.stan', line 68, column 1 to column 21)
	Exception: model_fix_mean_lap_model_namespace::log_prob: Sigma is not positive definite. (in 'model_fix_mean_lap.stan', line 68, column 1 to column 21)
	Exception: model_fix_mean_lap_model_namespace::log_prob: Sigma is not positive definite. (in 'model_fix_mean_lap.stan', line 68, column 1 to column 21)
	Exception: model_fix_mean_lap_model_namespace::log_prob: Sigma is not positive definite. (in 'model_fix_mean_lap.stan', line 68, column 1 to column 21)
	Exception: model_fix_mean_lap_model_namespace::log_prob: Sigma is not positive definite. (in 'model_fix_mean_lap.stan', line 68, column 1 to column 21)
	Exception: model_fix_mean_lap_model_namespace::log_prob: Sigma is not positive definite. (in 'model_fix_mean_lap.stan', line 68, column 1 to column 21)
	Exception: model_fix_mean_lap_model_namespace::log_prob: Sigma is not positive definite. (in 'model_fix_mean_lap.stan', line 68, column 1 to column 21)
	Exception: model_fix_mean_lap_model_namespace::log_prob: Sigma is not positive definite. (in 'model_fix_mean_lap.stan', line 68, column 1 to column 21)
	Exception: model_fix_mean_lap_model_namespace::log_prob: Sigma is not positive definite. (in 'model_fix_mean_lap.stan', line 68, column 1 to column 21)
	Exception: model_fix_mean_lap_model_namespace::log_prob: Sigma is not positive definite. (in 'model_fix_mean_lap.stan', line 68, column 1 to column 21)
	Exception: model_fix_mean_lap_model_namespace::log_prob: Sigma is not positive definite. (in 'model_fix_mean_lap.stan', line 68, column 1 to column 21)
	Exception: model_fix_mean_lap_model_namespace::log_prob: Sigma is not positive definite. (in 'model_fix_mean_lap.stan', line 68, column 1 to column 21)
	Exception: model_fix_mean_lap_model_namespace::log_prob: Sigma is not positive definite. (in 'model_fix_mean_lap.stan', line 68, column 1 to column 21)
	Exception: model_fix_mean_lap_model_namespace::log_prob: Sigma is not positive definite. (in 'model_fix_mean_lap.stan', line 68, column 1 to column 21)
	Exception: model_fix_mean_lap_model_namespace::log_prob: Sigma is not positive definite. (in 'model_fix_mean_lap.stan', line 68, column 1 to column 21)
	Exception: model_fix_mean_lap_model_namespace::log_prob: Sigma is not positive definite. (in 'model_fix_mean_lap.stan', line 68, column 1 to column 21)
	Exception: model_fix_mean_lap_model_namespace::log_prob: Sigma is not positive definite. (in 'model_fix_mean_lap.stan', line 68, column 1 to column 21)
	Exception: model_fix_mean_lap_model_namespace::log_prob: Sigma is not positive definite. (in 'model_fix_mean_lap.stan', line 68, column 1 to column 21)
	Exception: model_fix_mean_lap_model_namespace::log_prob: Sigma is not positive definite. (in 'model_fix_mean_lap.stan', line 68, column 1 to column 21)
	Exception: model_fix_mean_lap_model_namespace::log_prob: Sigma is not positive definite. (in 'model_fix_mean_lap.stan', line 68, column 1 to column 21)
	Exception: model_fix_mean_lap_model_namespace::log_prob: Sigma is not positive definite. (in 'model_fix_mean_lap.stan', line 68, column 1 to column 21)
	Exception: model_fix_mean_lap_model_namespace::log_prob: Sigma is not positive definite. (in 'model_fix_mean_lap.stan', line 68, column 1 to column 21)
	Exception: model_fix_mean_lap_model_namespace::log_prob: Sigma is not positive definite. (in 'model_fix_mean_lap.stan', line 68, column 1 to column 21)
	Exception: model_fix_mean_lap_model_namespace::log_prob: Sigma is not positive definite. (in 'model_fix_mean_lap.stan', line 68, column 1 to column 21)
	Exception: model_fix_mean_lap_model_namespace::log_prob: Sigma is not positive definite. (in 'model_fix_mean_lap.stan', line 68, column 1 to column 21)
	Exception: model_fix_mean_lap_model_namespace::log_prob: Sigma is not positive definite. (in 'model_fix_mean_lap.stan', line 68, column 1 to column 21)
	Exception: model_fix_mean_lap_model_namespace::log_prob: Sigma is not positive definite. (in 'model_fix_mean_lap.stan', line 68, column 1 to column 21)
	Exception: model_fix_mean_lap_model_namespace::log_prob: Sigma is not positive definite. (in 'model_fix_mean_lap.stan', line 68, column 1 to column 21)
	Exception: model_fix_mean_lap_model_namespace::log_prob: Sigma is not positive definite. (in 'model_fix_mean_lap.stan', line 68, column 1 to column 21)
	Exception: model_fix_mean_lap_model_namespace::log_prob: Sigma is not positive definite. (in 'model_fix_mean_lap.stan', line 68, column 1 to column 21)
	Exception: model_fix_mean_lap_model_namespace::log_prob: Sigma is not positive definite. (in 'model_fix_mean_lap.stan', line 68, column 1 to column 21)
	Exception: model_fix_mean_lap_model_namespace::log_prob: Sigma is not positive definite. (in 'model_fix_mean_lap.stan', line 68, column 1 to column 21)
	Exception: model_fix_mean_lap_model_namespace::log_prob: Sigma is not positive definite. (in 'model_fix_mean_lap.stan', line 68, column 1 to column 21)
	Exception: model_fix_mean_lap_model_namespace::log_prob: Sigma is not positive definite. (in 'model_fix_mean_lap.stan', line 68, column 1 to column 21)
	Exception: model_fix_mean_lap_model_namespace::log_prob: Sigma is not positive definite. (in 'model_fix_mean_lap.stan', line 68, column 1 to column 21)
	Exception: model_fix_mean_lap_model_namespace::log_prob: Sigma is not positive definite. (in 'model_fix_mean_lap.stan', line 68, column 1 to column 21)
	Exception: model_fix_mean_lap_model_namespace::log_prob: Sigma is not positive definite. (in 'model_fix_mean_lap.stan', line 68, column 1 to column 21)
	Exception: model_fix_mean_lap_model_namespace::log_prob: Sigma is not positive definite. (in 'model_fix_mean_lap.stan', line 68, column 1 to column 21)
	Exception: model_fix_mean_lap_model_namespace::log_prob: Sigma is not positive definite. (in 'model_fix_mean_lap.stan', line 68, column 1 to column 21)
	Exception: model_fix_mean_lap_model_namespace::log_prob: Sigma is not positive definite. (in 'model_fix_mean_lap.stan', line 68, column 1 to column 21)
	Exception: model_fix_mean_lap_model_namespace::log_prob: Sigma is not positive definite. (in 'model_fix_mean_lap.stan', line 68, column 1 to column 21)
	Exception: model_fix_mean_lap_model_namespace::log_prob: Sigma is not positive definite. (in 'model_fix_mean_lap.stan', line 68, column 1 to column 21)
	Exception: model_fix_mean_lap_model_namespace::log_prob: Sigma is not positive definite. (in 'model_fix_mean_lap.stan', line 68, column 1 to column 21)
	Exception: model_fix_mean_lap_model_namespace::log_prob: Sigma is not positive definite. (in 'model_fix_mean_lap.stan', line 68, column 1 to column 21)
	Exception: model_fix_mean_lap_model_namespace::log_prob: Sigma is not positive definite. (in 'model_fix_mean_lap.stan', line 68, column 1 to column 21)
	Exception: model_fix_mean_lap_model_namespace::log_prob: Sigma is not positive definite. (in 'model_fix_mean_lap.stan', line 68, column 1 to column 21)
	Exception: model_fix_mean_lap_model_namespace::log_prob: Sigma is not positive definite. (in 'model_fix_mean_lap.stan', line 68, column 1 to column 21)
	Exception: model_fix_mean_lap_model_namespace::log_prob: Sigma is not positive definite. (in 'model_fix_mean_lap.stan', line 68, column 1 to column 21)
	Exception: model_fix_mean_lap_model_namespace::log_prob: Sigma is not positive definite. (in 'model_fix_mean_lap.stan', line 68, column 1 to column 21)
	Exception: model_fix_mean_lap_model_namespace::log_prob: Sigma is not positive definite. (in 'model_fix_mean_lap.stan', line 68, column 1 to column 21)
	Exception: model_fix_mean_lap_model_namespace::log_prob: Sigma is not positive definite. (in 'model_fix_mean_lap.stan', line 68, column 1 to column 21)
	Exception: model_fix_mean_lap_model_namespace::log_prob: Sigma is not positive definite. (in 'model_fix_mean_lap.stan', line 68, column 1 to column 21)
	Exception: model_fix_mean_lap_model_namespace::log_prob: Sigma is not positive definite. (in 'model_fix_mean_lap.stan', line 68, column 1 to column 21)
	Exception: model_fix_mean_lap_model_namespace::log_prob: Sigma is not positive definite. (in 'model_fix_mean_lap.stan', line 68, column 1 to column 21)
	Exception: model_fix_mean_lap_model_namespace::log_prob: Sigma is not positive definite. (in 'model_fix_mean_lap.stan', line 68, column 1 to column 21)
	Exception: model_fix_mean_lap_model_namespace::log_prob: Sigma is not positive definite. (in 'model_fix_mean_lap.stan', line 68, column 1 to column 21)
	Exception: model_fix_mean_lap_model_namespace::log_prob: Sigma is not positive definite. (in 'model_fix_mean_lap.stan', line 68, column 1 to column 21)
	Exception: model_fix_mean_lap_model_namespace::log_prob: Sigma is not positive definite. (in 'model_fix_mean_lap.stan', line 68, column 1 to column 21)
	Exception: model_fix_mean_lap_model_namespace::log_prob: Sigma is not positive definite. (in 'model_fix_mean_lap.stan', line 68, column 1 to column 21)
	Exception: model_fix_mean_lap_model_namespace::log_prob: Sigma is not positive definite. (in 'model_fix_mean_lap.stan', line 68, column 1 to column 21)
	Exception: model_fix_mean_lap_model_namespace::log_prob: Sigma is not positive definite. (in 'model_fix_mean_lap.stan', line 68, column 1 to column 21)
	Exception: model_fix_mean_lap_model_namespace::log_prob: Sigma is not positive definite. (in 'model_fix_mean_lap.stan', line 68, column 1 to column 21)
	Exception: model_fix_mean_lap_model_namespace::log_prob: Sigma is not positive definite. (in 'model_fix_mean_lap.stan', line 68, column 1 to column 21)
	Exception: model_fix_mean_lap_model_namespace::log_prob: Sigma is not positive definite. (in 'model_fix_mean_lap.stan', line 68, column 1 to column 21)
	Exception: model_fix_mean_lap_model_namespace::log_prob: Sigma is not positive definite. (in 'model_fix_mean_lap.stan', line 68, column 1 to column 21)
	Exception: model_fix_mean_lap_model_namespace::log_prob: Sigma is not positive definite. (in 'model_fix_mean_lap.stan', line 68, column 1 to column 21)
	Exception: model_fix_mean_lap_model_namespace::log_prob: Sigma is not positive definite. (in 'model_fix_mean_lap.stan', line 68, column 1 to column 21)
	Exception: model_fix_mean_lap_model_namespace::log_prob: Sigma is not positive definite. (in 'model_fix_mean_lap.stan', line 68, column 1 to column 21)
Exception: model_fix_mean_lap_model_namespace::log_prob: Omega is not positive definite. (in 'model_fix_mean_lap.stan', line 67, column 1 to column 22)
	Exception: model_fix_mean_lap_model_namespace::log_prob: Omega is not positive definite. (in 'model_fix_mean_lap.stan', line 67, column 1 to column 22)
	Exception: model_fix_mean_lap_model_namespace::log_prob: Omega is not positive definite. (in 'model_fix_mean_lap.stan', line 67, column 1 to column 22)
	Exception: model_fix_mean_lap_model_namespace::log_prob: Omega is not positive definite. (in 'model_fix_mean_lap.stan', line 67, column 1 to column 22)
	Exception: model_fix_mean_lap_model_namespace::log_prob: Omega is not positive definite. (in 'model_fix_mean_lap.stan', line 67, column 1 to column 22)
	Exception: model_fix_mean_lap_model_namespace::log_prob: Sigma is not positive definite. (in 'model_fix_mean_lap.stan', line 68, column 1 to column 21)
	Exception: model_fix_mean_lap_model_namespace::log_prob: Sigma is not positive definite. (in 'model_fix_mean_lap.stan', line 68, column 1 to column 21)
	Exception: model_fix_mean_lap_model_namespace::log_prob: Sigma is not positive definite. (in 'model_fix_mean_lap.stan', line 68, column 1 to column 21)
	Exception: model_fix_mean_lap_model_namespace::log_prob: Omega is not positive definite. (in 'model_fix_mean_lap.stan', line 67, column 1 to column 22)
	Exception: model_fix_mean_lap_model_namespace::log_prob: Omega is not positive definite. (in 'model_fix_mean_lap.stan', line 67, column 1 to column 22)
	Exception: model_fix_mean_lap_model_namespace::log_prob: Sigma is not positive definite. (in 'model_fix_mean_lap.stan', line 68, column 1 to column 21)
	Exception: model_fix_mean_lap_model_namespace::log_prob: Sigma is not positive definite. (in 'model_fix_mean_lap.stan', line 68, column 1 to column 21)
	Exception: model_fix_mean_lap_model_namespace::log_prob: Sigma is not positive definite. (in 'model_fix_mean_lap.stan', line 68, column 1 to column 21)
	Exception: model_fix_mean_lap_model_namespace::log_prob: Sigma is not positive definite. (in 'model_fix_mean_lap.stan', line 68, column 1 to column 21)
	Exception: model_fix_mean_lap_model_namespace::log_prob: Sigma is not positive definite. (in 'model_fix_mean_lap.stan', line 68, column 1 to column 21)
	Exception: model_fix_mean_lap_model_namespace::log_prob: Sigma is not positive definite. (in 'model_fix_mean_lap.stan', line 68, column 1 to column 21)
	Exception: model_fix_mean_lap_model_namespace::log_prob: Sigma is not positive definite. (in 'model_fix_mean_lap.stan', line 68, column 1 to column 21)
Exception: model_fix_mean_lap_model_namespace::log_prob: Omega is not positive definite. (in 'model_fix_mean_lap.stan', line 67, column 1 to column 22)
	Exception: model_fix_mean_lap_model_namespace::log_prob: Omega is not positive definite. (in 'model_fix_mean_lap.stan', line 67, column 1 to column 22)
	Exception: model_fix_mean_lap_model_namespace::log_prob: Omega is not positive definite. (in 'model_fix_mean_lap.stan', line 67, column 1 to column 22)
	Exception: model_fix_mean_lap_model_namespace::log_prob: Omega is not positive definite. (in 'model_fix_mean_lap.stan', line 67, column 1 to column 22)
	Exception: model_fix_mean_lap_model_namespace::log_prob: Omega is not positive definite. (in 'model_fix_mean_lap.stan', line 67, column 1 to column 22)
	Exception: model_fix_mean_lap_model_namespace::log_prob: Sigma is not positive definite. (in 'model_fix_mean_lap.stan', line 68, column 1 to column 21)
	Exception: model_fix_mean_lap_model_namespace::log_prob: Sigma is not positive definite. (in 'model_fix_mean_lap.stan', line 68, column 1 to column 21)
	Exception: model_fix_mean_lap_model_namespace::log_prob: Omega is not positive definite. (in 'model_fix_mean_lap.stan', line 67, column 1 to column 22)
	Exception: model_fix_mean_lap_model_namespace::log_prob: Omega is not positive definite. (in 'model_fix_mean_lap.stan', line 67, column 1 to column 22)
	Exception: model_fix_mean_lap_model_namespace::log_prob: Sigma is not positive definite. (in 'model_fix_mean_lap.stan', line 68, column 1 to column 21)
	Exception: model_fix_mean_lap_model_namespace::log_prob: Sigma is not positive definite. (in 'model_fix_mean_lap.stan', line 68, column 1 to column 21)
	Exception: model_fix_mean_lap_model_namespace::log_prob: Sigma is not positive definite. (in 'model_fix_mean_lap.stan', line 68, column 1 to column 21)
Exception: model_fix_mean_lap_model_namespace::log_prob: Sigma is not positive definite. (in 'model_fix_mean_lap.stan', line 68, column 1 to column 21)
	Exception: model_fix_mean_lap_model_namespace::log_prob: Omega is not positive definite. (in 'model_fix_mean_lap.stan', line 67, column 1 to column 22)
	Exception: model_fix_mean_lap_model_namespace::log_prob: Omega is not positive definite. (in 'model_fix_mean_lap.stan', line 67, column 1 to column 22)
	Exception: model_fix_mean_lap_model_namespace::log_prob: Omega is not positive definite. (in 'model_fix_mean_lap.stan', line 67, column 1 to column 22)
	Exception: model_fix_mean_lap_model_namespace::log_prob: Omega is not positive definite. (in 'model_fix_mean_lap.stan', line 67, column 1 to column 22)
	Exception: model_fix_mean_lap_model_namespace::log_prob: Omega is not positive definite. (in 'model_fix_mean_lap.stan', line 67, column 1 to column 22)
	Exception: model_fix_mean_lap_model_namespace::log_prob: Sigma is not positive definite. (in 'model_fix_mean_lap.stan', line 68, column 1 to column 21)
	Exception: model_fix_mean_lap_model_namespace::log_prob: Sigma is not positive definite. (in 'model_fix_mean_lap.stan', line 68, column 1 to column 21)
	Exception: model_fix_mean_lap_model_namespace::log_prob: Sigma is not positive definite. (in 'model_fix_mean_lap.stan', line 68, column 1 to column 21)
	Exception: model_fix_mean_lap_model_namespace::log_prob: Sigma is not positive definite. (in 'model_fix_mean_lap.stan', line 68, column 1 to column 21)
	Exception: model_fix_mean_lap_model_namespace::log_prob: Omega is not positive definite. (in 'model_fix_mean_lap.stan', line 67, column 1 to column 22)
	Exception: model_fix_mean_lap_model_namespace::log_prob: Omega is not positive definite. (in 'model_fix_mean_lap.stan', line 67, column 1 to column 22)
	Exception: model_fix_mean_lap_model_namespace::log_prob: Sigma is not positive definite. (in 'model_fix_mean_lap.stan', line 68, column 1 to column 21)
	Exception: model_fix_mean_lap_model_namespace::log_prob: Sigma is not positive definite. (in 'model_fix_mean_lap.stan', line 68, column 1 to column 21)
	Exception: model_fix_mean_lap_model_namespace::log_prob: Sigma is not positive definite. (in 'model_fix_mean_lap.stan', line 68, column 1 to column 21)
	Exception: model_fix_mean_lap_model_namespace::log_prob: Sigma is not positive definite. (in 'model_fix_mean_lap.stan', line 68, column 1 to column 21)
	Exception: model_fix_mean_lap_model_namespace::log_prob: Sigma is not positive definite. (in 'model_fix_mean_lap.stan', line 68, column 1 to column 21)
	Exception: model_fix_mean_lap_model_namespace::log_prob: Sigma is not positive definite. (in 'model_fix_mean_lap.stan', line 68, column 1 to column 21)
	Exception: model_fix_mean_lap_model_namespace::log_prob: Sigma is not positive definite. (in 'model_fix_mean_lap.stan', line 68, column 1 to column 21)
	Exception: model_fix_mean_lap_model_namespace::log_prob: Sigma is not positive definite. (in 'model_fix_mean_lap.stan', line 68, column 1 to column 21)
	Exception: model_fix_mean_lap_model_namespace::log_prob: Sigma is not positive definite. (in 'model_fix_mean_lap.stan', line 68, column 1 to column 21)
	Exception: model_fix_mean_lap_model_namespace::log_prob: Sigma is not positive definite. (in 'model_fix_mean_lap.stan', line 68, column 1 to column 21)
Exception: model_fix_mean_lap_model_namespace::log_prob: Sigma is not positive definite. (in 'model_fix_mean_lap.stan', line 68, column 1 to column 21)
	Exception: model_fix_mean_lap_model_namespace::log_prob: Sigma is not positive definite. (in 'model_fix_mean_lap.stan', line 68, column 1 to column 21)
	Exception: model_fix_mean_lap_model_namespace::log_prob: Sigma is not positive definite. (in 'model_fix_mean_lap.stan', line 68, column 1 to column 21)
	Exception: model_fix_mean_lap_model_namespace::log_prob: Omega is not positive definite. (in 'model_fix_mean_lap.stan', line 67, column 1 to column 22)
	Exception: model_fix_mean_lap_model_namespace::log_prob: Omega is not positive definite. (in 'model_fix_mean_lap.stan', line 67, column 1 to column 22)
	Exception: model_fix_mean_lap_model_namespace::log_prob: Omega is not positive definite. (in 'model_fix_mean_lap.stan', line 67, column 1 to column 22)
	Exception: model_fix_mean_lap_model_namespace::log_prob: Omega is not positive definite. (in 'model_fix_mean_lap.stan', line 67, column 1 to column 22)
	Exception: model_fix_mean_lap_model_namespace::log_prob: Sigma is not positive definite. (in 'model_fix_mean_lap.stan', line 68, column 1 to column 21)
	Exception: model_fix_mean_lap_model_namespace::log_prob: Sigma is not positive definite. (in 'model_fix_mean_lap.stan', line 68, column 1 to column 21)
	Exception: model_fix_mean_lap_model_namespace::log_prob: Omega is not positive definite. (in 'model_fix_mean_lap.stan', line 67, column 1 to column 22)
	Exception: model_fix_mean_lap_model_namespace::log_prob: Omega is not positive definite. (in 'model_fix_mean_lap.stan', line 67, column 1 to column 22)
	Exception: model_fix_mean_lap_model_namespace::log_prob: Sigma is not positive definite. (in 'model_fix_mean_lap.stan', line 68, column 1 to column 21)
Exception: model_fix_mean_lap_model_namespace::log_prob: Sigma is not positive definite. (in 'model_fix_mean_lap.stan', line 68, column 1 to column 21)
	Exception: model_fix_mean_lap_model_namespace::log_prob: Omega is not positive definite. (in 'model_fix_mean_lap.stan', line 67, column 1 to column 22)
	Exception: model_fix_mean_lap_model_namespace::log_prob: Omega is not positive definite. (in 'model_fix_mean_lap.stan', line 67, column 1 to column 22)
	Exception: model_fix_mean_lap_model_namespace::log_prob: Omega is not positive definite. (in 'model_fix_mean_lap.stan', line 67, column 1 to column 22)
	Exception: model_fix_mean_lap_model_namespace::log_prob: Sigma is not positive definite. (in 'model_fix_mean_lap.stan', line 68, column 1 to column 21)
	Exception: model_fix_mean_lap_model_namespace::log_prob: Sigma is not positive definite. (in 'model_fix_mean_lap.stan', line 68, column 1 to column 21)
	Exception: model_fix_mean_lap_model_namespace::log_prob: Sigma is not positive definite. (in 'model_fix_mean_lap.stan', line 68, column 1 to column 21)
	Exception: model_fix_mean_lap_model_namespace::log_prob: Omega is not positive definite. (in 'model_fix_mean_lap.stan', line 67, column 1 to column 22)
	Exception: model_fix_mean_lap_model_namespace::log_prob: Sigma is not positive definite. (in 'model_fix_mean_lap.stan', line 68, column 1 to column 21)
Exception: model_fix_mean_lap_model_namespace::log_prob: Omega is not positive definite. (in 'model_fix_mean_lap.stan', line 67, column 1 to column 22)
	Exception: model_fix_mean_lap_model_namespace::log_prob: Omega is not positive definite. (in 'model_fix_mean_lap.stan', line 67, column 1 to column 22)
	Exception: model_fix_mean_lap_model_namespace::log_prob: Omega is not positive definite. (in 'model_fix_mean_lap.stan', line 67, column 1 to column 22)
	Exception: model_fix_mean_lap_model_namespace::log_prob: Omega is not positive definite. (in 'model_fix_mean_lap.stan', line 67, column 1 to column 22)
	Exception: model_fix_mean_lap_model_namespace::log_prob: Sigma is not positive definite. (in 'model_fix_mean_lap.stan', line 68, column 1 to column 21)
	Exception: model_fix_mean_lap_model_namespace::log_prob: Sigma is not positive definite. (in 'model_fix_mean_lap.stan', line 68, column 1 to column 21)
	Exception: model_fix_mean_lap_model_namespace::log_prob: Sigma is not positive definite. (in 'model_fix_mean_lap.stan', line 68, column 1 to column 21)
	Exception: model_fix_mean_lap_model_namespace::log_prob: Omega is not positive definite. (in 'model_fix_mean_lap.stan', line 67, column 1 to column 22)
	Exception: model_fix_mean_lap_model_namespace::log_prob: Omega is not positive definite. (in 'model_fix_mean_lap.stan', line 67, column 1 to column 22)
	Exception: model_fix_mean_lap_model_namespace::log_prob: Sigma is not positive definite. (in 'model_fix_mean_lap.stan', line 68, column 1 to column 21)
	Exception: model_fix_mean_lap_model_namespace::log_prob: Sigma is not positive definite. (in 'model_fix_mean_lap.stan', line 68, column 1 to column 21)
	Exception: model_fix_mean_lap_model_namespace::log_prob: Sigma is not positive definite. (in 'model_fix_mean_lap.stan', line 68, column 1 to column 21)
Exception: model_fix_mean_lap_model_namespace::log_prob: Sigma is not positive definite. (in 'model_fix_mean_lap.stan', line 68, column 1 to column 21)
	Exception: model_fix_mean_lap_model_namespace::log_prob: Omega is not positive definite. (in 'model_fix_mean_lap.stan', line 67, column 1 to column 22)
	Exception: model_fix_mean_lap_model_namespace::log_prob: Omega is not positive definite. (in 'model_fix_mean_lap.stan', line 67, column 1 to column 22)
	Exception: model_fix_mean_lap_model_namespace::log_prob: Omega is not positive definite. (in 'model_fix_mean_lap.stan', line 67, column 1 to column 22)
	Exception: model_fix_mean_lap_model_namespace::log_prob: Omega is not positive definite. (in 'model_fix_mean_lap.stan', line 67, column 1 to column 22)
	Exception: model_fix_mean_lap_model_namespace::log_prob: Sigma is not positive definite. (in 'model_fix_mean_lap.stan', line 68, column 1 to column 21)
	Exception: model_fix_mean_lap_model_namespace::log_prob: Sigma is not positive definite. (in 'model_fix_mean_lap.stan', line 68, column 1 to column 21)
	Exception: model_fix_mean_lap_model_namespace::log_prob: Sigma is not positive definite. (in 'model_fix_mean_lap.stan', line 68, column 1 to column 21)
	Exception: model_fix_mean_lap_model_namespace::log_prob: Omega is not positive definite. (in 'model_fix_mean_lap.stan', line 67, column 1 to column 22)
	Exception: model_fix_mean_lap_model_namespace::log_prob: Sigma is not positive definite. (in 'model_fix_mean_lap.stan', line 68, column 1 to column 21)
Exception: model_fix_mean_lap_model_namespace::log_prob: Omega is not positive definite. (in 'model_fix_mean_lap.stan', line 67, column 1 to column 22)
	Exception: model_fix_mean_lap_model_namespace::log_prob: Omega is not positive definite. (in 'model_fix_mean_lap.stan', line 67, column 1 to column 22)
	Exception: model_fix_mean_lap_model_namespace::log_prob: Omega is not positive definite. (in 'model_fix_mean_lap.stan', line 67, column 1 to column 22)
	Exception: model_fix_mean_lap_model_namespace::log_prob: Omega is not positive definite. (in 'model_fix_mean_lap.stan', line 67, column 1 to column 22)
	Exception: model_fix_mean_lap_model_namespace::log_prob: Sigma is not positive definite. (in 'model_fix_mean_lap.stan', line 68, column 1 to column 21)
	Exception: model_fix_mean_lap_model_namespace::log_prob: Sigma is not positive definite. (in 'model_fix_mean_lap.stan', line 68, column 1 to column 21)
	Exception: model_fix_mean_lap_model_namespace::log_prob: Omega is not positive definite. (in 'model_fix_mean_lap.stan', line 67, column 1 to column 22)
	Exception: model_fix_mean_lap_model_namespace::log_prob: Omega is not positive definite. (in 'model_fix_mean_lap.stan', line 67, column 1 to column 22)
	Exception: model_fix_mean_lap_model_namespace::log_prob: Sigma is not positive definite. (in 'model_fix_mean_lap.stan', line 68, column 1 to column 21)
	Exception: model_fix_mean_lap_model_namespace::log_prob: Sigma is not positive definite. (in 'model_fix_mean_lap.stan', line 68, column 1 to column 21)
	Exception: model_fix_mean_lap_model_namespace::log_prob: Sigma is not positive definite. (in 'model_fix_mean_lap.stan', line 68, column 1 to column 21)
	Exception: model_fix_mean_lap_model_namespace::log_prob: Sigma is not positive definite. (in 'model_fix_mean_lap.stan', line 68, column 1 to column 21)
	Exception: model_fix_mean_lap_model_namespace::log_prob: Sigma is not positive definite. (in 'model_fix_mean_lap.stan', line 68, column 1 to column 21)
	Exception: model_fix_mean_lap_model_namespace::log_prob: Sigma is not positive definite. (in 'model_fix_mean_lap.stan', line 68, column 1 to column 21)
	Exception: model_fix_mean_lap_model_namespace::log_prob: Sigma is not positive definite. (in 'model_fix_mean_lap.stan', line 68, column 1 to column 21)
	Exception: model_fix_mean_lap_model_namespace::log_prob: Sigma is not positive definite. (in 'model_fix_mean_lap.stan', line 68, column 1 to column 21)
	Exception: model_fix_mean_lap_model_namespace::log_prob: Sigma is not positive definite. (in 'model_fix_mean_lap.stan', line 68, column 1 to column 21)
	Exception: model_fix_mean_lap_model_namespace::log_prob: Sigma is not positive definite. (in 'model_fix_mean_lap.stan', line 68, column 1 to column 21)
	Exception: model_fix_mean_lap_model_namespace::log_prob: Sigma is not positive definite. (in 'model_fix_mean_lap.stan', line 68, column 1 to column 21)
	Exception: model_fix_mean_lap_model_namespace::log_prob: Sigma is not positive definite. (in 'model_fix_mean_lap.stan', line 68, column 1 to column 21)
	Exception: model_fix_mean_lap_model_namespace::log_prob: Sigma is not positive definite. (in 'model_fix_mean_lap.stan', line 68, column 1 to column 21)
	Exception: model_fix_mean_lap_model_namespace::log_prob: Sigma is not positive definite. (in 'model_fix_mean_lap.stan', line 68, column 1 to column 21)
	Exception: model_fix_mean_lap_model_namespace::log_prob: Sigma is not positive definite. (in 'model_fix_mean_lap.stan', line 68, column 1 to column 21)
	Exception: model_fix_mean_lap_model_namespace::log_prob: Sigma is not positive definite. (in 'model_fix_mean_lap.stan', line 68, column 1 to column 21)
	Exception: model_fix_mean_lap_model_namespace::log_prob: Sigma is not positive definite. (in 'model_fix_mean_lap.stan', line 68, column 1 to column 21)
	Exception: model_fix_mean_lap_model_namespace::log_prob: Sigma is not positive definite. (in 'model_fix_mean_lap.stan', line 68, column 1 to column 21)
	Exception: model_fix_mean_lap_model_namespace::log_prob: Sigma is not positive definite. (in 'model_fix_mean_lap.stan', line 68, column 1 to column 21)
	Exception: model_fix_mean_lap_model_namespace::log_prob: Sigma is not positive definite. (in 'model_fix_mean_lap.stan', line 68, column 1 to column 21)
	Exception: model_fix_mean_lap_model_namespace::log_prob: Sigma is not positive definite. (in 'model_fix_mean_lap.stan', line 68, column 1 to column 21)
	Exception: model_fix_mean_lap_model_namespace::log_prob: Sigma is not positive definite. (in 'model_fix_mean_lap.stan', line 68, column 1 to column 21)
	Exception: model_fix_mean_lap_model_namespace::log_prob: Sigma is not positive definite. (in 'model_fix_mean_lap.stan', line 68, column 1 to column 21)
	Exception: model_fix_mean_lap_model_namespace::log_prob: Sigma is not positive definite. (in 'model_fix_mean_lap.stan', line 68, column 1 to column 21)
	Exception: model_fix_mean_lap_model_namespace::log_prob: Sigma is not positive definite. (in 'model_fix_mean_lap.stan', line 68, column 1 to column 21)
	Exception: model_fix_mean_lap_model_namespace::log_prob: Sigma is not positive definite. (in 'model_fix_mean_lap.stan', line 68, column 1 to column 21)
Exception: model_fix_mean_lap_model_namespace::log_prob: Sigma is not positive definite. (in 'model_fix_mean_lap.stan', line 68, column 1 to column 21)
	Exception: model_fix_mean_lap_model_namespace::log_prob: Sigma is not positive definite. (in 'model_fix_mean_lap.stan', line 68, column 1 to column 21)
	Exception: model_fix_mean_lap_model_namespace::log_prob: Omega is not positive definite. (in 'model_fix_mean_lap.stan', line 67, column 1 to column 22)
	Exception: model_fix_mean_lap_model_namespace::log_prob: Omega is not positive definite. (in 'model_fix_mean_lap.stan', line 67, column 1 to column 22)
	Exception: model_fix_mean_lap_model_namespace::log_prob: Omega is not positive definite. (in 'model_fix_mean_lap.stan', line 67, column 1 to column 22)
	Exception: model_fix_mean_lap_model_namespace::log_prob: Omega is not positive definite. (in 'model_fix_mean_lap.stan', line 67, column 1 to column 22)
	Exception: model_fix_mean_lap_model_namespace::log_prob: Omega is not positive definite. (in 'model_fix_mean_lap.stan', line 67, column 1 to column 22)
	Exception: model_fix_mean_lap_model_namespace::log_prob: Sigma is not positive definite. (in 'model_fix_mean_lap.stan', line 68, column 1 to column 21)
	Exception: model_fix_mean_lap_model_namespace::log_prob: Sigma is not positive definite. (in 'model_fix_mean_lap.stan', line 68, column 1 to column 21)
	Exception: model_fix_mean_lap_model_namespace::log_prob: Sigma is not positive definite. (in 'model_fix_mean_lap.stan', line 68, column 1 to column 21)
	Exception: model_fix_mean_lap_model_namespace::log_prob: Omega is not positive definite. (in 'model_fix_mean_lap.stan', line 67, column 1 to column 22)
	Exception: model_fix_mean_lap_model_namespace::log_prob: Omega is not positive definite. (in 'model_fix_mean_lap.stan', line 67, column 1 to column 22)
	Exception: model_fix_mean_lap_model_namespace::log_prob: Sigma is not positive definite. (in 'model_fix_mean_lap.stan', line 68, column 1 to column 21)
Exception: model_fix_mean_lap_model_namespace::log_prob: Sigma is not positive definite. (in 'model_fix_mean_lap.stan', line 68, column 1 to column 21)
	Exception: model_fix_mean_lap_model_namespace::log_prob: Omega is not positive definite. (in 'model_fix_mean_lap.stan', line 67, column 1 to column 22)
	Exception: model_fix_mean_lap_model_namespace::log_prob: Omega is not positive definite. (in 'model_fix_mean_lap.stan', line 67, column 1 to column 22)
	Exception: model_fix_mean_lap_model_namespace::log_prob: Omega is not positive definite. (in 'model_fix_mean_lap.stan', line 67, column 1 to column 22)
	Exception: model_fix_mean_lap_model_namespace::log_prob: Omega is not positive definite. (in 'model_fix_mean_lap.stan', line 67, column 1 to column 22)
	Exception: model_fix_mean_lap_model_namespace::log_prob: Sigma is not positive definite. (in 'model_fix_mean_lap.stan', line 68, column 1 to column 21)
	Exception: model_fix_mean_lap_model_namespace::log_prob: Sigma is not positive definite. (in 'model_fix_mean_lap.stan', line 68, column 1 to column 21)
	Exception: model_fix_mean_lap_model_namespace::log_prob: Sigma is not positive definite. (in 'model_fix_mean_lap.stan', line 68, column 1 to column 21)
	Exception: model_fix_mean_lap_model_namespace::log_prob: Omega is not positive definite. (in 'model_fix_mean_lap.stan', line 67, column 1 to column 22)
	Exception: model_fix_mean_lap_model_namespace::log_prob: Omega is not positive definite. (in 'model_fix_mean_lap.stan', line 67, column 1 to column 22)
Exception: model_fix_mean_lap_model_namespace::log_prob: Sigma is not positive definite. (in 'model_fix_mean_lap.stan', line 68, column 1 to column 21)
	Exception: model_fix_mean_lap_model_namespace::log_prob: Sigma is not positive definite. (in 'model_fix_mean_lap.stan', line 68, column 1 to column 21)
	Exception: model_fix_mean_lap_model_namespace::log_prob: Omega is not positive definite. (in 'model_fix_mean_lap.stan', line 67, column 1 to column 22)
	Exception: model_fix_mean_lap_model_namespace::log_prob: Omega is not positive definite. (in 'model_fix_mean_lap.stan', line 67, column 1 to column 22)
	Exception: model_fix_mean_lap_model_namespace::log_prob: Omega is not positive definite. (in 'model_fix_mean_lap.stan', line 67, column 1 to column 22)
	Exception: model_fix_mean_lap_model_namespace::log_prob: Omega is not positive definite. (in 'model_fix_mean_lap.stan', line 67, column 1 to column 22)
	Exception: model_fix_mean_lap_model_namespace::log_prob: Sigma is not positive definite. (in 'model_fix_mean_lap.stan', line 68, column 1 to column 21)
	Exception: model_fix_mean_lap_model_namespace::log_prob: Omega is not positive definite. (in 'model_fix_mean_lap.stan', line 67, column 1 to column 22)
	Exception: model_fix_mean_lap_model_namespace::log_prob: Omega is not positive definite. (in 'model_fix_mean_lap.stan', line 67, column 1 to column 22)
	Exception: model_fix_mean_lap_model_namespace::log_prob: Sigma is not positive definite. (in 'model_fix_mean_lap.stan', line 68, column 1 to column 21)
Exception: model_fix_mean_lap_model_namespace::log_prob: Omega is not positive definite. (in 'model_fix_mean_lap.stan', line 67, column 1 to column 22)
	Exception: model_fix_mean_lap_model_namespace::log_prob: Omega is not positive definite. (in 'model_fix_mean_lap.stan', line 67, column 1 to column 22)
	Exception: model_fix_mean_lap_model_namespace::log_prob: Omega is not positive definite. (in 'model_fix_mean_lap.stan', line 67, column 1 to column 22)
	Exception: model_fix_mean_lap_model_namespace::log_prob: Omega is not positive definite. (in 'model_fix_mean_lap.stan', line 67, column 1 to column 22)
	Exception: model_fix_mean_lap_model_namespace::log_prob: Sigma is not positive definite. (in 'model_fix_mean_lap.stan', line 68, column 1 to column 21)
	Exception: model_fix_mean_lap_model_namespace::log_prob: Sigma is not positive definite. (in 'model_fix_mean_lap.stan', line 68, column 1 to column 21)
	Exception: model_fix_mean_lap_model_namespace::log_prob: Omega is not positive definite. (in 'model_fix_mean_lap.stan', line 67, column 1 to column 22)
	Exception: model_fix_mean_lap_model_namespace::log_prob: Omega is not positive definite. (in 'model_fix_mean_lap.stan', line 67, column 1 to column 22)
	Exception: model_fix_mean_lap_model_namespace::log_prob: Sigma is not positive definite. (in 'model_fix_mean_lap.stan', line 68, column 1 to column 21)
Exception: model_fix_mean_lap_model_namespace::log_prob: Sigma is not positive definite. (in 'model_fix_mean_lap.stan', line 68, column 1 to column 21)
	Exception: model_fix_mean_lap_model_namespace::log_prob: Sigma is not positive definite. (in 'model_fix_mean_lap.stan', line 68, column 1 to column 21)
	Exception: model_fix_mean_lap_model_namespace::log_prob: Sigma is not positive definite. (in 'model_fix_mean_lap.stan', line 68, column 1 to column 21)
	Exception: model_fix_mean_lap_model_namespace::log_prob: Sigma is not positive definite. (in 'model_fix_mean_lap.stan', line 68, column 1 to column 21)
	Exception: model_fix_mean_lap_model_namespace::log_prob: Omega is not positive definite. (in 'model_fix_mean_lap.stan', line 67, column 1 to column 22)
	Exception: model_fix_mean_lap_model_namespace::log_prob: Omega is not positive definite. (in 'model_fix_mean_lap.stan', line 67, column 1 to column 22)
	Exception: model_fix_mean_lap_model_namespace::log_prob: Omega is not positive definite. (in 'model_fix_mean_lap.stan', line 67, column 1 to column 22)
	Exception: model_fix_mean_lap_model_namespace::log_prob: Omega is not positive definite. (in 'model_fix_mean_lap.stan', line 67, column 1 to column 22)
	Exception: model_fix_mean_lap_model_namespace::log_prob: Omega is not positive definite. (in 'model_fix_mean_lap.stan', line 67, column 1 to column 22)
	Exception: model_fix_mean_lap_model_namespace::log_prob: Sigma is not positive definite. (in 'model_fix_mean_lap.stan', line 68, column 1 to column 21)
	Exception: model_fix_mean_lap_model_namespace::log_prob: Sigma is not positive definite. (in 'model_fix_mean_lap.stan', line 68, column 1 to column 21)
	Exception: model_fix_mean_lap_model_namespace::log_prob: Sigma is not positive definite. (in 'model_fix_mean_lap.stan', line 68, column 1 to column 21)
	Exception: model_fix_mean_lap_model_namespace::log_prob: Omega is not positive definite. (in 'model_fix_mean_lap.stan', line 67, column 1 to column 22)
	Exception: model_fix_mean_lap_model_namespace::log_prob: Omega is not positive definite. (in 'model_fix_mean_lap.stan', line 67, column 1 to column 22)
	Exception: model_fix_mean_lap_model_namespace::log_prob: Sigma is not positive definite. (in 'model_fix_mean_lap.stan', line 68, column 1 to column 21)
	Exception: model_fix_mean_lap_model_namespace::log_prob: Sigma is not positive definite. (in 'model_fix_mean_lap.stan', line 68, column 1 to column 21)
	Exception: model_fix_mean_lap_model_namespace::log_prob: Sigma is not positive definite. (in 'model_fix_mean_lap.stan', line 68, column 1 to column 21)
	Exception: model_fix_mean_lap_model_namespace::log_prob: Sigma is not positive definite. (in 'model_fix_mean_lap.stan', line 68, column 1 to column 21)
	Exception: model_fix_mean_lap_model_namespace::log_prob: Sigma is not positive definite. (in 'model_fix_mean_lap.stan', line 68, column 1 to column 21)
	Exception: model_fix_mean_lap_model_namespace::log_prob: Sigma is not positive definite. (in 'model_fix_mean_lap.stan', line 68, column 1 to column 21)
	Exception: model_fix_mean_lap_model_namespace::log_prob: Sigma is not positive definite. (in 'model_fix_mean_lap.stan', line 68, column 1 to column 21)
	Exception: model_fix_mean_lap_model_namespace::log_prob: Sigma is not positive definite. (in 'model_fix_mean_lap.stan', line 68, column 1 to column 21)
Exception: model_fix_mean_lap_model_namespace::log_prob: Sigma is not positive definite. (in 'model_fix_mean_lap.stan', line 68, column 1 to column 21)
	Exception: model_fix_mean_lap_model_namespace::log_prob: Omega is not positive definite. (in 'model_fix_mean_lap.stan', line 67, column 1 to column 22)
	Exception: model_fix_mean_lap_model_namespace::log_prob: Omega is not positive definite. (in 'model_fix_mean_lap.stan', line 67, column 1 to column 22)
	Exception: model_fix_mean_lap_model_namespace::log_prob: Omega is not positive definite. (in 'model_fix_mean_lap.stan', line 67, column 1 to column 22)
	Exception: model_fix_mean_lap_model_namespace::log_prob: Sigma is not positive definite. (in 'model_fix_mean_lap.stan', line 68, column 1 to column 21)
	Exception: model_fix_mean_lap_model_namespace::log_prob: Omega is not positive definite. (in 'model_fix_mean_lap.stan', line 67, column 1 to column 22)
	Exception: model_fix_mean_lap_model_namespace::log_prob: Omega is not positive definite. (in 'model_fix_mean_lap.stan', line 67, column 1 to column 22)
Exception: model_fix_mean_lap_model_namespace::log_prob: Sigma is not positive definite. (in 'model_fix_mean_lap.stan', line 68, column 1 to column 21)
	Exception: model_fix_mean_lap_model_namespace::log_prob: Sigma is not positive definite. (in 'model_fix_mean_lap.stan', line 68, column 1 to column 21)
	Exception: model_fix_mean_lap_model_namespace::log_prob: Omega is not positive definite. (in 'model_fix_mean_lap.stan', line 67, column 1 to column 22)
	Exception: model_fix_mean_lap_model_namespace::log_prob: Omega is not positive definite. (in 'model_fix_mean_lap.stan', line 67, column 1 to column 22)
	Exception: model_fix_mean_lap_model_namespace::log_prob: Omega is not positive definite. (in 'model_fix_mean_lap.stan', line 67, column 1 to column 22)
	Exception: model_fix_mean_lap_model_namespace::log_prob: Omega is not positive definite. (in 'model_fix_mean_lap.stan', line 67, column 1 to column 22)
	Exception: model_fix_mean_lap_model_namespace::log_prob: Sigma is not positive definite. (in 'model_fix_mean_lap.stan', line 68, column 1 to column 21)
	Exception: model_fix_mean_lap_model_namespace::log_prob: Omega is not positive definite. (in 'model_fix_mean_lap.stan', line 67, column 1 to column 22)
	Exception: model_fix_mean_lap_model_namespace::log_prob: Omega is not positive definite. (in 'model_fix_mean_lap.stan', line 67, column 1 to column 22)
	Exception: model_fix_mean_lap_model_namespace::log_prob: Sigma is not positive definite. (in 'model_fix_mean_lap.stan', line 68, column 1 to column 21)
Exception: model_fix_mean_lap_model_namespace::log_prob: Sigma is not positive definite. (in 'model_fix_mean_lap.stan', line 68, column 1 to column 21)
	Exception: model_fix_mean_lap_model_namespace::log_prob: Omega is not positive definite. (in 'model_fix_mean_lap.stan', line 67, column 1 to column 22)
	Exception: model_fix_mean_lap_model_namespace::log_prob: Omega is not positive definite. (in 'model_fix_mean_lap.stan', line 67, column 1 to column 22)
	Exception: model_fix_mean_lap_model_namespace::log_prob: Omega is not positive definite. (in 'model_fix_mean_lap.stan', line 67, column 1 to column 22)
	Exception: model_fix_mean_lap_model_namespace::log_prob: Omega is not positive definite. (in 'model_fix_mean_lap.stan', line 67, column 1 to column 22)
	Exception: model_fix_mean_lap_model_namespace::log_prob: Sigma is not positive definite. (in 'model_fix_mean_lap.stan', line 68, column 1 to column 21)
	Exception: model_fix_mean_lap_model_namespace::log_prob: Sigma is not positive definite. (in 'model_fix_mean_lap.stan', line 68, column 1 to column 21)
	Exception: model_fix_mean_lap_model_namespace::log_prob: Sigma is not positive definite. (in 'model_fix_mean_lap.stan', line 68, column 1 to column 21)
	Exception: model_fix_mean_lap_model_namespace::log_prob: Sigma is not positive definite. (in 'model_fix_mean_lap.stan', line 68, column 1 to column 21)
	Exception: model_fix_mean_lap_model_namespace::log_prob: Omega is not positive definite. (in 'model_fix_mean_lap.stan', line 67, column 1 to column 22)
	Exception: model_fix_mean_lap_model_namespace::log_prob: Omega is not positive definite. (in 'model_fix_mean_lap.stan', line 67, column 1 to column 22)
	Exception: model_fix_mean_lap_model_namespace::log_prob: Sigma is not positive definite. (in 'model_fix_mean_lap.stan', line 68, column 1 to column 21)
	Exception: model_fix_mean_lap_model_namespace::log_prob: Sigma is not positive definite. (in 'model_fix_mean_lap.stan', line 68, column 1 to column 21)
	Exception: model_fix_mean_lap_model_namespace::log_prob: Sigma is not positive definite. (in 'model_fix_mean_lap.stan', line 68, column 1 to column 21)
	Exception: model_fix_mean_lap_model_namespace::log_prob: Sigma is not positive definite. (in 'model_fix_mean_lap.stan', line 68, column 1 to column 21)
Exception: model_fix_mean_lap_model_namespace::log_prob: Sigma is not positive definite. (in 'model_fix_mean_lap.stan', line 68, column 1 to column 21)
	Exception: model_fix_mean_lap_model_namespace::log_prob: Omega is not positive definite. (in 'model_fix_mean_lap.stan', line 67, column 1 to column 22)
	Exception: model_fix_mean_lap_model_namespace::log_prob: Omega is not positive definite. (in 'model_fix_mean_lap.stan', line 67, column 1 to column 22)
	Exception: model_fix_mean_lap_model_namespace::log_prob: Omega is not positive definite. (in 'model_fix_mean_lap.stan', line 67, column 1 to column 22)
	Exception: model_fix_mean_lap_model_namespace::log_prob: Omega is not positive definite. (in 'model_fix_mean_lap.stan', line 67, column 1 to column 22)
	Exception: model_fix_mean_lap_model_namespace::log_prob: Omega is not positive definite. (in 'model_fix_mean_lap.stan', line 67, column 1 to column 22)
	Exception: model_fix_mean_lap_model_namespace::log_prob: Sigma is not positive definite. (in 'model_fix_mean_lap.stan', line 68, column 1 to column 21)
	Exception: model_fix_mean_lap_model_namespace::log_prob: Sigma is not positive definite. (in 'model_fix_mean_lap.stan', line 68, column 1 to column 21)
	Exception: model_fix_mean_lap_model_namespace::log_prob: Sigma is not positive definite. (in 'model_fix_mean_lap.stan', line 68, column 1 to column 21)
	Exception: model_fix_mean_lap_model_namespace::log_prob: Omega is not positive definite. (in 'model_fix_mean_lap.stan', line 67, column 1 to column 22)
	Exception: model_fix_mean_lap_model_namespace::log_prob: Omega is not positive definite. (in 'model_fix_mean_lap.stan', line 67, column 1 to column 22)
	Exception: model_fix_mean_lap_model_namespace::log_prob: Sigma is not positive definite. (in 'model_fix_mean_lap.stan', line 68, column 1 to column 21)
	Exception: multi_normal_lpdf: Location parameter[2] is inf, but must be finite! (in 'model_fix_mean_lap.stan', line 140, column 12 to column 74)
	Exception: multi_normal_lpdf: Location parameter[2] is inf, but must be finite! (in 'model_fix_mean_lap.stan', line 140, column 12 to column 74)
Exception: model_fix_mean_lap_model_namespace::log_prob: Sigma is not positive definite. (in 'model_fix_mean_lap.stan', line 68, column 1 to column 21)
	Exception: model_fix_mean_lap_model_namespace::log_prob: Sigma is not positive definite. (in 'model_fix_mean_lap.stan', line 68, column 1 to column 21)
	Exception: model_fix_mean_lap_model_namespace::log_prob: Omega is not positive definite. (in 'model_fix_mean_lap.stan', line 67, column 1 to column 22)
	Exception: model_fix_mean_lap_model_namespace::log_prob: Omega is not positive definite. (in 'model_fix_mean_lap.stan', line 67, column 1 to column 22)
	Exception: model_fix_mean_lap_model_namespace::log_prob: Omega is not positive definite. (in 'model_fix_mean_lap.stan', line 67, column 1 to column 22)
	Exception: model_fix_mean_lap_model_namespace::log_prob: Omega is not positive definite. (in 'model_fix_mean_lap.stan', line 67, column 1 to column 22)
	Exception: model_fix_mean_lap_model_namespace::log_prob: Omega is not positive definite. (in 'model_fix_mean_lap.stan', line 67, column 1 to column 22)
	Exception: model_fix_mean_lap_model_namespace::log_prob: Sigma is not positive definite. (in 'model_fix_mean_lap.stan', line 68, column 1 to column 21)
	Exception: model_fix_mean_lap_model_namespace::log_prob: Sigma is not positive definite. (in 'model_fix_mean_lap.stan', line 68, column 1 to column 21)
	Exception: model_fix_mean_lap_model_namespace::log_prob: Sigma is not positive definite. (in 'model_fix_mean_lap.stan', line 68, column 1 to column 21)
	Exception: model_fix_mean_lap_model_namespace::log_prob: Omega is not positive definite. (in 'model_fix_mean_lap.stan', line 67, column 1 to column 22)
	Exception: model_fix_mean_lap_model_namespace::log_prob: Omega is not positive definite. (in 'model_fix_mean_lap.stan', line 67, column 1 to column 22)
	Exception: multi_normal_lpdf: Location parameter[1] is inf, but must be finite! (in 'model_fix_mean_lap.stan', line 140, column 12 to column 74)
	Exception: model_fix_mean_lap_model_namespace::log_prob: Sigma is not positive definite. (in 'model_fix_mean_lap.stan', line 68, column 1 to column 21)
Exception: model_fix_mean_lap_model_namespace::log_prob: Omega is not positive definite. (in 'model_fix_mean_lap.stan', line 67, column 1 to column 22)
	Exception: model_fix_mean_lap_model_namespace::log_prob: Omega is not positive definite. (in 'model_fix_mean_lap.stan', line 67, column 1 to column 22)
	Exception: model_fix_mean_lap_model_namespace::log_prob: Omega is not positive definite. (in 'model_fix_mean_lap.stan', line 67, column 1 to column 22)
	Exception: model_fix_mean_lap_model_namespace::log_prob: Sigma is not positive definite. (in 'model_fix_mean_lap.stan', line 68, column 1 to column 21)
	Exception: model_fix_mean_lap_model_namespace::log_prob: Sigma is not positive definite. (in 'model_fix_mean_lap.stan', line 68, column 1 to column 21)
	Exception: model_fix_mean_lap_model_namespace::log_prob: Omega is not positive definite. (in 'model_fix_mean_lap.stan', line 67, column 1 to column 22)
	Exception: model_fix_mean_lap_model_namespace::log_prob: Omega is not positive definite. (in 'model_fix_mean_lap.stan', line 67, column 1 to column 22)
	Exception: model_fix_mean_lap_model_namespace::log_prob: Sigma is not positive definite. (in 'model_fix_mean_lap.stan', line 68, column 1 to column 21)
Exception: model_fix_mean_lap_model_namespace::log_prob: Omega is not positive definite. (in 'model_fix_mean_lap.stan', line 67, column 1 to column 22)
	Exception: model_fix_mean_lap_model_namespace::log_prob: Omega is not positive definite. (in 'model_fix_mean_lap.stan', line 67, column 1 to column 22)
	Exception: model_fix_mean_lap_model_namespace::log_prob: Omega is not positive definite. (in 'model_fix_mean_lap.stan', line 67, column 1 to column 22)
	Exception: model_fix_mean_lap_model_namespace::log_prob: Omega is not positive definite. (in 'model_fix_mean_lap.stan', line 67, column 1 to column 22)
	Exception: model_fix_mean_lap_model_namespace::log_prob: Sigma is not positive definite. (in 'model_fix_mean_lap.stan', line 68, column 1 to column 21)
	Exception: model_fix_mean_lap_model_namespace::log_prob: Omega is not positive definite. (in 'model_fix_mean_lap.stan', line 67, column 1 to column 22)
	Exception: model_fix_mean_lap_model_namespace::log_prob: Omega is not positive definite. (in 'model_fix_mean_lap.stan', line 67, column 1 to column 22)
Exception: model_fix_mean_lap_model_namespace::log_prob: Omega is not positive definite. (in 'model_fix_mean_lap.stan', line 67, column 1 to column 22)
	Exception: model_fix_mean_lap_model_namespace::log_prob: Omega is not positive definite. (in 'model_fix_mean_lap.stan', line 67, column 1 to column 22)
	Exception: model_fix_mean_lap_model_namespace::log_prob: Omega is not positive definite. (in 'model_fix_mean_lap.stan', line 67, column 1 to column 22)
	Exception: model_fix_mean_lap_model_namespace::log_prob: Omega is not positive definite. (in 'model_fix_mean_lap.stan', line 67, column 1 to column 22)
	Exception: model_fix_mean_lap_model_namespace::log_prob: Sigma is not positive definite. (in 'model_fix_mean_lap.stan', line 68, column 1 to column 21)
	Exception: model_fix_mean_lap_model_namespace::log_prob: Sigma is not positive definite. (in 'model_fix_mean_lap.stan', line 68, column 1 to column 21)
	Exception: model_fix_mean_lap_model_namespace::log_prob: Omega is not positive definite. (in 'model_fix_mean_lap.stan', line 67, column 1 to column 22)
	Exception: model_fix_mean_lap_model_namespace::log_prob: Omega is not positive definite. (in 'model_fix_mean_lap.stan', line 67, column 1 to column 22)
Exception: model_fix_mean_lap_model_namespace::log_prob: Omega is not positive definite. (in 'model_fix_mean_lap.stan', line 67, column 1 to column 22)
	Exception: model_fix_mean_lap_model_namespace::log_prob: Omega is not positive definite. (in 'model_fix_mean_lap.stan', line 67, column 1 to column 22)
	Exception: model_fix_mean_lap_model_namespace::log_prob: Omega is not positive definite. (in 'model_fix_mean_lap.stan', line 67, column 1 to column 22)
	Exception: model_fix_mean_lap_model_namespace::log_prob: Omega is not positive definite. (in 'model_fix_mean_lap.stan', line 67, column 1 to column 22)
	Exception: model_fix_mean_lap_model_namespace::log_prob: Omega is not positive definite. (in 'model_fix_mean_lap.stan', line 67, column 1 to column 22)
	Exception: model_fix_mean_lap_model_namespace::log_prob: Omega is not positive definite. (in 'model_fix_mean_lap.stan', line 67, column 1 to column 22)
	Exception: model_fix_mean_lap_model_namespace::log_prob: Sigma is not positive definite. (in 'model_fix_mean_lap.stan', line 68, column 1 to column 21)
	Exception: model_fix_mean_lap_model_namespace::log_prob: Sigma is not positive definite. (in 'model_fix_mean_lap.stan', line 68, column 1 to column 21)
	Exception: model_fix_mean_lap_model_namespace::log_prob: Sigma is not positive definite. (in 'model_fix_mean_lap.stan', line 68, column 1 to column 21)
	Exception: model_fix_mean_lap_model_namespace::log_prob: Omega is not positive definite. (in 'model_fix_mean_lap.stan', line 67, column 1 to column 22)
	Exception: model_fix_mean_lap_model_namespace::log_prob: Omega is not positive definite. (in 'model_fix_mean_lap.stan', line 67, column 1 to column 22)
	Exception: model_fix_mean_lap_model_namespace::log_prob: Sigma is not positive definite. (in 'model_fix_mean_lap.stan', line 68, column 1 to column 21)
	Exception: model_fix_mean_lap_model_namespace::log_prob: Sigma is not positive definite. (in 'model_fix_mean_lap.stan', line 68, column 1 to column 21)
	Exception: model_fix_mean_lap_model_namespace::log_prob: Sigma is not positive definite. (in 'model_fix_mean_lap.stan', line 68, column 1 to column 21)
	Exception: model_fix_mean_lap_model_namespace::log_prob: Sigma is not positive definite. (in 'model_fix_mean_lap.stan', line 68, column 1 to column 21)
	Exception: model_fix_mean_lap_model_namespace::log_prob: Sigma is not positive definite. (in 'model_fix_mean_lap.stan', line 68, column 1 to column 21)
	Exception: model_fix_mean_lap_model_namespace::log_prob: Sigma is not positive definite. (in 'model_fix_mean_lap.stan', line 68, column 1 to column 21)
	Exception: model_fix_mean_lap_model_namespace::log_prob: Sigma is not positive definite. (in 'model_fix_mean_lap.stan', line 68, column 1 to column 21)
	Exception: model_fix_mean_lap_model_namespace::log_prob: Sigma is not positive definite. (in 'model_fix_mean_lap.stan', line 68, column 1 to column 21)
	Exception: model_fix_mean_lap_model_namespace::log_prob: Sigma is not positive definite. (in 'model_fix_mean_lap.stan', line 68, column 1 to column 21)
	Exception: model_fix_mean_lap_model_namespace::log_prob: Sigma is not positive definite. (in 'model_fix_mean_lap.stan', line 68, column 1 to column 21)
	Exception: model_fix_mean_lap_model_namespace::log_prob: Sigma is not positive definite. (in 'model_fix_mean_lap.stan', line 68, column 1 to column 21)
	Exception: model_fix_mean_lap_model_namespace::log_prob: Sigma is not positive definite. (in 'model_fix_mean_lap.stan', line 68, column 1 to column 21)
	Exception: model_fix_mean_lap_model_namespace::log_prob: Sigma is not positive definite. (in 'model_fix_mean_lap.stan', line 68, column 1 to column 21)
	Exception: model_fix_mean_lap_model_namespace::log_prob: Sigma is not positive definite. (in 'model_fix_mean_lap.stan', line 68, column 1 to column 21)
	Exception: model_fix_mean_lap_model_namespace::log_prob: Sigma is not positive definite. (in 'model_fix_mean_lap.stan', line 68, column 1 to column 21)
	Exception: model_fix_mean_lap_model_namespace::log_prob: Sigma is not positive definite. (in 'model_fix_mean_lap.stan', line 68, column 1 to column 21)
	Exception: model_fix_mean_lap_model_namespace::log_prob: Sigma is not positive definite. (in 'model_fix_mean_lap.stan', line 68, column 1 to column 21)
	Exception: model_fix_mean_lap_model_namespace::log_prob: Sigma is not positive definite. (in 'model_fix_mean_lap.stan', line 68, column 1 to column 21)
	Exception: model_fix_mean_lap_model_namespace::log_prob: Sigma is not positive definite. (in 'model_fix_mean_lap.stan', line 68, column 1 to column 21)
	Exception: model_fix_mean_lap_model_namespace::log_prob: Sigma is not positive definite. (in 'model_fix_mean_lap.stan', line 68, column 1 to column 21)
	Exception: model_fix_mean_lap_model_namespace::log_prob: Sigma is not positive definite. (in 'model_fix_mean_lap.stan', line 68, column 1 to column 21)
	Exception: model_fix_mean_lap_model_namespace::log_prob: Sigma is not positive definite. (in 'model_fix_mean_lap.stan', line 68, column 1 to column 21)
	Exception: model_fix_mean_lap_model_namespace::log_prob: Sigma is not positive definite. (in 'model_fix_mean_lap.stan', line 68, column 1 to column 21)
	Exception: model_fix_mean_lap_model_namespace::log_prob: Sigma is not positive definite. (in 'model_fix_mean_lap.stan', line 68, column 1 to column 21)
	Exception: model_fix_mean_lap_model_namespace::log_prob: Sigma is not positive definite. (in 'model_fix_mean_lap.stan', line 68, column 1 to column 21)
	Exception: model_fix_mean_lap_model_namespace::log_prob: Sigma is not positive definite. (in 'model_fix_mean_lap.stan', line 68, column 1 to column 21)
	Exception: model_fix_mean_lap_model_namespace::log_prob: Sigma is not positive definite. (in 'model_fix_mean_lap.stan', line 68, column 1 to column 21)
	Exception: model_fix_mean_lap_model_namespace::log_prob: Sigma is not positive definite. (in 'model_fix_mean_lap.stan', line 68, column 1 to column 21)
	Exception: model_fix_mean_lap_model_namespace::log_prob: Sigma is not positive definite. (in 'model_fix_mean_lap.stan', line 68, column 1 to column 21)
	Exception: model_fix_mean_lap_model_namespace::log_prob: Sigma is not positive definite. (in 'model_fix_mean_lap.stan', line 68, column 1 to column 21)
	Exception: model_fix_mean_lap_model_namespace::log_prob: Sigma is not positive definite. (in 'model_fix_mean_lap.stan', line 68, column 1 to column 21)
	Exception: model_fix_mean_lap_model_namespace::log_prob: Sigma is not positive definite. (in 'model_fix_mean_lap.stan', line 68, column 1 to column 21)
	Exception: model_fix_mean_lap_model_namespace::log_prob: Sigma is not positive definite. (in 'model_fix_mean_lap.stan', line 68, column 1 to column 21)
	Exception: model_fix_mean_lap_model_namespace::log_prob: Sigma is not positive definite. (in 'model_fix_mean_lap.stan', line 68, column 1 to column 21)
	Exception: model_fix_mean_lap_model_namespace::log_prob: Sigma is not positive definite. (in 'model_fix_mean_lap.stan', line 68, column 1 to column 21)
	Exception: model_fix_mean_lap_model_namespace::log_prob: Sigma is not positive definite. (in 'model_fix_mean_lap.stan', line 68, column 1 to column 21)
	Exception: model_fix_mean_lap_model_namespace::log_prob: Sigma is not positive definite. (in 'model_fix_mean_lap.stan', line 68, column 1 to column 21)
	Exception: model_fix_mean_lap_model_namespace::log_prob: Sigma is not positive definite. (in 'model_fix_mean_lap.stan', line 68, column 1 to column 21)
	Exception: model_fix_mean_lap_model_namespace::log_prob: Sigma is not positive definite. (in 'model_fix_mean_lap.stan', line 68, column 1 to column 21)
	Exception: model_fix_mean_lap_model_namespace::log_prob: Sigma is not positive definite. (in 'model_fix_mean_lap.stan', line 68, column 1 to column 21)
	Exception: model_fix_mean_lap_model_namespace::log_prob: Sigma is not positive definite. (in 'model_fix_mean_lap.stan', line 68, column 1 to column 21)
	Exception: model_fix_mean_lap_model_namespace::log_prob: Sigma is not positive definite. (in 'model_fix_mean_lap.stan', line 68, column 1 to column 21)
	Exception: model_fix_mean_lap_model_namespace::log_prob: Sigma is not positive definite. (in 'model_fix_mean_lap.stan', line 68, column 1 to column 21)
	Exception: model_fix_mean_lap_model_namespace::log_prob: Sigma is not positive definite. (in 'model_fix_mean_lap.stan', line 68, column 1 to column 21)
	Exception: model_fix_mean_lap_model_namespace::log_prob: Sigma is not positive definite. (in 'model_fix_mean_lap.stan', line 68, column 1 to column 21)
	Exception: model_fix_mean_lap_model_namespace::log_prob: Sigma is not positive definite. (in 'model_fix_mean_lap.stan', line 68, column 1 to column 21)
	Exception: model_fix_mean_lap_model_namespace::log_prob: Sigma is not positive definite. (in 'model_fix_mean_lap.stan', line 68, column 1 to column 21)
	Exception: model_fix_mean_lap_model_namespace::log_prob: Sigma is not positive definite. (in 'model_fix_mean_lap.stan', line 68, column 1 to column 21)
	Exception: model_fix_mean_lap_model_namespace::log_prob: Sigma is not positive definite. (in 'model_fix_mean_lap.stan', line 68, column 1 to column 21)
	Exception: model_fix_mean_lap_model_namespace::log_prob: Sigma is not positive definite. (in 'model_fix_mean_lap.stan', line 68, column 1 to column 21)
	Exception: model_fix_mean_lap_model_namespace::log_prob: Sigma is not positive definite. (in 'model_fix_mean_lap.stan', line 68, column 1 to column 21)
	Exception: model_fix_mean_lap_model_namespace::log_prob: Sigma is not positive definite. (in 'model_fix_mean_lap.stan', line 68, column 1 to column 21)
	Exception: model_fix_mean_lap_model_namespace::log_prob: Sigma is not positive definite. (in 'model_fix_mean_lap.stan', line 68, column 1 to column 21)
	Exception: model_fix_mean_lap_model_namespace::log_prob: Sigma is not positive definite. (in 'model_fix_mean_lap.stan', line 68, column 1 to column 21)
	Exception: model_fix_mean_lap_model_namespace::log_prob: Sigma is not positive definite. (in 'model_fix_mean_lap.stan', line 68, column 1 to column 21)
	Exception: model_fix_mean_lap_model_namespace::log_prob: Sigma is not positive definite. (in 'model_fix_mean_lap.stan', line 68, column 1 to column 21)
	Exception: model_fix_mean_lap_model_namespace::log_prob: Sigma is not positive definite. (in 'model_fix_mean_lap.stan', line 68, column 1 to column 21)
	Exception: model_fix_mean_lap_model_namespace::log_prob: Sigma is not positive definite. (in 'model_fix_mean_lap.stan', line 68, column 1 to column 21)
	Exception: model_fix_mean_lap_model_namespace::log_prob: Sigma is not positive definite. (in 'model_fix_mean_lap.stan', line 68, column 1 to column 21)
	Exception: model_fix_mean_lap_model_namespace::log_prob: Sigma is not positive definite. (in 'model_fix_mean_lap.stan', line 68, column 1 to column 21)
	Exception: model_fix_mean_lap_model_namespace::log_prob: Sigma is not positive definite. (in 'model_fix_mean_lap.stan', line 68, column 1 to column 21)
	Exception: model_fix_mean_lap_model_namespace::log_prob: Sigma is not positive definite. (in 'model_fix_mean_lap.stan', line 68, column 1 to column 21)
	Exception: model_fix_mean_lap_model_namespace::log_prob: Sigma is not positive definite. (in 'model_fix_mean_lap.stan', line 68, column 1 to column 21)
	Exception: model_fix_mean_lap_model_namespace::log_prob: Sigma is not positive definite. (in 'model_fix_mean_lap.stan', line 68, column 1 to column 21)
	Exception: model_fix_mean_lap_model_namespace::log_prob: Sigma is not positive definite. (in 'model_fix_mean_lap.stan', line 68, column 1 to column 21)
	Exception: model_fix_mean_lap_model_namespace::log_prob: Sigma is not positive definite. (in 'model_fix_mean_lap.stan', line 68, column 1 to column 21)
	Exception: model_fix_mean_lap_model_namespace::log_prob: Sigma is not positive definite. (in 'model_fix_mean_lap.stan', line 68, column 1 to column 21)
	Exception: model_fix_mean_lap_model_namespace::log_prob: Sigma is not positive definite. (in 'model_fix_mean_lap.stan', line 68, column 1 to column 21)
	Exception: model_fix_mean_lap_model_namespace::log_prob: Sigma is not positive definite. (in 'model_fix_mean_lap.stan', line 68, column 1 to column 21)
	Exception: model_fix_mean_lap_model_namespace::log_prob: Sigma is not positive definite. (in 'model_fix_mean_lap.stan', line 68, column 1 to column 21)
	Exception: model_fix_mean_lap_model_namespace::log_prob: Sigma is not positive definite. (in 'model_fix_mean_lap.stan', line 68, column 1 to column 21)
	Exception: model_fix_mean_lap_model_namespace::log_prob: Sigma is not positive definite. (in 'model_fix_mean_lap.stan', line 68, column 1 to column 21)
	Exception: model_fix_mean_lap_model_namespace::log_prob: Sigma is not positive definite. (in 'model_fix_mean_lap.stan', line 68, column 1 to column 21)
	Exception: model_fix_mean_lap_model_namespace::log_prob: Sigma is not positive definite. (in 'model_fix_mean_lap.stan', line 68, column 1 to column 21)
	Exception: model_fix_mean_lap_model_namespace::log_prob: Sigma is not positive definite. (in 'model_fix_mean_lap.stan', line 68, column 1 to column 21)
	Exception: model_fix_mean_lap_model_namespace::log_prob: Sigma is not positive definite. (in 'model_fix_mean_lap.stan', line 68, column 1 to column 21)
	Exception: model_fix_mean_lap_model_namespace::log_prob: Sigma is not positive definite. (in 'model_fix_mean_lap.stan', line 68, column 1 to column 21)
	Exception: model_fix_mean_lap_model_namespace::log_prob: Sigma is not positive definite. (in 'model_fix_mean_lap.stan', line 68, column 1 to column 21)
	Exception: model_fix_mean_lap_model_namespace::log_prob: Sigma is not positive definite. (in 'model_fix_mean_lap.stan', line 68, column 1 to column 21)
	Exception: model_fix_mean_lap_model_namespace::log_prob: Sigma is not positive definite. (in 'model_fix_mean_lap.stan', line 68, column 1 to column 21)
	Exception: model_fix_mean_lap_model_namespace::log_prob: Sigma is not positive definite. (in 'model_fix_mean_lap.stan', line 68, column 1 to column 21)
	Exception: model_fix_mean_lap_model_namespace::log_prob: Sigma is not positive definite. (in 'model_fix_mean_lap.stan', line 68, column 1 to column 21)
	Exception: model_fix_mean_lap_model_namespace::log_prob: Sigma is not positive definite. (in 'model_fix_mean_lap.stan', line 68, column 1 to column 21)
	Exception: model_fix_mean_lap_model_namespace::log_prob: Sigma is not positive definite. (in 'model_fix_mean_lap.stan', line 68, column 1 to column 21)
	Exception: model_fix_mean_lap_model_namespace::log_prob: Sigma is not positive definite. (in 'model_fix_mean_lap.stan', line 68, column 1 to column 21)
	Exception: model_fix_mean_lap_model_namespace::log_prob: Sigma is not positive definite. (in 'model_fix_mean_lap.stan', line 68, column 1 to column 21)
	Exception: model_fix_mean_lap_model_namespace::log_prob: Sigma is not positive definite. (in 'model_fix_mean_lap.stan', line 68, column 1 to column 21)
	Exception: model_fix_mean_lap_model_namespace::log_prob: Sigma is not positive definite. (in 'model_fix_mean_lap.stan', line 68, column 1 to column 21)
	Exception: model_fix_mean_lap_model_namespace::log_prob: Sigma is not positive definite. (in 'model_fix_mean_lap.stan', line 68, column 1 to column 21)
	Exception: model_fix_mean_lap_model_namespace::log_prob: Sigma is not positive definite. (in 'model_fix_mean_lap.stan', line 68, column 1 to column 21)
	Exception: model_fix_mean_lap_model_namespace::log_prob: Sigma is not positive definite. (in 'model_fix_mean_lap.stan', line 68, column 1 to column 21)
	Exception: model_fix_mean_lap_model_namespace::log_prob: Sigma is not positive definite. (in 'model_fix_mean_lap.stan', line 68, column 1 to column 21)
	Exception: model_fix_mean_lap_model_namespace::log_prob: Sigma is not positive definite. (in 'model_fix_mean_lap.stan', line 68, column 1 to column 21)
	Exception: model_fix_mean_lap_model_namespace::log_prob: Sigma is not positive definite. (in 'model_fix_mean_lap.stan', line 68, column 1 to column 21)
	Exception: model_fix_mean_lap_model_namespace::log_prob: Sigma is not positive definite. (in 'model_fix_mean_lap.stan', line 68, column 1 to column 21)
	Exception: model_fix_mean_lap_model_namespace::log_prob: Sigma is not positive definite. (in 'model_fix_mean_lap.stan', line 68, column 1 to column 21)
	Exception: model_fix_mean_lap_model_namespace::log_prob: Sigma is not positive definite. (in 'model_fix_mean_lap.stan', line 68, column 1 to column 21)
	Exception: model_fix_mean_lap_model_namespace::log_prob: Sigma is not positive definite. (in 'model_fix_mean_lap.stan', line 68, column 1 to column 21)
	Exception: model_fix_mean_lap_model_namespace::log_prob: Sigma is not positive definite. (in 'model_fix_mean_lap.stan', line 68, column 1 to column 21)
	Exception: model_fix_mean_lap_model_namespace::log_prob: Sigma is not positive definite. (in 'model_fix_mean_lap.stan', line 68, column 1 to column 21)
	Exception: model_fix_mean_lap_model_namespace::log_prob: Sigma is not positive definite. (in 'model_fix_mean_lap.stan', line 68, column 1 to column 21)
	Exception: model_fix_mean_lap_model_namespace::log_prob: Sigma is not positive definite. (in 'model_fix_mean_lap.stan', line 68, column 1 to column 21)
	Exception: model_fix_mean_lap_model_namespace::log_prob: Sigma is not positive definite. (in 'model_fix_mean_lap.stan', line 68, column 1 to column 21)
	Exception: model_fix_mean_lap_model_namespace::log_prob: Sigma is not positive definite. (in 'model_fix_mean_lap.stan', line 68, column 1 to column 21)
	Exception: model_fix_mean_lap_model_namespace::log_prob: Sigma is not positive definite. (in 'model_fix_mean_lap.stan', line 68, column 1 to column 21)
	Exception: model_fix_mean_lap_model_namespace::log_prob: Sigma is not positive definite. (in 'model_fix_mean_lap.stan', line 68, column 1 to column 21)
	Exception: model_fix_mean_lap_model_namespace::log_prob: Sigma is not positive definite. (in 'model_fix_mean_lap.stan', line 68, column 1 to column 21)
	Exception: model_fix_mean_lap_model_namespace::log_prob: Sigma is not positive definite. (in 'model_fix_mean_lap.stan', line 68, column 1 to column 21)
	Exception: model_fix_mean_lap_model_namespace::log_prob: Sigma is not positive definite. (in 'model_fix_mean_lap.stan', line 68, column 1 to column 21)
	Exception: model_fix_mean_lap_model_namespace::log_prob: Sigma is not positive definite. (in 'model_fix_mean_lap.stan', line 68, column 1 to column 21)
	Exception: model_fix_mean_lap_model_namespace::log_prob: Sigma is not positive definite. (in 'model_fix_mean_lap.stan', line 68, column 1 to column 21)
	Exception: model_fix_mean_lap_model_namespace::log_prob: Sigma is not positive definite. (in 'model_fix_mean_lap.stan', line 68, column 1 to column 21)
	Exception: model_fix_mean_lap_model_namespace::log_prob: Sigma is not positive definite. (in 'model_fix_mean_lap.stan', line 68, column 1 to column 21)
	Exception: model_fix_mean_lap_model_namespace::log_prob: Sigma is not positive definite. (in 'model_fix_mean_lap.stan', line 68, column 1 to column 21)
	Exception: model_fix_mean_lap_model_namespace::log_prob: Sigma is not positive definite. (in 'model_fix_mean_lap.stan', line 68, column 1 to column 21)
	Exception: model_fix_mean_lap_model_namespace::log_prob: Sigma is not positive definite. (in 'model_fix_mean_lap.stan', line 68, column 1 to column 21)
	Exception: model_fix_mean_lap_model_namespace::log_prob: Sigma is not positive definite. (in 'model_fix_mean_lap.stan', line 68, column 1 to column 21)
	Exception: model_fix_mean_lap_model_namespace::log_prob: Sigma is not positive definite. (in 'model_fix_mean_lap.stan', line 68, column 1 to column 21)
	Exception: model_fix_mean_lap_model_namespace::log_prob: Sigma is not positive definite. (in 'model_fix_mean_lap.stan', line 68, column 1 to column 21)
	Exception: model_fix_mean_lap_model_namespace::log_prob: Sigma is not positive definite. (in 'model_fix_mean_lap.stan', line 68, column 1 to column 21)
	Exception: model_fix_mean_lap_model_namespace::log_prob: Sigma is not positive definite. (in 'model_fix_mean_lap.stan', line 68, column 1 to column 21)
	Exception: model_fix_mean_lap_model_namespace::log_prob: Sigma is not positive definite. (in 'model_fix_mean_lap.stan', line 68, column 1 to column 21)
	Exception: model_fix_mean_lap_model_namespace::log_prob: Sigma is not positive definite. (in 'model_fix_mean_lap.stan', line 68, column 1 to column 21)
	Exception: model_fix_mean_lap_model_namespace::log_prob: Sigma is not positive definite. (in 'model_fix_mean_lap.stan', line 68, column 1 to column 21)
	Exception: model_fix_mean_lap_model_namespace::log_prob: Sigma is not positive definite. (in 'model_fix_mean_lap.stan', line 68, column 1 to column 21)
	Exception: model_fix_mean_lap_model_namespace::log_prob: Sigma is not positive definite. (in 'model_fix_mean_lap.stan', line 68, column 1 to column 21)
	Exception: model_fix_mean_lap_model_namespace::log_prob: Sigma is not positive definite. (in 'model_fix_mean_lap.stan', line 68, column 1 to column 21)
	Exception: model_fix_mean_lap_model_namespace::log_prob: Sigma is not positive definite. (in 'model_fix_mean_lap.stan', line 68, column 1 to column 21)
	Exception: model_fix_mean_lap_model_namespace::log_prob: Sigma is not positive definite. (in 'model_fix_mean_lap.stan', line 68, column 1 to column 21)
	Exception: model_fix_mean_lap_model_namespace::log_prob: Sigma is not positive definite. (in 'model_fix_mean_lap.stan', line 68, column 1 to column 21)
	Exception: model_fix_mean_lap_model_namespace::log_prob: Sigma is not positive definite. (in 'model_fix_mean_lap.stan', line 68, column 1 to column 21)
	Exception: model_fix_mean_lap_model_namespace::log_prob: Sigma is not positive definite. (in 'model_fix_mean_lap.stan', line 68, column 1 to column 21)
	Exception: model_fix_mean_lap_model_namespace::log_prob: Sigma is not positive definite. (in 'model_fix_mean_lap.stan', line 68, column 1 to column 21)
	Exception: model_fix_mean_lap_model_namespace::log_prob: Sigma is not positive definite. (in 'model_fix_mean_lap.stan', line 68, column 1 to column 21)
	Exception: model_fix_mean_lap_model_namespace::log_prob: Sigma is not positive definite. (in 'model_fix_mean_lap.stan', line 68, column 1 to column 21)
	Exception: model_fix_mean_lap_model_namespace::log_prob: Sigma is not positive definite. (in 'model_fix_mean_lap.stan', line 68, column 1 to column 21)
	Exception: model_fix_mean_lap_model_namespace::log_prob: Sigma is not positive definite. (in 'model_fix_mean_lap.stan', line 68, column 1 to column 21)
	Exception: model_fix_mean_lap_model_namespace::log_prob: Sigma is not positive definite. (in 'model_fix_mean_lap.stan', line 68, column 1 to column 21)
	Exception: model_fix_mean_lap_model_namespace::log_prob: Sigma is not positive definite. (in 'model_fix_mean_lap.stan', line 68, column 1 to column 21)
	Exception: model_fix_mean_lap_model_namespace::log_prob: Sigma is not positive definite. (in 'model_fix_mean_lap.stan', line 68, column 1 to column 21)
	Exception: model_fix_mean_lap_model_namespace::log_prob: Sigma is not positive definite. (in 'model_fix_mean_lap.stan', line 68, column 1 to column 21)
	Exception: model_fix_mean_lap_model_namespace::log_prob: Sigma is not positive definite. (in 'model_fix_mean_lap.stan', line 68, column 1 to column 21)
	Exception: model_fix_mean_lap_model_namespace::log_prob: Sigma is not positive definite. (in 'model_fix_mean_lap.stan', line 68, column 1 to column 21)
	Exception: model_fix_mean_lap_model_namespace::log_prob: Sigma is not positive definite. (in 'model_fix_mean_lap.stan', line 68, column 1 to column 21)
	Exception: model_fix_mean_lap_model_namespace::log_prob: Sigma is not positive definite. (in 'model_fix_mean_lap.stan', line 68, column 1 to column 21)
	Exception: model_fix_mean_lap_model_namespace::log_prob: Sigma is not positive definite. (in 'model_fix_mean_lap.stan', line 68, column 1 to column 21)
	Exception: model_fix_mean_lap_model_namespace::log_prob: Sigma is not positive definite. (in 'model_fix_mean_lap.stan', line 68, column 1 to column 21)
	Exception: model_fix_mean_lap_model_namespace::log_prob: Sigma is not positive definite. (in 'model_fix_mean_lap.stan', line 68, column 1 to column 21)
	Exception: model_fix_mean_lap_model_namespace::log_prob: Sigma is not positive definite. (in 'model_fix_mean_lap.stan', line 68, column 1 to column 21)
	Exception: model_fix_mean_lap_model_namespace::log_prob: Sigma is not positive definite. (in 'model_fix_mean_lap.stan', line 68, column 1 to column 21)
	Exception: model_fix_mean_lap_model_namespace::log_prob: Sigma is not positive definite. (in 'model_fix_mean_lap.stan', line 68, column 1 to column 21)
	Exception: model_fix_mean_lap_model_namespace::log_prob: Sigma is not positive definite. (in 'model_fix_mean_lap.stan', line 68, column 1 to column 21)
	Exception: model_fix_mean_lap_model_namespace::log_prob: Sigma is not positive definite. (in 'model_fix_mean_lap.stan', line 68, column 1 to column 21)
	Exception: model_fix_mean_lap_model_namespace::log_prob: Sigma is not positive definite. (in 'model_fix_mean_lap.stan', line 68, column 1 to column 21)
	Exception: model_fix_mean_lap_model_namespace::log_prob: Sigma is not positive definite. (in 'model_fix_mean_lap.stan', line 68, column 1 to column 21)
	Exception: model_fix_mean_lap_model_namespace::log_prob: Sigma is not positive definite. (in 'model_fix_mean_lap.stan', line 68, column 1 to column 21)
	Exception: model_fix_mean_lap_model_namespace::log_prob: Sigma is not positive definite. (in 'model_fix_mean_lap.stan', line 68, column 1 to column 21)
	Exception: model_fix_mean_lap_model_namespace::log_prob: Sigma is not positive definite. (in 'model_fix_mean_lap.stan', line 68, column 1 to column 21)
	Exception: model_fix_mean_lap_model_namespace::log_prob: Sigma is not positive definite. (in 'model_fix_mean_lap.stan', line 68, column 1 to column 21)
	Exception: model_fix_mean_lap_model_namespace::log_prob: Sigma is not positive definite. (in 'model_fix_mean_lap.stan', line 68, column 1 to column 21)
	Exception: model_fix_mean_lap_model_namespace::log_prob: Sigma is not positive definite. (in 'model_fix_mean_lap.stan', line 68, column 1 to column 21)
	Exception: model_fix_mean_lap_model_namespace::log_prob: Sigma is not positive definite. (in 'model_fix_mean_lap.stan', line 68, column 1 to column 21)
	Exception: model_fix_mean_lap_model_namespace::log_prob: Sigma is not positive definite. (in 'model_fix_mean_lap.stan', line 68, column 1 to column 21)
	Exception: model_fix_mean_lap_model_namespace::log_prob: Sigma is not positive definite. (in 'model_fix_mean_lap.stan', line 68, column 1 to column 21)
	Exception: model_fix_mean_lap_model_namespace::log_prob: Sigma is not positive definite. (in 'model_fix_mean_lap.stan', line 68, column 1 to column 21)
Exception: model_fix_mean_lap_model_namespace::log_prob: Omega is not positive definite. (in 'model_fix_mean_lap.stan', line 67, column 1 to column 22)
	Exception: model_fix_mean_lap_model_namespace::log_prob: Omega is not positive definite. (in 'model_fix_mean_lap.stan', line 67, column 1 to column 22)
	Exception: model_fix_mean_lap_model_namespace::log_prob: Omega is not positive definite. (in 'model_fix_mean_lap.stan', line 67, column 1 to column 22)
	Exception: model_fix_mean_lap_model_namespace::log_prob: Omega is not positive definite. (in 'model_fix_mean_lap.stan', line 67, column 1 to column 22)
	Exception: model_fix_mean_lap_model_namespace::log_prob: Sigma is not positive definite. (in 'model_fix_mean_lap.stan', line 68, column 1 to column 21)
	Exception: model_fix_mean_lap_model_namespace::log_prob: Omega is not positive definite. (in 'model_fix_mean_lap.stan', line 67, column 1 to column 22)
	Exception: model_fix_mean_lap_model_namespace::log_prob: Omega is not positive definite. (in 'model_fix_mean_lap.stan', line 67, column 1 to column 22)
Exception: model_fix_mean_lap_model_namespace::log_prob: Sigma is not positive definite. (in 'model_fix_mean_lap.stan', line 68, column 1 to column 21)
	Exception: model_fix_mean_lap_model_namespace::log_prob: Sigma is not positive definite. (in 'model_fix_mean_lap.stan', line 68, column 1 to column 21)
	Exception: model_fix_mean_lap_model_namespace::log_prob: Sigma is not positive definite. (in 'model_fix_mean_lap.stan', line 68, column 1 to column 21)
	Exception: model_fix_mean_lap_model_namespace::log_prob: Sigma is not positive definite. (in 'model_fix_mean_lap.stan', line 68, column 1 to column 21)
	Exception: model_fix_mean_lap_model_namespace::log_prob: Omega is not positive definite. (in 'model_fix_mean_lap.stan', line 67, column 1 to column 22)
	Exception: model_fix_mean_lap_model_namespace::log_prob: Omega is not positive definite. (in 'model_fix_mean_lap.stan', line 67, column 1 to column 22)
	Exception: model_fix_mean_lap_model_namespace::log_prob: Omega is not positive definite. (in 'model_fix_mean_lap.stan', line 67, column 1 to column 22)
	Exception: model_fix_mean_lap_model_namespace::log_prob: Sigma is not positive definite. (in 'model_fix_mean_lap.stan', line 68, column 1 to column 21)
	Exception: model_fix_mean_lap_model_namespace::log_prob: Sigma is not positive definite. (in 'model_fix_mean_lap.stan', line 68, column 1 to column 21)
	Exception: model_fix_mean_lap_model_namespace::log_prob: Omega is not positive definite. (in 'model_fix_mean_lap.stan', line 67, column 1 to column 22)
	Exception: model_fix_mean_lap_model_namespace::log_prob: Omega is not positive definite. (in 'model_fix_mean_lap.stan', line 67, column 1 to column 22)
	Exception: multi_normal_lpdf: Location parameter[2] is inf, but must be finite! (in 'model_fix_mean_lap.stan', line 140, column 12 to column 74)
Exception: model_fix_mean_lap_model_namespace::log_prob: Sigma is not positive definite. (in 'model_fix_mean_lap.stan', line 68, column 1 to column 21)
	Exception: model_fix_mean_lap_model_namespace::log_prob: Omega is not positive definite. (in 'model_fix_mean_lap.stan', line 67, column 1 to column 22)
	Exception: model_fix_mean_lap_model_namespace::log_prob: Omega is not positive definite. (in 'model_fix_mean_lap.stan', line 67, column 1 to column 22)
	Exception: model_fix_mean_lap_model_namespace::log_prob: Omega is not positive definite. (in 'model_fix_mean_lap.stan', line 67, column 1 to column 22)
	Exception: model_fix_mean_lap_model_namespace::log_prob: Omega is not positive definite. (in 'model_fix_mean_lap.stan', line 67, column 1 to column 22)
	Exception: model_fix_mean_lap_model_namespace::log_prob: Sigma is not positive definite. (in 'model_fix_mean_lap.stan', line 68, column 1 to column 21)
	Exception: model_fix_mean_lap_model_namespace::log_prob: Omega is not positive definite. (in 'model_fix_mean_lap.stan', line 67, column 1 to column 22)
	Exception: model_fix_mean_lap_model_namespace::log_prob: Omega is not positive definite. (in 'model_fix_mean_lap.stan', line 67, column 1 to column 22)
Exception: model_fix_mean_lap_model_namespace::log_prob: Sigma is not positive definite. (in 'model_fix_mean_lap.stan', line 68, column 1 to column 21)
	Exception: model_fix_mean_lap_model_namespace::log_prob: Sigma is not positive definite. (in 'model_fix_mean_lap.stan', line 68, column 1 to column 21)
	Exception: model_fix_mean_lap_model_namespace::log_prob: Omega is not positive definite. (in 'model_fix_mean_lap.stan', line 67, column 1 to column 22)
	Exception: model_fix_mean_lap_model_namespace::log_prob: Omega is not positive definite. (in 'model_fix_mean_lap.stan', line 67, column 1 to column 22)
	Exception: model_fix_mean_lap_model_namespace::log_prob: Omega is not positive definite. (in 'model_fix_mean_lap.stan', line 67, column 1 to column 22)
	Exception: model_fix_mean_lap_model_namespace::log_prob: Sigma is not positive definite. (in 'model_fix_mean_lap.stan', line 68, column 1 to column 21)
	Exception: model_fix_mean_lap_model_namespace::log_prob: Sigma is not positive definite. (in 'model_fix_mean_lap.stan', line 68, column 1 to column 21)
	Exception: model_fix_mean_lap_model_namespace::log_prob: Omega is not positive definite. (in 'model_fix_mean_lap.stan', line 67, column 1 to column 22)
	Exception: model_fix_mean_lap_model_namespace::log_prob: Sigma is not positive definite. (in 'model_fix_mean_lap.stan', line 68, column 1 to column 21)
Exception: model_fix_mean_lap_model_namespace::log_prob: Omega is not positive definite. (in 'model_fix_mean_lap.stan', line 67, column 1 to column 22)
	Exception: model_fix_mean_lap_model_namespace::log_prob: Omega is not positive definite. (in 'model_fix_mean_lap.stan', line 67, column 1 to column 22)
	Exception: model_fix_mean_lap_model_namespace::log_prob: Omega is not positive definite. (in 'model_fix_mean_lap.stan', line 67, column 1 to column 22)
	Exception: model_fix_mean_lap_model_namespace::log_prob: Omega is not positive definite. (in 'model_fix_mean_lap.stan', line 67, column 1 to column 22)
	Exception: model_fix_mean_lap_model_namespace::log_prob: Sigma is not positive definite. (in 'model_fix_mean_lap.stan', line 68, column 1 to column 21)
	Exception: model_fix_mean_lap_model_namespace::log_prob: Sigma is not positive definite. (in 'model_fix_mean_lap.stan', line 68, column 1 to column 21)
	Exception: model_fix_mean_lap_model_namespace::log_prob: Omega is not positive definite. (in 'model_fix_mean_lap.stan', line 67, column 1 to column 22)
	Exception: model_fix_mean_lap_model_namespace::log_prob: Omega is not positive definite. (in 'model_fix_mean_lap.stan', line 67, column 1 to column 22)
	Exception: model_fix_mean_lap_model_namespace::log_prob: Sigma is not positive definite. (in 'model_fix_mean_lap.stan', line 68, column 1 to column 21)
Exception: model_fix_mean_lap_model_namespace::log_prob: Sigma is not positive definite. (in 'model_fix_mean_lap.stan', line 68, column 1 to column 21)
	Exception: model_fix_mean_lap_model_namespace::log_prob: Sigma is not positive definite. (in 'model_fix_mean_lap.stan', line 68, column 1 to column 21)
	Exception: model_fix_mean_lap_model_namespace::log_prob: Sigma is not positive definite. (in 'model_fix_mean_lap.stan', line 68, column 1 to column 21)
	Exception: model_fix_mean_lap_model_namespace::log_prob: Omega is not positive definite. (in 'model_fix_mean_lap.stan', line 67, column 1 to column 22)
	Exception: model_fix_mean_lap_model_namespace::log_prob: Omega is not positive definite. (in 'model_fix_mean_lap.stan', line 67, column 1 to column 22)
	Exception: model_fix_mean_lap_model_namespace::log_prob: Omega is not positive definite. (in 'model_fix_mean_lap.stan', line 67, column 1 to column 22)
	Exception: model_fix_mean_lap_model_namespace::log_prob: Sigma is not positive definite. (in 'model_fix_mean_lap.stan', line 68, column 1 to column 21)
	Exception: model_fix_mean_lap_model_namespace::log_prob: Sigma is not positive definite. (in 'model_fix_mean_lap.stan', line 68, column 1 to column 21)
	Exception: model_fix_mean_lap_model_namespace::log_prob: Omega is not positive definite. (in 'model_fix_mean_lap.stan', line 67, column 1 to column 22)
	Exception: model_fix_mean_lap_model_namespace::log_prob: Omega is not positive definite. (in 'model_fix_mean_lap.stan', line 67, column 1 to column 22)
	Exception: model_fix_mean_lap_model_namespace::log_prob: Sigma is not positive definite. (in 'model_fix_mean_lap.stan', line 68, column 1 to column 21)
Exception: model_fix_mean_lap_model_namespace::log_prob: Omega is not positive definite. (in 'model_fix_mean_lap.stan', line 67, column 1 to column 22)
	Exception: model_fix_mean_lap_model_namespace::log_prob: Omega is not positive definite. (in 'model_fix_mean_lap.stan', line 67, column 1 to column 22)
	Exception: model_fix_mean_lap_model_namespace::log_prob: Sigma is not positive definite. (in 'model_fix_mean_lap.stan', line 68, column 1 to column 21)
	Exception: model_fix_mean_lap_model_namespace::log_prob: Sigma is not positive definite. (in 'model_fix_mean_lap.stan', line 68, column 1 to column 21)
	Exception: model_fix_mean_lap_model_namespace::log_prob: Sigma is not positive definite. (in 'model_fix_mean_lap.stan', line 68, column 1 to column 21)
	Exception: model_fix_mean_lap_model_namespace::log_prob: Omega is not positive definite. (in 'model_fix_mean_lap.stan', line 67, column 1 to column 22)
	Exception: model_fix_mean_lap_model_namespace::log_prob: Omega is not positive definite. (in 'model_fix_mean_lap.stan', line 67, column 1 to column 22)
Exception: model_fix_mean_lap_model_namespace::log_prob: Sigma is not positive definite. (in 'model_fix_mean_lap.stan', line 68, column 1 to column 21)
	Exception: model_fix_mean_lap_model_namespace::log_prob: Sigma is not positive definite. (in 'model_fix_mean_lap.stan', line 68, column 1 to column 21)
	Exception: model_fix_mean_lap_model_namespace::log_prob: Sigma is not positive definite. (in 'model_fix_mean_lap.stan', line 68, column 1 to column 21)
	Exception: model_fix_mean_lap_model_namespace::log_prob: Sigma is not positive definite. (in 'model_fix_mean_lap.stan', line 68, column 1 to column 21)
	Exception: model_fix_mean_lap_model_namespace::log_prob: Omega is not positive definite. (in 'model_fix_mean_lap.stan', line 67, column 1 to column 22)
	Exception: model_fix_mean_lap_model_namespace::log_prob: Omega is not positive definite. (in 'model_fix_mean_lap.stan', line 67, column 1 to column 22)
	Exception: model_fix_mean_lap_model_namespace::log_prob: Omega is not positive definite. (in 'model_fix_mean_lap.stan', line 67, column 1 to column 22)
	Exception: model_fix_mean_lap_model_namespace::log_prob: Sigma is not positive definite. (in 'model_fix_mean_lap.stan', line 68, column 1 to column 21)
	Exception: ordered_logistic: Cut-points is not a valid ordered vector. The element at 2 is -9.43887, but should be greater than the previous element, -9.43887 (in 'model_fix_mean_lap.stan', line 157, column 35 to column 126)
	Exception: model_fix_mean_lap_model_namespace::log_prob: Omega is not positive definite. (in 'model_fix_mean_lap.stan', line 67, column 1 to column 22)
	Exception: model_fix_mean_lap_model_namespace::log_prob: Omega is not positive definite. (in 'model_fix_mean_lap.stan', line 67, column 1 to column 22)
	Exception: model_fix_mean_lap_model_namespace::log_prob: Sigma is not positive definite. (in 'model_fix_mean_lap.stan', line 68, column 1 to column 21)
	Exception: model_fix_mean_lap_model_namespace::log_prob: Sigma is not positive definite. (in 'model_fix_mean_lap.stan', line 68, column 1 to column 21)
Exception: model_fix_mean_lap_model_namespace::log_prob: Sigma is not positive definite. (in 'model_fix_mean_lap.stan', line 68, column 1 to column 21)
	Exception: model_fix_mean_lap_model_namespace::log_prob: Omega is not positive definite. (in 'model_fix_mean_lap.stan', line 67, column 1 to column 22)
	Exception: model_fix_mean_lap_model_namespace::log_prob: Omega is not positive definite. (in 'model_fix_mean_lap.stan', line 67, column 1 to column 22)
	Exception: model_fix_mean_lap_model_namespace::log_prob: Sigma is not positive definite. (in 'model_fix_mean_lap.stan', line 68, column 1 to column 21)
	Exception: model_fix_mean_lap_model_namespace::log_prob: Sigma is not positive definite. (in 'model_fix_mean_lap.stan', line 68, column 1 to column 21)
	Exception: model_fix_mean_lap_model_namespace::log_prob: Sigma is not positive definite. (in 'model_fix_mean_lap.stan', line 68, column 1 to column 21)
	Exception: model_fix_mean_lap_model_namespace::log_prob: Sigma is not positive definite. (in 'model_fix_mean_lap.stan', line 68, column 1 to column 21)
	Exception: model_fix_mean_lap_model_namespace::log_prob: Omega is not positive definite. (in 'model_fix_mean_lap.stan', line 67, column 1 to column 22)
	Exception: model_fix_mean_lap_model_namespace::log_prob: Sigma is not symmetric. Sigma[1,2] = -nan, but Sigma[2,1] = -nan (in 'model_fix_mean_lap.stan', line 68, column 1 to column 21)
Exception: model_fix_mean_lap_model_namespace::log_prob: Sigma is not positive definite. (in 'model_fix_mean_lap.stan', line 68, column 1 to column 21)
	Exception: model_fix_mean_lap_model_namespace::log_prob: Omega is not positive definite. (in 'model_fix_mean_lap.stan', line 67, column 1 to column 22)
	Exception: model_fix_mean_lap_model_namespace::log_prob: Omega is not positive definite. (in 'model_fix_mean_lap.stan', line 67, column 1 to column 22)
	Exception: model_fix_mean_lap_model_namespace::log_prob: Omega is not positive definite. (in 'model_fix_mean_lap.stan', line 67, column 1 to column 22)
	Exception: model_fix_mean_lap_model_namespace::log_prob: Omega is not positive definite. (in 'model_fix_mean_lap.stan', line 67, column 1 to column 22)
	Exception: model_fix_mean_lap_model_namespace::log_prob: Omega is not positive definite. (in 'model_fix_mean_lap.stan', line 67, column 1 to column 22)
	Exception: model_fix_mean_lap_model_namespace::log_prob: Sigma is not positive definite. (in 'model_fix_mean_lap.stan', line 68, column 1 to column 21)
	Exception: model_fix_mean_lap_model_namespace::log_prob: Sigma is not positive definite. (in 'model_fix_mean_lap.stan', line 68, column 1 to column 21)
	Exception: model_fix_mean_lap_model_namespace::log_prob: Sigma is not positive definite. (in 'model_fix_mean_lap.stan', line 68, column 1 to column 21)
	Exception: model_fix_mean_lap_model_namespace::log_prob: Omega is not positive definite. (in 'model_fix_mean_lap.stan', line 67, column 1 to column 22)
	Exception: model_fix_mean_lap_model_namespace::log_prob: Omega is not positive definite. (in 'model_fix_mean_lap.stan', line 67, column 1 to column 22)
	Exception: model_fix_mean_lap_model_namespace::log_prob: Sigma is not positive definite. (in 'model_fix_mean_lap.stan', line 68, column 1 to column 21)
	Exception: model_fix_mean_lap_model_namespace::log_prob: Sigma is not positive definite. (in 'model_fix_mean_lap.stan', line 68, column 1 to column 21)
	Exception: multi_normal_lpdf: Location parameter[1] is inf, but must be finite! (in 'model_fix_mean_lap.stan', line 140, column 12 to column 74)
	Exception: multi_normal_lpdf: Location parameter[1] is -inf, but must be finite! (in 'model_fix_mean_lap.stan', line 140, column 12 to column 74)
	Exception: model_fix_mean_lap_model_namespace::log_prob: Sigma is not positive definite. (in 'model_fix_mean_lap.stan', line 68, column 1 to column 21)
Exception: model_fix_mean_lap_model_namespace::log_prob: Omega is not positive definite. (in 'model_fix_mean_lap.stan', line 67, column 1 to column 22)
	Exception: model_fix_mean_lap_model_namespace::log_prob: Omega is not positive definite. (in 'model_fix_mean_lap.stan', line 67, column 1 to column 22)
	Exception: model_fix_mean_lap_model_namespace::log_prob: Omega is not positive definite. (in 'model_fix_mean_lap.stan', line 67, column 1 to column 22)
	Exception: model_fix_mean_lap_model_namespace::log_prob: Omega is not positive definite. (in 'model_fix_mean_lap.stan', line 67, column 1 to column 22)
	Exception: model_fix_mean_lap_model_namespace::log_prob: Sigma is not positive definite. (in 'model_fix_mean_lap.stan', line 68, column 1 to column 21)
	Exception: model_fix_mean_lap_model_namespace::log_prob: Sigma is not positive definite. (in 'model_fix_mean_lap.stan', line 68, column 1 to column 21)
	Exception: model_fix_mean_lap_model_namespace::log_prob: Omega is not positive definite. (in 'model_fix_mean_lap.stan', line 67, column 1 to column 22)
	Exception: model_fix_mean_lap_model_namespace::log_prob: Omega is not positive definite. (in 'model_fix_mean_lap.stan', line 67, column 1 to column 22)
	Exception: model_fix_mean_lap_model_namespace::log_prob: Sigma is not positive definite. (in 'model_fix_mean_lap.stan', line 68, column 1 to column 21)
Exception: model_fix_mean_lap_model_namespace::log_prob: Omega is not positive definite. (in 'model_fix_mean_lap.stan', line 67, column 1 to column 22)
	Exception: model_fix_mean_lap_model_namespace::log_prob: Omega is not positive definite. (in 'model_fix_mean_lap.stan', line 67, column 1 to column 22)
	Exception: model_fix_mean_lap_model_namespace::log_prob: Omega is not positive definite. (in 'model_fix_mean_lap.stan', line 67, column 1 to column 22)
	Exception: model_fix_mean_lap_model_namespace::log_prob: Omega is not positive definite. (in 'model_fix_mean_lap.stan', line 67, column 1 to column 22)
	Exception: model_fix_mean_lap_model_namespace::log_prob: Omega is not positive definite. (in 'model_fix_mean_lap.stan', line 67, column 1 to column 22)
	Exception: model_fix_mean_lap_model_namespace::log_prob: Omega is not positive definite. (in 'model_fix_mean_lap.stan', line 67, column 1 to column 22)
	Exception: model_fix_mean_lap_model_namespace::log_prob: Sigma is not positive definite. (in 'model_fix_mean_lap.stan', line 68, column 1 to column 21)
	Exception: model_fix_mean_lap_model_namespace::log_prob: Sigma is not positive definite. (in 'model_fix_mean_lap.stan', line 68, column 1 to column 21)
	Exception: model_fix_mean_lap_model_namespace::log_prob: Sigma is not positive definite. (in 'model_fix_mean_lap.stan', line 68, column 1 to column 21)
	Exception: model_fix_mean_lap_model_namespace::log_prob: Sigma is not positive definite. (in 'model_fix_mean_lap.stan', line 68, column 1 to column 21)
	Exception: model_fix_mean_lap_model_namespace::log_prob: Omega is not positive definite. (in 'model_fix_mean_lap.stan', line 67, column 1 to column 22)
	Exception: model_fix_mean_lap_model_namespace::log_prob: Omega is not positive definite. (in 'model_fix_mean_lap.stan', line 67, column 1 to column 22)
	Exception: model_fix_mean_lap_model_namespace::log_prob: Sigma is not positive definite. (in 'model_fix_mean_lap.stan', line 68, column 1 to column 21)
	Exception: model_fix_mean_lap_model_namespace::log_prob: Sigma is not positive definite. (in 'model_fix_mean_lap.stan', line 68, column 1 to column 21)
	Exception: model_fix_mean_lap_model_namespace::log_prob: Sigma is not positive definite. (in 'model_fix_mean_lap.stan', line 68, column 1 to column 21)
	Exception: model_fix_mean_lap_model_namespace::log_prob: Sigma is not positive definite. (in 'model_fix_mean_lap.stan', line 68, column 1 to column 21)
	Exception: model_fix_mean_lap_model_namespace::log_prob: Sigma is not positive definite. (in 'model_fix_mean_lap.stan', line 68, column 1 to column 21)
	Exception: model_fix_mean_lap_model_namespace::log_prob: Sigma is not positive definite. (in 'model_fix_mean_lap.stan', line 68, column 1 to column 21)
	Exception: model_fix_mean_lap_model_namespace::log_prob: Sigma is not positive definite. (in 'model_fix_mean_lap.stan', line 68, column 1 to column 21)
	Exception: model_fix_mean_lap_model_namespace::log_prob: Sigma is not positive definite. (in 'model_fix_mean_lap.stan', line 68, column 1 to column 21)
	Exception: model_fix_mean_lap_model_namespace::log_prob: Sigma is not positive definite. (in 'model_fix_mean_lap.stan', line 68, column 1 to column 21)
	Exception: model_fix_mean_lap_model_namespace::log_prob: Sigma is not positive definite. (in 'model_fix_mean_lap.stan', line 68, column 1 to column 21)
	Exception: model_fix_mean_lap_model_namespace::log_prob: Sigma is not positive definite. (in 'model_fix_mean_lap.stan', line 68, column 1 to column 21)
	Exception: model_fix_mean_lap_model_namespace::log_prob: Sigma is not positive definite. (in 'model_fix_mean_lap.stan', line 68, column 1 to column 21)
	Exception: model_fix_mean_lap_model_namespace::log_prob: Sigma is not positive definite. (in 'model_fix_mean_lap.stan', line 68, column 1 to column 21)
	Exception: model_fix_mean_lap_model_namespace::log_prob: Sigma is not positive definite. (in 'model_fix_mean_lap.stan', line 68, column 1 to column 21)
	Exception: model_fix_mean_lap_model_namespace::log_prob: Sigma is not positive definite. (in 'model_fix_mean_lap.stan', line 68, column 1 to column 21)
	Exception: model_fix_mean_lap_model_namespace::log_prob: Sigma is not positive definite. (in 'model_fix_mean_lap.stan', line 68, column 1 to column 21)
	Exception: model_fix_mean_lap_model_namespace::log_prob: Sigma is not positive definite. (in 'model_fix_mean_lap.stan', line 68, column 1 to column 21)
	Exception: model_fix_mean_lap_model_namespace::log_prob: Sigma is not positive definite. (in 'model_fix_mean_lap.stan', line 68, column 1 to column 21)
	Exception: model_fix_mean_lap_model_namespace::log_prob: Sigma is not positive definite. (in 'model_fix_mean_lap.stan', line 68, column 1 to column 21)
	Exception: model_fix_mean_lap_model_namespace::log_prob: Sigma is not positive definite. (in 'model_fix_mean_lap.stan', line 68, column 1 to column 21)
	Exception: model_fix_mean_lap_model_namespace::log_prob: Sigma is not positive definite. (in 'model_fix_mean_lap.stan', line 68, column 1 to column 21)
	Exception: model_fix_mean_lap_model_namespace::log_prob: Sigma is not positive definite. (in 'model_fix_mean_lap.stan', line 68, column 1 to column 21)
	Exception: model_fix_mean_lap_model_namespace::log_prob: Sigma is not positive definite. (in 'model_fix_mean_lap.stan', line 68, column 1 to column 21)
	Exception: model_fix_mean_lap_model_namespace::log_prob: Sigma is not positive definite. (in 'model_fix_mean_lap.stan', line 68, column 1 to column 21)
	Exception: model_fix_mean_lap_model_namespace::log_prob: Sigma is not positive definite. (in 'model_fix_mean_lap.stan', line 68, column 1 to column 21)
	Exception: model_fix_mean_lap_model_namespace::log_prob: Sigma is not positive definite. (in 'model_fix_mean_lap.stan', line 68, column 1 to column 21)
	Exception: model_fix_mean_lap_model_namespace::log_prob: Sigma is not positive definite. (in 'model_fix_mean_lap.stan', line 68, column 1 to column 21)
	Exception: model_fix_mean_lap_model_namespace::log_prob: Sigma is not positive definite. (in 'model_fix_mean_lap.stan', line 68, column 1 to column 21)
	Exception: model_fix_mean_lap_model_namespace::log_prob: Sigma is not positive definite. (in 'model_fix_mean_lap.stan', line 68, column 1 to column 21)
	Exception: model_fix_mean_lap_model_namespace::log_prob: Sigma is not positive definite. (in 'model_fix_mean_lap.stan', line 68, column 1 to column 21)
	Exception: model_fix_mean_lap_model_namespace::log_prob: Sigma is not positive definite. (in 'model_fix_mean_lap.stan', line 68, column 1 to column 21)
	Exception: model_fix_mean_lap_model_namespace::log_prob: Sigma is not positive definite. (in 'model_fix_mean_lap.stan', line 68, column 1 to column 21)
	Exception: model_fix_mean_lap_model_namespace::log_prob: Sigma is not positive definite. (in 'model_fix_mean_lap.stan', line 68, column 1 to column 21)
	Exception: model_fix_mean_lap_model_namespace::log_prob: Sigma is not positive definite. (in 'model_fix_mean_lap.stan', line 68, column 1 to column 21)
	Exception: model_fix_mean_lap_model_namespace::log_prob: Sigma is not positive definite. (in 'model_fix_mean_lap.stan', line 68, column 1 to column 21)
	Exception: model_fix_mean_lap_model_namespace::log_prob: Sigma is not positive definite. (in 'model_fix_mean_lap.stan', line 68, column 1 to column 21)
	Exception: model_fix_mean_lap_model_namespace::log_prob: Sigma is not positive definite. (in 'model_fix_mean_lap.stan', line 68, column 1 to column 21)
	Exception: model_fix_mean_lap_model_namespace::log_prob: Sigma is not positive definite. (in 'model_fix_mean_lap.stan', line 68, column 1 to column 21)
	Exception: model_fix_mean_lap_model_namespace::log_prob: Sigma is not positive definite. (in 'model_fix_mean_lap.stan', line 68, column 1 to column 21)
	Exception: model_fix_mean_lap_model_namespace::log_prob: Sigma is not positive definite. (in 'model_fix_mean_lap.stan', line 68, column 1 to column 21)
	Exception: model_fix_mean_lap_model_namespace::log_prob: Sigma is not positive definite. (in 'model_fix_mean_lap.stan', line 68, column 1 to column 21)
	Exception: model_fix_mean_lap_model_namespace::log_prob: Sigma is not positive definite. (in 'model_fix_mean_lap.stan', line 68, column 1 to column 21)
	Exception: model_fix_mean_lap_model_namespace::log_prob: Sigma is not positive definite. (in 'model_fix_mean_lap.stan', line 68, column 1 to column 21)
	Exception: model_fix_mean_lap_model_namespace::log_prob: Sigma is not positive definite. (in 'model_fix_mean_lap.stan', line 68, column 1 to column 21)
	Exception: model_fix_mean_lap_model_namespace::log_prob: Sigma is not positive definite. (in 'model_fix_mean_lap.stan', line 68, column 1 to column 21)
	Exception: model_fix_mean_lap_model_namespace::log_prob: Sigma is not positive definite. (in 'model_fix_mean_lap.stan', line 68, column 1 to column 21)
	Exception: model_fix_mean_lap_model_namespace::log_prob: Sigma is not positive definite. (in 'model_fix_mean_lap.stan', line 68, column 1 to column 21)
	Exception: model_fix_mean_lap_model_namespace::log_prob: Sigma is not positive definite. (in 'model_fix_mean_lap.stan', line 68, column 1 to column 21)
	Exception: model_fix_mean_lap_model_namespace::log_prob: Sigma is not positive definite. (in 'model_fix_mean_lap.stan', line 68, column 1 to column 21)
	Exception: model_fix_mean_lap_model_namespace::log_prob: Sigma is not positive definite. (in 'model_fix_mean_lap.stan', line 68, column 1 to column 21)
	Exception: model_fix_mean_lap_model_namespace::log_prob: Sigma is not positive definite. (in 'model_fix_mean_lap.stan', line 68, column 1 to column 21)
	Exception: model_fix_mean_lap_model_namespace::log_prob: Sigma is not positive definite. (in 'model_fix_mean_lap.stan', line 68, column 1 to column 21)
	Exception: model_fix_mean_lap_model_namespace::log_prob: Sigma is not positive definite. (in 'model_fix_mean_lap.stan', line 68, column 1 to column 21)
	Exception: model_fix_mean_lap_model_namespace::log_prob: Sigma is not positive definite. (in 'model_fix_mean_lap.stan', line 68, column 1 to column 21)
Exception: model_fix_mean_lap_model_namespace::log_prob: Omega is not positive definite. (in 'model_fix_mean_lap.stan', line 67, column 1 to column 22)
	Exception: model_fix_mean_lap_model_namespace::log_prob: Omega is not positive definite. (in 'model_fix_mean_lap.stan', line 67, column 1 to column 22)
	Exception: model_fix_mean_lap_model_namespace::log_prob: Omega is not positive definite. (in 'model_fix_mean_lap.stan', line 67, column 1 to column 22)
	Exception: model_fix_mean_lap_model_namespace::log_prob: Omega is not positive definite. (in 'model_fix_mean_lap.stan', line 67, column 1 to column 22)
	Exception: model_fix_mean_lap_model_namespace::log_prob: Omega is not positive definite. (in 'model_fix_mean_lap.stan', line 67, column 1 to column 22)
	Exception: model_fix_mean_lap_model_namespace::log_prob: Sigma is not positive definite. (in 'model_fix_mean_lap.stan', line 68, column 1 to column 21)
	Exception: model_fix_mean_lap_model_namespace::log_prob: Omega is not positive definite. (in 'model_fix_mean_lap.stan', line 67, column 1 to column 22)
	Exception: model_fix_mean_lap_model_namespace::log_prob: Omega is not positive definite. (in 'model_fix_mean_lap.stan', line 67, column 1 to column 22)
Exception: model_fix_mean_lap_model_namespace::log_prob: Omega is not positive definite. (in 'model_fix_mean_lap.stan', line 67, column 1 to column 22)
	Exception: model_fix_mean_lap_model_namespace::log_prob: Omega is not positive definite. (in 'model_fix_mean_lap.stan', line 67, column 1 to column 22)
	Exception: model_fix_mean_lap_model_namespace::log_prob: Omega is not positive definite. (in 'model_fix_mean_lap.stan', line 67, column 1 to column 22)
	Exception: model_fix_mean_lap_model_namespace::log_prob: Omega is not positive definite. (in 'model_fix_mean_lap.stan', line 67, column 1 to column 22)
	Exception: model_fix_mean_lap_model_namespace::log_prob: Omega is not positive definite. (in 'model_fix_mean_lap.stan', line 67, column 1 to column 22)
	Exception: model_fix_mean_lap_model_namespace::log_prob: Omega is not positive definite. (in 'model_fix_mean_lap.stan', line 67, column 1 to column 22)
	Exception: model_fix_mean_lap_model_namespace::log_prob: Sigma is not positive definite. (in 'model_fix_mean_lap.stan', line 68, column 1 to column 21)
	Exception: model_fix_mean_lap_model_namespace::log_prob: Sigma is not positive definite. (in 'model_fix_mean_lap.stan', line 68, column 1 to column 21)
	Exception: model_fix_mean_lap_model_namespace::log_prob: Sigma is not positive definite. (in 'model_fix_mean_lap.stan', line 68, column 1 to column 21)
	Exception: model_fix_mean_lap_model_namespace::log_prob: Omega is not positive definite. (in 'model_fix_mean_lap.stan', line 67, column 1 to column 22)
	Exception: model_fix_mean_lap_model_namespace::log_prob: Omega is not positive definite. (in 'model_fix_mean_lap.stan', line 67, column 1 to column 22)
	Exception: model_fix_mean_lap_model_namespace::log_prob: Sigma is not positive definite. (in 'model_fix_mean_lap.stan', line 68, column 1 to column 21)
	Exception: model_fix_mean_lap_model_namespace::log_prob: Sigma is not positive definite. (in 'model_fix_mean_lap.stan', line 68, column 1 to column 21)
	Exception: model_fix_mean_lap_model_namespace::log_prob: Sigma is not positive definite. (in 'model_fix_mean_lap.stan', line 68, column 1 to column 21)
	Exception: model_fix_mean_lap_model_namespace::log_prob: Sigma is not positive definite. (in 'model_fix_mean_lap.stan', line 68, column 1 to column 21)
	Exception: model_fix_mean_lap_model_namespace::log_prob: Sigma is not positive definite. (in 'model_fix_mean_lap.stan', line 68, column 1 to column 21)
	Exception: model_fix_mean_lap_model_namespace::log_prob: Sigma is not positive definite. (in 'model_fix_mean_lap.stan', line 68, column 1 to column 21)
	Exception: model_fix_mean_lap_model_namespace::log_prob: Sigma is not positive definite. (in 'model_fix_mean_lap.stan', line 68, column 1 to column 21)
	Exception: model_fix_mean_lap_model_namespace::log_prob: Sigma is not positive definite. (in 'model_fix_mean_lap.stan', line 68, column 1 to column 21)
	Exception: model_fix_mean_lap_model_namespace::log_prob: Sigma is not positive definite. (in 'model_fix_mean_lap.stan', line 68, column 1 to column 21)
	Exception: model_fix_mean_lap_model_namespace::log_prob: Sigma is not positive definite. (in 'model_fix_mean_lap.stan', line 68, column 1 to column 21)
	Exception: model_fix_mean_lap_model_namespace::log_prob: Sigma is not positive definite. (in 'model_fix_mean_lap.stan', line 68, column 1 to column 21)
	Exception: model_fix_mean_lap_model_namespace::log_prob: Sigma is not positive definite. (in 'model_fix_mean_lap.stan', line 68, column 1 to column 21)
	Exception: model_fix_mean_lap_model_namespace::log_prob: Sigma is not positive definite. (in 'model_fix_mean_lap.stan', line 68, column 1 to column 21)
	Exception: model_fix_mean_lap_model_namespace::log_prob: Sigma is not positive definite. (in 'model_fix_mean_lap.stan', line 68, column 1 to column 21)
	Exception: model_fix_mean_lap_model_namespace::log_prob: Sigma is not positive definite. (in 'model_fix_mean_lap.stan', line 68, column 1 to column 21)
	Exception: model_fix_mean_lap_model_namespace::log_prob: Sigma is not positive definite. (in 'model_fix_mean_lap.stan', line 68, column 1 to column 21)
	Exception: model_fix_mean_lap_model_namespace::log_prob: Sigma is not positive definite. (in 'model_fix_mean_lap.stan', line 68, column 1 to column 21)
	Exception: model_fix_mean_lap_model_namespace::log_prob: Sigma is not positive definite. (in 'model_fix_mean_lap.stan', line 68, column 1 to column 21)
	Exception: model_fix_mean_lap_model_namespace::log_prob: Sigma is not positive definite. (in 'model_fix_mean_lap.stan', line 68, column 1 to column 21)
	Exception: model_fix_mean_lap_model_namespace::log_prob: Sigma is not positive definite. (in 'model_fix_mean_lap.stan', line 68, column 1 to column 21)
	Exception: model_fix_mean_lap_model_namespace::log_prob: Sigma is not positive definite. (in 'model_fix_mean_lap.stan', line 68, column 1 to column 21)
	Exception: model_fix_mean_lap_model_namespace::log_prob: Sigma is not positive definite. (in 'model_fix_mean_lap.stan', line 68, column 1 to column 21)
	Exception: model_fix_mean_lap_model_namespace::log_prob: Sigma is not positive definite. (in 'model_fix_mean_lap.stan', line 68, column 1 to column 21)
	Exception: model_fix_mean_lap_model_namespace::log_prob: Sigma is not positive definite. (in 'model_fix_mean_lap.stan', line 68, column 1 to column 21)
	Exception: model_fix_mean_lap_model_namespace::log_prob: Sigma is not positive definite. (in 'model_fix_mean_lap.stan', line 68, column 1 to column 21)
	Exception: model_fix_mean_lap_model_namespace::log_prob: Sigma is not positive definite. (in 'model_fix_mean_lap.stan', line 68, column 1 to column 21)
	Exception: model_fix_mean_lap_model_namespace::log_prob: Sigma is not positive definite. (in 'model_fix_mean_lap.stan', line 68, column 1 to column 21)
	Exception: model_fix_mean_lap_model_namespace::log_prob: Sigma is not positive definite. (in 'model_fix_mean_lap.stan', line 68, column 1 to column 21)
	Exception: model_fix_mean_lap_model_namespace::log_prob: Sigma is not positive definite. (in 'model_fix_mean_lap.stan', line 68, column 1 to column 21)
	Exception: model_fix_mean_lap_model_namespace::log_prob: Sigma is not positive definite. (in 'model_fix_mean_lap.stan', line 68, column 1 to column 21)
	Exception: model_fix_mean_lap_model_namespace::log_prob: Sigma is not positive definite. (in 'model_fix_mean_lap.stan', line 68, column 1 to column 21)
	Exception: model_fix_mean_lap_model_namespace::log_prob: Sigma is not positive definite. (in 'model_fix_mean_lap.stan', line 68, column 1 to column 21)
	Exception: model_fix_mean_lap_model_namespace::log_prob: Sigma is not positive definite. (in 'model_fix_mean_lap.stan', line 68, column 1 to column 21)
	Exception: model_fix_mean_lap_model_namespace::log_prob: Sigma is not positive definite. (in 'model_fix_mean_lap.stan', line 68, column 1 to column 21)
	Exception: model_fix_mean_lap_model_namespace::log_prob: Sigma is not positive definite. (in 'model_fix_mean_lap.stan', line 68, column 1 to column 21)
	Exception: model_fix_mean_lap_model_namespace::log_prob: Sigma is not positive definite. (in 'model_fix_mean_lap.stan', line 68, column 1 to column 21)
	Exception: model_fix_mean_lap_model_namespace::log_prob: Sigma is not positive definite. (in 'model_fix_mean_lap.stan', line 68, column 1 to column 21)
	Exception: model_fix_mean_lap_model_namespace::log_prob: Sigma is not positive definite. (in 'model_fix_mean_lap.stan', line 68, column 1 to column 21)
	Exception: model_fix_mean_lap_model_namespace::log_prob: Sigma is not positive definite. (in 'model_fix_mean_lap.stan', line 68, column 1 to column 21)
	Exception: model_fix_mean_lap_model_namespace::log_prob: Sigma is not positive definite. (in 'model_fix_mean_lap.stan', line 68, column 1 to column 21)
	Exception: model_fix_mean_lap_model_namespace::log_prob: Sigma is not positive definite. (in 'model_fix_mean_lap.stan', line 68, column 1 to column 21)
	Exception: model_fix_mean_lap_model_namespace::log_prob: Sigma is not positive definite. (in 'model_fix_mean_lap.stan', line 68, column 1 to column 21)
	Exception: model_fix_mean_lap_model_namespace::log_prob: Sigma is not positive definite. (in 'model_fix_mean_lap.stan', line 68, column 1 to column 21)
	Exception: model_fix_mean_lap_model_namespace::log_prob: Sigma is not positive definite. (in 'model_fix_mean_lap.stan', line 68, column 1 to column 21)
	Exception: model_fix_mean_lap_model_namespace::log_prob: Sigma is not positive definite. (in 'model_fix_mean_lap.stan', line 68, column 1 to column 21)
	Exception: model_fix_mean_lap_model_namespace::log_prob: Sigma is not positive definite. (in 'model_fix_mean_lap.stan', line 68, column 1 to column 21)
	Exception: model_fix_mean_lap_model_namespace::log_prob: Sigma is not positive definite. (in 'model_fix_mean_lap.stan', line 68, column 1 to column 21)
	Exception: model_fix_mean_lap_model_namespace::log_prob: Sigma is not positive definite. (in 'model_fix_mean_lap.stan', line 68, column 1 to column 21)
	Exception: model_fix_mean_lap_model_namespace::log_prob: Sigma is not positive definite. (in 'model_fix_mean_lap.stan', line 68, column 1 to column 21)
	Exception: model_fix_mean_lap_model_namespace::log_prob: Sigma is not positive definite. (in 'model_fix_mean_lap.stan', line 68, column 1 to column 21)
	Exception: model_fix_mean_lap_model_namespace::log_prob: Sigma is not positive definite. (in 'model_fix_mean_lap.stan', line 68, column 1 to column 21)
	Exception: model_fix_mean_lap_model_namespace::log_prob: Sigma is not positive definite. (in 'model_fix_mean_lap.stan', line 68, column 1 to column 21)
	Exception: model_fix_mean_lap_model_namespace::log_prob: Sigma is not positive definite. (in 'model_fix_mean_lap.stan', line 68, column 1 to column 21)
	Exception: model_fix_mean_lap_model_namespace::log_prob: Sigma is not positive definite. (in 'model_fix_mean_lap.stan', line 68, column 1 to column 21)
	Exception: model_fix_mean_lap_model_namespace::log_prob: Sigma is not positive definite. (in 'model_fix_mean_lap.stan', line 68, column 1 to column 21)
	Exception: model_fix_mean_lap_model_namespace::log_prob: Sigma is not positive definite. (in 'model_fix_mean_lap.stan', line 68, column 1 to column 21)
	Exception: model_fix_mean_lap_model_namespace::log_prob: Sigma is not positive definite. (in 'model_fix_mean_lap.stan', line 68, column 1 to column 21)
	Exception: model_fix_mean_lap_model_namespace::log_prob: Sigma is not positive definite. (in 'model_fix_mean_lap.stan', line 68, column 1 to column 21)
	Exception: model_fix_mean_lap_model_namespace::log_prob: Sigma is not positive definite. (in 'model_fix_mean_lap.stan', line 68, column 1 to column 21)
	Exception: model_fix_mean_lap_model_namespace::log_prob: Sigma is not positive definite. (in 'model_fix_mean_lap.stan', line 68, column 1 to column 21)
	Exception: model_fix_mean_lap_model_namespace::log_prob: Sigma is not positive definite. (in 'model_fix_mean_lap.stan', line 68, column 1 to column 21)
	Exception: model_fix_mean_lap_model_namespace::log_prob: Sigma is not positive definite. (in 'model_fix_mean_lap.stan', line 68, column 1 to column 21)
	Exception: model_fix_mean_lap_model_namespace::log_prob: Sigma is not positive definite. (in 'model_fix_mean_lap.stan', line 68, column 1 to column 21)
	Exception: model_fix_mean_lap_model_namespace::log_prob: Sigma is not positive definite. (in 'model_fix_mean_lap.stan', line 68, column 1 to column 21)
	Exception: model_fix_mean_lap_model_namespace::log_prob: Sigma is not positive definite. (in 'model_fix_mean_lap.stan', line 68, column 1 to column 21)
	Exception: model_fix_mean_lap_model_namespace::log_prob: Sigma is not positive definite. (in 'model_fix_mean_lap.stan', line 68, column 1 to column 21)
	Exception: model_fix_mean_lap_model_namespace::log_prob: Sigma is not positive definite. (in 'model_fix_mean_lap.stan', line 68, column 1 to column 21)
	Exception: model_fix_mean_lap_model_namespace::log_prob: Sigma is not positive definite. (in 'model_fix_mean_lap.stan', line 68, column 1 to column 21)
	Exception: model_fix_mean_lap_model_namespace::log_prob: Sigma is not positive definite. (in 'model_fix_mean_lap.stan', line 68, column 1 to column 21)
	Exception: model_fix_mean_lap_model_namespace::log_prob: Sigma is not positive definite. (in 'model_fix_mean_lap.stan', line 68, column 1 to column 21)
	Exception: model_fix_mean_lap_model_namespace::log_prob: Sigma is not positive definite. (in 'model_fix_mean_lap.stan', line 68, column 1 to column 21)
	Exception: model_fix_mean_lap_model_namespace::log_prob: Sigma is not positive definite. (in 'model_fix_mean_lap.stan', line 68, column 1 to column 21)
	Exception: model_fix_mean_lap_model_namespace::log_prob: Sigma is not positive definite. (in 'model_fix_mean_lap.stan', line 68, column 1 to column 21)
	Exception: model_fix_mean_lap_model_namespace::log_prob: Sigma is not positive definite. (in 'model_fix_mean_lap.stan', line 68, column 1 to column 21)
	Exception: model_fix_mean_lap_model_namespace::log_prob: Sigma is not positive definite. (in 'model_fix_mean_lap.stan', line 68, column 1 to column 21)
	Exception: model_fix_mean_lap_model_namespace::log_prob: Sigma is not positive definite. (in 'model_fix_mean_lap.stan', line 68, column 1 to column 21)
	Exception: model_fix_mean_lap_model_namespace::log_prob: Sigma is not positive definite. (in 'model_fix_mean_lap.stan', line 68, column 1 to column 21)
	Exception: model_fix_mean_lap_model_namespace::log_prob: Sigma is not positive definite. (in 'model_fix_mean_lap.stan', line 68, column 1 to column 21)
	Exception: model_fix_mean_lap_model_namespace::log_prob: Sigma is not positive definite. (in 'model_fix_mean_lap.stan', line 68, column 1 to column 21)
	Exception: model_fix_mean_lap_model_namespace::log_prob: Sigma is not positive definite. (in 'model_fix_mean_lap.stan', line 68, column 1 to column 21)
	Exception: model_fix_mean_lap_model_namespace::log_prob: Sigma is not positive definite. (in 'model_fix_mean_lap.stan', line 68, column 1 to column 21)
	Exception: model_fix_mean_lap_model_namespace::log_prob: Sigma is not positive definite. (in 'model_fix_mean_lap.stan', line 68, column 1 to column 21)
	Exception: model_fix_mean_lap_model_namespace::log_prob: Sigma is not positive definite. (in 'model_fix_mean_lap.stan', line 68, column 1 to column 21)
	Exception: model_fix_mean_lap_model_namespace::log_prob: Sigma is not positive definite. (in 'model_fix_mean_lap.stan', line 68, column 1 to column 21)
	Exception: model_fix_mean_lap_model_namespace::log_prob: Sigma is not positive definite. (in 'model_fix_mean_lap.stan', line 68, column 1 to column 21)
	Exception: model_fix_mean_lap_model_namespace::log_prob: Sigma is not positive definite. (in 'model_fix_mean_lap.stan', line 68, column 1 to column 21)
	Exception: model_fix_mean_lap_model_namespace::log_prob: Sigma is not positive definite. (in 'model_fix_mean_lap.stan', line 68, column 1 to column 21)
	Exception: model_fix_mean_lap_model_namespace::log_prob: Sigma is not positive definite. (in 'model_fix_mean_lap.stan', line 68, column 1 to column 21)
	Exception: model_fix_mean_lap_model_namespace::log_prob: Sigma is not positive definite. (in 'model_fix_mean_lap.stan', line 68, column 1 to column 21)
	Exception: model_fix_mean_lap_model_namespace::log_prob: Sigma is not positive definite. (in 'model_fix_mean_lap.stan', line 68, column 1 to column 21)
	Exception: model_fix_mean_lap_model_namespace::log_prob: Sigma is not positive definite. (in 'model_fix_mean_lap.stan', line 68, column 1 to column 21)
	Exception: model_fix_mean_lap_model_namespace::log_prob: Sigma is not positive definite. (in 'model_fix_mean_lap.stan', line 68, column 1 to column 21)
	Exception: model_fix_mean_lap_model_namespace::log_prob: Sigma is not positive definite. (in 'model_fix_mean_lap.stan', line 68, column 1 to column 21)
	Exception: model_fix_mean_lap_model_namespace::log_prob: Sigma is not positive definite. (in 'model_fix_mean_lap.stan', line 68, column 1 to column 21)
	Exception: model_fix_mean_lap_model_namespace::log_prob: Sigma is not positive definite. (in 'model_fix_mean_lap.stan', line 68, column 1 to column 21)
	Exception: model_fix_mean_lap_model_namespace::log_prob: Sigma is not positive definite. (in 'model_fix_mean_lap.stan', line 68, column 1 to column 21)
	Exception: model_fix_mean_lap_model_namespace::log_prob: Sigma is not positive definite. (in 'model_fix_mean_lap.stan', line 68, column 1 to column 21)
	Exception: model_fix_mean_lap_model_namespace::log_prob: Sigma is not positive definite. (in 'model_fix_mean_lap.stan', line 68, column 1 to column 21)
	Exception: model_fix_mean_lap_model_namespace::log_prob: Sigma is not positive definite. (in 'model_fix_mean_lap.stan', line 68, column 1 to column 21)
	Exception: model_fix_mean_lap_model_namespace::log_prob: Sigma is not positive definite. (in 'model_fix_mean_lap.stan', line 68, column 1 to column 21)
	Exception: model_fix_mean_lap_model_namespace::log_prob: Sigma is not positive definite. (in 'model_fix_mean_lap.stan', line 68, column 1 to column 21)
	Exception: model_fix_mean_lap_model_namespace::log_prob: Sigma is not positive definite. (in 'model_fix_mean_lap.stan', line 68, column 1 to column 21)
	Exception: model_fix_mean_lap_model_namespace::log_prob: Sigma is not positive definite. (in 'model_fix_mean_lap.stan', line 68, column 1 to column 21)
	Exception: model_fix_mean_lap_model_namespace::log_prob: Sigma is not positive definite. (in 'model_fix_mean_lap.stan', line 68, column 1 to column 21)
	Exception: model_fix_mean_lap_model_namespace::log_prob: Sigma is not positive definite. (in 'model_fix_mean_lap.stan', line 68, column 1 to column 21)
	Exception: model_fix_mean_lap_model_namespace::log_prob: Sigma is not positive definite. (in 'model_fix_mean_lap.stan', line 68, column 1 to column 21)
	Exception: model_fix_mean_lap_model_namespace::log_prob: Sigma is not positive definite. (in 'model_fix_mean_lap.stan', line 68, column 1 to column 21)
	Exception: model_fix_mean_lap_model_namespace::log_prob: Sigma is not positive definite. (in 'model_fix_mean_lap.stan', line 68, column 1 to column 21)
	Exception: model_fix_mean_lap_model_namespace::log_prob: Sigma is not positive definite. (in 'model_fix_mean_lap.stan', line 68, column 1 to column 21)
	Exception: model_fix_mean_lap_model_namespace::log_prob: Sigma is not positive definite. (in 'model_fix_mean_lap.stan', line 68, column 1 to column 21)
	Exception: model_fix_mean_lap_model_namespace::log_prob: Sigma is not positive definite. (in 'model_fix_mean_lap.stan', line 68, column 1 to column 21)
	Exception: model_fix_mean_lap_model_namespace::log_prob: Sigma is not positive definite. (in 'model_fix_mean_lap.stan', line 68, column 1 to column 21)
	Exception: model_fix_mean_lap_model_namespace::log_prob: Sigma is not positive definite. (in 'model_fix_mean_lap.stan', line 68, column 1 to column 21)
	Exception: model_fix_mean_lap_model_namespace::log_prob: Sigma is not positive definite. (in 'model_fix_mean_lap.stan', line 68, column 1 to column 21)
	Exception: model_fix_mean_lap_model_namespace::log_prob: Sigma is not positive definite. (in 'model_fix_mean_lap.stan', line 68, column 1 to column 21)
	Exception: model_fix_mean_lap_model_namespace::log_prob: Sigma is not positive definite. (in 'model_fix_mean_lap.stan', line 68, column 1 to column 21)
	Exception: model_fix_mean_lap_model_namespace::log_prob: Sigma is not positive definite. (in 'model_fix_mean_lap.stan', line 68, column 1 to column 21)
	Exception: model_fix_mean_lap_model_namespace::log_prob: Sigma is not positive definite. (in 'model_fix_mean_lap.stan', line 68, column 1 to column 21)
	Exception: model_fix_mean_lap_model_namespace::log_prob: Sigma is not positive definite. (in 'model_fix_mean_lap.stan', line 68, column 1 to column 21)
	Exception: model_fix_mean_lap_model_namespace::log_prob: Sigma is not positive definite. (in 'model_fix_mean_lap.stan', line 68, column 1 to column 21)
	Exception: model_fix_mean_lap_model_namespace::log_prob: Sigma is not positive definite. (in 'model_fix_mean_lap.stan', line 68, column 1 to column 21)
	Exception: model_fix_mean_lap_model_namespace::log_prob: Sigma is not positive definite. (in 'model_fix_mean_lap.stan', line 68, column 1 to column 21)
	Exception: model_fix_mean_lap_model_namespace::log_prob: Sigma is not positive definite. (in 'model_fix_mean_lap.stan', line 68, column 1 to column 21)
	Exception: model_fix_mean_lap_model_namespace::log_prob: Sigma is not positive definite. (in 'model_fix_mean_lap.stan', line 68, column 1 to column 21)
	Exception: model_fix_mean_lap_model_namespace::log_prob: Sigma is not positive definite. (in 'model_fix_mean_lap.stan', line 68, column 1 to column 21)
	Exception: model_fix_mean_lap_model_namespace::log_prob: Sigma is not positive definite. (in 'model_fix_mean_lap.stan', line 68, column 1 to column 21)
	Exception: model_fix_mean_lap_model_namespace::log_prob: Sigma is not positive definite. (in 'model_fix_mean_lap.stan', line 68, column 1 to column 21)
	Exception: model_fix_mean_lap_model_namespace::log_prob: Sigma is not positive definite. (in 'model_fix_mean_lap.stan', line 68, column 1 to column 21)
	Exception: model_fix_mean_lap_model_namespace::log_prob: Sigma is not positive definite. (in 'model_fix_mean_lap.stan', line 68, column 1 to column 21)
	Exception: model_fix_mean_lap_model_namespace::log_prob: Sigma is not positive definite. (in 'model_fix_mean_lap.stan', line 68, column 1 to column 21)
	Exception: model_fix_mean_lap_model_namespace::log_prob: Sigma is not positive definite. (in 'model_fix_mean_lap.stan', line 68, column 1 to column 21)
	Exception: model_fix_mean_lap_model_namespace::log_prob: Sigma is not positive definite. (in 'model_fix_mean_lap.stan', line 68, column 1 to column 21)
	Exception: model_fix_mean_lap_model_namespace::log_prob: Sigma is not positive definite. (in 'model_fix_mean_lap.stan', line 68, column 1 to column 21)
	Exception: model_fix_mean_lap_model_namespace::log_prob: Sigma is not positive definite. (in 'model_fix_mean_lap.stan', line 68, column 1 to column 21)
	Exception: model_fix_mean_lap_model_namespace::log_prob: Sigma is not positive definite. (in 'model_fix_mean_lap.stan', line 68, column 1 to column 21)
	Exception: model_fix_mean_lap_model_namespace::log_prob: Sigma is not positive definite. (in 'model_fix_mean_lap.stan', line 68, column 1 to column 21)
	Exception: model_fix_mean_lap_model_namespace::log_prob: Sigma is not positive definite. (in 'model_fix_mean_lap.stan', line 68, column 1 to column 21)
	Exception: model_fix_mean_lap_model_namespace::log_prob: Sigma is not positive definite. (in 'model_fix_mean_lap.stan', line 68, column 1 to column 21)
	Exception: model_fix_mean_lap_model_namespace::log_prob: Sigma is not positive definite. (in 'model_fix_mean_lap.stan', line 68, column 1 to column 21)
	Exception: model_fix_mean_lap_model_namespace::log_prob: Sigma is not positive definite. (in 'model_fix_mean_lap.stan', line 68, column 1 to column 21)
	Exception: model_fix_mean_lap_model_namespace::log_prob: Sigma is not positive definite. (in 'model_fix_mean_lap.stan', line 68, column 1 to column 21)
	Exception: model_fix_mean_lap_model_namespace::log_prob: Sigma is not positive definite. (in 'model_fix_mean_lap.stan', line 68, column 1 to column 21)
	Exception: model_fix_mean_lap_model_namespace::log_prob: Sigma is not positive definite. (in 'model_fix_mean_lap.stan', line 68, column 1 to column 21)
	Exception: model_fix_mean_lap_model_namespace::log_prob: Sigma is not positive definite. (in 'model_fix_mean_lap.stan', line 68, column 1 to column 21)
	Exception: model_fix_mean_lap_model_namespace::log_prob: Sigma is not positive definite. (in 'model_fix_mean_lap.stan', line 68, column 1 to column 21)
	Exception: model_fix_mean_lap_model_namespace::log_prob: Sigma is not positive definite. (in 'model_fix_mean_lap.stan', line 68, column 1 to column 21)
	Exception: model_fix_mean_lap_model_namespace::log_prob: Sigma is not positive definite. (in 'model_fix_mean_lap.stan', line 68, column 1 to column 21)
	Exception: model_fix_mean_lap_model_namespace::log_prob: Sigma is not positive definite. (in 'model_fix_mean_lap.stan', line 68, column 1 to column 21)
	Exception: model_fix_mean_lap_model_namespace::log_prob: Sigma is not positive definite. (in 'model_fix_mean_lap.stan', line 68, column 1 to column 21)
	Exception: model_fix_mean_lap_model_namespace::log_prob: Sigma is not positive definite. (in 'model_fix_mean_lap.stan', line 68, column 1 to column 21)
	Exception: model_fix_mean_lap_model_namespace::log_prob: Sigma is not positive definite. (in 'model_fix_mean_lap.stan', line 68, column 1 to column 21)
	Exception: model_fix_mean_lap_model_namespace::log_prob: Sigma is not positive definite. (in 'model_fix_mean_lap.stan', line 68, column 1 to column 21)
	Exception: model_fix_mean_lap_model_namespace::log_prob: Sigma is not positive definite. (in 'model_fix_mean_lap.stan', line 68, column 1 to column 21)
	Exception: model_fix_mean_lap_model_namespace::log_prob: Sigma is not positive definite. (in 'model_fix_mean_lap.stan', line 68, column 1 to column 21)
	Exception: model_fix_mean_lap_model_namespace::log_prob: Sigma is not positive definite. (in 'model_fix_mean_lap.stan', line 68, column 1 to column 21)
	Exception: model_fix_mean_lap_model_namespace::log_prob: Sigma is not positive definite. (in 'model_fix_mean_lap.stan', line 68, column 1 to column 21)
	Exception: model_fix_mean_lap_model_namespace::log_prob: Sigma is not positive definite. (in 'model_fix_mean_lap.stan', line 68, column 1 to column 21)
	Exception: model_fix_mean_lap_model_namespace::log_prob: Sigma is not positive definite. (in 'model_fix_mean_lap.stan', line 68, column 1 to column 21)
	Exception: model_fix_mean_lap_model_namespace::log_prob: Sigma is not positive definite. (in 'model_fix_mean_lap.stan', line 68, column 1 to column 21)
	Exception: model_fix_mean_lap_model_namespace::log_prob: Sigma is not positive definite. (in 'model_fix_mean_lap.stan', line 68, column 1 to column 21)
	Exception: model_fix_mean_lap_model_namespace::log_prob: Sigma is not positive definite. (in 'model_fix_mean_lap.stan', line 68, column 1 to column 21)
	Exception: model_fix_mean_lap_model_namespace::log_prob: Sigma is not positive definite. (in 'model_fix_mean_lap.stan', line 68, column 1 to column 21)
	Exception: model_fix_mean_lap_model_namespace::log_prob: Sigma is not positive definite. (in 'model_fix_mean_lap.stan', line 68, column 1 to column 21)
	Exception: model_fix_mean_lap_model_namespace::log_prob: Sigma is not positive definite. (in 'model_fix_mean_lap.stan', line 68, column 1 to column 21)
	Exception: model_fix_mean_lap_model_namespace::log_prob: Sigma is not positive definite. (in 'model_fix_mean_lap.stan', line 68, column 1 to column 21)
	Exception: model_fix_mean_lap_model_namespace::log_prob: Sigma is not positive definite. (in 'model_fix_mean_lap.stan', line 68, column 1 to column 21)
	Exception: model_fix_mean_lap_model_namespace::log_prob: Sigma is not positive definite. (in 'model_fix_mean_lap.stan', line 68, column 1 to column 21)
	Exception: model_fix_mean_lap_model_namespace::log_prob: Sigma is not positive definite. (in 'model_fix_mean_lap.stan', line 68, column 1 to column 21)
	Exception: model_fix_mean_lap_model_namespace::log_prob: Sigma is not positive definite. (in 'model_fix_mean_lap.stan', line 68, column 1 to column 21)
	Exception: model_fix_mean_lap_model_namespace::log_prob: Sigma is not positive definite. (in 'model_fix_mean_lap.stan', line 68, column 1 to column 21)
	Exception: model_fix_mean_lap_model_namespace::log_prob: Sigma is not positive definite. (in 'model_fix_mean_lap.stan', line 68, column 1 to column 21)
	Exception: model_fix_mean_lap_model_namespace::log_prob: Sigma is not positive definite. (in 'model_fix_mean_lap.stan', line 68, column 1 to column 21)
	Exception: model_fix_mean_lap_model_namespace::log_prob: Sigma is not positive definite. (in 'model_fix_mean_lap.stan', line 68, column 1 to column 21)
	Exception: model_fix_mean_lap_model_namespace::log_prob: Sigma is not positive definite. (in 'model_fix_mean_lap.stan', line 68, column 1 to column 21)
	Exception: model_fix_mean_lap_model_namespace::log_prob: Sigma is not positive definite. (in 'model_fix_mean_lap.stan', line 68, column 1 to column 21)
	Exception: model_fix_mean_lap_model_namespace::log_prob: Sigma is not positive definite. (in 'model_fix_mean_lap.stan', line 68, column 1 to column 21)
	Exception: model_fix_mean_lap_model_namespace::log_prob: Sigma is not positive definite. (in 'model_fix_mean_lap.stan', line 68, column 1 to column 21)
	Exception: model_fix_mean_lap_model_namespace::log_prob: Sigma is not positive definite. (in 'model_fix_mean_lap.stan', line 68, column 1 to column 21)
	Exception: model_fix_mean_lap_model_namespace::log_prob: Sigma is not positive definite. (in 'model_fix_mean_lap.stan', line 68, column 1 to column 21)
	Exception: model_fix_mean_lap_model_namespace::log_prob: Sigma is not positive definite. (in 'model_fix_mean_lap.stan', line 68, column 1 to column 21)
	Exception: model_fix_mean_lap_model_namespace::log_prob: Sigma is not positive definite. (in 'model_fix_mean_lap.stan', line 68, column 1 to column 21)
	Exception: model_fix_mean_lap_model_namespace::log_prob: Sigma is not positive definite. (in 'model_fix_mean_lap.stan', line 68, column 1 to column 21)
	Exception: model_fix_mean_lap_model_namespace::log_prob: Sigma is not positive definite. (in 'model_fix_mean_lap.stan', line 68, column 1 to column 21)
	Exception: model_fix_mean_lap_model_namespace::log_prob: Sigma is not positive definite. (in 'model_fix_mean_lap.stan', line 68, column 1 to column 21)
	Exception: model_fix_mean_lap_model_namespace::log_prob: Sigma is not positive definite. (in 'model_fix_mean_lap.stan', line 68, column 1 to column 21)
	Exception: model_fix_mean_lap_model_namespace::log_prob: Sigma is not positive definite. (in 'model_fix_mean_lap.stan', line 68, column 1 to column 21)
	Exception: model_fix_mean_lap_model_namespace::log_prob: Sigma is not positive definite. (in 'model_fix_mean_lap.stan', line 68, column 1 to column 21)
	Exception: model_fix_mean_lap_model_namespace::log_prob: Sigma is not positive definite. (in 'model_fix_mean_lap.stan', line 68, column 1 to column 21)
	Exception: model_fix_mean_lap_model_namespace::log_prob: Sigma is not positive definite. (in 'model_fix_mean_lap.stan', line 68, column 1 to column 21)
	Exception: model_fix_mean_lap_model_namespace::log_prob: Sigma is not positive definite. (in 'model_fix_mean_lap.stan', line 68, column 1 to column 21)
	Exception: model_fix_mean_lap_model_namespace::log_prob: Sigma is not positive definite. (in 'model_fix_mean_lap.stan', line 68, column 1 to column 21)
	Exception: model_fix_mean_lap_model_namespace::log_prob: Sigma is not positive definite. (in 'model_fix_mean_lap.stan', line 68, column 1 to column 21)
	Exception: model_fix_mean_lap_model_namespace::log_prob: Sigma is not positive definite. (in 'model_fix_mean_lap.stan', line 68, column 1 to column 21)
	Exception: model_fix_mean_lap_model_namespace::log_prob: Sigma is not positive definite. (in 'model_fix_mean_lap.stan', line 68, column 1 to column 21)
	Exception: model_fix_mean_lap_model_namespace::log_prob: Sigma is not positive definite. (in 'model_fix_mean_lap.stan', line 68, column 1 to column 21)
	Exception: model_fix_mean_lap_model_namespace::log_prob: Sigma is not positive definite. (in 'model_fix_mean_lap.stan', line 68, column 1 to column 21)
	Exception: model_fix_mean_lap_model_namespace::log_prob: Sigma is not positive definite. (in 'model_fix_mean_lap.stan', line 68, column 1 to column 21)
	Exception: model_fix_mean_lap_model_namespace::log_prob: Sigma is not positive definite. (in 'model_fix_mean_lap.stan', line 68, column 1 to column 21)
	Exception: model_fix_mean_lap_model_namespace::log_prob: Sigma is not positive definite. (in 'model_fix_mean_lap.stan', line 68, column 1 to column 21)
	Exception: model_fix_mean_lap_model_namespace::log_prob: Sigma is not positive definite. (in 'model_fix_mean_lap.stan', line 68, column 1 to column 21)
	Exception: model_fix_mean_lap_model_namespace::log_prob: Sigma is not positive definite. (in 'model_fix_mean_lap.stan', line 68, column 1 to column 21)
	Exception: model_fix_mean_lap_model_namespace::log_prob: Sigma is not positive definite. (in 'model_fix_mean_lap.stan', line 68, column 1 to column 21)
	Exception: model_fix_mean_lap_model_namespace::log_prob: Sigma is not positive definite. (in 'model_fix_mean_lap.stan', line 68, column 1 to column 21)
	Exception: model_fix_mean_lap_model_namespace::log_prob: Sigma is not positive definite. (in 'model_fix_mean_lap.stan', line 68, column 1 to column 21)
	Exception: model_fix_mean_lap_model_namespace::log_prob: Sigma is not positive definite. (in 'model_fix_mean_lap.stan', line 68, column 1 to column 21)
	Exception: model_fix_mean_lap_model_namespace::log_prob: Sigma is not positive definite. (in 'model_fix_mean_lap.stan', line 68, column 1 to column 21)
	Exception: model_fix_mean_lap_model_namespace::log_prob: Sigma is not positive definite. (in 'model_fix_mean_lap.stan', line 68, column 1 to column 21)
	Exception: model_fix_mean_lap_model_namespace::log_prob: Sigma is not positive definite. (in 'model_fix_mean_lap.stan', line 68, column 1 to column 21)
	Exception: model_fix_mean_lap_model_namespace::log_prob: Sigma is not positive definite. (in 'model_fix_mean_lap.stan', line 68, column 1 to column 21)
	Exception: model_fix_mean_lap_model_namespace::log_prob: Sigma is not positive definite. (in 'model_fix_mean_lap.stan', line 68, column 1 to column 21)
	Exception: model_fix_mean_lap_model_namespace::log_prob: Sigma is not positive definite. (in 'model_fix_mean_lap.stan', line 68, column 1 to column 21)
	Exception: model_fix_mean_lap_model_namespace::log_prob: Sigma is not positive definite. (in 'model_fix_mean_lap.stan', line 68, column 1 to column 21)
	Exception: model_fix_mean_lap_model_namespace::log_prob: Sigma is not positive definite. (in 'model_fix_mean_lap.stan', line 68, column 1 to column 21)
	Exception: model_fix_mean_lap_model_namespace::log_prob: Sigma is not positive definite. (in 'model_fix_mean_lap.stan', line 68, column 1 to column 21)
	Exception: model_fix_mean_lap_model_namespace::log_prob: Sigma is not positive definite. (in 'model_fix_mean_lap.stan', line 68, column 1 to column 21)
	Exception: model_fix_mean_lap_model_namespace::log_prob: Sigma is not positive definite. (in 'model_fix_mean_lap.stan', line 68, column 1 to column 21)
	Exception: model_fix_mean_lap_model_namespace::log_prob: Sigma is not positive definite. (in 'model_fix_mean_lap.stan', line 68, column 1 to column 21)
	Exception: model_fix_mean_lap_model_namespace::log_prob: Sigma is not positive definite. (in 'model_fix_mean_lap.stan', line 68, column 1 to column 21)
	Exception: model_fix_mean_lap_model_namespace::log_prob: Sigma is not positive definite. (in 'model_fix_mean_lap.stan', line 68, column 1 to column 21)
	Exception: model_fix_mean_lap_model_namespace::log_prob: Sigma is not positive definite. (in 'model_fix_mean_lap.stan', line 68, column 1 to column 21)
	Exception: model_fix_mean_lap_model_namespace::log_prob: Sigma is not positive definite. (in 'model_fix_mean_lap.stan', line 68, column 1 to column 21)
	Exception: model_fix_mean_lap_model_namespace::log_prob: Sigma is not positive definite. (in 'model_fix_mean_lap.stan', line 68, column 1 to column 21)
	Exception: model_fix_mean_lap_model_namespace::log_prob: Sigma is not positive definite. (in 'model_fix_mean_lap.stan', line 68, column 1 to column 21)
	Exception: model_fix_mean_lap_model_namespace::log_prob: Sigma is not positive definite. (in 'model_fix_mean_lap.stan', line 68, column 1 to column 21)
	Exception: model_fix_mean_lap_model_namespace::log_prob: Sigma is not positive definite. (in 'model_fix_mean_lap.stan', line 68, column 1 to column 21)
	Exception: model_fix_mean_lap_model_namespace::log_prob: Sigma is not positive definite. (in 'model_fix_mean_lap.stan', line 68, column 1 to column 21)
	Exception: model_fix_mean_lap_model_namespace::log_prob: Sigma is not positive definite. (in 'model_fix_mean_lap.stan', line 68, column 1 to column 21)
	Exception: model_fix_mean_lap_model_namespace::log_prob: Sigma is not positive definite. (in 'model_fix_mean_lap.stan', line 68, column 1 to column 21)
	Exception: model_fix_mean_lap_model_namespace::log_prob: Sigma is not positive definite. (in 'model_fix_mean_lap.stan', line 68, column 1 to column 21)
	Exception: model_fix_mean_lap_model_namespace::log_prob: Sigma is not positive definite. (in 'model_fix_mean_lap.stan', line 68, column 1 to column 21)
	Exception: model_fix_mean_lap_model_namespace::log_prob: Sigma is not positive definite. (in 'model_fix_mean_lap.stan', line 68, column 1 to column 21)
	Exception: model_fix_mean_lap_model_namespace::log_prob: Sigma is not positive definite. (in 'model_fix_mean_lap.stan', line 68, column 1 to column 21)
	Exception: model_fix_mean_lap_model_namespace::log_prob: Sigma is not positive definite. (in 'model_fix_mean_lap.stan', line 68, column 1 to column 21)
	Exception: model_fix_mean_lap_model_namespace::log_prob: Sigma is not positive definite. (in 'model_fix_mean_lap.stan', line 68, column 1 to column 21)
	Exception: model_fix_mean_lap_model_namespace::log_prob: Sigma is not positive definite. (in 'model_fix_mean_lap.stan', line 68, column 1 to column 21)
	Exception: model_fix_mean_lap_model_namespace::log_prob: Sigma is not positive definite. (in 'model_fix_mean_lap.stan', line 68, column 1 to column 21)
	Exception: model_fix_mean_lap_model_namespace::log_prob: Sigma is not positive definite. (in 'model_fix_mean_lap.stan', line 68, column 1 to column 21)
	Exception: model_fix_mean_lap_model_namespace::log_prob: Sigma is not positive definite. (in 'model_fix_mean_lap.stan', line 68, column 1 to column 21)
	Exception: model_fix_mean_lap_model_namespace::log_prob: Sigma is not positive definite. (in 'model_fix_mean_lap.stan', line 68, column 1 to column 21)
	Exception: model_fix_mean_lap_model_namespace::log_prob: Sigma is not positive definite. (in 'model_fix_mean_lap.stan', line 68, column 1 to column 21)
	Exception: model_fix_mean_lap_model_namespace::log_prob: Sigma is not positive definite. (in 'model_fix_mean_lap.stan', line 68, column 1 to column 21)
	Exception: model_fix_mean_lap_model_namespace::log_prob: Sigma is not positive definite. (in 'model_fix_mean_lap.stan', line 68, column 1 to column 21)
	Exception: model_fix_mean_lap_model_namespace::log_prob: Sigma is not positive definite. (in 'model_fix_mean_lap.stan', line 68, column 1 to column 21)
	Exception: model_fix_mean_lap_model_namespace::log_prob: Sigma is not positive definite. (in 'model_fix_mean_lap.stan', line 68, column 1 to column 21)
	Exception: model_fix_mean_lap_model_namespace::log_prob: Sigma is not positive definite. (in 'model_fix_mean_lap.stan', line 68, column 1 to column 21)
	Exception: model_fix_mean_lap_model_namespace::log_prob: Sigma is not positive definite. (in 'model_fix_mean_lap.stan', line 68, column 1 to column 21)
	Exception: model_fix_mean_lap_model_namespace::log_prob: Sigma is not positive definite. (in 'model_fix_mean_lap.stan', line 68, column 1 to column 21)
	Exception: model_fix_mean_lap_model_namespace::log_prob: Sigma is not positive definite. (in 'model_fix_mean_lap.stan', line 68, column 1 to column 21)
	Exception: model_fix_mean_lap_model_namespace::log_prob: Sigma is not positive definite. (in 'model_fix_mean_lap.stan', line 68, column 1 to column 21)
	Exception: model_fix_mean_lap_model_namespace::log_prob: Sigma is not positive definite. (in 'model_fix_mean_lap.stan', line 68, column 1 to column 21)
	Exception: model_fix_mean_lap_model_namespace::log_prob: Sigma is not positive definite. (in 'model_fix_mean_lap.stan', line 68, column 1 to column 21)
	Exception: model_fix_mean_lap_model_namespace::log_prob: Sigma is not positive definite. (in 'model_fix_mean_lap.stan', line 68, column 1 to column 21)
	Exception: model_fix_mean_lap_model_namespace::log_prob: Sigma is not positive definite. (in 'model_fix_mean_lap.stan', line 68, column 1 to column 21)
Exception: model_fix_mean_lap_model_namespace::log_prob: Omega is not positive definite. (in 'model_fix_mean_lap.stan', line 67, column 1 to column 22)
	Exception: model_fix_mean_lap_model_namespace::log_prob: Omega is not positive definite. (in 'model_fix_mean_lap.stan', line 67, column 1 to column 22)
	Exception: model_fix_mean_lap_model_namespace::log_prob: Omega is not positive definite. (in 'model_fix_mean_lap.stan', line 67, column 1 to column 22)
	Exception: model_fix_mean_lap_model_namespace::log_prob: Omega is not positive definite. (in 'model_fix_mean_lap.stan', line 67, column 1 to column 22)
	Exception: model_fix_mean_lap_model_namespace::log_prob: Sigma is not positive definite. (in 'model_fix_mean_lap.stan', line 68, column 1 to column 21)
	Exception: model_fix_mean_lap_model_namespace::log_prob: Omega is not positive definite. (in 'model_fix_mean_lap.stan', line 67, column 1 to column 22)
	Exception: model_fix_mean_lap_model_namespace::log_prob: Omega is not positive definite. (in 'model_fix_mean_lap.stan', line 67, column 1 to column 22)
	Exception: model_fix_mean_lap_model_namespace::log_prob: Sigma is not positive definite. (in 'model_fix_mean_lap.stan', line 68, column 1 to column 21)
Exception: model_fix_mean_lap_model_namespace::log_prob: Omega is not positive definite. (in 'model_fix_mean_lap.stan', line 67, column 1 to column 22)
	Exception: model_fix_mean_lap_model_namespace::log_prob: Omega is not positive definite. (in 'model_fix_mean_lap.stan', line 67, column 1 to column 22)
	Exception: model_fix_mean_lap_model_namespace::log_prob: Omega is not positive definite. (in 'model_fix_mean_lap.stan', line 67, column 1 to column 22)
	Exception: model_fix_mean_lap_model_namespace::log_prob: Omega is not positive definite. (in 'model_fix_mean_lap.stan', line 67, column 1 to column 22)
	Exception: model_fix_mean_lap_model_namespace::log_prob: Sigma is not positive definite. (in 'model_fix_mean_lap.stan', line 68, column 1 to column 21)
	Exception: model_fix_mean_lap_model_namespace::log_prob: Sigma is not positive definite. (in 'model_fix_mean_lap.stan', line 68, column 1 to column 21)
	Exception: multi_normal_lpdf: Location parameter[2] is inf, but must be finite! (in 'model_fix_mean_lap.stan', line 140, column 12 to column 74)
	Exception: model_fix_mean_lap_model_namespace::log_prob: Sigma is not positive definite. (in 'model_fix_mean_lap.stan', line 68, column 1 to column 21)
	Exception: model_fix_mean_lap_model_namespace::log_prob: Omega is not positive definite. (in 'model_fix_mean_lap.stan', line 67, column 1 to column 22)
	Exception: model_fix_mean_lap_model_namespace::log_prob: Omega is not positive definite. (in 'model_fix_mean_lap.stan', line 67, column 1 to column 22)
	Exception: model_fix_mean_lap_model_namespace::log_prob: Sigma is not positive definite. (in 'model_fix_mean_lap.stan', line 68, column 1 to column 21)
	Exception: model_fix_mean_lap_model_namespace::log_prob: Sigma is not positive definite. (in 'model_fix_mean_lap.stan', line 68, column 1 to column 21)
Exception: model_fix_mean_lap_model_namespace::log_prob: Sigma is not positive definite. (in 'model_fix_mean_lap.stan', line 68, column 1 to column 21)
	Exception: model_fix_mean_lap_model_namespace::log_prob: Omega is not positive definite. (in 'model_fix_mean_lap.stan', line 67, column 1 to column 22)
	Exception: model_fix_mean_lap_model_namespace::log_prob: Omega is not positive definite. (in 'model_fix_mean_lap.stan', line 67, column 1 to column 22)
	Exception: model_fix_mean_lap_model_namespace::log_prob: Omega is not positive definite. (in 'model_fix_mean_lap.stan', line 67, column 1 to column 22)
	Exception: model_fix_mean_lap_model_namespace::log_prob: Sigma is not positive definite. (in 'model_fix_mean_lap.stan', line 68, column 1 to column 21)
	Exception: model_fix_mean_lap_model_namespace::log_prob: Sigma is not positive definite. (in 'model_fix_mean_lap.stan', line 68, column 1 to column 21)
	Exception: model_fix_mean_lap_model_namespace::log_prob: Sigma is not positive definite. (in 'model_fix_mean_lap.stan', line 68, column 1 to column 21)
	Exception: model_fix_mean_lap_model_namespace::log_prob: Omega is not positive definite. (in 'model_fix_mean_lap.stan', line 67, column 1 to column 22)
	Exception: model_fix_mean_lap_model_namespace::log_prob: Omega is not positive definite. (in 'model_fix_mean_lap.stan', line 67, column 1 to column 22)
	Exception: model_fix_mean_lap_model_namespace::log_prob: Sigma is not positive definite. (in 'model_fix_mean_lap.stan', line 68, column 1 to column 21)
Exception: model_fix_mean_lap_model_namespace::log_prob: Sigma is not positive definite. (in 'model_fix_mean_lap.stan', line 68, column 1 to column 21)
	Exception: model_fix_mean_lap_model_namespace::log_prob: Sigma is not positive definite. (in 'model_fix_mean_lap.stan', line 68, column 1 to column 21)
	Exception: model_fix_mean_lap_model_namespace::log_prob: Sigma is not positive definite. (in 'model_fix_mean_lap.stan', line 68, column 1 to column 21)
	Exception: model_fix_mean_lap_model_namespace::log_prob: Omega is not positive definite. (in 'model_fix_mean_lap.stan', line 67, column 1 to column 22)
	Exception: model_fix_mean_lap_model_namespace::log_prob: Omega is not positive definite. (in 'model_fix_mean_lap.stan', line 67, column 1 to column 22)
	Exception: model_fix_mean_lap_model_namespace::log_prob: Omega is not positive definite. (in 'model_fix_mean_lap.stan', line 67, column 1 to column 22)
	Exception: model_fix_mean_lap_model_namespace::log_prob: Omega is not positive definite. (in 'model_fix_mean_lap.stan', line 67, column 1 to column 22)
	Exception: model_fix_mean_lap_model_namespace::log_prob: Omega is not positive definite. (in 'model_fix_mean_lap.stan', line 67, column 1 to column 22)
	Exception: model_fix_mean_lap_model_namespace::log_prob: Sigma is not positive definite. (in 'model_fix_mean_lap.stan', line 68, column 1 to column 21)
	Exception: model_fix_mean_lap_model_namespace::log_prob: Omega is not positive definite. (in 'model_fix_mean_lap.stan', line 67, column 1 to column 22)
	Exception: model_fix_mean_lap_model_namespace::log_prob: Omega is not positive definite. (in 'model_fix_mean_lap.stan', line 67, column 1 to column 22)
Exception: model_fix_mean_lap_model_namespace::log_prob: Omega is not positive definite. (in 'model_fix_mean_lap.stan', line 67, column 1 to column 22)
	Exception: model_fix_mean_lap_model_namespace::log_prob: Omega is not positive definite. (in 'model_fix_mean_lap.stan', line 67, column 1 to column 22)
	Exception: model_fix_mean_lap_model_namespace::log_prob: Omega is not positive definite. (in 'model_fix_mean_lap.stan', line 67, column 1 to column 22)
	Exception: model_fix_mean_lap_model_namespace::log_prob: Omega is not positive definite. (in 'model_fix_mean_lap.stan', line 67, column 1 to column 22)
	Exception: model_fix_mean_lap_model_namespace::log_prob: Omega is not positive definite. (in 'model_fix_mean_lap.stan', line 67, column 1 to column 22)
	Exception: model_fix_mean_lap_model_namespace::log_prob: Omega is not positive definite. (in 'model_fix_mean_lap.stan', line 67, column 1 to column 22)
	Exception: model_fix_mean_lap_model_namespace::log_prob: Sigma is not positive definite. (in 'model_fix_mean_lap.stan', line 68, column 1 to column 21)
	Exception: model_fix_mean_lap_model_namespace::log_prob: Sigma is not positive definite. (in 'model_fix_mean_lap.stan', line 68, column 1 to column 21)
	Exception: model_fix_mean_lap_model_namespace::log_prob: Sigma is not positive definite. (in 'model_fix_mean_lap.stan', line 68, column 1 to column 21)
	Exception: model_fix_mean_lap_model_namespace::log_prob: Omega is not positive definite. (in 'model_fix_mean_lap.stan', line 67, column 1 to column 22)
	Exception: model_fix_mean_lap_model_namespace::log_prob: Omega is not positive definite. (in 'model_fix_mean_lap.stan', line 67, column 1 to column 22)
	Exception: model_fix_mean_lap_model_namespace::log_prob: Sigma is not positive definite. (in 'model_fix_mean_lap.stan', line 68, column 1 to column 21)
	Exception: multi_normal_lpdf: Location parameter[1] is -inf, but must be finite! (in 'model_fix_mean_lap.stan', line 140, column 12 to column 74)
Exception: model_fix_mean_lap_model_namespace::log_prob: Omega is not positive definite. (in 'model_fix_mean_lap.stan', line 67, column 1 to column 22)
	Exception: model_fix_mean_lap_model_namespace::log_prob: Omega is not positive definite. (in 'model_fix_mean_lap.stan', line 67, column 1 to column 22)
	Exception: model_fix_mean_lap_model_namespace::log_prob: Omega is not positive definite. (in 'model_fix_mean_lap.stan', line 67, column 1 to column 22)
	Exception: model_fix_mean_lap_model_namespace::log_prob: Omega is not positive definite. (in 'model_fix_mean_lap.stan', line 67, column 1 to column 22)
	Exception: model_fix_mean_lap_model_namespace::log_prob: Sigma is not positive definite. (in 'model_fix_mean_lap.stan', line 68, column 1 to column 21)
	Exception: model_fix_mean_lap_model_namespace::log_prob: Sigma is not positive definite. (in 'model_fix_mean_lap.stan', line 68, column 1 to column 21)
	Exception: model_fix_mean_lap_model_namespace::log_prob: Omega is not positive definite. (in 'model_fix_mean_lap.stan', line 67, column 1 to column 22)
	Exception: model_fix_mean_lap_model_namespace::log_prob: Omega is not positive definite. (in 'model_fix_mean_lap.stan', line 67, column 1 to column 22)
	Exception: model_fix_mean_lap_model_namespace::log_prob: Sigma is not positive definite. (in 'model_fix_mean_lap.stan', line 68, column 1 to column 21)
	Exception: model_fix_mean_lap_model_namespace::log_prob: Sigma is not positive definite. (in 'model_fix_mean_lap.stan', line 68, column 1 to column 21)
	Exception: model_fix_mean_lap_model_namespace::log_prob: Sigma is not positive definite. (in 'model_fix_mean_lap.stan', line 68, column 1 to column 21)
Exception: model_fix_mean_lap_model_namespace::log_prob: Sigma is not positive definite. (in 'model_fix_mean_lap.stan', line 68, column 1 to column 21)
	Exception: model_fix_mean_lap_model_namespace::log_prob: Omega is not positive definite. (in 'model_fix_mean_lap.stan', line 67, column 1 to column 22)
	Exception: model_fix_mean_lap_model_namespace::log_prob: Omega is not positive definite. (in 'model_fix_mean_lap.stan', line 67, column 1 to column 22)
	Exception: model_fix_mean_lap_model_namespace::log_prob: Omega is not positive definite. (in 'model_fix_mean_lap.stan', line 67, column 1 to column 22)
	Exception: model_fix_mean_lap_model_namespace::log_prob: Omega is not positive definite. (in 'model_fix_mean_lap.stan', line 67, column 1 to column 22)
	Exception: model_fix_mean_lap_model_namespace::log_prob: Sigma is not positive definite. (in 'model_fix_mean_lap.stan', line 68, column 1 to column 21)
	Exception: model_fix_mean_lap_model_namespace::log_prob: Omega is not positive definite. (in 'model_fix_mean_lap.stan', line 67, column 1 to column 22)
	Exception: model_fix_mean_lap_model_namespace::log_prob: Omega is not positive definite. (in 'model_fix_mean_lap.stan', line 67, column 1 to column 22)
	Exception: model_fix_mean_lap_model_namespace::log_prob: Sigma is not positive definite. (in 'model_fix_mean_lap.stan', line 68, column 1 to column 21)
Exception: model_fix_mean_lap_model_namespace::log_prob: Omega is not positive definite. (in 'model_fix_mean_lap.stan', line 67, column 1 to column 22)
	Exception: model_fix_mean_lap_model_namespace::log_prob: Omega is not positive definite. (in 'model_fix_mean_lap.stan', line 67, column 1 to column 22)
	Exception: model_fix_mean_lap_model_namespace::log_prob: Omega is not positive definite. (in 'model_fix_mean_lap.stan', line 67, column 1 to column 22)
	Exception: model_fix_mean_lap_model_namespace::log_prob: Sigma is not positive definite. (in 'model_fix_mean_lap.stan', line 68, column 1 to column 21)
	Exception: model_fix_mean_lap_model_namespace::log_prob: Sigma is not positive definite. (in 'model_fix_mean_lap.stan', line 68, column 1 to column 21)
	Exception: model_fix_mean_lap_model_namespace::log_prob: Sigma is not positive definite. (in 'model_fix_mean_lap.stan', line 68, column 1 to column 21)
	Exception: model_fix_mean_lap_model_namespace::log_prob: Omega is not positive definite. (in 'model_fix_mean_lap.stan', line 67, column 1 to column 22)
	Exception: model_fix_mean_lap_model_namespace::log_prob: Omega is not positive definite. (in 'model_fix_mean_lap.stan', line 67, column 1 to column 22)
	Exception: model_fix_mean_lap_model_namespace::log_prob: Sigma is not positive definite. (in 'model_fix_mean_lap.stan', line 68, column 1 to column 21)
	Exception: model_fix_mean_lap_model_namespace::log_prob: Sigma is not positive definite. (in 'model_fix_mean_lap.stan', line 68, column 1 to column 21)
	Exception: model_fix_mean_lap_model_namespace::log_prob: Sigma is not positive definite. (in 'model_fix_mean_lap.stan', line 68, column 1 to column 21)
	Exception: model_fix_mean_lap_model_namespace::log_prob: Sigma is not positive definite. (in 'model_fix_mean_lap.stan', line 68, column 1 to column 21)
	Exception: model_fix_mean_lap_model_namespace::log_prob: Sigma is not positive definite. (in 'model_fix_mean_lap.stan', line 68, column 1 to column 21)
	Exception: model_fix_mean_lap_model_namespace::log_prob: Sigma is not positive definite. (in 'model_fix_mean_lap.stan', line 68, column 1 to column 21)
	Exception: model_fix_mean_lap_model_namespace::log_prob: Sigma is not positive definite. (in 'model_fix_mean_lap.stan', line 68, column 1 to column 21)
	Exception: model_fix_mean_lap_model_namespace::log_prob: Sigma is not positive definite. (in 'model_fix_mean_lap.stan', line 68, column 1 to column 21)
	Exception: model_fix_mean_lap_model_namespace::log_prob: Sigma is not positive definite. (in 'model_fix_mean_lap.stan', line 68, column 1 to column 21)
	Exception: model_fix_mean_lap_model_namespace::log_prob: Sigma is not positive definite. (in 'model_fix_mean_lap.stan', line 68, column 1 to column 21)
	Exception: model_fix_mean_lap_model_namespace::log_prob: Sigma is not positive definite. (in 'model_fix_mean_lap.stan', line 68, column 1 to column 21)
	Exception: model_fix_mean_lap_model_namespace::log_prob: Sigma is not positive definite. (in 'model_fix_mean_lap.stan', line 68, column 1 to column 21)
	Exception: model_fix_mean_lap_model_namespace::log_prob: Sigma is not positive definite. (in 'model_fix_mean_lap.stan', line 68, column 1 to column 21)
	Exception: model_fix_mean_lap_model_namespace::log_prob: Sigma is not positive definite. (in 'model_fix_mean_lap.stan', line 68, column 1 to column 21)
	Exception: model_fix_mean_lap_model_namespace::log_prob: Sigma is not positive definite. (in 'model_fix_mean_lap.stan', line 68, column 1 to column 21)
	Exception: model_fix_mean_lap_model_namespace::log_prob: Sigma is not positive definite. (in 'model_fix_mean_lap.stan', line 68, column 1 to column 21)
	Exception: model_fix_mean_lap_model_namespace::log_prob: Sigma is not positive definite. (in 'model_fix_mean_lap.stan', line 68, column 1 to column 21)
	Exception: model_fix_mean_lap_model_namespace::log_prob: Sigma is not positive definite. (in 'model_fix_mean_lap.stan', line 68, column 1 to column 21)
	Exception: model_fix_mean_lap_model_namespace::log_prob: Sigma is not positive definite. (in 'model_fix_mean_lap.stan', line 68, column 1 to column 21)
	Exception: model_fix_mean_lap_model_namespace::log_prob: Sigma is not positive definite. (in 'model_fix_mean_lap.stan', line 68, column 1 to column 21)
	Exception: model_fix_mean_lap_model_namespace::log_prob: Sigma is not positive definite. (in 'model_fix_mean_lap.stan', line 68, column 1 to column 21)
	Exception: model_fix_mean_lap_model_namespace::log_prob: Sigma is not positive definite. (in 'model_fix_mean_lap.stan', line 68, column 1 to column 21)
	Exception: model_fix_mean_lap_model_namespace::log_prob: Sigma is not positive definite. (in 'model_fix_mean_lap.stan', line 68, column 1 to column 21)
	Exception: model_fix_mean_lap_model_namespace::log_prob: Sigma is not positive definite. (in 'model_fix_mean_lap.stan', line 68, column 1 to column 21)
	Exception: model_fix_mean_lap_model_namespace::log_prob: Sigma is not positive definite. (in 'model_fix_mean_lap.stan', line 68, column 1 to column 21)
	Exception: model_fix_mean_lap_model_namespace::log_prob: Sigma is not positive definite. (in 'model_fix_mean_lap.stan', line 68, column 1 to column 21)
	Exception: model_fix_mean_lap_model_namespace::log_prob: Sigma is not positive definite. (in 'model_fix_mean_lap.stan', line 68, column 1 to column 21)
	Exception: model_fix_mean_lap_model_namespace::log_prob: Sigma is not positive definite. (in 'model_fix_mean_lap.stan', line 68, column 1 to column 21)
	Exception: model_fix_mean_lap_model_namespace::log_prob: Sigma is not positive definite. (in 'model_fix_mean_lap.stan', line 68, column 1 to column 21)
	Exception: model_fix_mean_lap_model_namespace::log_prob: Sigma is not positive definite. (in 'model_fix_mean_lap.stan', line 68, column 1 to column 21)
	Exception: model_fix_mean_lap_model_namespace::log_prob: Sigma is not positive definite. (in 'model_fix_mean_lap.stan', line 68, column 1 to column 21)
	Exception: model_fix_mean_lap_model_namespace::log_prob: Sigma is not positive definite. (in 'model_fix_mean_lap.stan', line 68, column 1 to column 21)
	Exception: model_fix_mean_lap_model_namespace::log_prob: Sigma is not positive definite. (in 'model_fix_mean_lap.stan', line 68, column 1 to column 21)
	Exception: model_fix_mean_lap_model_namespace::log_prob: Sigma is not positive definite. (in 'model_fix_mean_lap.stan', line 68, column 1 to column 21)
	Exception: model_fix_mean_lap_model_namespace::log_prob: Sigma is not positive definite. (in 'model_fix_mean_lap.stan', line 68, column 1 to column 21)
	Exception: model_fix_mean_lap_model_namespace::log_prob: Sigma is not positive definite. (in 'model_fix_mean_lap.stan', line 68, column 1 to column 21)
	Exception: model_fix_mean_lap_model_namespace::log_prob: Sigma is not positive definite. (in 'model_fix_mean_lap.stan', line 68, column 1 to column 21)
	Exception: model_fix_mean_lap_model_namespace::log_prob: Sigma is not positive definite. (in 'model_fix_mean_lap.stan', line 68, column 1 to column 21)
	Exception: model_fix_mean_lap_model_namespace::log_prob: Sigma is not positive definite. (in 'model_fix_mean_lap.stan', line 68, column 1 to column 21)
	Exception: model_fix_mean_lap_model_namespace::log_prob: Sigma is not positive definite. (in 'model_fix_mean_lap.stan', line 68, column 1 to column 21)
	Exception: model_fix_mean_lap_model_namespace::log_prob: Sigma is not positive definite. (in 'model_fix_mean_lap.stan', line 68, column 1 to column 21)
	Exception: model_fix_mean_lap_model_namespace::log_prob: Sigma is not positive definite. (in 'model_fix_mean_lap.stan', line 68, column 1 to column 21)
	Exception: model_fix_mean_lap_model_namespace::log_prob: Sigma is not positive definite. (in 'model_fix_mean_lap.stan', line 68, column 1 to column 21)
	Exception: model_fix_mean_lap_model_namespace::log_prob: Sigma is not positive definite. (in 'model_fix_mean_lap.stan', line 68, column 1 to column 21)
	Exception: model_fix_mean_lap_model_namespace::log_prob: Sigma is not positive definite. (in 'model_fix_mean_lap.stan', line 68, column 1 to column 21)
	Exception: model_fix_mean_lap_model_namespace::log_prob: Sigma is not positive definite. (in 'model_fix_mean_lap.stan', line 68, column 1 to column 21)
	Exception: model_fix_mean_lap_model_namespace::log_prob: Sigma is not positive definite. (in 'model_fix_mean_lap.stan', line 68, column 1 to column 21)
	Exception: model_fix_mean_lap_model_namespace::log_prob: Sigma is not positive definite. (in 'model_fix_mean_lap.stan', line 68, column 1 to column 21)
	Exception: model_fix_mean_lap_model_namespace::log_prob: Sigma is not positive definite. (in 'model_fix_mean_lap.stan', line 68, column 1 to column 21)
	Exception: model_fix_mean_lap_model_namespace::log_prob: Sigma is not positive definite. (in 'model_fix_mean_lap.stan', line 68, column 1 to column 21)
	Exception: model_fix_mean_lap_model_namespace::log_prob: Sigma is not positive definite. (in 'model_fix_mean_lap.stan', line 68, column 1 to column 21)
	Exception: model_fix_mean_lap_model_namespace::log_prob: Sigma is not positive definite. (in 'model_fix_mean_lap.stan', line 68, column 1 to column 21)
	Exception: model_fix_mean_lap_model_namespace::log_prob: Sigma is not positive definite. (in 'model_fix_mean_lap.stan', line 68, column 1 to column 21)
	Exception: model_fix_mean_lap_model_namespace::log_prob: Sigma is not positive definite. (in 'model_fix_mean_lap.stan', line 68, column 1 to column 21)
	Exception: model_fix_mean_lap_model_namespace::log_prob: Sigma is not positive definite. (in 'model_fix_mean_lap.stan', line 68, column 1 to column 21)
	Exception: model_fix_mean_lap_model_namespace::log_prob: Sigma is not positive definite. (in 'model_fix_mean_lap.stan', line 68, column 1 to column 21)
	Exception: model_fix_mean_lap_model_namespace::log_prob: Sigma is not positive definite. (in 'model_fix_mean_lap.stan', line 68, column 1 to column 21)
	Exception: model_fix_mean_lap_model_namespace::log_prob: Sigma is not positive definite. (in 'model_fix_mean_lap.stan', line 68, column 1 to column 21)
	Exception: model_fix_mean_lap_model_namespace::log_prob: Sigma is not positive definite. (in 'model_fix_mean_lap.stan', line 68, column 1 to column 21)
	Exception: model_fix_mean_lap_model_namespace::log_prob: Sigma is not positive definite. (in 'model_fix_mean_lap.stan', line 68, column 1 to column 21)
	Exception: model_fix_mean_lap_model_namespace::log_prob: Sigma is not positive definite. (in 'model_fix_mean_lap.stan', line 68, column 1 to column 21)
	Exception: model_fix_mean_lap_model_namespace::log_prob: Sigma is not positive definite. (in 'model_fix_mean_lap.stan', line 68, column 1 to column 21)
	Exception: model_fix_mean_lap_model_namespace::log_prob: Sigma is not positive definite. (in 'model_fix_mean_lap.stan', line 68, column 1 to column 21)
	Exception: model_fix_mean_lap_model_namespace::log_prob: Sigma is not positive definite. (in 'model_fix_mean_lap.stan', line 68, column 1 to column 21)
	Exception: model_fix_mean_lap_model_namespace::log_prob: Sigma is not positive definite. (in 'model_fix_mean_lap.stan', line 68, column 1 to column 21)
	Exception: model_fix_mean_lap_model_namespace::log_prob: Sigma is not positive definite. (in 'model_fix_mean_lap.stan', line 68, column 1 to column 21)
	Exception: model_fix_mean_lap_model_namespace::log_prob: Sigma is not positive definite. (in 'model_fix_mean_lap.stan', line 68, column 1 to column 21)
	Exception: model_fix_mean_lap_model_namespace::log_prob: Sigma is not positive definite. (in 'model_fix_mean_lap.stan', line 68, column 1 to column 21)
	Exception: model_fix_mean_lap_model_namespace::log_prob: Sigma is not positive definite. (in 'model_fix_mean_lap.stan', line 68, column 1 to column 21)
	Exception: model_fix_mean_lap_model_namespace::log_prob: Sigma is not positive definite. (in 'model_fix_mean_lap.stan', line 68, column 1 to column 21)
	Exception: model_fix_mean_lap_model_namespace::log_prob: Sigma is not positive definite. (in 'model_fix_mean_lap.stan', line 68, column 1 to column 21)
	Exception: model_fix_mean_lap_model_namespace::log_prob: Sigma is not positive definite. (in 'model_fix_mean_lap.stan', line 68, column 1 to column 21)
	Exception: model_fix_mean_lap_model_namespace::log_prob: Sigma is not positive definite. (in 'model_fix_mean_lap.stan', line 68, column 1 to column 21)
	Exception: model_fix_mean_lap_model_namespace::log_prob: Sigma is not positive definite. (in 'model_fix_mean_lap.stan', line 68, column 1 to column 21)
	Exception: model_fix_mean_lap_model_namespace::log_prob: Sigma is not positive definite. (in 'model_fix_mean_lap.stan', line 68, column 1 to column 21)
	Exception: model_fix_mean_lap_model_namespace::log_prob: Sigma is not positive definite. (in 'model_fix_mean_lap.stan', line 68, column 1 to column 21)
	Exception: model_fix_mean_lap_model_namespace::log_prob: Sigma is not positive definite. (in 'model_fix_mean_lap.stan', line 68, column 1 to column 21)
	Exception: model_fix_mean_lap_model_namespace::log_prob: Sigma is not positive definite. (in 'model_fix_mean_lap.stan', line 68, column 1 to column 21)
	Exception: model_fix_mean_lap_model_namespace::log_prob: Sigma is not positive definite. (in 'model_fix_mean_lap.stan', line 68, column 1 to column 21)
	Exception: model_fix_mean_lap_model_namespace::log_prob: Sigma is not positive definite. (in 'model_fix_mean_lap.stan', line 68, column 1 to column 21)
	Exception: model_fix_mean_lap_model_namespace::log_prob: Sigma is not positive definite. (in 'model_fix_mean_lap.stan', line 68, column 1 to column 21)
	Exception: model_fix_mean_lap_model_namespace::log_prob: Sigma is not positive definite. (in 'model_fix_mean_lap.stan', line 68, column 1 to column 21)
	Exception: model_fix_mean_lap_model_namespace::log_prob: Sigma is not positive definite. (in 'model_fix_mean_lap.stan', line 68, column 1 to column 21)
	Exception: model_fix_mean_lap_model_namespace::log_prob: Sigma is not positive definite. (in 'model_fix_mean_lap.stan', line 68, column 1 to column 21)
	Exception: model_fix_mean_lap_model_namespace::log_prob: Sigma is not positive definite. (in 'model_fix_mean_lap.stan', line 68, column 1 to column 21)
	Exception: model_fix_mean_lap_model_namespace::log_prob: Sigma is not positive definite. (in 'model_fix_mean_lap.stan', line 68, column 1 to column 21)
	Exception: model_fix_mean_lap_model_namespace::log_prob: Sigma is not positive definite. (in 'model_fix_mean_lap.stan', line 68, column 1 to column 21)
	Exception: model_fix_mean_lap_model_namespace::log_prob: Sigma is not positive definite. (in 'model_fix_mean_lap.stan', line 68, column 1 to column 21)
	Exception: model_fix_mean_lap_model_namespace::log_prob: Sigma is not positive definite. (in 'model_fix_mean_lap.stan', line 68, column 1 to column 21)
	Exception: model_fix_mean_lap_model_namespace::log_prob: Sigma is not positive definite. (in 'model_fix_mean_lap.stan', line 68, column 1 to column 21)
	Exception: model_fix_mean_lap_model_namespace::log_prob: Sigma is not positive definite. (in 'model_fix_mean_lap.stan', line 68, column 1 to column 21)
	Exception: model_fix_mean_lap_model_namespace::log_prob: Sigma is not positive definite. (in 'model_fix_mean_lap.stan', line 68, column 1 to column 21)
	Exception: model_fix_mean_lap_model_namespace::log_prob: Sigma is not positive definite. (in 'model_fix_mean_lap.stan', line 68, column 1 to column 21)
	Exception: model_fix_mean_lap_model_namespace::log_prob: Sigma is not positive definite. (in 'model_fix_mean_lap.stan', line 68, column 1 to column 21)
	Exception: model_fix_mean_lap_model_namespace::log_prob: Sigma is not positive definite. (in 'model_fix_mean_lap.stan', line 68, column 1 to column 21)
	Exception: model_fix_mean_lap_model_namespace::log_prob: Sigma is not positive definite. (in 'model_fix_mean_lap.stan', line 68, column 1 to column 21)
	Exception: model_fix_mean_lap_model_namespace::log_prob: Sigma is not positive definite. (in 'model_fix_mean_lap.stan', line 68, column 1 to column 21)
	Exception: model_fix_mean_lap_model_namespace::log_prob: Sigma is not positive definite. (in 'model_fix_mean_lap.stan', line 68, column 1 to column 21)
	Exception: model_fix_mean_lap_model_namespace::log_prob: Sigma is not positive definite. (in 'model_fix_mean_lap.stan', line 68, column 1 to column 21)
	Exception: model_fix_mean_lap_model_namespace::log_prob: Sigma is not positive definite. (in 'model_fix_mean_lap.stan', line 68, column 1 to column 21)
	Exception: model_fix_mean_lap_model_namespace::log_prob: Sigma is not positive definite. (in 'model_fix_mean_lap.stan', line 68, column 1 to column 21)
	Exception: model_fix_mean_lap_model_namespace::log_prob: Sigma is not positive definite. (in 'model_fix_mean_lap.stan', line 68, column 1 to column 21)
	Exception: model_fix_mean_lap_model_namespace::log_prob: Sigma is not positive definite. (in 'model_fix_mean_lap.stan', line 68, column 1 to column 21)
	Exception: model_fix_mean_lap_model_namespace::log_prob: Sigma is not positive definite. (in 'model_fix_mean_lap.stan', line 68, column 1 to column 21)
	Exception: model_fix_mean_lap_model_namespace::log_prob: Sigma is not positive definite. (in 'model_fix_mean_lap.stan', line 68, column 1 to column 21)
	Exception: model_fix_mean_lap_model_namespace::log_prob: Sigma is not positive definite. (in 'model_fix_mean_lap.stan', line 68, column 1 to column 21)
	Exception: model_fix_mean_lap_model_namespace::log_prob: Sigma is not positive definite. (in 'model_fix_mean_lap.stan', line 68, column 1 to column 21)
	Exception: model_fix_mean_lap_model_namespace::log_prob: Sigma is not positive definite. (in 'model_fix_mean_lap.stan', line 68, column 1 to column 21)
	Exception: model_fix_mean_lap_model_namespace::log_prob: Sigma is not positive definite. (in 'model_fix_mean_lap.stan', line 68, column 1 to column 21)
	Exception: model_fix_mean_lap_model_namespace::log_prob: Sigma is not positive definite. (in 'model_fix_mean_lap.stan', line 68, column 1 to column 21)
	Exception: model_fix_mean_lap_model_namespace::log_prob: Sigma is not positive definite. (in 'model_fix_mean_lap.stan', line 68, column 1 to column 21)
	Exception: model_fix_mean_lap_model_namespace::log_prob: Sigma is not positive definite. (in 'model_fix_mean_lap.stan', line 68, column 1 to column 21)
	Exception: model_fix_mean_lap_model_namespace::log_prob: Sigma is not positive definite. (in 'model_fix_mean_lap.stan', line 68, column 1 to column 21)
	Exception: model_fix_mean_lap_model_namespace::log_prob: Sigma is not positive definite. (in 'model_fix_mean_lap.stan', line 68, column 1 to column 21)
	Exception: model_fix_mean_lap_model_namespace::log_prob: Sigma is not positive definite. (in 'model_fix_mean_lap.stan', line 68, column 1 to column 21)
	Exception: model_fix_mean_lap_model_namespace::log_prob: Sigma is not positive definite. (in 'model_fix_mean_lap.stan', line 68, column 1 to column 21)
	Exception: model_fix_mean_lap_model_namespace::log_prob: Sigma is not positive definite. (in 'model_fix_mean_lap.stan', line 68, column 1 to column 21)
	Exception: model_fix_mean_lap_model_namespace::log_prob: Sigma is not positive definite. (in 'model_fix_mean_lap.stan', line 68, column 1 to column 21)
	Exception: model_fix_mean_lap_model_namespace::log_prob: Sigma is not positive definite. (in 'model_fix_mean_lap.stan', line 68, column 1 to column 21)
	Exception: model_fix_mean_lap_model_namespace::log_prob: Sigma is not positive definite. (in 'model_fix_mean_lap.stan', line 68, column 1 to column 21)
	Exception: model_fix_mean_lap_model_namespace::log_prob: Sigma is not positive definite. (in 'model_fix_mean_lap.stan', line 68, column 1 to column 21)
	Exception: model_fix_mean_lap_model_namespace::log_prob: Sigma is not positive definite. (in 'model_fix_mean_lap.stan', line 68, column 1 to column 21)
	Exception: model_fix_mean_lap_model_namespace::log_prob: Sigma is not positive definite. (in 'model_fix_mean_lap.stan', line 68, column 1 to column 21)
	Exception: model_fix_mean_lap_model_namespace::log_prob: Sigma is not positive definite. (in 'model_fix_mean_lap.stan', line 68, column 1 to column 21)
	Exception: model_fix_mean_lap_model_namespace::log_prob: Sigma is not positive definite. (in 'model_fix_mean_lap.stan', line 68, column 1 to column 21)
	Exception: model_fix_mean_lap_model_namespace::log_prob: Sigma is not positive definite. (in 'model_fix_mean_lap.stan', line 68, column 1 to column 21)
	Exception: model_fix_mean_lap_model_namespace::log_prob: Sigma is not positive definite. (in 'model_fix_mean_lap.stan', line 68, column 1 to column 21)
	Exception: model_fix_mean_lap_model_namespace::log_prob: Sigma is not positive definite. (in 'model_fix_mean_lap.stan', line 68, column 1 to column 21)
	Exception: model_fix_mean_lap_model_namespace::log_prob: Sigma is not positive definite. (in 'model_fix_mean_lap.stan', line 68, column 1 to column 21)
	Exception: model_fix_mean_lap_model_namespace::log_prob: Sigma is not positive definite. (in 'model_fix_mean_lap.stan', line 68, column 1 to column 21)
	Exception: model_fix_mean_lap_model_namespace::log_prob: Sigma is not positive definite. (in 'model_fix_mean_lap.stan', line 68, column 1 to column 21)
	Exception: model_fix_mean_lap_model_namespace::log_prob: Sigma is not positive definite. (in 'model_fix_mean_lap.stan', line 68, column 1 to column 21)
	Exception: model_fix_mean_lap_model_namespace::log_prob: Sigma is not positive definite. (in 'model_fix_mean_lap.stan', line 68, column 1 to column 21)
	Exception: model_fix_mean_lap_model_namespace::log_prob: Sigma is not positive definite. (in 'model_fix_mean_lap.stan', line 68, column 1 to column 21)
	Exception: model_fix_mean_lap_model_namespace::log_prob: Sigma is not positive definite. (in 'model_fix_mean_lap.stan', line 68, column 1 to column 21)
	Exception: model_fix_mean_lap_model_namespace::log_prob: Sigma is not positive definite. (in 'model_fix_mean_lap.stan', line 68, column 1 to column 21)
	Exception: model_fix_mean_lap_model_namespace::log_prob: Sigma is not positive definite. (in 'model_fix_mean_lap.stan', line 68, column 1 to column 21)
	Exception: model_fix_mean_lap_model_namespace::log_prob: Sigma is not positive definite. (in 'model_fix_mean_lap.stan', line 68, column 1 to column 21)
	Exception: model_fix_mean_lap_model_namespace::log_prob: Sigma is not positive definite. (in 'model_fix_mean_lap.stan', line 68, column 1 to column 21)
	Exception: model_fix_mean_lap_model_namespace::log_prob: Sigma is not positive definite. (in 'model_fix_mean_lap.stan', line 68, column 1 to column 21)
	Exception: model_fix_mean_lap_model_namespace::log_prob: Sigma is not positive definite. (in 'model_fix_mean_lap.stan', line 68, column 1 to column 21)
	Exception: model_fix_mean_lap_model_namespace::log_prob: Sigma is not positive definite. (in 'model_fix_mean_lap.stan', line 68, column 1 to column 21)
	Exception: model_fix_mean_lap_model_namespace::log_prob: Sigma is not positive definite. (in 'model_fix_mean_lap.stan', line 68, column 1 to column 21)
	Exception: model_fix_mean_lap_model_namespace::log_prob: Sigma is not positive definite. (in 'model_fix_mean_lap.stan', line 68, column 1 to column 21)
	Exception: model_fix_mean_lap_model_namespace::log_prob: Sigma is not positive definite. (in 'model_fix_mean_lap.stan', line 68, column 1 to column 21)
	Exception: model_fix_mean_lap_model_namespace::log_prob: Sigma is not positive definite. (in 'model_fix_mean_lap.stan', line 68, column 1 to column 21)
	Exception: model_fix_mean_lap_model_namespace::log_prob: Sigma is not positive definite. (in 'model_fix_mean_lap.stan', line 68, column 1 to column 21)
	Exception: model_fix_mean_lap_model_namespace::log_prob: Sigma is not positive definite. (in 'model_fix_mean_lap.stan', line 68, column 1 to column 21)
	Exception: model_fix_mean_lap_model_namespace::log_prob: Sigma is not positive definite. (in 'model_fix_mean_lap.stan', line 68, column 1 to column 21)
	Exception: model_fix_mean_lap_model_namespace::log_prob: Sigma is not positive definite. (in 'model_fix_mean_lap.stan', line 68, column 1 to column 21)
	Exception: model_fix_mean_lap_model_namespace::log_prob: Sigma is not positive definite. (in 'model_fix_mean_lap.stan', line 68, column 1 to column 21)
	Exception: model_fix_mean_lap_model_namespace::log_prob: Sigma is not positive definite. (in 'model_fix_mean_lap.stan', line 68, column 1 to column 21)
	Exception: model_fix_mean_lap_model_namespace::log_prob: Sigma is not positive definite. (in 'model_fix_mean_lap.stan', line 68, column 1 to column 21)
	Exception: model_fix_mean_lap_model_namespace::log_prob: Sigma is not positive definite. (in 'model_fix_mean_lap.stan', line 68, column 1 to column 21)
	Exception: model_fix_mean_lap_model_namespace::log_prob: Sigma is not positive definite. (in 'model_fix_mean_lap.stan', line 68, column 1 to column 21)
	Exception: model_fix_mean_lap_model_namespace::log_prob: Sigma is not positive definite. (in 'model_fix_mean_lap.stan', line 68, column 1 to column 21)
	Exception: model_fix_mean_lap_model_namespace::log_prob: Sigma is not positive definite. (in 'model_fix_mean_lap.stan', line 68, column 1 to column 21)
	Exception: model_fix_mean_lap_model_namespace::log_prob: Sigma is not positive definite. (in 'model_fix_mean_lap.stan', line 68, column 1 to column 21)
	Exception: model_fix_mean_lap_model_namespace::log_prob: Sigma is not positive definite. (in 'model_fix_mean_lap.stan', line 68, column 1 to column 21)
	Exception: model_fix_mean_lap_model_namespace::log_prob: Sigma is not positive definite. (in 'model_fix_mean_lap.stan', line 68, column 1 to column 21)
	Exception: model_fix_mean_lap_model_namespace::log_prob: Sigma is not positive definite. (in 'model_fix_mean_lap.stan', line 68, column 1 to column 21)
	Exception: model_fix_mean_lap_model_namespace::log_prob: Sigma is not positive definite. (in 'model_fix_mean_lap.stan', line 68, column 1 to column 21)
	Exception: model_fix_mean_lap_model_namespace::log_prob: Sigma is not positive definite. (in 'model_fix_mean_lap.stan', line 68, column 1 to column 21)
	Exception: model_fix_mean_lap_model_namespace::log_prob: Sigma is not positive definite. (in 'model_fix_mean_lap.stan', line 68, column 1 to column 21)
	Exception: model_fix_mean_lap_model_namespace::log_prob: Sigma is not positive definite. (in 'model_fix_mean_lap.stan', line 68, column 1 to column 21)
	Exception: model_fix_mean_lap_model_namespace::log_prob: Sigma is not positive definite. (in 'model_fix_mean_lap.stan', line 68, column 1 to column 21)
	Exception: model_fix_mean_lap_model_namespace::log_prob: Sigma is not positive definite. (in 'model_fix_mean_lap.stan', line 68, column 1 to column 21)
	Exception: model_fix_mean_lap_model_namespace::log_prob: Sigma is not positive definite. (in 'model_fix_mean_lap.stan', line 68, column 1 to column 21)
	Exception: model_fix_mean_lap_model_namespace::log_prob: Sigma is not positive definite. (in 'model_fix_mean_lap.stan', line 68, column 1 to column 21)
	Exception: model_fix_mean_lap_model_namespace::log_prob: Sigma is not positive definite. (in 'model_fix_mean_lap.stan', line 68, column 1 to column 21)
	Exception: model_fix_mean_lap_model_namespace::log_prob: Sigma is not positive definite. (in 'model_fix_mean_lap.stan', line 68, column 1 to column 21)
	Exception: model_fix_mean_lap_model_namespace::log_prob: Sigma is not positive definite. (in 'model_fix_mean_lap.stan', line 68, column 1 to column 21)
	Exception: model_fix_mean_lap_model_namespace::log_prob: Sigma is not positive definite. (in 'model_fix_mean_lap.stan', line 68, column 1 to column 21)
	Exception: model_fix_mean_lap_model_namespace::log_prob: Sigma is not positive definite. (in 'model_fix_mean_lap.stan', line 68, column 1 to column 21)
	Exception: model_fix_mean_lap_model_namespace::log_prob: Sigma is not positive definite. (in 'model_fix_mean_lap.stan', line 68, column 1 to column 21)
	Exception: model_fix_mean_lap_model_namespace::log_prob: Sigma is not positive definite. (in 'model_fix_mean_lap.stan', line 68, column 1 to column 21)
	Exception: model_fix_mean_lap_model_namespace::log_prob: Sigma is not positive definite. (in 'model_fix_mean_lap.stan', line 68, column 1 to column 21)
	Exception: model_fix_mean_lap_model_namespace::log_prob: Sigma is not positive definite. (in 'model_fix_mean_lap.stan', line 68, column 1 to column 21)
	Exception: model_fix_mean_lap_model_namespace::log_prob: Sigma is not positive definite. (in 'model_fix_mean_lap.stan', line 68, column 1 to column 21)
	Exception: model_fix_mean_lap_model_namespace::log_prob: Sigma is not positive definite. (in 'model_fix_mean_lap.stan', line 68, column 1 to column 21)
	Exception: model_fix_mean_lap_model_namespace::log_prob: Sigma is not positive definite. (in 'model_fix_mean_lap.stan', line 68, column 1 to column 21)
	Exception: model_fix_mean_lap_model_namespace::log_prob: Sigma is not positive definite. (in 'model_fix_mean_lap.stan', line 68, column 1 to column 21)
	Exception: model_fix_mean_lap_model_namespace::log_prob: Sigma is not positive definite. (in 'model_fix_mean_lap.stan', line 68, column 1 to column 21)
	Exception: model_fix_mean_lap_model_namespace::log_prob: Sigma is not positive definite. (in 'model_fix_mean_lap.stan', line 68, column 1 to column 21)
	Exception: model_fix_mean_lap_model_namespace::log_prob: Sigma is not positive definite. (in 'model_fix_mean_lap.stan', line 68, column 1 to column 21)
	Exception: model_fix_mean_lap_model_namespace::log_prob: Sigma is not positive definite. (in 'model_fix_mean_lap.stan', line 68, column 1 to column 21)
	Exception: model_fix_mean_lap_model_namespace::log_prob: Sigma is not positive definite. (in 'model_fix_mean_lap.stan', line 68, column 1 to column 21)
	Exception: model_fix_mean_lap_model_namespace::log_prob: Sigma is not positive definite. (in 'model_fix_mean_lap.stan', line 68, column 1 to column 21)
	Exception: model_fix_mean_lap_model_namespace::log_prob: Sigma is not positive definite. (in 'model_fix_mean_lap.stan', line 68, column 1 to column 21)
	Exception: model_fix_mean_lap_model_namespace::log_prob: Sigma is not positive definite. (in 'model_fix_mean_lap.stan', line 68, column 1 to column 21)
	Exception: model_fix_mean_lap_model_namespace::log_prob: Sigma is not positive definite. (in 'model_fix_mean_lap.stan', line 68, column 1 to column 21)
	Exception: model_fix_mean_lap_model_namespace::log_prob: Sigma is not positive definite. (in 'model_fix_mean_lap.stan', line 68, column 1 to column 21)
	Exception: model_fix_mean_lap_model_namespace::log_prob: Sigma is not positive definite. (in 'model_fix_mean_lap.stan', line 68, column 1 to column 21)
	Exception: model_fix_mean_lap_model_namespace::log_prob: Sigma is not positive definite. (in 'model_fix_mean_lap.stan', line 68, column 1 to column 21)
	Exception: model_fix_mean_lap_model_namespace::log_prob: Sigma is not positive definite. (in 'model_fix_mean_lap.stan', line 68, column 1 to column 21)
	Exception: model_fix_mean_lap_model_namespace::log_prob: Sigma is not positive definite. (in 'model_fix_mean_lap.stan', line 68, column 1 to column 21)
	Exception: model_fix_mean_lap_model_namespace::log_prob: Sigma is not positive definite. (in 'model_fix_mean_lap.stan', line 68, column 1 to column 21)
	Exception: model_fix_mean_lap_model_namespace::log_prob: Sigma is not positive definite. (in 'model_fix_mean_lap.stan', line 68, column 1 to column 21)
	Exception: model_fix_mean_lap_model_namespace::log_prob: Sigma is not positive definite. (in 'model_fix_mean_lap.stan', line 68, column 1 to column 21)
	Exception: model_fix_mean_lap_model_namespace::log_prob: Sigma is not positive definite. (in 'model_fix_mean_lap.stan', line 68, column 1 to column 21)
	Exception: model_fix_mean_lap_model_namespace::log_prob: Sigma is not positive definite. (in 'model_fix_mean_lap.stan', line 68, column 1 to column 21)
	Exception: model_fix_mean_lap_model_namespace::log_prob: Sigma is not positive definite. (in 'model_fix_mean_lap.stan', line 68, column 1 to column 21)
	Exception: model_fix_mean_lap_model_namespace::log_prob: Sigma is not positive definite. (in 'model_fix_mean_lap.stan', line 68, column 1 to column 21)
	Exception: model_fix_mean_lap_model_namespace::log_prob: Sigma is not positive definite. (in 'model_fix_mean_lap.stan', line 68, column 1 to column 21)
	Exception: model_fix_mean_lap_model_namespace::log_prob: Sigma is not positive definite. (in 'model_fix_mean_lap.stan', line 68, column 1 to column 21)
	Exception: model_fix_mean_lap_model_namespace::log_prob: Sigma is not positive definite. (in 'model_fix_mean_lap.stan', line 68, column 1 to column 21)
	Exception: model_fix_mean_lap_model_namespace::log_prob: Sigma is not positive definite. (in 'model_fix_mean_lap.stan', line 68, column 1 to column 21)
	Exception: model_fix_mean_lap_model_namespace::log_prob: Sigma is not positive definite. (in 'model_fix_mean_lap.stan', line 68, column 1 to column 21)
	Exception: model_fix_mean_lap_model_namespace::log_prob: Sigma is not positive definite. (in 'model_fix_mean_lap.stan', line 68, column 1 to column 21)
	Exception: model_fix_mean_lap_model_namespace::log_prob: Sigma is not positive definite. (in 'model_fix_mean_lap.stan', line 68, column 1 to column 21)
	Exception: model_fix_mean_lap_model_namespace::log_prob: Sigma is not positive definite. (in 'model_fix_mean_lap.stan', line 68, column 1 to column 21)
	Exception: model_fix_mean_lap_model_namespace::log_prob: Sigma is not positive definite. (in 'model_fix_mean_lap.stan', line 68, column 1 to column 21)
	Exception: model_fix_mean_lap_model_namespace::log_prob: Sigma is not positive definite. (in 'model_fix_mean_lap.stan', line 68, column 1 to column 21)
	Exception: model_fix_mean_lap_model_namespace::log_prob: Sigma is not positive definite. (in 'model_fix_mean_lap.stan', line 68, column 1 to column 21)
	Exception: model_fix_mean_lap_model_namespace::log_prob: Sigma is not positive definite. (in 'model_fix_mean_lap.stan', line 68, column 1 to column 21)
	Exception: model_fix_mean_lap_model_namespace::log_prob: Sigma is not positive definite. (in 'model_fix_mean_lap.stan', line 68, column 1 to column 21)
	Exception: model_fix_mean_lap_model_namespace::log_prob: Sigma is not positive definite. (in 'model_fix_mean_lap.stan', line 68, column 1 to column 21)
	Exception: model_fix_mean_lap_model_namespace::log_prob: Sigma is not positive definite. (in 'model_fix_mean_lap.stan', line 68, column 1 to column 21)
	Exception: model_fix_mean_lap_model_namespace::log_prob: Sigma is not positive definite. (in 'model_fix_mean_lap.stan', line 68, column 1 to column 21)
	Exception: model_fix_mean_lap_model_namespace::log_prob: Sigma is not positive definite. (in 'model_fix_mean_lap.stan', line 68, column 1 to column 21)
	Exception: model_fix_mean_lap_model_namespace::log_prob: Sigma is not positive definite. (in 'model_fix_mean_lap.stan', line 68, column 1 to column 21)
	Exception: model_fix_mean_lap_model_namespace::log_prob: Sigma is not positive definite. (in 'model_fix_mean_lap.stan', line 68, column 1 to column 21)
	Exception: model_fix_mean_lap_model_namespace::log_prob: Sigma is not positive definite. (in 'model_fix_mean_lap.stan', line 68, column 1 to column 21)
	Exception: model_fix_mean_lap_model_namespace::log_prob: Sigma is not positive definite. (in 'model_fix_mean_lap.stan', line 68, column 1 to column 21)
	Exception: model_fix_mean_lap_model_namespace::log_prob: Sigma is not positive definite. (in 'model_fix_mean_lap.stan', line 68, column 1 to column 21)
	Exception: model_fix_mean_lap_model_namespace::log_prob: Sigma is not positive definite. (in 'model_fix_mean_lap.stan', line 68, column 1 to column 21)
	Exception: model_fix_mean_lap_model_namespace::log_prob: Sigma is not positive definite. (in 'model_fix_mean_lap.stan', line 68, column 1 to column 21)
	Exception: model_fix_mean_lap_model_namespace::log_prob: Sigma is not positive definite. (in 'model_fix_mean_lap.stan', line 68, column 1 to column 21)
	Exception: model_fix_mean_lap_model_namespace::log_prob: Sigma is not positive definite. (in 'model_fix_mean_lap.stan', line 68, column 1 to column 21)
	Exception: model_fix_mean_lap_model_namespace::log_prob: Sigma is not positive definite. (in 'model_fix_mean_lap.stan', line 68, column 1 to column 21)
	Exception: model_fix_mean_lap_model_namespace::log_prob: Sigma is not positive definite. (in 'model_fix_mean_lap.stan', line 68, column 1 to column 21)
	Exception: model_fix_mean_lap_model_namespace::log_prob: Sigma is not positive definite. (in 'model_fix_mean_lap.stan', line 68, column 1 to column 21)
	Exception: model_fix_mean_lap_model_namespace::log_prob: Sigma is not positive definite. (in 'model_fix_mean_lap.stan', line 68, column 1 to column 21)
	Exception: model_fix_mean_lap_model_namespace::log_prob: Sigma is not positive definite. (in 'model_fix_mean_lap.stan', line 68, column 1 to column 21)
	Exception: model_fix_mean_lap_model_namespace::log_prob: Sigma is not positive definite. (in 'model_fix_mean_lap.stan', line 68, column 1 to column 21)
	Exception: model_fix_mean_lap_model_namespace::log_prob: Sigma is not positive definite. (in 'model_fix_mean_lap.stan', line 68, column 1 to column 21)
	Exception: model_fix_mean_lap_model_namespace::log_prob: Sigma is not positive definite. (in 'model_fix_mean_lap.stan', line 68, column 1 to column 21)
	Exception: model_fix_mean_lap_model_namespace::log_prob: Sigma is not positive definite. (in 'model_fix_mean_lap.stan', line 68, column 1 to column 21)
	Exception: model_fix_mean_lap_model_namespace::log_prob: Sigma is not positive definite. (in 'model_fix_mean_lap.stan', line 68, column 1 to column 21)
	Exception: model_fix_mean_lap_model_namespace::log_prob: Sigma is not positive definite. (in 'model_fix_mean_lap.stan', line 68, column 1 to column 21)
	Exception: model_fix_mean_lap_model_namespace::log_prob: Sigma is not positive definite. (in 'model_fix_mean_lap.stan', line 68, column 1 to column 21)
	Exception: model_fix_mean_lap_model_namespace::log_prob: Sigma is not positive definite. (in 'model_fix_mean_lap.stan', line 68, column 1 to column 21)
	Exception: model_fix_mean_lap_model_namespace::log_prob: Sigma is not positive definite. (in 'model_fix_mean_lap.stan', line 68, column 1 to column 21)
	Exception: model_fix_mean_lap_model_namespace::log_prob: Sigma is not positive definite. (in 'model_fix_mean_lap.stan', line 68, column 1 to column 21)
	Exception: model_fix_mean_lap_model_namespace::log_prob: Sigma is not positive definite. (in 'model_fix_mean_lap.stan', line 68, column 1 to column 21)
	Exception: model_fix_mean_lap_model_namespace::log_prob: Sigma is not positive definite. (in 'model_fix_mean_lap.stan', line 68, column 1 to column 21)
	Exception: model_fix_mean_lap_model_namespace::log_prob: Sigma is not positive definite. (in 'model_fix_mean_lap.stan', line 68, column 1 to column 21)
	Exception: model_fix_mean_lap_model_namespace::log_prob: Sigma is not positive definite. (in 'model_fix_mean_lap.stan', line 68, column 1 to column 21)
	Exception: model_fix_mean_lap_model_namespace::log_prob: Sigma is not positive definite. (in 'model_fix_mean_lap.stan', line 68, column 1 to column 21)
	Exception: model_fix_mean_lap_model_namespace::log_prob: Sigma is not positive definite. (in 'model_fix_mean_lap.stan', line 68, column 1 to column 21)
	Exception: model_fix_mean_lap_model_namespace::log_prob: Sigma is not positive definite. (in 'model_fix_mean_lap.stan', line 68, column 1 to column 21)
	Exception: model_fix_mean_lap_model_namespace::log_prob: Sigma is not positive definite. (in 'model_fix_mean_lap.stan', line 68, column 1 to column 21)
	Exception: model_fix_mean_lap_model_namespace::log_prob: Sigma is not positive definite. (in 'model_fix_mean_lap.stan', line 68, column 1 to column 21)
	Exception: model_fix_mean_lap_model_namespace::log_prob: Sigma is not positive definite. (in 'model_fix_mean_lap.stan', line 68, column 1 to column 21)
	Exception: model_fix_mean_lap_model_namespace::log_prob: Sigma is not positive definite. (in 'model_fix_mean_lap.stan', line 68, column 1 to column 21)
	Exception: model_fix_mean_lap_model_namespace::log_prob: Sigma is not positive definite. (in 'model_fix_mean_lap.stan', line 68, column 1 to column 21)
	Exception: model_fix_mean_lap_model_namespace::log_prob: Sigma is not positive definite. (in 'model_fix_mean_lap.stan', line 68, column 1 to column 21)
	Exception: model_fix_mean_lap_model_namespace::log_prob: Sigma is not positive definite. (in 'model_fix_mean_lap.stan', line 68, column 1 to column 21)
	Exception: model_fix_mean_lap_model_namespace::log_prob: Sigma is not positive definite. (in 'model_fix_mean_lap.stan', line 68, column 1 to column 21)
	Exception: model_fix_mean_lap_model_namespace::log_prob: Sigma is not positive definite. (in 'model_fix_mean_lap.stan', line 68, column 1 to column 21)
	Exception: model_fix_mean_lap_model_namespace::log_prob: Sigma is not positive definite. (in 'model_fix_mean_lap.stan', line 68, column 1 to column 21)
	Exception: model_fix_mean_lap_model_namespace::log_prob: Sigma is not positive definite. (in 'model_fix_mean_lap.stan', line 68, column 1 to column 21)
	Exception: model_fix_mean_lap_model_namespace::log_prob: Sigma is not positive definite. (in 'model_fix_mean_lap.stan', line 68, column 1 to column 21)
	Exception: model_fix_mean_lap_model_namespace::log_prob: Sigma is not positive definite. (in 'model_fix_mean_lap.stan', line 68, column 1 to column 21)
	Exception: model_fix_mean_lap_model_namespace::log_prob: Sigma is not positive definite. (in 'model_fix_mean_lap.stan', line 68, column 1 to column 21)
	Exception: model_fix_mean_lap_model_namespace::log_prob: Sigma is not positive definite. (in 'model_fix_mean_lap.stan', line 68, column 1 to column 21)
	Exception: model_fix_mean_lap_model_namespace::log_prob: Sigma is not positive definite. (in 'model_fix_mean_lap.stan', line 68, column 1 to column 21)
	Exception: model_fix_mean_lap_model_namespace::log_prob: Sigma is not positive definite. (in 'model_fix_mean_lap.stan', line 68, column 1 to column 21)
	Exception: model_fix_mean_lap_model_namespace::log_prob: Sigma is not positive definite. (in 'model_fix_mean_lap.stan', line 68, column 1 to column 21)
	Exception: model_fix_mean_lap_model_namespace::log_prob: Sigma is not positive definite. (in 'model_fix_mean_lap.stan', line 68, column 1 to column 21)
	Exception: model_fix_mean_lap_model_namespace::log_prob: Sigma is not positive definite. (in 'model_fix_mean_lap.stan', line 68, column 1 to column 21)
	Exception: model_fix_mean_lap_model_namespace::log_prob: Sigma is not positive definite. (in 'model_fix_mean_lap.stan', line 68, column 1 to column 21)
	Exception: model_fix_mean_lap_model_namespace::log_prob: Sigma is not positive definite. (in 'model_fix_mean_lap.stan', line 68, column 1 to column 21)
	Exception: model_fix_mean_lap_model_namespace::log_prob: Sigma is not positive definite. (in 'model_fix_mean_lap.stan', line 68, column 1 to column 21)
	Exception: model_fix_mean_lap_model_namespace::log_prob: Sigma is not positive definite. (in 'model_fix_mean_lap.stan', line 68, column 1 to column 21)
	Exception: model_fix_mean_lap_model_namespace::log_prob: Sigma is not positive definite. (in 'model_fix_mean_lap.stan', line 68, column 1 to column 21)
	Exception: model_fix_mean_lap_model_namespace::log_prob: Sigma is not positive definite. (in 'model_fix_mean_lap.stan', line 68, column 1 to column 21)
	Exception: model_fix_mean_lap_model_namespace::log_prob: Sigma is not positive definite. (in 'model_fix_mean_lap.stan', line 68, column 1 to column 21)
	Exception: model_fix_mean_lap_model_namespace::log_prob: Sigma is not positive definite. (in 'model_fix_mean_lap.stan', line 68, column 1 to column 21)
	Exception: model_fix_mean_lap_model_namespace::log_prob: Sigma is not positive definite. (in 'model_fix_mean_lap.stan', line 68, column 1 to column 21)
	Exception: model_fix_mean_lap_model_namespace::log_prob: Sigma is not positive definite. (in 'model_fix_mean_lap.stan', line 68, column 1 to column 21)
	Exception: model_fix_mean_lap_model_namespace::log_prob: Sigma is not positive definite. (in 'model_fix_mean_lap.stan', line 68, column 1 to column 21)
	Exception: model_fix_mean_lap_model_namespace::log_prob: Sigma is not positive definite. (in 'model_fix_mean_lap.stan', line 68, column 1 to column 21)
	Exception: model_fix_mean_lap_model_namespace::log_prob: Sigma is not positive definite. (in 'model_fix_mean_lap.stan', line 68, column 1 to column 21)
	Exception: model_fix_mean_lap_model_namespace::log_prob: Sigma is not positive definite. (in 'model_fix_mean_lap.stan', line 68, column 1 to column 21)
	Exception: model_fix_mean_lap_model_namespace::log_prob: Sigma is not positive definite. (in 'model_fix_mean_lap.stan', line 68, column 1 to column 21)
	Exception: model_fix_mean_lap_model_namespace::log_prob: Sigma is not positive definite. (in 'model_fix_mean_lap.stan', line 68, column 1 to column 21)
	Exception: model_fix_mean_lap_model_namespace::log_prob: Sigma is not positive definite. (in 'model_fix_mean_lap.stan', line 68, column 1 to column 21)
	Exception: model_fix_mean_lap_model_namespace::log_prob: Sigma is not positive definite. (in 'model_fix_mean_lap.stan', line 68, column 1 to column 21)
	Exception: model_fix_mean_lap_model_namespace::log_prob: Sigma is not positive definite. (in 'model_fix_mean_lap.stan', line 68, column 1 to column 21)
	Exception: model_fix_mean_lap_model_namespace::log_prob: Sigma is not positive definite. (in 'model_fix_mean_lap.stan', line 68, column 1 to column 21)
	Exception: model_fix_mean_lap_model_namespace::log_prob: Sigma is not positive definite. (in 'model_fix_mean_lap.stan', line 68, column 1 to column 21)
	Exception: model_fix_mean_lap_model_namespace::log_prob: Sigma is not positive definite. (in 'model_fix_mean_lap.stan', line 68, column 1 to column 21)
	Exception: model_fix_mean_lap_model_namespace::log_prob: Sigma is not positive definite. (in 'model_fix_mean_lap.stan', line 68, column 1 to column 21)
	Exception: model_fix_mean_lap_model_namespace::log_prob: Sigma is not positive definite. (in 'model_fix_mean_lap.stan', line 68, column 1 to column 21)
	Exception: model_fix_mean_lap_model_namespace::log_prob: Sigma is not positive definite. (in 'model_fix_mean_lap.stan', line 68, column 1 to column 21)
	Exception: model_fix_mean_lap_model_namespace::log_prob: Sigma is not positive definite. (in 'model_fix_mean_lap.stan', line 68, column 1 to column 21)
	Exception: model_fix_mean_lap_model_namespace::log_prob: Sigma is not positive definite. (in 'model_fix_mean_lap.stan', line 68, column 1 to column 21)
	Exception: model_fix_mean_lap_model_namespace::log_prob: Sigma is not positive definite. (in 'model_fix_mean_lap.stan', line 68, column 1 to column 21)
	Exception: model_fix_mean_lap_model_namespace::log_prob: Sigma is not positive definite. (in 'model_fix_mean_lap.stan', line 68, column 1 to column 21)
	Exception: model_fix_mean_lap_model_namespace::log_prob: Sigma is not positive definite. (in 'model_fix_mean_lap.stan', line 68, column 1 to column 21)
	Exception: model_fix_mean_lap_model_namespace::log_prob: Sigma is not positive definite. (in 'model_fix_mean_lap.stan', line 68, column 1 to column 21)
	Exception: model_fix_mean_lap_model_namespace::log_prob: Sigma is not positive definite. (in 'model_fix_mean_lap.stan', line 68, column 1 to column 21)
	Exception: model_fix_mean_lap_model_namespace::log_prob: Sigma is not positive definite. (in 'model_fix_mean_lap.stan', line 68, column 1 to column 21)
	Exception: model_fix_mean_lap_model_namespace::log_prob: Sigma is not positive definite. (in 'model_fix_mean_lap.stan', line 68, column 1 to column 21)
	Exception: model_fix_mean_lap_model_namespace::log_prob: Sigma is not positive definite. (in 'model_fix_mean_lap.stan', line 68, column 1 to column 21)
	Exception: model_fix_mean_lap_model_namespace::log_prob: Sigma is not positive definite. (in 'model_fix_mean_lap.stan', line 68, column 1 to column 21)
	Exception: model_fix_mean_lap_model_namespace::log_prob: Sigma is not positive definite. (in 'model_fix_mean_lap.stan', line 68, column 1 to column 21)
	Exception: model_fix_mean_lap_model_namespace::log_prob: Sigma is not positive definite. (in 'model_fix_mean_lap.stan', line 68, column 1 to column 21)
	Exception: model_fix_mean_lap_model_namespace::log_prob: Sigma is not positive definite. (in 'model_fix_mean_lap.stan', line 68, column 1 to column 21)
	Exception: model_fix_mean_lap_model_namespace::log_prob: Sigma is not positive definite. (in 'model_fix_mean_lap.stan', line 68, column 1 to column 21)
	Exception: model_fix_mean_lap_model_namespace::log_prob: Sigma is not positive definite. (in 'model_fix_mean_lap.stan', line 68, column 1 to column 21)
	Exception: model_fix_mean_lap_model_namespace::log_prob: Sigma is not positive definite. (in 'model_fix_mean_lap.stan', line 68, column 1 to column 21)
	Exception: model_fix_mean_lap_model_namespace::log_prob: Sigma is not positive definite. (in 'model_fix_mean_lap.stan', line 68, column 1 to column 21)
	Exception: model_fix_mean_lap_model_namespace::log_prob: Sigma is not positive definite. (in 'model_fix_mean_lap.stan', line 68, column 1 to column 21)
	Exception: model_fix_mean_lap_model_namespace::log_prob: Sigma is not positive definite. (in 'model_fix_mean_lap.stan', line 68, column 1 to column 21)
	Exception: model_fix_mean_lap_model_namespace::log_prob: Sigma is not positive definite. (in 'model_fix_mean_lap.stan', line 68, column 1 to column 21)
	Exception: model_fix_mean_lap_model_namespace::log_prob: Sigma is not positive definite. (in 'model_fix_mean_lap.stan', line 68, column 1 to column 21)
	Exception: model_fix_mean_lap_model_namespace::log_prob: Sigma is not positive definite. (in 'model_fix_mean_lap.stan', line 68, column 1 to column 21)
	Exception: model_fix_mean_lap_model_namespace::log_prob: Sigma is not positive definite. (in 'model_fix_mean_lap.stan', line 68, column 1 to column 21)
	Exception: model_fix_mean_lap_model_namespace::log_prob: Sigma is not positive definite. (in 'model_fix_mean_lap.stan', line 68, column 1 to column 21)
	Exception: model_fix_mean_lap_model_namespace::log_prob: Sigma is not positive definite. (in 'model_fix_mean_lap.stan', line 68, column 1 to column 21)
	Exception: model_fix_mean_lap_model_namespace::log_prob: Sigma is not positive definite. (in 'model_fix_mean_lap.stan', line 68, column 1 to column 21)
	Exception: model_fix_mean_lap_model_namespace::log_prob: Sigma is not positive definite. (in 'model_fix_mean_lap.stan', line 68, column 1 to column 21)
	Exception: model_fix_mean_lap_model_namespace::log_prob: Sigma is not positive definite. (in 'model_fix_mean_lap.stan', line 68, column 1 to column 21)
	Exception: model_fix_mean_lap_model_namespace::log_prob: Sigma is not positive definite. (in 'model_fix_mean_lap.stan', line 68, column 1 to column 21)
	Exception: model_fix_mean_lap_model_namespace::log_prob: Sigma is not positive definite. (in 'model_fix_mean_lap.stan', line 68, column 1 to column 21)
	Exception: model_fix_mean_lap_model_namespace::log_prob: Sigma is not positive definite. (in 'model_fix_mean_lap.stan', line 68, column 1 to column 21)
	Exception: model_fix_mean_lap_model_namespace::log_prob: Sigma is not positive definite. (in 'model_fix_mean_lap.stan', line 68, column 1 to column 21)
	Exception: model_fix_mean_lap_model_namespace::log_prob: Sigma is not positive definite. (in 'model_fix_mean_lap.stan', line 68, column 1 to column 21)
	Exception: model_fix_mean_lap_model_namespace::log_prob: Sigma is not positive definite. (in 'model_fix_mean_lap.stan', line 68, column 1 to column 21)
	Exception: model_fix_mean_lap_model_namespace::log_prob: Sigma is not positive definite. (in 'model_fix_mean_lap.stan', line 68, column 1 to column 21)
	Exception: model_fix_mean_lap_model_namespace::log_prob: Sigma is not positive definite. (in 'model_fix_mean_lap.stan', line 68, column 1 to column 21)
	Exception: model_fix_mean_lap_model_namespace::log_prob: Sigma is not positive definite. (in 'model_fix_mean_lap.stan', line 68, column 1 to column 21)
	Exception: model_fix_mean_lap_model_namespace::log_prob: Sigma is not positive definite. (in 'model_fix_mean_lap.stan', line 68, column 1 to column 21)
	Exception: model_fix_mean_lap_model_namespace::log_prob: Sigma is not positive definite. (in 'model_fix_mean_lap.stan', line 68, column 1 to column 21)
	Exception: model_fix_mean_lap_model_namespace::log_prob: Sigma is not positive definite. (in 'model_fix_mean_lap.stan', line 68, column 1 to column 21)
	Exception: model_fix_mean_lap_model_namespace::log_prob: Sigma is not positive definite. (in 'model_fix_mean_lap.stan', line 68, column 1 to column 21)
	Exception: model_fix_mean_lap_model_namespace::log_prob: Sigma is not positive definite. (in 'model_fix_mean_lap.stan', line 68, column 1 to column 21)
	Exception: model_fix_mean_lap_model_namespace::log_prob: Sigma is not positive definite. (in 'model_fix_mean_lap.stan', line 68, column 1 to column 21)
	Exception: model_fix_mean_lap_model_namespace::log_prob: Sigma is not positive definite. (in 'model_fix_mean_lap.stan', line 68, column 1 to column 21)
	Exception: model_fix_mean_lap_model_namespace::log_prob: Sigma is not positive definite. (in 'model_fix_mean_lap.stan', line 68, column 1 to column 21)
	Exception: model_fix_mean_lap_model_namespace::log_prob: Sigma is not positive definite. (in 'model_fix_mean_lap.stan', line 68, column 1 to column 21)
	Exception: model_fix_mean_lap_model_namespace::log_prob: Sigma is not positive definite. (in 'model_fix_mean_lap.stan', line 68, column 1 to column 21)
	Exception: model_fix_mean_lap_model_namespace::log_prob: Sigma is not positive definite. (in 'model_fix_mean_lap.stan', line 68, column 1 to column 21)
	Exception: model_fix_mean_lap_model_namespace::log_prob: Sigma is not positive definite. (in 'model_fix_mean_lap.stan', line 68, column 1 to column 21)
	Exception: model_fix_mean_lap_model_namespace::log_prob: Sigma is not positive definite. (in 'model_fix_mean_lap.stan', line 68, column 1 to column 21)
	Exception: model_fix_mean_lap_model_namespace::log_prob: Sigma is not positive definite. (in 'model_fix_mean_lap.stan', line 68, column 1 to column 21)
	Exception: model_fix_mean_lap_model_namespace::log_prob: Sigma is not positive definite. (in 'model_fix_mean_lap.stan', line 68, column 1 to column 21)
	Exception: model_fix_mean_lap_model_namespace::log_prob: Sigma is not positive definite. (in 'model_fix_mean_lap.stan', line 68, column 1 to column 21)
	Exception: model_fix_mean_lap_model_namespace::log_prob: Sigma is not positive definite. (in 'model_fix_mean_lap.stan', line 68, column 1 to column 21)
	Exception: model_fix_mean_lap_model_namespace::log_prob: Sigma is not positive definite. (in 'model_fix_mean_lap.stan', line 68, column 1 to column 21)
	Exception: model_fix_mean_lap_model_namespace::log_prob: Sigma is not positive definite. (in 'model_fix_mean_lap.stan', line 68, column 1 to column 21)
	Exception: model_fix_mean_lap_model_namespace::log_prob: Sigma is not positive definite. (in 'model_fix_mean_lap.stan', line 68, column 1 to column 21)
	Exception: model_fix_mean_lap_model_namespace::log_prob: Sigma is not positive definite. (in 'model_fix_mean_lap.stan', line 68, column 1 to column 21)
	Exception: model_fix_mean_lap_model_namespace::log_prob: Sigma is not positive definite. (in 'model_fix_mean_lap.stan', line 68, column 1 to column 21)
	Exception: model_fix_mean_lap_model_namespace::log_prob: Sigma is not positive definite. (in 'model_fix_mean_lap.stan', line 68, column 1 to column 21)
	Exception: model_fix_mean_lap_model_namespace::log_prob: Sigma is not positive definite. (in 'model_fix_mean_lap.stan', line 68, column 1 to column 21)
	Exception: model_fix_mean_lap_model_namespace::log_prob: Sigma is not positive definite. (in 'model_fix_mean_lap.stan', line 68, column 1 to column 21)
	Exception: model_fix_mean_lap_model_namespace::log_prob: Sigma is not positive definite. (in 'model_fix_mean_lap.stan', line 68, column 1 to column 21)
	Exception: model_fix_mean_lap_model_namespace::log_prob: Sigma is not positive definite. (in 'model_fix_mean_lap.stan', line 68, column 1 to column 21)
	Exception: model_fix_mean_lap_model_namespace::log_prob: Sigma is not positive definite. (in 'model_fix_mean_lap.stan', line 68, column 1 to column 21)
	Exception: model_fix_mean_lap_model_namespace::log_prob: Sigma is not positive definite. (in 'model_fix_mean_lap.stan', line 68, column 1 to column 21)
	Exception: model_fix_mean_lap_model_namespace::log_prob: Sigma is not positive definite. (in 'model_fix_mean_lap.stan', line 68, column 1 to column 21)
	Exception: model_fix_mean_lap_model_namespace::log_prob: Sigma is not positive definite. (in 'model_fix_mean_lap.stan', line 68, column 1 to column 21)
	Exception: model_fix_mean_lap_model_namespace::log_prob: Sigma is not positive definite. (in 'model_fix_mean_lap.stan', line 68, column 1 to column 21)
	Exception: model_fix_mean_lap_model_namespace::log_prob: Sigma is not positive definite. (in 'model_fix_mean_lap.stan', line 68, column 1 to column 21)
	Exception: model_fix_mean_lap_model_namespace::log_prob: Sigma is not positive definite. (in 'model_fix_mean_lap.stan', line 68, column 1 to column 21)
	Exception: model_fix_mean_lap_model_namespace::log_prob: Sigma is not positive definite. (in 'model_fix_mean_lap.stan', line 68, column 1 to column 21)
	Exception: model_fix_mean_lap_model_namespace::log_prob: Sigma is not positive definite. (in 'model_fix_mean_lap.stan', line 68, column 1 to column 21)
	Exception: model_fix_mean_lap_model_namespace::log_prob: Sigma is not positive definite. (in 'model_fix_mean_lap.stan', line 68, column 1 to column 21)
	Exception: model_fix_mean_lap_model_namespace::log_prob: Sigma is not positive definite. (in 'model_fix_mean_lap.stan', line 68, column 1 to column 21)
	Exception: model_fix_mean_lap_model_namespace::log_prob: Sigma is not positive definite. (in 'model_fix_mean_lap.stan', line 68, column 1 to column 21)
	Exception: model_fix_mean_lap_model_namespace::log_prob: Sigma is not positive definite. (in 'model_fix_mean_lap.stan', line 68, column 1 to column 21)
	Exception: model_fix_mean_lap_model_namespace::log_prob: Sigma is not positive definite. (in 'model_fix_mean_lap.stan', line 68, column 1 to column 21)
	Exception: model_fix_mean_lap_model_namespace::log_prob: Sigma is not positive definite. (in 'model_fix_mean_lap.stan', line 68, column 1 to column 21)
	Exception: model_fix_mean_lap_model_namespace::log_prob: Sigma is not positive definite. (in 'model_fix_mean_lap.stan', line 68, column 1 to column 21)
	Exception: model_fix_mean_lap_model_namespace::log_prob: Sigma is not positive definite. (in 'model_fix_mean_lap.stan', line 68, column 1 to column 21)
	Exception: model_fix_mean_lap_model_namespace::log_prob: Sigma is not positive definite. (in 'model_fix_mean_lap.stan', line 68, column 1 to column 21)
	Exception: model_fix_mean_lap_model_namespace::log_prob: Sigma is not positive definite. (in 'model_fix_mean_lap.stan', line 68, column 1 to column 21)
	Exception: model_fix_mean_lap_model_namespace::log_prob: Sigma is not positive definite. (in 'model_fix_mean_lap.stan', line 68, column 1 to column 21)
	Exception: model_fix_mean_lap_model_namespace::log_prob: Sigma is not positive definite. (in 'model_fix_mean_lap.stan', line 68, column 1 to column 21)
	Exception: model_fix_mean_lap_model_namespace::log_prob: Sigma is not positive definite. (in 'model_fix_mean_lap.stan', line 68, column 1 to column 21)
	Exception: model_fix_mean_lap_model_namespace::log_prob: Sigma is not positive definite. (in 'model_fix_mean_lap.stan', line 68, column 1 to column 21)
	Exception: model_fix_mean_lap_model_namespace::log_prob: Sigma is not positive definite. (in 'model_fix_mean_lap.stan', line 68, column 1 to column 21)
	Exception: model_fix_mean_lap_model_namespace::log_prob: Sigma is not positive definite. (in 'model_fix_mean_lap.stan', line 68, column 1 to column 21)
	Exception: model_fix_mean_lap_model_namespace::log_prob: Sigma is not positive definite. (in 'model_fix_mean_lap.stan', line 68, column 1 to column 21)
	Exception: model_fix_mean_lap_model_namespace::log_prob: Sigma is not positive definite. (in 'model_fix_mean_lap.stan', line 68, column 1 to column 21)
	Exception: model_fix_mean_lap_model_namespace::log_prob: Sigma is not positive definite. (in 'model_fix_mean_lap.stan', line 68, column 1 to column 21)
	Exception: model_fix_mean_lap_model_namespace::log_prob: Sigma is not positive definite. (in 'model_fix_mean_lap.stan', line 68, column 1 to column 21)
	Exception: model_fix_mean_lap_model_namespace::log_prob: Sigma is not positive definite. (in 'model_fix_mean_lap.stan', line 68, column 1 to column 21)
	Exception: model_fix_mean_lap_model_namespace::log_prob: Sigma is not positive definite. (in 'model_fix_mean_lap.stan', line 68, column 1 to column 21)
	Exception: model_fix_mean_lap_model_namespace::log_prob: Sigma is not positive definite. (in 'model_fix_mean_lap.stan', line 68, column 1 to column 21)
	Exception: model_fix_mean_lap_model_namespace::log_prob: Sigma is not positive definite. (in 'model_fix_mean_lap.stan', line 68, column 1 to column 21)
	Exception: model_fix_mean_lap_model_namespace::log_prob: Sigma is not positive definite. (in 'model_fix_mean_lap.stan', line 68, column 1 to column 21)
	Exception: model_fix_mean_lap_model_namespace::log_prob: Sigma is not positive definite. (in 'model_fix_mean_lap.stan', line 68, column 1 to column 21)
	Exception: model_fix_mean_lap_model_namespace::log_prob: Sigma is not positive definite. (in 'model_fix_mean_lap.stan', line 68, column 1 to column 21)
	Exception: model_fix_mean_lap_model_namespace::log_prob: Sigma is not positive definite. (in 'model_fix_mean_lap.stan', line 68, column 1 to column 21)
	Exception: model_fix_mean_lap_model_namespace::log_prob: Sigma is not positive definite. (in 'model_fix_mean_lap.stan', line 68, column 1 to column 21)
	Exception: model_fix_mean_lap_model_namespace::log_prob: Sigma is not positive definite. (in 'model_fix_mean_lap.stan', line 68, column 1 to column 21)
	Exception: model_fix_mean_lap_model_namespace::log_prob: Sigma is not positive definite. (in 'model_fix_mean_lap.stan', line 68, column 1 to column 21)
	Exception: model_fix_mean_lap_model_namespace::log_prob: Sigma is not positive definite. (in 'model_fix_mean_lap.stan', line 68, column 1 to column 21)
	Exception: model_fix_mean_lap_model_namespace::log_prob: Sigma is not positive definite. (in 'model_fix_mean_lap.stan', line 68, column 1 to column 21)
	Exception: model_fix_mean_lap_model_namespace::log_prob: Sigma is not positive definite. (in 'model_fix_mean_lap.stan', line 68, column 1 to column 21)
	Exception: model_fix_mean_lap_model_namespace::log_prob: Sigma is not positive definite. (in 'model_fix_mean_lap.stan', line 68, column 1 to column 21)
	Exception: model_fix_mean_lap_model_namespace::log_prob: Sigma is not positive definite. (in 'model_fix_mean_lap.stan', line 68, column 1 to column 21)
	Exception: model_fix_mean_lap_model_namespace::log_prob: Sigma is not positive definite. (in 'model_fix_mean_lap.stan', line 68, column 1 to column 21)
	Exception: model_fix_mean_lap_model_namespace::log_prob: Sigma is not positive definite. (in 'model_fix_mean_lap.stan', line 68, column 1 to column 21)
	Exception: model_fix_mean_lap_model_namespace::log_prob: Sigma is not positive definite. (in 'model_fix_mean_lap.stan', line 68, column 1 to column 21)
	Exception: model_fix_mean_lap_model_namespace::log_prob: Sigma is not positive definite. (in 'model_fix_mean_lap.stan', line 68, column 1 to column 21)
	Exception: model_fix_mean_lap_model_namespace::log_prob: Sigma is not positive definite. (in 'model_fix_mean_lap.stan', line 68, column 1 to column 21)
	Exception: model_fix_mean_lap_model_namespace::log_prob: Sigma is not positive definite. (in 'model_fix_mean_lap.stan', line 68, column 1 to column 21)
	Exception: model_fix_mean_lap_model_namespace::log_prob: Sigma is not positive definite. (in 'model_fix_mean_lap.stan', line 68, column 1 to column 21)
	Exception: model_fix_mean_lap_model_namespace::log_prob: Sigma is not positive definite. (in 'model_fix_mean_lap.stan', line 68, column 1 to column 21)
	Exception: model_fix_mean_lap_model_namespace::log_prob: Sigma is not positive definite. (in 'model_fix_mean_lap.stan', line 68, column 1 to column 21)
	Exception: model_fix_mean_lap_model_namespace::log_prob: Sigma is not positive definite. (in 'model_fix_mean_lap.stan', line 68, column 1 to column 21)
	Exception: model_fix_mean_lap_model_namespace::log_prob: Sigma is not positive definite. (in 'model_fix_mean_lap.stan', line 68, column 1 to column 21)
	Exception: model_fix_mean_lap_model_namespace::log_prob: Sigma is not positive definite. (in 'model_fix_mean_lap.stan', line 68, column 1 to column 21)
	Exception: model_fix_mean_lap_model_namespace::log_prob: Sigma is not positive definite. (in 'model_fix_mean_lap.stan', line 68, column 1 to column 21)
	Exception: model_fix_mean_lap_model_namespace::log_prob: Sigma is not positive definite. (in 'model_fix_mean_lap.stan', line 68, column 1 to column 21)
	Exception: model_fix_mean_lap_model_namespace::log_prob: Sigma is not positive definite. (in 'model_fix_mean_lap.stan', line 68, column 1 to column 21)
	Exception: model_fix_mean_lap_model_namespace::log_prob: Sigma is not positive definite. (in 'model_fix_mean_lap.stan', line 68, column 1 to column 21)
	Exception: model_fix_mean_lap_model_namespace::log_prob: Sigma is not positive definite. (in 'model_fix_mean_lap.stan', line 68, column 1 to column 21)
	Exception: model_fix_mean_lap_model_namespace::log_prob: Sigma is not positive definite. (in 'model_fix_mean_lap.stan', line 68, column 1 to column 21)
	Exception: model_fix_mean_lap_model_namespace::log_prob: Sigma is not positive definite. (in 'model_fix_mean_lap.stan', line 68, column 1 to column 21)
	Exception: model_fix_mean_lap_model_namespace::log_prob: Sigma is not positive definite. (in 'model_fix_mean_lap.stan', line 68, column 1 to column 21)
	Exception: model_fix_mean_lap_model_namespace::log_prob: Sigma is not positive definite. (in 'model_fix_mean_lap.stan', line 68, column 1 to column 21)
	Exception: model_fix_mean_lap_model_namespace::log_prob: Sigma is not positive definite. (in 'model_fix_mean_lap.stan', line 68, column 1 to column 21)
	Exception: model_fix_mean_lap_model_namespace::log_prob: Sigma is not positive definite. (in 'model_fix_mean_lap.stan', line 68, column 1 to column 21)
	Exception: model_fix_mean_lap_model_namespace::log_prob: Sigma is not positive definite. (in 'model_fix_mean_lap.stan', line 68, column 1 to column 21)
	Exception: model_fix_mean_lap_model_namespace::log_prob: Sigma is not positive definite. (in 'model_fix_mean_lap.stan', line 68, column 1 to column 21)
	Exception: model_fix_mean_lap_model_namespace::log_prob: Sigma is not positive definite. (in 'model_fix_mean_lap.stan', line 68, column 1 to column 21)
	Exception: model_fix_mean_lap_model_namespace::log_prob: Sigma is not positive definite. (in 'model_fix_mean_lap.stan', line 68, column 1 to column 21)
	Exception: model_fix_mean_lap_model_namespace::log_prob: Sigma is not positive definite. (in 'model_fix_mean_lap.stan', line 68, column 1 to column 21)
	Exception: model_fix_mean_lap_model_namespace::log_prob: Sigma is not positive definite. (in 'model_fix_mean_lap.stan', line 68, column 1 to column 21)
	Exception: model_fix_mean_lap_model_namespace::log_prob: Sigma is not positive definite. (in 'model_fix_mean_lap.stan', line 68, column 1 to column 21)
	Exception: model_fix_mean_lap_model_namespace::log_prob: Sigma is not positive definite. (in 'model_fix_mean_lap.stan', line 68, column 1 to column 21)
	Exception: model_fix_mean_lap_model_namespace::log_prob: Sigma is not positive definite. (in 'model_fix_mean_lap.stan', line 68, column 1 to column 21)
	Exception: model_fix_mean_lap_model_namespace::log_prob: Sigma is not positive definite. (in 'model_fix_mean_lap.stan', line 68, column 1 to column 21)
	Exception: model_fix_mean_lap_model_namespace::log_prob: Sigma is not positive definite. (in 'model_fix_mean_lap.stan', line 68, column 1 to column 21)
	Exception: model_fix_mean_lap_model_namespace::log_prob: Sigma is not positive definite. (in 'model_fix_mean_lap.stan', line 68, column 1 to column 21)
	Exception: model_fix_mean_lap_model_namespace::log_prob: Sigma is not positive definite. (in 'model_fix_mean_lap.stan', line 68, column 1 to column 21)
	Exception: model_fix_mean_lap_model_namespace::log_prob: Sigma is not positive definite. (in 'model_fix_mean_lap.stan', line 68, column 1 to column 21)
	Exception: model_fix_mean_lap_model_namespace::log_prob: Sigma is not positive definite. (in 'model_fix_mean_lap.stan', line 68, column 1 to column 21)
	Exception: model_fix_mean_lap_model_namespace::log_prob: Sigma is not positive definite. (in 'model_fix_mean_lap.stan', line 68, column 1 to column 21)
	Exception: model_fix_mean_lap_model_namespace::log_prob: Sigma is not positive definite. (in 'model_fix_mean_lap.stan', line 68, column 1 to column 21)
	Exception: model_fix_mean_lap_model_namespace::log_prob: Sigma is not positive definite. (in 'model_fix_mean_lap.stan', line 68, column 1 to column 21)
	Exception: model_fix_mean_lap_model_namespace::log_prob: Sigma is not positive definite. (in 'model_fix_mean_lap.stan', line 68, column 1 to column 21)
	Exception: model_fix_mean_lap_model_namespace::log_prob: Sigma is not positive definite. (in 'model_fix_mean_lap.stan', line 68, column 1 to column 21)
	Exception: model_fix_mean_lap_model_namespace::log_prob: Sigma is not positive definite. (in 'model_fix_mean_lap.stan', line 68, column 1 to column 21)
	Exception: model_fix_mean_lap_model_namespace::log_prob: Sigma is not positive definite. (in 'model_fix_mean_lap.stan', line 68, column 1 to column 21)
	Exception: model_fix_mean_lap_model_namespace::log_prob: Sigma is not positive definite. (in 'model_fix_mean_lap.stan', line 68, column 1 to column 21)
	Exception: model_fix_mean_lap_model_namespace::log_prob: Sigma is not positive definite. (in 'model_fix_mean_lap.stan', line 68, column 1 to column 21)
	Exception: model_fix_mean_lap_model_namespace::log_prob: Sigma is not positive definite. (in 'model_fix_mean_lap.stan', line 68, column 1 to column 21)
	Exception: model_fix_mean_lap_model_namespace::log_prob: Sigma is not positive definite. (in 'model_fix_mean_lap.stan', line 68, column 1 to column 21)
	Exception: model_fix_mean_lap_model_namespace::log_prob: Sigma is not positive definite. (in 'model_fix_mean_lap.stan', line 68, column 1 to column 21)
	Exception: model_fix_mean_lap_model_namespace::log_prob: Sigma is not positive definite. (in 'model_fix_mean_lap.stan', line 68, column 1 to column 21)
	Exception: model_fix_mean_lap_model_namespace::log_prob: Sigma is not positive definite. (in 'model_fix_mean_lap.stan', line 68, column 1 to column 21)
	Exception: model_fix_mean_lap_model_namespace::log_prob: Sigma is not positive definite. (in 'model_fix_mean_lap.stan', line 68, column 1 to column 21)
	Exception: model_fix_mean_lap_model_namespace::log_prob: Sigma is not positive definite. (in 'model_fix_mean_lap.stan', line 68, column 1 to column 21)
	Exception: model_fix_mean_lap_model_namespace::log_prob: Sigma is not positive definite. (in 'model_fix_mean_lap.stan', line 68, column 1 to column 21)
	Exception: model_fix_mean_lap_model_namespace::log_prob: Sigma is not positive definite. (in 'model_fix_mean_lap.stan', line 68, column 1 to column 21)
	Exception: model_fix_mean_lap_model_namespace::log_prob: Sigma is not positive definite. (in 'model_fix_mean_lap.stan', line 68, column 1 to column 21)
	Exception: model_fix_mean_lap_model_namespace::log_prob: Sigma is not positive definite. (in 'model_fix_mean_lap.stan', line 68, column 1 to column 21)
	Exception: model_fix_mean_lap_model_namespace::log_prob: Sigma is not positive definite. (in 'model_fix_mean_lap.stan', line 68, column 1 to column 21)
	Exception: model_fix_mean_lap_model_namespace::log_prob: Sigma is not positive definite. (in 'model_fix_mean_lap.stan', line 68, column 1 to column 21)
	Exception: model_fix_mean_lap_model_namespace::log_prob: Sigma is not positive definite. (in 'model_fix_mean_lap.stan', line 68, column 1 to column 21)
	Exception: model_fix_mean_lap_model_namespace::log_prob: Sigma is not positive definite. (in 'model_fix_mean_lap.stan', line 68, column 1 to column 21)
	Exception: model_fix_mean_lap_model_namespace::log_prob: Sigma is not positive definite. (in 'model_fix_mean_lap.stan', line 68, column 1 to column 21)
	Exception: model_fix_mean_lap_model_namespace::log_prob: Sigma is not positive definite. (in 'model_fix_mean_lap.stan', line 68, column 1 to column 21)
	Exception: model_fix_mean_lap_model_namespace::log_prob: Sigma is not positive definite. (in 'model_fix_mean_lap.stan', line 68, column 1 to column 21)
	Exception: model_fix_mean_lap_model_namespace::log_prob: Sigma is not positive definite. (in 'model_fix_mean_lap.stan', line 68, column 1 to column 21)
	Exception: model_fix_mean_lap_model_namespace::log_prob: Sigma is not positive definite. (in 'model_fix_mean_lap.stan', line 68, column 1 to column 21)
	Exception: model_fix_mean_lap_model_namespace::log_prob: Sigma is not positive definite. (in 'model_fix_mean_lap.stan', line 68, column 1 to column 21)
	Exception: model_fix_mean_lap_model_namespace::log_prob: Sigma is not positive definite. (in 'model_fix_mean_lap.stan', line 68, column 1 to column 21)
	Exception: model_fix_mean_lap_model_namespace::log_prob: Sigma is not positive definite. (in 'model_fix_mean_lap.stan', line 68, column 1 to column 21)
	Exception: model_fix_mean_lap_model_namespace::log_prob: Sigma is not positive definite. (in 'model_fix_mean_lap.stan', line 68, column 1 to column 21)
	Exception: model_fix_mean_lap_model_namespace::log_prob: Sigma is not positive definite. (in 'model_fix_mean_lap.stan', line 68, column 1 to column 21)
	Exception: model_fix_mean_lap_model_namespace::log_prob: Sigma is not positive definite. (in 'model_fix_mean_lap.stan', line 68, column 1 to column 21)
	Exception: model_fix_mean_lap_model_namespace::log_prob: Sigma is not positive definite. (in 'model_fix_mean_lap.stan', line 68, column 1 to column 21)
	Exception: model_fix_mean_lap_model_namespace::log_prob: Sigma is not positive definite. (in 'model_fix_mean_lap.stan', line 68, column 1 to column 21)
	Exception: model_fix_mean_lap_model_namespace::log_prob: Sigma is not positive definite. (in 'model_fix_mean_lap.stan', line 68, column 1 to column 21)
	Exception: model_fix_mean_lap_model_namespace::log_prob: Sigma is not positive definite. (in 'model_fix_mean_lap.stan', line 68, column 1 to column 21)
	Exception: model_fix_mean_lap_model_namespace::log_prob: Sigma is not positive definite. (in 'model_fix_mean_lap.stan', line 68, column 1 to column 21)
	Exception: model_fix_mean_lap_model_namespace::log_prob: Sigma is not positive definite. (in 'model_fix_mean_lap.stan', line 68, column 1 to column 21)
	Exception: model_fix_mean_lap_model_namespace::log_prob: Sigma is not positive definite. (in 'model_fix_mean_lap.stan', line 68, column 1 to column 21)
	Exception: model_fix_mean_lap_model_namespace::log_prob: Sigma is not positive definite. (in 'model_fix_mean_lap.stan', line 68, column 1 to column 21)
	Exception: model_fix_mean_lap_model_namespace::log_prob: Sigma is not positive definite. (in 'model_fix_mean_lap.stan', line 68, column 1 to column 21)
	Exception: model_fix_mean_lap_model_namespace::log_prob: Sigma is not positive definite. (in 'model_fix_mean_lap.stan', line 68, column 1 to column 21)
	Exception: model_fix_mean_lap_model_namespace::log_prob: Sigma is not positive definite. (in 'model_fix_mean_lap.stan', line 68, column 1 to column 21)
	Exception: model_fix_mean_lap_model_namespace::log_prob: Sigma is not positive definite. (in 'model_fix_mean_lap.stan', line 68, column 1 to column 21)
	Exception: model_fix_mean_lap_model_namespace::log_prob: Sigma is not positive definite. (in 'model_fix_mean_lap.stan', line 68, column 1 to column 21)
	Exception: model_fix_mean_lap_model_namespace::log_prob: Sigma is not positive definite. (in 'model_fix_mean_lap.stan', line 68, column 1 to column 21)
	Exception: model_fix_mean_lap_model_namespace::log_prob: Sigma is not positive definite. (in 'model_fix_mean_lap.stan', line 68, column 1 to column 21)
	Exception: model_fix_mean_lap_model_namespace::log_prob: Sigma is not positive definite. (in 'model_fix_mean_lap.stan', line 68, column 1 to column 21)
	Exception: model_fix_mean_lap_model_namespace::log_prob: Sigma is not positive definite. (in 'model_fix_mean_lap.stan', line 68, column 1 to column 21)
	Exception: model_fix_mean_lap_model_namespace::log_prob: Sigma is not positive definite. (in 'model_fix_mean_lap.stan', line 68, column 1 to column 21)
	Exception: model_fix_mean_lap_model_namespace::log_prob: Sigma is not positive definite. (in 'model_fix_mean_lap.stan', line 68, column 1 to column 21)
	Exception: model_fix_mean_lap_model_namespace::log_prob: Sigma is not positive definite. (in 'model_fix_mean_lap.stan', line 68, column 1 to column 21)
	Exception: model_fix_mean_lap_model_namespace::log_prob: Sigma is not positive definite. (in 'model_fix_mean_lap.stan', line 68, column 1 to column 21)
	Exception: model_fix_mean_lap_model_namespace::log_prob: Sigma is not positive definite. (in 'model_fix_mean_lap.stan', line 68, column 1 to column 21)
	Exception: model_fix_mean_lap_model_namespace::log_prob: Sigma is not positive definite. (in 'model_fix_mean_lap.stan', line 68, column 1 to column 21)
	Exception: model_fix_mean_lap_model_namespace::log_prob: Sigma is not positive definite. (in 'model_fix_mean_lap.stan', line 68, column 1 to column 21)
	Exception: model_fix_mean_lap_model_namespace::log_prob: Sigma is not positive definite. (in 'model_fix_mean_lap.stan', line 68, column 1 to column 21)
	Exception: model_fix_mean_lap_model_namespace::log_prob: Sigma is not positive definite. (in 'model_fix_mean_lap.stan', line 68, column 1 to column 21)
	Exception: model_fix_mean_lap_model_namespace::log_prob: Sigma is not positive definite. (in 'model_fix_mean_lap.stan', line 68, column 1 to column 21)
	Exception: model_fix_mean_lap_model_namespace::log_prob: Sigma is not positive definite. (in 'model_fix_mean_lap.stan', line 68, column 1 to column 21)
	Exception: model_fix_mean_lap_model_namespace::log_prob: Sigma is not positive definite. (in 'model_fix_mean_lap.stan', line 68, column 1 to column 21)
	Exception: model_fix_mean_lap_model_namespace::log_prob: Sigma is not positive definite. (in 'model_fix_mean_lap.stan', line 68, column 1 to column 21)
	Exception: model_fix_mean_lap_model_namespace::log_prob: Sigma is not positive definite. (in 'model_fix_mean_lap.stan', line 68, column 1 to column 21)
	Exception: model_fix_mean_lap_model_namespace::log_prob: Sigma is not positive definite. (in 'model_fix_mean_lap.stan', line 68, column 1 to column 21)
	Exception: model_fix_mean_lap_model_namespace::log_prob: Sigma is not positive definite. (in 'model_fix_mean_lap.stan', line 68, column 1 to column 21)
	Exception: model_fix_mean_lap_model_namespace::log_prob: Sigma is not positive definite. (in 'model_fix_mean_lap.stan', line 68, column 1 to column 21)
	Exception: model_fix_mean_lap_model_namespace::log_prob: Sigma is not positive definite. (in 'model_fix_mean_lap.stan', line 68, column 1 to column 21)
	Exception: model_fix_mean_lap_model_namespace::log_prob: Sigma is not positive definite. (in 'model_fix_mean_lap.stan', line 68, column 1 to column 21)
	Exception: model_fix_mean_lap_model_namespace::log_prob: Sigma is not positive definite. (in 'model_fix_mean_lap.stan', line 68, column 1 to column 21)
	Exception: model_fix_mean_lap_model_namespace::log_prob: Sigma is not positive definite. (in 'model_fix_mean_lap.stan', line 68, column 1 to column 21)
	Exception: model_fix_mean_lap_model_namespace::log_prob: Sigma is not positive definite. (in 'model_fix_mean_lap.stan', line 68, column 1 to column 21)
	Exception: model_fix_mean_lap_model_namespace::log_prob: Sigma is not positive definite. (in 'model_fix_mean_lap.stan', line 68, column 1 to column 21)
	Exception: model_fix_mean_lap_model_namespace::log_prob: Sigma is not positive definite. (in 'model_fix_mean_lap.stan', line 68, column 1 to column 21)
	Exception: model_fix_mean_lap_model_namespace::log_prob: Sigma is not positive definite. (in 'model_fix_mean_lap.stan', line 68, column 1 to column 21)
	Exception: model_fix_mean_lap_model_namespace::log_prob: Sigma is not positive definite. (in 'model_fix_mean_lap.stan', line 68, column 1 to column 21)
	Exception: model_fix_mean_lap_model_namespace::log_prob: Sigma is not positive definite. (in 'model_fix_mean_lap.stan', line 68, column 1 to column 21)
	Exception: model_fix_mean_lap_model_namespace::log_prob: Sigma is not positive definite. (in 'model_fix_mean_lap.stan', line 68, column 1 to column 21)
	Exception: model_fix_mean_lap_model_namespace::log_prob: Sigma is not positive definite. (in 'model_fix_mean_lap.stan', line 68, column 1 to column 21)
	Exception: model_fix_mean_lap_model_namespace::log_prob: Sigma is not positive definite. (in 'model_fix_mean_lap.stan', line 68, column 1 to column 21)
	Exception: model_fix_mean_lap_model_namespace::log_prob: Sigma is not positive definite. (in 'model_fix_mean_lap.stan', line 68, column 1 to column 21)
	Exception: model_fix_mean_lap_model_namespace::log_prob: Sigma is not positive definite. (in 'model_fix_mean_lap.stan', line 68, column 1 to column 21)
	Exception: model_fix_mean_lap_model_namespace::log_prob: Sigma is not positive definite. (in 'model_fix_mean_lap.stan', line 68, column 1 to column 21)
	Exception: model_fix_mean_lap_model_namespace::log_prob: Sigma is not positive definite. (in 'model_fix_mean_lap.stan', line 68, column 1 to column 21)
	Exception: model_fix_mean_lap_model_namespace::log_prob: Sigma is not positive definite. (in 'model_fix_mean_lap.stan', line 68, column 1 to column 21)
	Exception: model_fix_mean_lap_model_namespace::log_prob: Sigma is not positive definite. (in 'model_fix_mean_lap.stan', line 68, column 1 to column 21)
	Exception: model_fix_mean_lap_model_namespace::log_prob: Sigma is not positive definite. (in 'model_fix_mean_lap.stan', line 68, column 1 to column 21)
	Exception: model_fix_mean_lap_model_namespace::log_prob: Sigma is not positive definite. (in 'model_fix_mean_lap.stan', line 68, column 1 to column 21)
	Exception: model_fix_mean_lap_model_namespace::log_prob: Sigma is not positive definite. (in 'model_fix_mean_lap.stan', line 68, column 1 to column 21)
	Exception: model_fix_mean_lap_model_namespace::log_prob: Sigma is not positive definite. (in 'model_fix_mean_lap.stan', line 68, column 1 to column 21)
	Exception: model_fix_mean_lap_model_namespace::log_prob: Sigma is not positive definite. (in 'model_fix_mean_lap.stan', line 68, column 1 to column 21)
	Exception: model_fix_mean_lap_model_namespace::log_prob: Sigma is not positive definite. (in 'model_fix_mean_lap.stan', line 68, column 1 to column 21)
	Exception: model_fix_mean_lap_model_namespace::log_prob: Sigma is not positive definite. (in 'model_fix_mean_lap.stan', line 68, column 1 to column 21)
	Exception: model_fix_mean_lap_model_namespace::log_prob: Sigma is not positive definite. (in 'model_fix_mean_lap.stan', line 68, column 1 to column 21)
	Exception: model_fix_mean_lap_model_namespace::log_prob: Sigma is not positive definite. (in 'model_fix_mean_lap.stan', line 68, column 1 to column 21)
	Exception: model_fix_mean_lap_model_namespace::log_prob: Sigma is not positive definite. (in 'model_fix_mean_lap.stan', line 68, column 1 to column 21)
	Exception: model_fix_mean_lap_model_namespace::log_prob: Sigma is not positive definite. (in 'model_fix_mean_lap.stan', line 68, column 1 to column 21)
	Exception: model_fix_mean_lap_model_namespace::log_prob: Sigma is not positive definite. (in 'model_fix_mean_lap.stan', line 68, column 1 to column 21)
	Exception: model_fix_mean_lap_model_namespace::log_prob: Sigma is not positive definite. (in 'model_fix_mean_lap.stan', line 68, column 1 to column 21)
	Exception: model_fix_mean_lap_model_namespace::log_prob: Sigma is not positive definite. (in 'model_fix_mean_lap.stan', line 68, column 1 to column 21)
	Exception: model_fix_mean_lap_model_namespace::log_prob: Sigma is not positive definite. (in 'model_fix_mean_lap.stan', line 68, column 1 to column 21)
	Exception: model_fix_mean_lap_model_namespace::log_prob: Sigma is not positive definite. (in 'model_fix_mean_lap.stan', line 68, column 1 to column 21)
	Exception: model_fix_mean_lap_model_namespace::log_prob: Sigma is not positive definite. (in 'model_fix_mean_lap.stan', line 68, column 1 to column 21)
	Exception: model_fix_mean_lap_model_namespace::log_prob: Sigma is not positive definite. (in 'model_fix_mean_lap.stan', line 68, column 1 to column 21)
	Exception: model_fix_mean_lap_model_namespace::log_prob: Sigma is not positive definite. (in 'model_fix_mean_lap.stan', line 68, column 1 to column 21)
	Exception: model_fix_mean_lap_model_namespace::log_prob: Sigma is not positive definite. (in 'model_fix_mean_lap.stan', line 68, column 1 to column 21)
	Exception: model_fix_mean_lap_model_namespace::log_prob: Sigma is not positive definite. (in 'model_fix_mean_lap.stan', line 68, column 1 to column 21)
	Exception: model_fix_mean_lap_model_namespace::log_prob: Sigma is not positive definite. (in 'model_fix_mean_lap.stan', line 68, column 1 to column 21)
	Exception: model_fix_mean_lap_model_namespace::log_prob: Sigma is not positive definite. (in 'model_fix_mean_lap.stan', line 68, column 1 to column 21)
	Exception: model_fix_mean_lap_model_namespace::log_prob: Sigma is not positive definite. (in 'model_fix_mean_lap.stan', line 68, column 1 to column 21)
	Exception: model_fix_mean_lap_model_namespace::log_prob: Sigma is not positive definite. (in 'model_fix_mean_lap.stan', line 68, column 1 to column 21)
	Exception: model_fix_mean_lap_model_namespace::log_prob: Sigma is not positive definite. (in 'model_fix_mean_lap.stan', line 68, column 1 to column 21)
	Exception: model_fix_mean_lap_model_namespace::log_prob: Sigma is not positive definite. (in 'model_fix_mean_lap.stan', line 68, column 1 to column 21)
	Exception: model_fix_mean_lap_model_namespace::log_prob: Sigma is not positive definite. (in 'model_fix_mean_lap.stan', line 68, column 1 to column 21)
	Exception: model_fix_mean_lap_model_namespace::log_prob: Sigma is not positive definite. (in 'model_fix_mean_lap.stan', line 68, column 1 to column 21)
	Exception: model_fix_mean_lap_model_namespace::log_prob: Sigma is not positive definite. (in 'model_fix_mean_lap.stan', line 68, column 1 to column 21)
	Exception: model_fix_mean_lap_model_namespace::log_prob: Sigma is not positive definite. (in 'model_fix_mean_lap.stan', line 68, column 1 to column 21)
	Exception: model_fix_mean_lap_model_namespace::log_prob: Sigma is not positive definite. (in 'model_fix_mean_lap.stan', line 68, column 1 to column 21)
	Exception: model_fix_mean_lap_model_namespace::log_prob: Sigma is not positive definite. (in 'model_fix_mean_lap.stan', line 68, column 1 to column 21)
	Exception: model_fix_mean_lap_model_namespace::log_prob: Sigma is not positive definite. (in 'model_fix_mean_lap.stan', line 68, column 1 to column 21)
	Exception: model_fix_mean_lap_model_namespace::log_prob: Sigma is not positive definite. (in 'model_fix_mean_lap.stan', line 68, column 1 to column 21)
	Exception: model_fix_mean_lap_model_namespace::log_prob: Sigma is not positive definite. (in 'model_fix_mean_lap.stan', line 68, column 1 to column 21)
	Exception: model_fix_mean_lap_model_namespace::log_prob: Sigma is not positive definite. (in 'model_fix_mean_lap.stan', line 68, column 1 to column 21)
	Exception: model_fix_mean_lap_model_namespace::log_prob: Sigma is not positive definite. (in 'model_fix_mean_lap.stan', line 68, column 1 to column 21)
	Exception: model_fix_mean_lap_model_namespace::log_prob: Sigma is not positive definite. (in 'model_fix_mean_lap.stan', line 68, column 1 to column 21)
	Exception: model_fix_mean_lap_model_namespace::log_prob: Sigma is not positive definite. (in 'model_fix_mean_lap.stan', line 68, column 1 to column 21)
	Exception: model_fix_mean_lap_model_namespace::log_prob: Sigma is not positive definite. (in 'model_fix_mean_lap.stan', line 68, column 1 to column 21)
	Exception: model_fix_mean_lap_model_namespace::log_prob: Sigma is not positive definite. (in 'model_fix_mean_lap.stan', line 68, column 1 to column 21)
	Exception: model_fix_mean_lap_model_namespace::log_prob: Sigma is not positive definite. (in 'model_fix_mean_lap.stan', line 68, column 1 to column 21)
	Exception: model_fix_mean_lap_model_namespace::log_prob: Sigma is not positive definite. (in 'model_fix_mean_lap.stan', line 68, column 1 to column 21)
	Exception: model_fix_mean_lap_model_namespace::log_prob: Sigma is not positive definite. (in 'model_fix_mean_lap.stan', line 68, column 1 to column 21)
	Exception: model_fix_mean_lap_model_namespace::log_prob: Sigma is not positive definite. (in 'model_fix_mean_lap.stan', line 68, column 1 to column 21)
	Exception: model_fix_mean_lap_model_namespace::log_prob: Sigma is not positive definite. (in 'model_fix_mean_lap.stan', line 68, column 1 to column 21)
	Exception: model_fix_mean_lap_model_namespace::log_prob: Sigma is not positive definite. (in 'model_fix_mean_lap.stan', line 68, column 1 to column 21)
	Exception: model_fix_mean_lap_model_namespace::log_prob: Sigma is not positive definite. (in 'model_fix_mean_lap.stan', line 68, column 1 to column 21)
	Exception: model_fix_mean_lap_model_namespace::log_prob: Sigma is not positive definite. (in 'model_fix_mean_lap.stan', line 68, column 1 to column 21)
	Exception: model_fix_mean_lap_model_namespace::log_prob: Sigma is not positive definite. (in 'model_fix_mean_lap.stan', line 68, column 1 to column 21)
	Exception: model_fix_mean_lap_model_namespace::log_prob: Sigma is not positive definite. (in 'model_fix_mean_lap.stan', line 68, column 1 to column 21)
	Exception: model_fix_mean_lap_model_namespace::log_prob: Sigma is not positive definite. (in 'model_fix_mean_lap.stan', line 68, column 1 to column 21)
	Exception: model_fix_mean_lap_model_namespace::log_prob: Sigma is not positive definite. (in 'model_fix_mean_lap.stan', line 68, column 1 to column 21)
	Exception: model_fix_mean_lap_model_namespace::log_prob: Sigma is not positive definite. (in 'model_fix_mean_lap.stan', line 68, column 1 to column 21)
	Exception: model_fix_mean_lap_model_namespace::log_prob: Sigma is not positive definite. (in 'model_fix_mean_lap.stan', line 68, column 1 to column 21)
	Exception: model_fix_mean_lap_model_namespace::log_prob: Sigma is not positive definite. (in 'model_fix_mean_lap.stan', line 68, column 1 to column 21)
	Exception: model_fix_mean_lap_model_namespace::log_prob: Sigma is not positive definite. (in 'model_fix_mean_lap.stan', line 68, column 1 to column 21)
	Exception: model_fix_mean_lap_model_namespace::log_prob: Sigma is not positive definite. (in 'model_fix_mean_lap.stan', line 68, column 1 to column 21)
	Exception: model_fix_mean_lap_model_namespace::log_prob: Sigma is not positive definite. (in 'model_fix_mean_lap.stan', line 68, column 1 to column 21)
	Exception: model_fix_mean_lap_model_namespace::log_prob: Sigma is not positive definite. (in 'model_fix_mean_lap.stan', line 68, column 1 to column 21)
	Exception: model_fix_mean_lap_model_namespace::log_prob: Sigma is not positive definite. (in 'model_fix_mean_lap.stan', line 68, column 1 to column 21)
	Exception: model_fix_mean_lap_model_namespace::log_prob: Sigma is not positive definite. (in 'model_fix_mean_lap.stan', line 68, column 1 to column 21)
	Exception: model_fix_mean_lap_model_namespace::log_prob: Sigma is not positive definite. (in 'model_fix_mean_lap.stan', line 68, column 1 to column 21)
	Exception: model_fix_mean_lap_model_namespace::log_prob: Sigma is not positive definite. (in 'model_fix_mean_lap.stan', line 68, column 1 to column 21)
	Exception: model_fix_mean_lap_model_namespace::log_prob: Sigma is not positive definite. (in 'model_fix_mean_lap.stan', line 68, column 1 to column 21)
	Exception: model_fix_mean_lap_model_namespace::log_prob: Sigma is not positive definite. (in 'model_fix_mean_lap.stan', line 68, column 1 to column 21)
	Exception: model_fix_mean_lap_model_namespace::log_prob: Sigma is not positive definite. (in 'model_fix_mean_lap.stan', line 68, column 1 to column 21)
	Exception: model_fix_mean_lap_model_namespace::log_prob: Sigma is not positive definite. (in 'model_fix_mean_lap.stan', line 68, column 1 to column 21)
	Exception: model_fix_mean_lap_model_namespace::log_prob: Sigma is not positive definite. (in 'model_fix_mean_lap.stan', line 68, column 1 to column 21)
	Exception: model_fix_mean_lap_model_namespace::log_prob: Sigma is not positive definite. (in 'model_fix_mean_lap.stan', line 68, column 1 to column 21)
	Exception: model_fix_mean_lap_model_namespace::log_prob: Sigma is not positive definite. (in 'model_fix_mean_lap.stan', line 68, column 1 to column 21)
	Exception: model_fix_mean_lap_model_namespace::log_prob: Sigma is not positive definite. (in 'model_fix_mean_lap.stan', line 68, column 1 to column 21)
	Exception: model_fix_mean_lap_model_namespace::log_prob: Sigma is not positive definite. (in 'model_fix_mean_lap.stan', line 68, column 1 to column 21)
	Exception: model_fix_mean_lap_model_namespace::log_prob: Sigma is not positive definite. (in 'model_fix_mean_lap.stan', line 68, column 1 to column 21)
	Exception: model_fix_mean_lap_model_namespace::log_prob: Sigma is not positive definite. (in 'model_fix_mean_lap.stan', line 68, column 1 to column 21)
	Exception: model_fix_mean_lap_model_namespace::log_prob: Sigma is not positive definite. (in 'model_fix_mean_lap.stan', line 68, column 1 to column 21)
	Exception: model_fix_mean_lap_model_namespace::log_prob: Sigma is not positive definite. (in 'model_fix_mean_lap.stan', line 68, column 1 to column 21)
	Exception: model_fix_mean_lap_model_namespace::log_prob: Sigma is not positive definite. (in 'model_fix_mean_lap.stan', line 68, column 1 to column 21)
	Exception: model_fix_mean_lap_model_namespace::log_prob: Sigma is not positive definite. (in 'model_fix_mean_lap.stan', line 68, column 1 to column 21)
	Exception: model_fix_mean_lap_model_namespace::log_prob: Sigma is not positive definite. (in 'model_fix_mean_lap.stan', line 68, column 1 to column 21)
	Exception: model_fix_mean_lap_model_namespace::log_prob: Sigma is not positive definite. (in 'model_fix_mean_lap.stan', line 68, column 1 to column 21)
	Exception: model_fix_mean_lap_model_namespace::log_prob: Sigma is not positive definite. (in 'model_fix_mean_lap.stan', line 68, column 1 to column 21)
	Exception: model_fix_mean_lap_model_namespace::log_prob: Sigma is not positive definite. (in 'model_fix_mean_lap.stan', line 68, column 1 to column 21)
	Exception: model_fix_mean_lap_model_namespace::log_prob: Sigma is not positive definite. (in 'model_fix_mean_lap.stan', line 68, column 1 to column 21)
	Exception: model_fix_mean_lap_model_namespace::log_prob: Sigma is not positive definite. (in 'model_fix_mean_lap.stan', line 68, column 1 to column 21)
	Exception: model_fix_mean_lap_model_namespace::log_prob: Sigma is not positive definite. (in 'model_fix_mean_lap.stan', line 68, column 1 to column 21)
	Exception: model_fix_mean_lap_model_namespace::log_prob: Sigma is not positive definite. (in 'model_fix_mean_lap.stan', line 68, column 1 to column 21)
	Exception: model_fix_mean_lap_model_namespace::log_prob: Sigma is not positive definite. (in 'model_fix_mean_lap.stan', line 68, column 1 to column 21)
	Exception: model_fix_mean_lap_model_namespace::log_prob: Sigma is not positive definite. (in 'model_fix_mean_lap.stan', line 68, column 1 to column 21)
	Exception: model_fix_mean_lap_model_namespace::log_prob: Sigma is not positive definite. (in 'model_fix_mean_lap.stan', line 68, column 1 to column 21)
	Exception: model_fix_mean_lap_model_namespace::log_prob: Sigma is not positive definite. (in 'model_fix_mean_lap.stan', line 68, column 1 to column 21)
	Exception: model_fix_mean_lap_model_namespace::log_prob: Sigma is not positive definite. (in 'model_fix_mean_lap.stan', line 68, column 1 to column 21)
	Exception: model_fix_mean_lap_model_namespace::log_prob: Sigma is not positive definite. (in 'model_fix_mean_lap.stan', line 68, column 1 to column 21)
	Exception: model_fix_mean_lap_model_namespace::log_prob: Sigma is not positive definite. (in 'model_fix_mean_lap.stan', line 68, column 1 to column 21)
	Exception: model_fix_mean_lap_model_namespace::log_prob: Sigma is not positive definite. (in 'model_fix_mean_lap.stan', line 68, column 1 to column 21)
	Exception: model_fix_mean_lap_model_namespace::log_prob: Sigma is not positive definite. (in 'model_fix_mean_lap.stan', line 68, column 1 to column 21)
	Exception: model_fix_mean_lap_model_namespace::log_prob: Sigma is not positive definite. (in 'model_fix_mean_lap.stan', line 68, column 1 to column 21)
	Exception: model_fix_mean_lap_model_namespace::log_prob: Sigma is not positive definite. (in 'model_fix_mean_lap.stan', line 68, column 1 to column 21)
	Exception: model_fix_mean_lap_model_namespace::log_prob: Sigma is not positive definite. (in 'model_fix_mean_lap.stan', line 68, column 1 to column 21)
	Exception: model_fix_mean_lap_model_namespace::log_prob: Sigma is not positive definite. (in 'model_fix_mean_lap.stan', line 68, column 1 to column 21)
	Exception: model_fix_mean_lap_model_namespace::log_prob: Sigma is not positive definite. (in 'model_fix_mean_lap.stan', line 68, column 1 to column 21)
	Exception: model_fix_mean_lap_model_namespace::log_prob: Sigma is not positive definite. (in 'model_fix_mean_lap.stan', line 68, column 1 to column 21)
	Exception: model_fix_mean_lap_model_namespace::log_prob: Sigma is not positive definite. (in 'model_fix_mean_lap.stan', line 68, column 1 to column 21)
	Exception: model_fix_mean_lap_model_namespace::log_prob: Sigma is not positive definite. (in 'model_fix_mean_lap.stan', line 68, column 1 to column 21)
	Exception: model_fix_mean_lap_model_namespace::log_prob: Sigma is not positive definite. (in 'model_fix_mean_lap.stan', line 68, column 1 to column 21)
	Exception: model_fix_mean_lap_model_namespace::log_prob: Sigma is not positive definite. (in 'model_fix_mean_lap.stan', line 68, column 1 to column 21)
	Exception: model_fix_mean_lap_model_namespace::log_prob: Sigma is not positive definite. (in 'model_fix_mean_lap.stan', line 68, column 1 to column 21)
	Exception: model_fix_mean_lap_model_namespace::log_prob: Sigma is not positive definite. (in 'model_fix_mean_lap.stan', line 68, column 1 to column 21)
	Exception: model_fix_mean_lap_model_namespace::log_prob: Sigma is not positive definite. (in 'model_fix_mean_lap.stan', line 68, column 1 to column 21)
	Exception: model_fix_mean_lap_model_namespace::log_prob: Sigma is not positive definite. (in 'model_fix_mean_lap.stan', line 68, column 1 to column 21)
	Exception: model_fix_mean_lap_model_namespace::log_prob: Sigma is not positive definite. (in 'model_fix_mean_lap.stan', line 68, column 1 to column 21)
	Exception: model_fix_mean_lap_model_namespace::log_prob: Sigma is not positive definite. (in 'model_fix_mean_lap.stan', line 68, column 1 to column 21)
	Exception: model_fix_mean_lap_model_namespace::log_prob: Sigma is not positive definite. (in 'model_fix_mean_lap.stan', line 68, column 1 to column 21)
	Exception: model_fix_mean_lap_model_namespace::log_prob: Sigma is not positive definite. (in 'model_fix_mean_lap.stan', line 68, column 1 to column 21)
	Exception: model_fix_mean_lap_model_namespace::log_prob: Sigma is not positive definite. (in 'model_fix_mean_lap.stan', line 68, column 1 to column 21)
	Exception: model_fix_mean_lap_model_namespace::log_prob: Sigma is not positive definite. (in 'model_fix_mean_lap.stan', line 68, column 1 to column 21)
	Exception: model_fix_mean_lap_model_namespace::log_prob: Sigma is not positive definite. (in 'model_fix_mean_lap.stan', line 68, column 1 to column 21)
	Exception: model_fix_mean_lap_model_namespace::log_prob: Sigma is not positive definite. (in 'model_fix_mean_lap.stan', line 68, column 1 to column 21)
	Exception: model_fix_mean_lap_model_namespace::log_prob: Sigma is not positive definite. (in 'model_fix_mean_lap.stan', line 68, column 1 to column 21)
	Exception: model_fix_mean_lap_model_namespace::log_prob: Sigma is not positive definite. (in 'model_fix_mean_lap.stan', line 68, column 1 to column 21)
	Exception: model_fix_mean_lap_model_namespace::log_prob: Sigma is not positive definite. (in 'model_fix_mean_lap.stan', line 68, column 1 to column 21)
	Exception: model_fix_mean_lap_model_namespace::log_prob: Sigma is not positive definite. (in 'model_fix_mean_lap.stan', line 68, column 1 to column 21)
	Exception: model_fix_mean_lap_model_namespace::log_prob: Sigma is not positive definite. (in 'model_fix_mean_lap.stan', line 68, column 1 to column 21)
	Exception: model_fix_mean_lap_model_namespace::log_prob: Sigma is not positive definite. (in 'model_fix_mean_lap.stan', line 68, column 1 to column 21)
	Exception: model_fix_mean_lap_model_namespace::log_prob: Sigma is not positive definite. (in 'model_fix_mean_lap.stan', line 68, column 1 to column 21)
	Exception: model_fix_mean_lap_model_namespace::log_prob: Sigma is not positive definite. (in 'model_fix_mean_lap.stan', line 68, column 1 to column 21)
	Exception: model_fix_mean_lap_model_namespace::log_prob: Sigma is not positive definite. (in 'model_fix_mean_lap.stan', line 68, column 1 to column 21)
	Exception: model_fix_mean_lap_model_namespace::log_prob: Sigma is not positive definite. (in 'model_fix_mean_lap.stan', line 68, column 1 to column 21)
	Exception: model_fix_mean_lap_model_namespace::log_prob: Sigma is not positive definite. (in 'model_fix_mean_lap.stan', line 68, column 1 to column 21)
	Exception: model_fix_mean_lap_model_namespace::log_prob: Sigma is not positive definite. (in 'model_fix_mean_lap.stan', line 68, column 1 to column 21)
	Exception: model_fix_mean_lap_model_namespace::log_prob: Sigma is not positive definite. (in 'model_fix_mean_lap.stan', line 68, column 1 to column 21)
	Exception: model_fix_mean_lap_model_namespace::log_prob: Sigma is not positive definite. (in 'model_fix_mean_lap.stan', line 68, column 1 to column 21)
	Exception: model_fix_mean_lap_model_namespace::log_prob: Sigma is not positive definite. (in 'model_fix_mean_lap.stan', line 68, column 1 to column 21)
	Exception: model_fix_mean_lap_model_namespace::log_prob: Sigma is not positive definite. (in 'model_fix_mean_lap.stan', line 68, column 1 to column 21)
	Exception: model_fix_mean_lap_model_namespace::log_prob: Sigma is not positive definite. (in 'model_fix_mean_lap.stan', line 68, column 1 to column 21)
	Exception: model_fix_mean_lap_model_namespace::log_prob: Sigma is not positive definite. (in 'model_fix_mean_lap.stan', line 68, column 1 to column 21)
	Exception: model_fix_mean_lap_model_namespace::log_prob: Sigma is not positive definite. (in 'model_fix_mean_lap.stan', line 68, column 1 to column 21)
	Exception: model_fix_mean_lap_model_namespace::log_prob: Sigma is not positive definite. (in 'model_fix_mean_lap.stan', line 68, column 1 to column 21)
	Exception: model_fix_mean_lap_model_namespace::log_prob: Sigma is not positive definite. (in 'model_fix_mean_lap.stan', line 68, column 1 to column 21)
	Exception: model_fix_mean_lap_model_namespace::log_prob: Sigma is not positive definite. (in 'model_fix_mean_lap.stan', line 68, column 1 to column 21)
	Exception: model_fix_mean_lap_model_namespace::log_prob: Sigma is not positive definite. (in 'model_fix_mean_lap.stan', line 68, column 1 to column 21)
	Exception: model_fix_mean_lap_model_namespace::log_prob: Sigma is not positive definite. (in 'model_fix_mean_lap.stan', line 68, column 1 to column 21)
	Exception: model_fix_mean_lap_model_namespace::log_prob: Sigma is not positive definite. (in 'model_fix_mean_lap.stan', line 68, column 1 to column 21)
	Exception: model_fix_mean_lap_model_namespace::log_prob: Sigma is not positive definite. (in 'model_fix_mean_lap.stan', line 68, column 1 to column 21)
	Exception: model_fix_mean_lap_model_namespace::log_prob: Sigma is not positive definite. (in 'model_fix_mean_lap.stan', line 68, column 1 to column 21)
	Exception: model_fix_mean_lap_model_namespace::log_prob: Sigma is not positive definite. (in 'model_fix_mean_lap.stan', line 68, column 1 to column 21)
	Exception: model_fix_mean_lap_model_namespace::log_prob: Sigma is not positive definite. (in 'model_fix_mean_lap.stan', line 68, column 1 to column 21)
	Exception: model_fix_mean_lap_model_namespace::log_prob: Sigma is not positive definite. (in 'model_fix_mean_lap.stan', line 68, column 1 to column 21)
	Exception: model_fix_mean_lap_model_namespace::log_prob: Sigma is not positive definite. (in 'model_fix_mean_lap.stan', line 68, column 1 to column 21)
	Exception: model_fix_mean_lap_model_namespace::log_prob: Sigma is not positive definite. (in 'model_fix_mean_lap.stan', line 68, column 1 to column 21)
	Exception: model_fix_mean_lap_model_namespace::log_prob: Sigma is not positive definite. (in 'model_fix_mean_lap.stan', line 68, column 1 to column 21)
	Exception: model_fix_mean_lap_model_namespace::log_prob: Sigma is not positive definite. (in 'model_fix_mean_lap.stan', line 68, column 1 to column 21)
	Exception: model_fix_mean_lap_model_namespace::log_prob: Sigma is not positive definite. (in 'model_fix_mean_lap.stan', line 68, column 1 to column 21)
	Exception: model_fix_mean_lap_model_namespace::log_prob: Sigma is not positive definite. (in 'model_fix_mean_lap.stan', line 68, column 1 to column 21)
	Exception: model_fix_mean_lap_model_namespace::log_prob: Sigma is not positive definite. (in 'model_fix_mean_lap.stan', line 68, column 1 to column 21)
	Exception: model_fix_mean_lap_model_namespace::log_prob: Sigma is not positive definite. (in 'model_fix_mean_lap.stan', line 68, column 1 to column 21)
	Exception: model_fix_mean_lap_model_namespace::log_prob: Sigma is not positive definite. (in 'model_fix_mean_lap.stan', line 68, column 1 to column 21)
	Exception: model_fix_mean_lap_model_namespace::log_prob: Sigma is not positive definite. (in 'model_fix_mean_lap.stan', line 68, column 1 to column 21)
	Exception: model_fix_mean_lap_model_namespace::log_prob: Sigma is not positive definite. (in 'model_fix_mean_lap.stan', line 68, column 1 to column 21)
	Exception: model_fix_mean_lap_model_namespace::log_prob: Sigma is not positive definite. (in 'model_fix_mean_lap.stan', line 68, column 1 to column 21)
	Exception: model_fix_mean_lap_model_namespace::log_prob: Sigma is not positive definite. (in 'model_fix_mean_lap.stan', line 68, column 1 to column 21)
	Exception: model_fix_mean_lap_model_namespace::log_prob: Sigma is not positive definite. (in 'model_fix_mean_lap.stan', line 68, column 1 to column 21)
	Exception: model_fix_mean_lap_model_namespace::log_prob: Sigma is not positive definite. (in 'model_fix_mean_lap.stan', line 68, column 1 to column 21)
	Exception: model_fix_mean_lap_model_namespace::log_prob: Sigma is not positive definite. (in 'model_fix_mean_lap.stan', line 68, column 1 to column 21)
	Exception: model_fix_mean_lap_model_namespace::log_prob: Sigma is not positive definite. (in 'model_fix_mean_lap.stan', line 68, column 1 to column 21)
	Exception: model_fix_mean_lap_model_namespace::log_prob: Sigma is not positive definite. (in 'model_fix_mean_lap.stan', line 68, column 1 to column 21)
	Exception: model_fix_mean_lap_model_namespace::log_prob: Sigma is not positive definite. (in 'model_fix_mean_lap.stan', line 68, column 1 to column 21)
	Exception: model_fix_mean_lap_model_namespace::log_prob: Sigma is not positive definite. (in 'model_fix_mean_lap.stan', line 68, column 1 to column 21)
	Exception: model_fix_mean_lap_model_namespace::log_prob: Sigma is not positive definite. (in 'model_fix_mean_lap.stan', line 68, column 1 to column 21)
	Exception: model_fix_mean_lap_model_namespace::log_prob: Sigma is not positive definite. (in 'model_fix_mean_lap.stan', line 68, column 1 to column 21)
	Exception: model_fix_mean_lap_model_namespace::log_prob: Sigma is not positive definite. (in 'model_fix_mean_lap.stan', line 68, column 1 to column 21)
	Exception: model_fix_mean_lap_model_namespace::log_prob: Sigma is not positive definite. (in 'model_fix_mean_lap.stan', line 68, column 1 to column 21)
	Exception: model_fix_mean_lap_model_namespace::log_prob: Sigma is not positive definite. (in 'model_fix_mean_lap.stan', line 68, column 1 to column 21)
	Exception: model_fix_mean_lap_model_namespace::log_prob: Sigma is not positive definite. (in 'model_fix_mean_lap.stan', line 68, column 1 to column 21)
	Exception: model_fix_mean_lap_model_namespace::log_prob: Sigma is not positive definite. (in 'model_fix_mean_lap.stan', line 68, column 1 to column 21)
	Exception: model_fix_mean_lap_model_namespace::log_prob: Sigma is not positive definite. (in 'model_fix_mean_lap.stan', line 68, column 1 to column 21)
	Exception: model_fix_mean_lap_model_namespace::log_prob: Sigma is not positive definite. (in 'model_fix_mean_lap.stan', line 68, column 1 to column 21)
	Exception: model_fix_mean_lap_model_namespace::log_prob: Sigma is not positive definite. (in 'model_fix_mean_lap.stan', line 68, column 1 to column 21)
	Exception: model_fix_mean_lap_model_namespace::log_prob: Sigma is not positive definite. (in 'model_fix_mean_lap.stan', line 68, column 1 to column 21)
	Exception: model_fix_mean_lap_model_namespace::log_prob: Sigma is not positive definite. (in 'model_fix_mean_lap.stan', line 68, column 1 to column 21)
	Exception: model_fix_mean_lap_model_namespace::log_prob: Sigma is not positive definite. (in 'model_fix_mean_lap.stan', line 68, column 1 to column 21)
	Exception: model_fix_mean_lap_model_namespace::log_prob: Sigma is not positive definite. (in 'model_fix_mean_lap.stan', line 68, column 1 to column 21)
	Exception: model_fix_mean_lap_model_namespace::log_prob: Sigma is not positive definite. (in 'model_fix_mean_lap.stan', line 68, column 1 to column 21)
	Exception: model_fix_mean_lap_model_namespace::log_prob: Sigma is not positive definite. (in 'model_fix_mean_lap.stan', line 68, column 1 to column 21)
	Exception: model_fix_mean_lap_model_namespace::log_prob: Sigma is not positive definite. (in 'model_fix_mean_lap.stan', line 68, column 1 to column 21)
	Exception: model_fix_mean_lap_model_namespace::log_prob: Sigma is not positive definite. (in 'model_fix_mean_lap.stan', line 68, column 1 to column 21)
	Exception: model_fix_mean_lap_model_namespace::log_prob: Sigma is not positive definite. (in 'model_fix_mean_lap.stan', line 68, column 1 to column 21)
	Exception: model_fix_mean_lap_model_namespace::log_prob: Sigma is not positive definite. (in 'model_fix_mean_lap.stan', line 68, column 1 to column 21)
	Exception: model_fix_mean_lap_model_namespace::log_prob: Sigma is not positive definite. (in 'model_fix_mean_lap.stan', line 68, column 1 to column 21)
	Exception: model_fix_mean_lap_model_namespace::log_prob: Sigma is not positive definite. (in 'model_fix_mean_lap.stan', line 68, column 1 to column 21)
	Exception: model_fix_mean_lap_model_namespace::log_prob: Sigma is not positive definite. (in 'model_fix_mean_lap.stan', line 68, column 1 to column 21)
	Exception: model_fix_mean_lap_model_namespace::log_prob: Sigma is not positive definite. (in 'model_fix_mean_lap.stan', line 68, column 1 to column 21)
	Exception: model_fix_mean_lap_model_namespace::log_prob: Sigma is not positive definite. (in 'model_fix_mean_lap.stan', line 68, column 1 to column 21)
	Exception: model_fix_mean_lap_model_namespace::log_prob: Sigma is not positive definite. (in 'model_fix_mean_lap.stan', line 68, column 1 to column 21)
	Exception: model_fix_mean_lap_model_namespace::log_prob: Sigma is not positive definite. (in 'model_fix_mean_lap.stan', line 68, column 1 to column 21)
	Exception: model_fix_mean_lap_model_namespace::log_prob: Sigma is not positive definite. (in 'model_fix_mean_lap.stan', line 68, column 1 to column 21)
	Exception: model_fix_mean_lap_model_namespace::log_prob: Sigma is not positive definite. (in 'model_fix_mean_lap.stan', line 68, column 1 to column 21)
	Exception: model_fix_mean_lap_model_namespace::log_prob: Sigma is not positive definite. (in 'model_fix_mean_lap.stan', line 68, column 1 to column 21)
	Exception: model_fix_mean_lap_model_namespace::log_prob: Sigma is not positive definite. (in 'model_fix_mean_lap.stan', line 68, column 1 to column 21)
	Exception: model_fix_mean_lap_model_namespace::log_prob: Sigma is not positive definite. (in 'model_fix_mean_lap.stan', line 68, column 1 to column 21)
	Exception: model_fix_mean_lap_model_namespace::log_prob: Sigma is not positive definite. (in 'model_fix_mean_lap.stan', line 68, column 1 to column 21)
	Exception: model_fix_mean_lap_model_namespace::log_prob: Sigma is not positive definite. (in 'model_fix_mean_lap.stan', line 68, column 1 to column 21)
	Exception: model_fix_mean_lap_model_namespace::log_prob: Sigma is not positive definite. (in 'model_fix_mean_lap.stan', line 68, column 1 to column 21)
	Exception: model_fix_mean_lap_model_namespace::log_prob: Sigma is not positive definite. (in 'model_fix_mean_lap.stan', line 68, column 1 to column 21)
	Exception: model_fix_mean_lap_model_namespace::log_prob: Sigma is not positive definite. (in 'model_fix_mean_lap.stan', line 68, column 1 to column 21)
	Exception: model_fix_mean_lap_model_namespace::log_prob: Sigma is not positive definite. (in 'model_fix_mean_lap.stan', line 68, column 1 to column 21)
	Exception: model_fix_mean_lap_model_namespace::log_prob: Sigma is not positive definite. (in 'model_fix_mean_lap.stan', line 68, column 1 to column 21)
	Exception: model_fix_mean_lap_model_namespace::log_prob: Sigma is not positive definite. (in 'model_fix_mean_lap.stan', line 68, column 1 to column 21)
	Exception: model_fix_mean_lap_model_namespace::log_prob: Sigma is not positive definite. (in 'model_fix_mean_lap.stan', line 68, column 1 to column 21)
	Exception: model_fix_mean_lap_model_namespace::log_prob: Sigma is not positive definite. (in 'model_fix_mean_lap.stan', line 68, column 1 to column 21)
	Exception: model_fix_mean_lap_model_namespace::log_prob: Sigma is not positive definite. (in 'model_fix_mean_lap.stan', line 68, column 1 to column 21)
	Exception: model_fix_mean_lap_model_namespace::log_prob: Sigma is not positive definite. (in 'model_fix_mean_lap.stan', line 68, column 1 to column 21)
	Exception: model_fix_mean_lap_model_namespace::log_prob: Sigma is not positive definite. (in 'model_fix_mean_lap.stan', line 68, column 1 to column 21)
	Exception: model_fix_mean_lap_model_namespace::log_prob: Sigma is not positive definite. (in 'model_fix_mean_lap.stan', line 68, column 1 to column 21)
	Exception: model_fix_mean_lap_model_namespace::log_prob: Sigma is not positive definite. (in 'model_fix_mean_lap.stan', line 68, column 1 to column 21)
	Exception: model_fix_mean_lap_model_namespace::log_prob: Sigma is not positive definite. (in 'model_fix_mean_lap.stan', line 68, column 1 to column 21)
	Exception: model_fix_mean_lap_model_namespace::log_prob: Sigma is not positive definite. (in 'model_fix_mean_lap.stan', line 68, column 1 to column 21)
	Exception: model_fix_mean_lap_model_namespace::log_prob: Sigma is not positive definite. (in 'model_fix_mean_lap.stan', line 68, column 1 to column 21)
	Exception: model_fix_mean_lap_model_namespace::log_prob: Sigma is not positive definite. (in 'model_fix_mean_lap.stan', line 68, column 1 to column 21)
	Exception: model_fix_mean_lap_model_namespace::log_prob: Sigma is not positive definite. (in 'model_fix_mean_lap.stan', line 68, column 1 to column 21)
	Exception: model_fix_mean_lap_model_namespace::log_prob: Sigma is not positive definite. (in 'model_fix_mean_lap.stan', line 68, column 1 to column 21)
	Exception: model_fix_mean_lap_model_namespace::log_prob: Sigma is not positive definite. (in 'model_fix_mean_lap.stan', line 68, column 1 to column 21)
	Exception: model_fix_mean_lap_model_namespace::log_prob: Sigma is not positive definite. (in 'model_fix_mean_lap.stan', line 68, column 1 to column 21)
	Exception: model_fix_mean_lap_model_namespace::log_prob: Sigma is not positive definite. (in 'model_fix_mean_lap.stan', line 68, column 1 to column 21)
	Exception: model_fix_mean_lap_model_namespace::log_prob: Sigma is not positive definite. (in 'model_fix_mean_lap.stan', line 68, column 1 to column 21)
	Exception: model_fix_mean_lap_model_namespace::log_prob: Sigma is not positive definite. (in 'model_fix_mean_lap.stan', line 68, column 1 to column 21)
	Exception: model_fix_mean_lap_model_namespace::log_prob: Sigma is not positive definite. (in 'model_fix_mean_lap.stan', line 68, column 1 to column 21)
	Exception: model_fix_mean_lap_model_namespace::log_prob: Sigma is not positive definite. (in 'model_fix_mean_lap.stan', line 68, column 1 to column 21)
	Exception: model_fix_mean_lap_model_namespace::log_prob: Sigma is not positive definite. (in 'model_fix_mean_lap.stan', line 68, column 1 to column 21)
	Exception: model_fix_mean_lap_model_namespace::log_prob: Sigma is not positive definite. (in 'model_fix_mean_lap.stan', line 68, column 1 to column 21)
	Exception: model_fix_mean_lap_model_namespace::log_prob: Sigma is not positive definite. (in 'model_fix_mean_lap.stan', line 68, column 1 to column 21)
	Exception: model_fix_mean_lap_model_namespace::log_prob: Sigma is not positive definite. (in 'model_fix_mean_lap.stan', line 68, column 1 to column 21)
	Exception: model_fix_mean_lap_model_namespace::log_prob: Sigma is not positive definite. (in 'model_fix_mean_lap.stan', line 68, column 1 to column 21)
	Exception: model_fix_mean_lap_model_namespace::log_prob: Sigma is not positive definite. (in 'model_fix_mean_lap.stan', line 68, column 1 to column 21)
	Exception: model_fix_mean_lap_model_namespace::log_prob: Sigma is not positive definite. (in 'model_fix_mean_lap.stan', line 68, column 1 to column 21)
	Exception: model_fix_mean_lap_model_namespace::log_prob: Sigma is not positive definite. (in 'model_fix_mean_lap.stan', line 68, column 1 to column 21)
	Exception: model_fix_mean_lap_model_namespace::log_prob: Sigma is not positive definite. (in 'model_fix_mean_lap.stan', line 68, column 1 to column 21)
	Exception: model_fix_mean_lap_model_namespace::log_prob: Sigma is not positive definite. (in 'model_fix_mean_lap.stan', line 68, column 1 to column 21)
	Exception: model_fix_mean_lap_model_namespace::log_prob: Sigma is not positive definite. (in 'model_fix_mean_lap.stan', line 68, column 1 to column 21)
	Exception: model_fix_mean_lap_model_namespace::log_prob: Sigma is not positive definite. (in 'model_fix_mean_lap.stan', line 68, column 1 to column 21)
	Exception: model_fix_mean_lap_model_namespace::log_prob: Sigma is not positive definite. (in 'model_fix_mean_lap.stan', line 68, column 1 to column 21)
	Exception: model_fix_mean_lap_model_namespace::log_prob: Sigma is not positive definite. (in 'model_fix_mean_lap.stan', line 68, column 1 to column 21)
	Exception: model_fix_mean_lap_model_namespace::log_prob: Sigma is not positive definite. (in 'model_fix_mean_lap.stan', line 68, column 1 to column 21)
	Exception: model_fix_mean_lap_model_namespace::log_prob: Sigma is not positive definite. (in 'model_fix_mean_lap.stan', line 68, column 1 to column 21)
	Exception: model_fix_mean_lap_model_namespace::log_prob: Sigma is not positive definite. (in 'model_fix_mean_lap.stan', line 68, column 1 to column 21)
	Exception: model_fix_mean_lap_model_namespace::log_prob: Sigma is not positive definite. (in 'model_fix_mean_lap.stan', line 68, column 1 to column 21)
	Exception: model_fix_mean_lap_model_namespace::log_prob: Sigma is not positive definite. (in 'model_fix_mean_lap.stan', line 68, column 1 to column 21)
	Exception: model_fix_mean_lap_model_namespace::log_prob: Sigma is not positive definite. (in 'model_fix_mean_lap.stan', line 68, column 1 to column 21)
	Exception: model_fix_mean_lap_model_namespace::log_prob: Sigma is not positive definite. (in 'model_fix_mean_lap.stan', line 68, column 1 to column 21)
	Exception: model_fix_mean_lap_model_namespace::log_prob: Sigma is not positive definite. (in 'model_fix_mean_lap.stan', line 68, column 1 to column 21)
	Exception: model_fix_mean_lap_model_namespace::log_prob: Sigma is not positive definite. (in 'model_fix_mean_lap.stan', line 68, column 1 to column 21)
	Exception: model_fix_mean_lap_model_namespace::log_prob: Sigma is not positive definite. (in 'model_fix_mean_lap.stan', line 68, column 1 to column 21)
	Exception: model_fix_mean_lap_model_namespace::log_prob: Sigma is not positive definite. (in 'model_fix_mean_lap.stan', line 68, column 1 to column 21)
	Exception: model_fix_mean_lap_model_namespace::log_prob: Sigma is not positive definite. (in 'model_fix_mean_lap.stan', line 68, column 1 to column 21)
	Exception: model_fix_mean_lap_model_namespace::log_prob: Sigma is not positive definite. (in 'model_fix_mean_lap.stan', line 68, column 1 to column 21)
	Exception: model_fix_mean_lap_model_namespace::log_prob: Sigma is not positive definite. (in 'model_fix_mean_lap.stan', line 68, column 1 to column 21)
	Exception: model_fix_mean_lap_model_namespace::log_prob: Sigma is not positive definite. (in 'model_fix_mean_lap.stan', line 68, column 1 to column 21)
	Exception: model_fix_mean_lap_model_namespace::log_prob: Sigma is not positive definite. (in 'model_fix_mean_lap.stan', line 68, column 1 to column 21)
	Exception: model_fix_mean_lap_model_namespace::log_prob: Sigma is not positive definite. (in 'model_fix_mean_lap.stan', line 68, column 1 to column 21)
	Exception: model_fix_mean_lap_model_namespace::log_prob: Sigma is not positive definite. (in 'model_fix_mean_lap.stan', line 68, column 1 to column 21)
	Exception: model_fix_mean_lap_model_namespace::log_prob: Sigma is not positive definite. (in 'model_fix_mean_lap.stan', line 68, column 1 to column 21)
	Exception: model_fix_mean_lap_model_namespace::log_prob: Sigma is not positive definite. (in 'model_fix_mean_lap.stan', line 68, column 1 to column 21)
	Exception: model_fix_mean_lap_model_namespace::log_prob: Sigma is not positive definite. (in 'model_fix_mean_lap.stan', line 68, column 1 to column 21)
	Exception: model_fix_mean_lap_model_namespace::log_prob: Sigma is not positive definite. (in 'model_fix_mean_lap.stan', line 68, column 1 to column 21)
	Exception: model_fix_mean_lap_model_namespace::log_prob: Sigma is not positive definite. (in 'model_fix_mean_lap.stan', line 68, column 1 to column 21)
	Exception: model_fix_mean_lap_model_namespace::log_prob: Sigma is not positive definite. (in 'model_fix_mean_lap.stan', line 68, column 1 to column 21)
	Exception: model_fix_mean_lap_model_namespace::log_prob: Sigma is not positive definite. (in 'model_fix_mean_lap.stan', line 68, column 1 to column 21)
	Exception: model_fix_mean_lap_model_namespace::log_prob: Sigma is not positive definite. (in 'model_fix_mean_lap.stan', line 68, column 1 to column 21)
	Exception: model_fix_mean_lap_model_namespace::log_prob: Sigma is not positive definite. (in 'model_fix_mean_lap.stan', line 68, column 1 to column 21)
	Exception: model_fix_mean_lap_model_namespace::log_prob: Sigma is not positive definite. (in 'model_fix_mean_lap.stan', line 68, column 1 to column 21)
	Exception: model_fix_mean_lap_model_namespace::log_prob: Sigma is not positive definite. (in 'model_fix_mean_lap.stan', line 68, column 1 to column 21)
	Exception: model_fix_mean_lap_model_namespace::log_prob: Sigma is not positive definite. (in 'model_fix_mean_lap.stan', line 68, column 1 to column 21)
	Exception: model_fix_mean_lap_model_namespace::log_prob: Sigma is not positive definite. (in 'model_fix_mean_lap.stan', line 68, column 1 to column 21)
	Exception: model_fix_mean_lap_model_namespace::log_prob: Sigma is not positive definite. (in 'model_fix_mean_lap.stan', line 68, column 1 to column 21)
	Exception: model_fix_mean_lap_model_namespace::log_prob: Sigma is not positive definite. (in 'model_fix_mean_lap.stan', line 68, column 1 to column 21)
	Exception: model_fix_mean_lap_model_namespace::log_prob: Sigma is not positive definite. (in 'model_fix_mean_lap.stan', line 68, column 1 to column 21)
	Exception: model_fix_mean_lap_model_namespace::log_prob: Sigma is not positive definite. (in 'model_fix_mean_lap.stan', line 68, column 1 to column 21)
	Exception: model_fix_mean_lap_model_namespace::log_prob: Sigma is not positive definite. (in 'model_fix_mean_lap.stan', line 68, column 1 to column 21)
	Exception: model_fix_mean_lap_model_namespace::log_prob: Sigma is not positive definite. (in 'model_fix_mean_lap.stan', line 68, column 1 to column 21)
	Exception: model_fix_mean_lap_model_namespace::log_prob: Sigma is not positive definite. (in 'model_fix_mean_lap.stan', line 68, column 1 to column 21)
	Exception: model_fix_mean_lap_model_namespace::log_prob: Sigma is not positive definite. (in 'model_fix_mean_lap.stan', line 68, column 1 to column 21)
	Exception: model_fix_mean_lap_model_namespace::log_prob: Sigma is not positive definite. (in 'model_fix_mean_lap.stan', line 68, column 1 to column 21)
	Exception: model_fix_mean_lap_model_namespace::log_prob: Sigma is not positive definite. (in 'model_fix_mean_lap.stan', line 68, column 1 to column 21)
	Exception: model_fix_mean_lap_model_namespace::log_prob: Sigma is not positive definite. (in 'model_fix_mean_lap.stan', line 68, column 1 to column 21)
	Exception: model_fix_mean_lap_model_namespace::log_prob: Sigma is not positive definite. (in 'model_fix_mean_lap.stan', line 68, column 1 to column 21)
	Exception: model_fix_mean_lap_model_namespace::log_prob: Sigma is not positive definite. (in 'model_fix_mean_lap.stan', line 68, column 1 to column 21)
	Exception: model_fix_mean_lap_model_namespace::log_prob: Sigma is not positive definite. (in 'model_fix_mean_lap.stan', line 68, column 1 to column 21)
	Exception: model_fix_mean_lap_model_namespace::log_prob: Sigma is not positive definite. (in 'model_fix_mean_lap.stan', line 68, column 1 to column 21)
	Exception: model_fix_mean_lap_model_namespace::log_prob: Sigma is not positive definite. (in 'model_fix_mean_lap.stan', line 68, column 1 to column 21)
	Exception: model_fix_mean_lap_model_namespace::log_prob: Sigma is not positive definite. (in 'model_fix_mean_lap.stan', line 68, column 1 to column 21)
	Exception: model_fix_mean_lap_model_namespace::log_prob: Sigma is not positive definite. (in 'model_fix_mean_lap.stan', line 68, column 1 to column 21)
	Exception: model_fix_mean_lap_model_namespace::log_prob: Sigma is not positive definite. (in 'model_fix_mean_lap.stan', line 68, column 1 to column 21)
	Exception: model_fix_mean_lap_model_namespace::log_prob: Sigma is not positive definite. (in 'model_fix_mean_lap.stan', line 68, column 1 to column 21)
	Exception: model_fix_mean_lap_model_namespace::log_prob: Sigma is not positive definite. (in 'model_fix_mean_lap.stan', line 68, column 1 to column 21)
	Exception: model_fix_mean_lap_model_namespace::log_prob: Sigma is not positive definite. (in 'model_fix_mean_lap.stan', line 68, column 1 to column 21)
	Exception: model_fix_mean_lap_model_namespace::log_prob: Sigma is not positive definite. (in 'model_fix_mean_lap.stan', line 68, column 1 to column 21)
	Exception: model_fix_mean_lap_model_namespace::log_prob: Sigma is not positive definite. (in 'model_fix_mean_lap.stan', line 68, column 1 to column 21)
	Exception: model_fix_mean_lap_model_namespace::log_prob: Sigma is not positive definite. (in 'model_fix_mean_lap.stan', line 68, column 1 to column 21)
	Exception: model_fix_mean_lap_model_namespace::log_prob: Sigma is not positive definite. (in 'model_fix_mean_lap.stan', line 68, column 1 to column 21)
	Exception: model_fix_mean_lap_model_namespace::log_prob: Sigma is not positive definite. (in 'model_fix_mean_lap.stan', line 68, column 1 to column 21)
	Exception: model_fix_mean_lap_model_namespace::log_prob: Sigma is not positive definite. (in 'model_fix_mean_lap.stan', line 68, column 1 to column 21)
	Exception: model_fix_mean_lap_model_namespace::log_prob: Sigma is not positive definite. (in 'model_fix_mean_lap.stan', line 68, column 1 to column 21)
	Exception: model_fix_mean_lap_model_namespace::log_prob: Sigma is not positive definite. (in 'model_fix_mean_lap.stan', line 68, column 1 to column 21)
	Exception: model_fix_mean_lap_model_namespace::log_prob: Sigma is not positive definite. (in 'model_fix_mean_lap.stan', line 68, column 1 to column 21)
	Exception: model_fix_mean_lap_model_namespace::log_prob: Sigma is not positive definite. (in 'model_fix_mean_lap.stan', line 68, column 1 to column 21)
	Exception: model_fix_mean_lap_model_namespace::log_prob: Sigma is not positive definite. (in 'model_fix_mean_lap.stan', line 68, column 1 to column 21)
	Exception: model_fix_mean_lap_model_namespace::log_prob: Sigma is not positive definite. (in 'model_fix_mean_lap.stan', line 68, column 1 to column 21)
	Exception: model_fix_mean_lap_model_namespace::log_prob: Sigma is not positive definite. (in 'model_fix_mean_lap.stan', line 68, column 1 to column 21)
	Exception: model_fix_mean_lap_model_namespace::log_prob: Sigma is not positive definite. (in 'model_fix_mean_lap.stan', line 68, column 1 to column 21)
	Exception: model_fix_mean_lap_model_namespace::log_prob: Sigma is not positive definite. (in 'model_fix_mean_lap.stan', line 68, column 1 to column 21)
	Exception: model_fix_mean_lap_model_namespace::log_prob: Sigma is not positive definite. (in 'model_fix_mean_lap.stan', line 68, column 1 to column 21)
	Exception: model_fix_mean_lap_model_namespace::log_prob: Sigma is not positive definite. (in 'model_fix_mean_lap.stan', line 68, column 1 to column 21)
	Exception: model_fix_mean_lap_model_namespace::log_prob: Sigma is not positive definite. (in 'model_fix_mean_lap.stan', line 68, column 1 to column 21)
	Exception: model_fix_mean_lap_model_namespace::log_prob: Sigma is not positive definite. (in 'model_fix_mean_lap.stan', line 68, column 1 to column 21)
	Exception: model_fix_mean_lap_model_namespace::log_prob: Sigma is not positive definite. (in 'model_fix_mean_lap.stan', line 68, column 1 to column 21)
	Exception: model_fix_mean_lap_model_namespace::log_prob: Sigma is not positive definite. (in 'model_fix_mean_lap.stan', line 68, column 1 to column 21)
	Exception: model_fix_mean_lap_model_namespace::log_prob: Sigma is not positive definite. (in 'model_fix_mean_lap.stan', line 68, column 1 to column 21)
	Exception: model_fix_mean_lap_model_namespace::log_prob: Sigma is not positive definite. (in 'model_fix_mean_lap.stan', line 68, column 1 to column 21)
	Exception: model_fix_mean_lap_model_namespace::log_prob: Sigma is not positive definite. (in 'model_fix_mean_lap.stan', line 68, column 1 to column 21)
	Exception: model_fix_mean_lap_model_namespace::log_prob: Sigma is not positive definite. (in 'model_fix_mean_lap.stan', line 68, column 1 to column 21)
	Exception: model_fix_mean_lap_model_namespace::log_prob: Sigma is not positive definite. (in 'model_fix_mean_lap.stan', line 68, column 1 to column 21)
	Exception: model_fix_mean_lap_model_namespace::log_prob: Sigma is not positive definite. (in 'model_fix_mean_lap.stan', line 68, column 1 to column 21)
	Exception: model_fix_mean_lap_model_namespace::log_prob: Sigma is not positive definite. (in 'model_fix_mean_lap.stan', line 68, column 1 to column 21)
	Exception: model_fix_mean_lap_model_namespace::log_prob: Sigma is not positive definite. (in 'model_fix_mean_lap.stan', line 68, column 1 to column 21)
	Exception: model_fix_mean_lap_model_namespace::log_prob: Sigma is not positive definite. (in 'model_fix_mean_lap.stan', line 68, column 1 to column 21)
	Exception: model_fix_mean_lap_model_namespace::log_prob: Sigma is not positive definite. (in 'model_fix_mean_lap.stan', line 68, column 1 to column 21)
	Exception: model_fix_mean_lap_model_namespace::log_prob: Sigma is not positive definite. (in 'model_fix_mean_lap.stan', line 68, column 1 to column 21)
	Exception: model_fix_mean_lap_model_namespace::log_prob: Sigma is not positive definite. (in 'model_fix_mean_lap.stan', line 68, column 1 to column 21)
	Exception: model_fix_mean_lap_model_namespace::log_prob: Sigma is not positive definite. (in 'model_fix_mean_lap.stan', line 68, column 1 to column 21)
	Exception: model_fix_mean_lap_model_namespace::log_prob: Sigma is not positive definite. (in 'model_fix_mean_lap.stan', line 68, column 1 to column 21)
	Exception: model_fix_mean_lap_model_namespace::log_prob: Sigma is not positive definite. (in 'model_fix_mean_lap.stan', line 68, column 1 to column 21)
	Exception: model_fix_mean_lap_model_namespace::log_prob: Sigma is not positive definite. (in 'model_fix_mean_lap.stan', line 68, column 1 to column 21)
	Exception: model_fix_mean_lap_model_namespace::log_prob: Sigma is not positive definite. (in 'model_fix_mean_lap.stan', line 68, column 1 to column 21)
	Exception: model_fix_mean_lap_model_namespace::log_prob: Sigma is not positive definite. (in 'model_fix_mean_lap.stan', line 68, column 1 to column 21)
	Exception: model_fix_mean_lap_model_namespace::log_prob: Sigma is not positive definite. (in 'model_fix_mean_lap.stan', line 68, column 1 to column 21)
	Exception: model_fix_mean_lap_model_namespace::log_prob: Sigma is not positive definite. (in 'model_fix_mean_lap.stan', line 68, column 1 to column 21)
	Exception: model_fix_mean_lap_model_namespace::log_prob: Sigma is not positive definite. (in 'model_fix_mean_lap.stan', line 68, column 1 to column 21)
	Exception: model_fix_mean_lap_model_namespace::log_prob: Sigma is not positive definite. (in 'model_fix_mean_lap.stan', line 68, column 1 to column 21)
	Exception: model_fix_mean_lap_model_namespace::log_prob: Sigma is not positive definite. (in 'model_fix_mean_lap.stan', line 68, column 1 to column 21)
	Exception: model_fix_mean_lap_model_namespace::log_prob: Sigma is not positive definite. (in 'model_fix_mean_lap.stan', line 68, column 1 to column 21)
	Exception: model_fix_mean_lap_model_namespace::log_prob: Sigma is not positive definite. (in 'model_fix_mean_lap.stan', line 68, column 1 to column 21)
	Exception: model_fix_mean_lap_model_namespace::log_prob: Sigma is not positive definite. (in 'model_fix_mean_lap.stan', line 68, column 1 to column 21)
	Exception: model_fix_mean_lap_model_namespace::log_prob: Sigma is not positive definite. (in 'model_fix_mean_lap.stan', line 68, column 1 to column 21)
	Exception: model_fix_mean_lap_model_namespace::log_prob: Sigma is not positive definite. (in 'model_fix_mean_lap.stan', line 68, column 1 to column 21)
	Exception: model_fix_mean_lap_model_namespace::log_prob: Sigma is not positive definite. (in 'model_fix_mean_lap.stan', line 68, column 1 to column 21)
	Exception: model_fix_mean_lap_model_namespace::log_prob: Sigma is not positive definite. (in 'model_fix_mean_lap.stan', line 68, column 1 to column 21)
	Exception: model_fix_mean_lap_model_namespace::log_prob: Sigma is not positive definite. (in 'model_fix_mean_lap.stan', line 68, column 1 to column 21)
	Exception: model_fix_mean_lap_model_namespace::log_prob: Sigma is not positive definite. (in 'model_fix_mean_lap.stan', line 68, column 1 to column 21)
	Exception: model_fix_mean_lap_model_namespace::log_prob: Sigma is not positive definite. (in 'model_fix_mean_lap.stan', line 68, column 1 to column 21)
	Exception: model_fix_mean_lap_model_namespace::log_prob: Sigma is not positive definite. (in 'model_fix_mean_lap.stan', line 68, column 1 to column 21)
	Exception: model_fix_mean_lap_model_namespace::log_prob: Sigma is not positive definite. (in 'model_fix_mean_lap.stan', line 68, column 1 to column 21)
	Exception: model_fix_mean_lap_model_namespace::log_prob: Sigma is not positive definite. (in 'model_fix_mean_lap.stan', line 68, column 1 to column 21)
	Exception: model_fix_mean_lap_model_namespace::log_prob: Sigma is not positive definite. (in 'model_fix_mean_lap.stan', line 68, column 1 to column 21)
	Exception: model_fix_mean_lap_model_namespace::log_prob: Sigma is not positive definite. (in 'model_fix_mean_lap.stan', line 68, column 1 to column 21)
	Exception: model_fix_mean_lap_model_namespace::log_prob: Sigma is not positive definite. (in 'model_fix_mean_lap.stan', line 68, column 1 to column 21)
	Exception: model_fix_mean_lap_model_namespace::log_prob: Sigma is not positive definite. (in 'model_fix_mean_lap.stan', line 68, column 1 to column 21)
	Exception: model_fix_mean_lap_model_namespace::log_prob: Sigma is not positive definite. (in 'model_fix_mean_lap.stan', line 68, column 1 to column 21)
	Exception: model_fix_mean_lap_model_namespace::log_prob: Sigma is not positive definite. (in 'model_fix_mean_lap.stan', line 68, column 1 to column 21)
	Exception: model_fix_mean_lap_model_namespace::log_prob: Sigma is not positive definite. (in 'model_fix_mean_lap.stan', line 68, column 1 to column 21)
	Exception: model_fix_mean_lap_model_namespace::log_prob: Sigma is not positive definite. (in 'model_fix_mean_lap.stan', line 68, column 1 to column 21)
	Exception: model_fix_mean_lap_model_namespace::log_prob: Sigma is not positive definite. (in 'model_fix_mean_lap.stan', line 68, column 1 to column 21)
	Exception: model_fix_mean_lap_model_namespace::log_prob: Sigma is not positive definite. (in 'model_fix_mean_lap.stan', line 68, column 1 to column 21)
	Exception: model_fix_mean_lap_model_namespace::log_prob: Sigma is not positive definite. (in 'model_fix_mean_lap.stan', line 68, column 1 to column 21)
	Exception: model_fix_mean_lap_model_namespace::log_prob: Sigma is not positive definite. (in 'model_fix_mean_lap.stan', line 68, column 1 to column 21)
	Exception: model_fix_mean_lap_model_namespace::log_prob: Sigma is not positive definite. (in 'model_fix_mean_lap.stan', line 68, column 1 to column 21)
	Exception: model_fix_mean_lap_model_namespace::log_prob: Sigma is not positive definite. (in 'model_fix_mean_lap.stan', line 68, column 1 to column 21)
	Exception: model_fix_mean_lap_model_namespace::log_prob: Sigma is not positive definite. (in 'model_fix_mean_lap.stan', line 68, column 1 to column 21)
	Exception: model_fix_mean_lap_model_namespace::log_prob: Sigma is not positive definite. (in 'model_fix_mean_lap.stan', line 68, column 1 to column 21)
	Exception: model_fix_mean_lap_model_namespace::log_prob: Sigma is not positive definite. (in 'model_fix_mean_lap.stan', line 68, column 1 to column 21)
	Exception: model_fix_mean_lap_model_namespace::log_prob: Sigma is not positive definite. (in 'model_fix_mean_lap.stan', line 68, column 1 to column 21)
	Exception: model_fix_mean_lap_model_namespace::log_prob: Sigma is not positive definite. (in 'model_fix_mean_lap.stan', line 68, column 1 to column 21)
	Exception: model_fix_mean_lap_model_namespace::log_prob: Sigma is not positive definite. (in 'model_fix_mean_lap.stan', line 68, column 1 to column 21)
	Exception: model_fix_mean_lap_model_namespace::log_prob: Sigma is not positive definite. (in 'model_fix_mean_lap.stan', line 68, column 1 to column 21)
	Exception: model_fix_mean_lap_model_namespace::log_prob: Sigma is not positive definite. (in 'model_fix_mean_lap.stan', line 68, column 1 to column 21)
	Exception: model_fix_mean_lap_model_namespace::log_prob: Sigma is not positive definite. (in 'model_fix_mean_lap.stan', line 68, column 1 to column 21)
	Exception: model_fix_mean_lap_model_namespace::log_prob: Sigma is not positive definite. (in 'model_fix_mean_lap.stan', line 68, column 1 to column 21)
	Exception: model_fix_mean_lap_model_namespace::log_prob: Sigma is not positive definite. (in 'model_fix_mean_lap.stan', line 68, column 1 to column 21)
	Exception: model_fix_mean_lap_model_namespace::log_prob: Sigma is not positive definite. (in 'model_fix_mean_lap.stan', line 68, column 1 to column 21)
	Exception: model_fix_mean_lap_model_namespace::log_prob: Sigma is not positive definite. (in 'model_fix_mean_lap.stan', line 68, column 1 to column 21)
	Exception: model_fix_mean_lap_model_namespace::log_prob: Sigma is not positive definite. (in 'model_fix_mean_lap.stan', line 68, column 1 to column 21)
	Exception: model_fix_mean_lap_model_namespace::log_prob: Sigma is not positive definite. (in 'model_fix_mean_lap.stan', line 68, column 1 to column 21)
	Exception: model_fix_mean_lap_model_namespace::log_prob: Sigma is not positive definite. (in 'model_fix_mean_lap.stan', line 68, column 1 to column 21)
	Exception: model_fix_mean_lap_model_namespace::log_prob: Sigma is not positive definite. (in 'model_fix_mean_lap.stan', line 68, column 1 to column 21)
	Exception: model_fix_mean_lap_model_namespace::log_prob: Sigma is not positive definite. (in 'model_fix_mean_lap.stan', line 68, column 1 to column 21)
	Exception: model_fix_mean_lap_model_namespace::log_prob: Sigma is not positive definite. (in 'model_fix_mean_lap.stan', line 68, column 1 to column 21)
	Exception: model_fix_mean_lap_model_namespace::log_prob: Sigma is not positive definite. (in 'model_fix_mean_lap.stan', line 68, column 1 to column 21)
	Exception: model_fix_mean_lap_model_namespace::log_prob: Sigma is not positive definite. (in 'model_fix_mean_lap.stan', line 68, column 1 to column 21)
	Exception: model_fix_mean_lap_model_namespace::log_prob: Sigma is not positive definite. (in 'model_fix_mean_lap.stan', line 68, column 1 to column 21)
	Exception: model_fix_mean_lap_model_namespace::log_prob: Sigma is not positive definite. (in 'model_fix_mean_lap.stan', line 68, column 1 to column 21)
	Exception: model_fix_mean_lap_model_namespace::log_prob: Sigma is not positive definite. (in 'model_fix_mean_lap.stan', line 68, column 1 to column 21)
	Exception: model_fix_mean_lap_model_namespace::log_prob: Sigma is not positive definite. (in 'model_fix_mean_lap.stan', line 68, column 1 to column 21)
	Exception: model_fix_mean_lap_model_namespace::log_prob: Sigma is not positive definite. (in 'model_fix_mean_lap.stan', line 68, column 1 to column 21)
	Exception: model_fix_mean_lap_model_namespace::log_prob: Sigma is not positive definite. (in 'model_fix_mean_lap.stan', line 68, column 1 to column 21)
	Exception: model_fix_mean_lap_model_namespace::log_prob: Sigma is not positive definite. (in 'model_fix_mean_lap.stan', line 68, column 1 to column 21)
	Exception: model_fix_mean_lap_model_namespace::log_prob: Sigma is not positive definite. (in 'model_fix_mean_lap.stan', line 68, column 1 to column 21)
	Exception: model_fix_mean_lap_model_namespace::log_prob: Sigma is not positive definite. (in 'model_fix_mean_lap.stan', line 68, column 1 to column 21)
	Exception: model_fix_mean_lap_model_namespace::log_prob: Sigma is not positive definite. (in 'model_fix_mean_lap.stan', line 68, column 1 to column 21)
	Exception: model_fix_mean_lap_model_namespace::log_prob: Sigma is not positive definite. (in 'model_fix_mean_lap.stan', line 68, column 1 to column 21)
	Exception: model_fix_mean_lap_model_namespace::log_prob: Sigma is not positive definite. (in 'model_fix_mean_lap.stan', line 68, column 1 to column 21)
	Exception: model_fix_mean_lap_model_namespace::log_prob: Sigma is not positive definite. (in 'model_fix_mean_lap.stan', line 68, column 1 to column 21)
	Exception: model_fix_mean_lap_model_namespace::log_prob: Sigma is not positive definite. (in 'model_fix_mean_lap.stan', line 68, column 1 to column 21)
	Exception: model_fix_mean_lap_model_namespace::log_prob: Sigma is not positive definite. (in 'model_fix_mean_lap.stan', line 68, column 1 to column 21)
	Exception: model_fix_mean_lap_model_namespace::log_prob: Sigma is not positive definite. (in 'model_fix_mean_lap.stan', line 68, column 1 to column 21)
	Exception: model_fix_mean_lap_model_namespace::log_prob: Sigma is not positive definite. (in 'model_fix_mean_lap.stan', line 68, column 1 to column 21)
	Exception: model_fix_mean_lap_model_namespace::log_prob: Sigma is not positive definite. (in 'model_fix_mean_lap.stan', line 68, column 1 to column 21)
	Exception: model_fix_mean_lap_model_namespace::log_prob: Sigma is not positive definite. (in 'model_fix_mean_lap.stan', line 68, column 1 to column 21)
	Exception: model_fix_mean_lap_model_namespace::log_prob: Sigma is not positive definite. (in 'model_fix_mean_lap.stan', line 68, column 1 to column 21)
	Exception: model_fix_mean_lap_model_namespace::log_prob: Sigma is not positive definite. (in 'model_fix_mean_lap.stan', line 68, column 1 to column 21)
	Exception: model_fix_mean_lap_model_namespace::log_prob: Sigma is not positive definite. (in 'model_fix_mean_lap.stan', line 68, column 1 to column 21)
	Exception: model_fix_mean_lap_model_namespace::log_prob: Sigma is not positive definite. (in 'model_fix_mean_lap.stan', line 68, column 1 to column 21)
	Exception: model_fix_mean_lap_model_namespace::log_prob: Sigma is not positive definite. (in 'model_fix_mean_lap.stan', line 68, column 1 to column 21)
	Exception: model_fix_mean_lap_model_namespace::log_prob: Sigma is not positive definite. (in 'model_fix_mean_lap.stan', line 68, column 1 to column 21)
	Exception: model_fix_mean_lap_model_namespace::log_prob: Sigma is not positive definite. (in 'model_fix_mean_lap.stan', line 68, column 1 to column 21)
	Exception: model_fix_mean_lap_model_namespace::log_prob: Sigma is not positive definite. (in 'model_fix_mean_lap.stan', line 68, column 1 to column 21)
	Exception: model_fix_mean_lap_model_namespace::log_prob: Sigma is not positive definite. (in 'model_fix_mean_lap.stan', line 68, column 1 to column 21)
	Exception: model_fix_mean_lap_model_namespace::log_prob: Sigma is not positive definite. (in 'model_fix_mean_lap.stan', line 68, column 1 to column 21)
	Exception: model_fix_mean_lap_model_namespace::log_prob: Sigma is not positive definite. (in 'model_fix_mean_lap.stan', line 68, column 1 to column 21)
	Exception: model_fix_mean_lap_model_namespace::log_prob: Sigma is not positive definite. (in 'model_fix_mean_lap.stan', line 68, column 1 to column 21)
	Exception: model_fix_mean_lap_model_namespace::log_prob: Sigma is not positive definite. (in 'model_fix_mean_lap.stan', line 68, column 1 to column 21)
	Exception: model_fix_mean_lap_model_namespace::log_prob: Sigma is not positive definite. (in 'model_fix_mean_lap.stan', line 68, column 1 to column 21)
	Exception: model_fix_mean_lap_model_namespace::log_prob: Sigma is not positive definite. (in 'model_fix_mean_lap.stan', line 68, column 1 to column 21)
	Exception: model_fix_mean_lap_model_namespace::log_prob: Sigma is not positive definite. (in 'model_fix_mean_lap.stan', line 68, column 1 to column 21)
	Exception: model_fix_mean_lap_model_namespace::log_prob: Sigma is not positive definite. (in 'model_fix_mean_lap.stan', line 68, column 1 to column 21)
	Exception: model_fix_mean_lap_model_namespace::log_prob: Sigma is not positive definite. (in 'model_fix_mean_lap.stan', line 68, column 1 to column 21)
	Exception: model_fix_mean_lap_model_namespace::log_prob: Sigma is not positive definite. (in 'model_fix_mean_lap.stan', line 68, column 1 to column 21)
	Exception: model_fix_mean_lap_model_namespace::log_prob: Sigma is not positive definite. (in 'model_fix_mean_lap.stan', line 68, column 1 to column 21)
	Exception: model_fix_mean_lap_model_namespace::log_prob: Sigma is not positive definite. (in 'model_fix_mean_lap.stan', line 68, column 1 to column 21)
	Exception: model_fix_mean_lap_model_namespace::log_prob: Sigma is not positive definite. (in 'model_fix_mean_lap.stan', line 68, column 1 to column 21)
	Exception: model_fix_mean_lap_model_namespace::log_prob: Sigma is not positive definite. (in 'model_fix_mean_lap.stan', line 68, column 1 to column 21)
	Exception: model_fix_mean_lap_model_namespace::log_prob: Sigma is not positive definite. (in 'model_fix_mean_lap.stan', line 68, column 1 to column 21)
	Exception: model_fix_mean_lap_model_namespace::log_prob: Sigma is not positive definite. (in 'model_fix_mean_lap.stan', line 68, column 1 to column 21)
	Exception: model_fix_mean_lap_model_namespace::log_prob: Sigma is not positive definite. (in 'model_fix_mean_lap.stan', line 68, column 1 to column 21)
	Exception: model_fix_mean_lap_model_namespace::log_prob: Sigma is not positive definite. (in 'model_fix_mean_lap.stan', line 68, column 1 to column 21)
	Exception: model_fix_mean_lap_model_namespace::log_prob: Sigma is not positive definite. (in 'model_fix_mean_lap.stan', line 68, column 1 to column 21)
	Exception: model_fix_mean_lap_model_namespace::log_prob: Sigma is not positive definite. (in 'model_fix_mean_lap.stan', line 68, column 1 to column 21)
	Exception: model_fix_mean_lap_model_namespace::log_prob: Sigma is not positive definite. (in 'model_fix_mean_lap.stan', line 68, column 1 to column 21)
	Exception: model_fix_mean_lap_model_namespace::log_prob: Sigma is not positive definite. (in 'model_fix_mean_lap.stan', line 68, column 1 to column 21)
	Exception: model_fix_mean_lap_model_namespace::log_prob: Sigma is not positive definite. (in 'model_fix_mean_lap.stan', line 68, column 1 to column 21)
	Exception: model_fix_mean_lap_model_namespace::log_prob: Sigma is not positive definite. (in 'model_fix_mean_lap.stan', line 68, column 1 to column 21)
	Exception: model_fix_mean_lap_model_namespace::log_prob: Sigma is not positive definite. (in 'model_fix_mean_lap.stan', line 68, column 1 to column 21)
	Exception: model_fix_mean_lap_model_namespace::log_prob: Sigma is not positive definite. (in 'model_fix_mean_lap.stan', line 68, column 1 to column 21)
	Exception: model_fix_mean_lap_model_namespace::log_prob: Sigma is not positive definite. (in 'model_fix_mean_lap.stan', line 68, column 1 to column 21)
	Exception: model_fix_mean_lap_model_namespace::log_prob: Sigma is not positive definite. (in 'model_fix_mean_lap.stan', line 68, column 1 to column 21)
	Exception: model_fix_mean_lap_model_namespace::log_prob: Sigma is not positive definite. (in 'model_fix_mean_lap.stan', line 68, column 1 to column 21)
	Exception: model_fix_mean_lap_model_namespace::log_prob: Sigma is not positive definite. (in 'model_fix_mean_lap.stan', line 68, column 1 to column 21)
	Exception: model_fix_mean_lap_model_namespace::log_prob: Sigma is not positive definite. (in 'model_fix_mean_lap.stan', line 68, column 1 to column 21)
	Exception: model_fix_mean_lap_model_namespace::log_prob: Sigma is not positive definite. (in 'model_fix_mean_lap.stan', line 68, column 1 to column 21)
	Exception: model_fix_mean_lap_model_namespace::log_prob: Sigma is not positive definite. (in 'model_fix_mean_lap.stan', line 68, column 1 to column 21)
	Exception: model_fix_mean_lap_model_namespace::log_prob: Sigma is not positive definite. (in 'model_fix_mean_lap.stan', line 68, column 1 to column 21)
	Exception: model_fix_mean_lap_model_namespace::log_prob: Sigma is not positive definite. (in 'model_fix_mean_lap.stan', line 68, column 1 to column 21)
	Exception: model_fix_mean_lap_model_namespace::log_prob: Sigma is not positive definite. (in 'model_fix_mean_lap.stan', line 68, column 1 to column 21)
	Exception: model_fix_mean_lap_model_namespace::log_prob: Sigma is not positive definite. (in 'model_fix_mean_lap.stan', line 68, column 1 to column 21)
	Exception: model_fix_mean_lap_model_namespace::log_prob: Sigma is not positive definite. (in 'model_fix_mean_lap.stan', line 68, column 1 to column 21)
	Exception: model_fix_mean_lap_model_namespace::log_prob: Sigma is not positive definite. (in 'model_fix_mean_lap.stan', line 68, column 1 to column 21)
	Exception: model_fix_mean_lap_model_namespace::log_prob: Sigma is not positive definite. (in 'model_fix_mean_lap.stan', line 68, column 1 to column 21)
	Exception: model_fix_mean_lap_model_namespace::log_prob: Sigma is not positive definite. (in 'model_fix_mean_lap.stan', line 68, column 1 to column 21)
	Exception: model_fix_mean_lap_model_namespace::log_prob: Sigma is not positive definite. (in 'model_fix_mean_lap.stan', line 68, column 1 to column 21)
	Exception: model_fix_mean_lap_model_namespace::log_prob: Sigma is not positive definite. (in 'model_fix_mean_lap.stan', line 68, column 1 to column 21)
	Exception: model_fix_mean_lap_model_namespace::log_prob: Sigma is not positive definite. (in 'model_fix_mean_lap.stan', line 68, column 1 to column 21)
	Exception: model_fix_mean_lap_model_namespace::log_prob: Sigma is not positive definite. (in 'model_fix_mean_lap.stan', line 68, column 1 to column 21)
	Exception: model_fix_mean_lap_model_namespace::log_prob: Sigma is not positive definite. (in 'model_fix_mean_lap.stan', line 68, column 1 to column 21)
	Exception: model_fix_mean_lap_model_namespace::log_prob: Sigma is not positive definite. (in 'model_fix_mean_lap.stan', line 68, column 1 to column 21)
	Exception: model_fix_mean_lap_model_namespace::log_prob: Sigma is not positive definite. (in 'model_fix_mean_lap.stan', line 68, column 1 to column 21)
	Exception: model_fix_mean_lap_model_namespace::log_prob: Sigma is not positive definite. (in 'model_fix_mean_lap.stan', line 68, column 1 to column 21)
	Exception: model_fix_mean_lap_model_namespace::log_prob: Sigma is not positive definite. (in 'model_fix_mean_lap.stan', line 68, column 1 to column 21)
	Exception: model_fix_mean_lap_model_namespace::log_prob: Sigma is not positive definite. (in 'model_fix_mean_lap.stan', line 68, column 1 to column 21)
	Exception: model_fix_mean_lap_model_namespace::log_prob: Sigma is not positive definite. (in 'model_fix_mean_lap.stan', line 68, column 1 to column 21)
	Exception: model_fix_mean_lap_model_namespace::log_prob: Sigma is not positive definite. (in 'model_fix_mean_lap.stan', line 68, column 1 to column 21)
	Exception: model_fix_mean_lap_model_namespace::log_prob: Sigma is not positive definite. (in 'model_fix_mean_lap.stan', line 68, column 1 to column 21)
	Exception: model_fix_mean_lap_model_namespace::log_prob: Sigma is not positive definite. (in 'model_fix_mean_lap.stan', line 68, column 1 to column 21)
	Exception: model_fix_mean_lap_model_namespace::log_prob: Sigma is not positive definite. (in 'model_fix_mean_lap.stan', line 68, column 1 to column 21)
	Exception: model_fix_mean_lap_model_namespace::log_prob: Sigma is not positive definite. (in 'model_fix_mean_lap.stan', line 68, column 1 to column 21)
	Exception: model_fix_mean_lap_model_namespace::log_prob: Sigma is not positive definite. (in 'model_fix_mean_lap.stan', line 68, column 1 to column 21)
	Exception: model_fix_mean_lap_model_namespace::log_prob: Sigma is not positive definite. (in 'model_fix_mean_lap.stan', line 68, column 1 to column 21)
	Exception: model_fix_mean_lap_model_namespace::log_prob: Sigma is not positive definite. (in 'model_fix_mean_lap.stan', line 68, column 1 to column 21)
	Exception: model_fix_mean_lap_model_namespace::log_prob: Sigma is not positive definite. (in 'model_fix_mean_lap.stan', line 68, column 1 to column 21)
	Exception: model_fix_mean_lap_model_namespace::log_prob: Sigma is not positive definite. (in 'model_fix_mean_lap.stan', line 68, column 1 to column 21)
	Exception: model_fix_mean_lap_model_namespace::log_prob: Sigma is not positive definite. (in 'model_fix_mean_lap.stan', line 68, column 1 to column 21)
	Exception: model_fix_mean_lap_model_namespace::log_prob: Sigma is not positive definite. (in 'model_fix_mean_lap.stan', line 68, column 1 to column 21)
	Exception: model_fix_mean_lap_model_namespace::log_prob: Sigma is not positive definite. (in 'model_fix_mean_lap.stan', line 68, column 1 to column 21)
	Exception: model_fix_mean_lap_model_namespace::log_prob: Sigma is not positive definite. (in 'model_fix_mean_lap.stan', line 68, column 1 to column 21)
	Exception: model_fix_mean_lap_model_namespace::log_prob: Sigma is not positive definite. (in 'model_fix_mean_lap.stan', line 68, column 1 to column 21)
	Exception: model_fix_mean_lap_model_namespace::log_prob: Sigma is not positive definite. (in 'model_fix_mean_lap.stan', line 68, column 1 to column 21)
	Exception: model_fix_mean_lap_model_namespace::log_prob: Sigma is not positive definite. (in 'model_fix_mean_lap.stan', line 68, column 1 to column 21)
	Exception: model_fix_mean_lap_model_namespace::log_prob: Sigma is not positive definite. (in 'model_fix_mean_lap.stan', line 68, column 1 to column 21)
	Exception: model_fix_mean_lap_model_namespace::log_prob: Sigma is not positive definite. (in 'model_fix_mean_lap.stan', line 68, column 1 to column 21)
	Exception: model_fix_mean_lap_model_namespace::log_prob: Sigma is not positive definite. (in 'model_fix_mean_lap.stan', line 68, column 1 to column 21)
	Exception: model_fix_mean_lap_model_namespace::log_prob: Sigma is not positive definite. (in 'model_fix_mean_lap.stan', line 68, column 1 to column 21)
	Exception: model_fix_mean_lap_model_namespace::log_prob: Sigma is not positive definite. (in 'model_fix_mean_lap.stan', line 68, column 1 to column 21)
	Exception: model_fix_mean_lap_model_namespace::log_prob: Sigma is not positive definite. (in 'model_fix_mean_lap.stan', line 68, column 1 to column 21)
	Exception: model_fix_mean_lap_model_namespace::log_prob: Sigma is not positive definite. (in 'model_fix_mean_lap.stan', line 68, column 1 to column 21)
	Exception: model_fix_mean_lap_model_namespace::log_prob: Sigma is not positive definite. (in 'model_fix_mean_lap.stan', line 68, column 1 to column 21)
	Exception: model_fix_mean_lap_model_namespace::log_prob: Sigma is not positive definite. (in 'model_fix_mean_lap.stan', line 68, column 1 to column 21)
	Exception: model_fix_mean_lap_model_namespace::log_prob: Sigma is not positive definite. (in 'model_fix_mean_lap.stan', line 68, column 1 to column 21)
	Exception: model_fix_mean_lap_model_namespace::log_prob: Sigma is not positive definite. (in 'model_fix_mean_lap.stan', line 68, column 1 to column 21)
	Exception: model_fix_mean_lap_model_namespace::log_prob: Sigma is not positive definite. (in 'model_fix_mean_lap.stan', line 68, column 1 to column 21)
	Exception: model_fix_mean_lap_model_namespace::log_prob: Sigma is not positive definite. (in 'model_fix_mean_lap.stan', line 68, column 1 to column 21)
	Exception: model_fix_mean_lap_model_namespace::log_prob: Sigma is not positive definite. (in 'model_fix_mean_lap.stan', line 68, column 1 to column 21)
	Exception: model_fix_mean_lap_model_namespace::log_prob: Sigma is not positive definite. (in 'model_fix_mean_lap.stan', line 68, column 1 to column 21)
	Exception: model_fix_mean_lap_model_namespace::log_prob: Sigma is not positive definite. (in 'model_fix_mean_lap.stan', line 68, column 1 to column 21)
	Exception: model_fix_mean_lap_model_namespace::log_prob: Sigma is not positive definite. (in 'model_fix_mean_lap.stan', line 68, column 1 to column 21)
	Exception: model_fix_mean_lap_model_namespace::log_prob: Sigma is not positive definite. (in 'model_fix_mean_lap.stan', line 68, column 1 to column 21)
	Exception: model_fix_mean_lap_model_namespace::log_prob: Sigma is not positive definite. (in 'model_fix_mean_lap.stan', line 68, column 1 to column 21)
	Exception: model_fix_mean_lap_model_namespace::log_prob: Sigma is not positive definite. (in 'model_fix_mean_lap.stan', line 68, column 1 to column 21)
	Exception: model_fix_mean_lap_model_namespace::log_prob: Sigma is not positive definite. (in 'model_fix_mean_lap.stan', line 68, column 1 to column 21)
	Exception: model_fix_mean_lap_model_namespace::log_prob: Sigma is not positive definite. (in 'model_fix_mean_lap.stan', line 68, column 1 to column 21)
	Exception: model_fix_mean_lap_model_namespace::log_prob: Sigma is not positive definite. (in 'model_fix_mean_lap.stan', line 68, column 1 to column 21)
	Exception: model_fix_mean_lap_model_namespace::log_prob: Sigma is not positive definite. (in 'model_fix_mean_lap.stan', line 68, column 1 to column 21)
	Exception: model_fix_mean_lap_model_namespace::log_prob: Sigma is not positive definite. (in 'model_fix_mean_lap.stan', line 68, column 1 to column 21)
	Exception: model_fix_mean_lap_model_namespace::log_prob: Sigma is not positive definite. (in 'model_fix_mean_lap.stan', line 68, column 1 to column 21)
	Exception: model_fix_mean_lap_model_namespace::log_prob: Sigma is not positive definite. (in 'model_fix_mean_lap.stan', line 68, column 1 to column 21)
	Exception: model_fix_mean_lap_model_namespace::log_prob: Sigma is not positive definite. (in 'model_fix_mean_lap.stan', line 68, column 1 to column 21)
	Exception: model_fix_mean_lap_model_namespace::log_prob: Sigma is not positive definite. (in 'model_fix_mean_lap.stan', line 68, column 1 to column 21)
	Exception: model_fix_mean_lap_model_namespace::log_prob: Sigma is not positive definite. (in 'model_fix_mean_lap.stan', line 68, column 1 to column 21)
	Exception: model_fix_mean_lap_model_namespace::log_prob: Sigma is not positive definite. (in 'model_fix_mean_lap.stan', line 68, column 1 to column 21)
	Exception: model_fix_mean_lap_model_namespace::log_prob: Sigma is not positive definite. (in 'model_fix_mean_lap.stan', line 68, column 1 to column 21)
	Exception: model_fix_mean_lap_model_namespace::log_prob: Sigma is not positive definite. (in 'model_fix_mean_lap.stan', line 68, column 1 to column 21)
	Exception: model_fix_mean_lap_model_namespace::log_prob: Sigma is not positive definite. (in 'model_fix_mean_lap.stan', line 68, column 1 to column 21)
	Exception: model_fix_mean_lap_model_namespace::log_prob: Sigma is not positive definite. (in 'model_fix_mean_lap.stan', line 68, column 1 to column 21)
	Exception: model_fix_mean_lap_model_namespace::log_prob: Sigma is not positive definite. (in 'model_fix_mean_lap.stan', line 68, column 1 to column 21)
	Exception: model_fix_mean_lap_model_namespace::log_prob: Sigma is not positive definite. (in 'model_fix_mean_lap.stan', line 68, column 1 to column 21)
	Exception: model_fix_mean_lap_model_namespace::log_prob: Sigma is not positive definite. (in 'model_fix_mean_lap.stan', line 68, column 1 to column 21)
	Exception: model_fix_mean_lap_model_namespace::log_prob: Sigma is not positive definite. (in 'model_fix_mean_lap.stan', line 68, column 1 to column 21)
	Exception: model_fix_mean_lap_model_namespace::log_prob: Sigma is not positive definite. (in 'model_fix_mean_lap.stan', line 68, column 1 to column 21)
	Exception: model_fix_mean_lap_model_namespace::log_prob: Sigma is not positive definite. (in 'model_fix_mean_lap.stan', line 68, column 1 to column 21)
	Exception: model_fix_mean_lap_model_namespace::log_prob: Sigma is not positive definite. (in 'model_fix_mean_lap.stan', line 68, column 1 to column 21)
	Exception: model_fix_mean_lap_model_namespace::log_prob: Sigma is not positive definite. (in 'model_fix_mean_lap.stan', line 68, column 1 to column 21)
	Exception: model_fix_mean_lap_model_namespace::log_prob: Sigma is not positive definite. (in 'model_fix_mean_lap.stan', line 68, column 1 to column 21)
	Exception: model_fix_mean_lap_model_namespace::log_prob: Sigma is not positive definite. (in 'model_fix_mean_lap.stan', line 68, column 1 to column 21)
	Exception: model_fix_mean_lap_model_namespace::log_prob: Sigma is not positive definite. (in 'model_fix_mean_lap.stan', line 68, column 1 to column 21)
	Exception: model_fix_mean_lap_model_namespace::log_prob: Sigma is not positive definite. (in 'model_fix_mean_lap.stan', line 68, column 1 to column 21)
	Exception: model_fix_mean_lap_model_namespace::log_prob: Sigma is not positive definite. (in 'model_fix_mean_lap.stan', line 68, column 1 to column 21)
	Exception: model_fix_mean_lap_model_namespace::log_prob: Sigma is not positive definite. (in 'model_fix_mean_lap.stan', line 68, column 1 to column 21)
	Exception: model_fix_mean_lap_model_namespace::log_prob: Sigma is not positive definite. (in 'model_fix_mean_lap.stan', line 68, column 1 to column 21)
	Exception: model_fix_mean_lap_model_namespace::log_prob: Sigma is not positive definite. (in 'model_fix_mean_lap.stan', line 68, column 1 to column 21)
	Exception: model_fix_mean_lap_model_namespace::log_prob: Sigma is not positive definite. (in 'model_fix_mean_lap.stan', line 68, column 1 to column 21)
	Exception: model_fix_mean_lap_model_namespace::log_prob: Sigma is not positive definite. (in 'model_fix_mean_lap.stan', line 68, column 1 to column 21)
	Exception: model_fix_mean_lap_model_namespace::log_prob: Sigma is not positive definite. (in 'model_fix_mean_lap.stan', line 68, column 1 to column 21)
	Exception: model_fix_mean_lap_model_namespace::log_prob: Sigma is not positive definite. (in 'model_fix_mean_lap.stan', line 68, column 1 to column 21)
	Exception: model_fix_mean_lap_model_namespace::log_prob: Sigma is not positive definite. (in 'model_fix_mean_lap.stan', line 68, column 1 to column 21)
	Exception: model_fix_mean_lap_model_namespace::log_prob: Sigma is not positive definite. (in 'model_fix_mean_lap.stan', line 68, column 1 to column 21)
	Exception: model_fix_mean_lap_model_namespace::log_prob: Sigma is not positive definite. (in 'model_fix_mean_lap.stan', line 68, column 1 to column 21)
	Exception: model_fix_mean_lap_model_namespace::log_prob: Sigma is not positive definite. (in 'model_fix_mean_lap.stan', line 68, column 1 to column 21)
	Exception: model_fix_mean_lap_model_namespace::log_prob: Sigma is not positive definite. (in 'model_fix_mean_lap.stan', line 68, column 1 to column 21)
	Exception: model_fix_mean_lap_model_namespace::log_prob: Sigma is not positive definite. (in 'model_fix_mean_lap.stan', line 68, column 1 to column 21)
	Exception: model_fix_mean_lap_model_namespace::log_prob: Sigma is not positive definite. (in 'model_fix_mean_lap.stan', line 68, column 1 to column 21)
	Exception: model_fix_mean_lap_model_namespace::log_prob: Sigma is not positive definite. (in 'model_fix_mean_lap.stan', line 68, column 1 to column 21)
	Exception: model_fix_mean_lap_model_namespace::log_prob: Sigma is not positive definite. (in 'model_fix_mean_lap.stan', line 68, column 1 to column 21)
	Exception: model_fix_mean_lap_model_namespace::log_prob: Sigma is not positive definite. (in 'model_fix_mean_lap.stan', line 68, column 1 to column 21)
	Exception: model_fix_mean_lap_model_namespace::log_prob: Sigma is not positive definite. (in 'model_fix_mean_lap.stan', line 68, column 1 to column 21)
	Exception: model_fix_mean_lap_model_namespace::log_prob: Sigma is not positive definite. (in 'model_fix_mean_lap.stan', line 68, column 1 to column 21)
	Exception: model_fix_mean_lap_model_namespace::log_prob: Sigma is not positive definite. (in 'model_fix_mean_lap.stan', line 68, column 1 to column 21)
	Exception: model_fix_mean_lap_model_namespace::log_prob: Sigma is not positive definite. (in 'model_fix_mean_lap.stan', line 68, column 1 to column 21)
	Exception: model_fix_mean_lap_model_namespace::log_prob: Sigma is not positive definite. (in 'model_fix_mean_lap.stan', line 68, column 1 to column 21)
	Exception: model_fix_mean_lap_model_namespace::log_prob: Sigma is not positive definite. (in 'model_fix_mean_lap.stan', line 68, column 1 to column 21)
	Exception: model_fix_mean_lap_model_namespace::log_prob: Sigma is not positive definite. (in 'model_fix_mean_lap.stan', line 68, column 1 to column 21)
	Exception: model_fix_mean_lap_model_namespace::log_prob: Sigma is not positive definite. (in 'model_fix_mean_lap.stan', line 68, column 1 to column 21)
	Exception: model_fix_mean_lap_model_namespace::log_prob: Sigma is not positive definite. (in 'model_fix_mean_lap.stan', line 68, column 1 to column 21)
	Exception: model_fix_mean_lap_model_namespace::log_prob: Sigma is not positive definite. (in 'model_fix_mean_lap.stan', line 68, column 1 to column 21)
	Exception: model_fix_mean_lap_model_namespace::log_prob: Sigma is not positive definite. (in 'model_fix_mean_lap.stan', line 68, column 1 to column 21)
	Exception: model_fix_mean_lap_model_namespace::log_prob: Sigma is not positive definite. (in 'model_fix_mean_lap.stan', line 68, column 1 to column 21)
	Exception: model_fix_mean_lap_model_namespace::log_prob: Sigma is not positive definite. (in 'model_fix_mean_lap.stan', line 68, column 1 to column 21)
	Exception: model_fix_mean_lap_model_namespace::log_prob: Sigma is not positive definite. (in 'model_fix_mean_lap.stan', line 68, column 1 to column 21)
	Exception: model_fix_mean_lap_model_namespace::log_prob: Sigma is not positive definite. (in 'model_fix_mean_lap.stan', line 68, column 1 to column 21)
	Exception: model_fix_mean_lap_model_namespace::log_prob: Sigma is not positive definite. (in 'model_fix_mean_lap.stan', line 68, column 1 to column 21)
	Exception: model_fix_mean_lap_model_namespace::log_prob: Sigma is not positive definite. (in 'model_fix_mean_lap.stan', line 68, column 1 to column 21)
	Exception: model_fix_mean_lap_model_namespace::log_prob: Sigma is not positive definite. (in 'model_fix_mean_lap.stan', line 68, column 1 to column 21)
	Exception: model_fix_mean_lap_model_namespace::log_prob: Sigma is not positive definite. (in 'model_fix_mean_lap.stan', line 68, column 1 to column 21)
	Exception: model_fix_mean_lap_model_namespace::log_prob: Sigma is not positive definite. (in 'model_fix_mean_lap.stan', line 68, column 1 to column 21)
	Exception: model_fix_mean_lap_model_namespace::log_prob: Sigma is not positive definite. (in 'model_fix_mean_lap.stan', line 68, column 1 to column 21)
	Exception: model_fix_mean_lap_model_namespace::log_prob: Sigma is not positive definite. (in 'model_fix_mean_lap.stan', line 68, column 1 to column 21)
	Exception: model_fix_mean_lap_model_namespace::log_prob: Sigma is not positive definite. (in 'model_fix_mean_lap.stan', line 68, column 1 to column 21)
	Exception: model_fix_mean_lap_model_namespace::log_prob: Sigma is not positive definite. (in 'model_fix_mean_lap.stan', line 68, column 1 to column 21)
	Exception: model_fix_mean_lap_model_namespace::log_prob: Sigma is not positive definite. (in 'model_fix_mean_lap.stan', line 68, column 1 to column 21)
	Exception: model_fix_mean_lap_model_namespace::log_prob: Sigma is not positive definite. (in 'model_fix_mean_lap.stan', line 68, column 1 to column 21)
	Exception: model_fix_mean_lap_model_namespace::log_prob: Sigma is not positive definite. (in 'model_fix_mean_lap.stan', line 68, column 1 to column 21)
	Exception: model_fix_mean_lap_model_namespace::log_prob: Sigma is not positive definite. (in 'model_fix_mean_lap.stan', line 68, column 1 to column 21)
	Exception: model_fix_mean_lap_model_namespace::log_prob: Sigma is not positive definite. (in 'model_fix_mean_lap.stan', line 68, column 1 to column 21)
	Exception: model_fix_mean_lap_model_namespace::log_prob: Sigma is not positive definite. (in 'model_fix_mean_lap.stan', line 68, column 1 to column 21)
	Exception: model_fix_mean_lap_model_namespace::log_prob: Sigma is not positive definite. (in 'model_fix_mean_lap.stan', line 68, column 1 to column 21)
	Exception: model_fix_mean_lap_model_namespace::log_prob: Sigma is not positive definite. (in 'model_fix_mean_lap.stan', line 68, column 1 to column 21)
	Exception: model_fix_mean_lap_model_namespace::log_prob: Sigma is not positive definite. (in 'model_fix_mean_lap.stan', line 68, column 1 to column 21)
	Exception: model_fix_mean_lap_model_namespace::log_prob: Sigma is not positive definite. (in 'model_fix_mean_lap.stan', line 68, column 1 to column 21)
	Exception: model_fix_mean_lap_model_namespace::log_prob: Sigma is not positive definite. (in 'model_fix_mean_lap.stan', line 68, column 1 to column 21)
	Exception: model_fix_mean_lap_model_namespace::log_prob: Sigma is not positive definite. (in 'model_fix_mean_lap.stan', line 68, column 1 to column 21)
	Exception: model_fix_mean_lap_model_namespace::log_prob: Sigma is not positive definite. (in 'model_fix_mean_lap.stan', line 68, column 1 to column 21)
	Exception: model_fix_mean_lap_model_namespace::log_prob: Sigma is not positive definite. (in 'model_fix_mean_lap.stan', line 68, column 1 to column 21)
	Exception: model_fix_mean_lap_model_namespace::log_prob: Sigma is not positive definite. (in 'model_fix_mean_lap.stan', line 68, column 1 to column 21)
	Exception: model_fix_mean_lap_model_namespace::log_prob: Sigma is not positive definite. (in 'model_fix_mean_lap.stan', line 68, column 1 to column 21)
	Exception: model_fix_mean_lap_model_namespace::log_prob: Sigma is not positive definite. (in 'model_fix_mean_lap.stan', line 68, column 1 to column 21)
	Exception: model_fix_mean_lap_model_namespace::log_prob: Sigma is not positive definite. (in 'model_fix_mean_lap.stan', line 68, column 1 to column 21)
	Exception: model_fix_mean_lap_model_namespace::log_prob: Sigma is not positive definite. (in 'model_fix_mean_lap.stan', line 68, column 1 to column 21)
	Exception: model_fix_mean_lap_model_namespace::log_prob: Sigma is not positive definite. (in 'model_fix_mean_lap.stan', line 68, column 1 to column 21)
	Exception: model_fix_mean_lap_model_namespace::log_prob: Sigma is not positive definite. (in 'model_fix_mean_lap.stan', line 68, column 1 to column 21)
	Exception: model_fix_mean_lap_model_namespace::log_prob: Sigma is not positive definite. (in 'model_fix_mean_lap.stan', line 68, column 1 to column 21)
	Exception: model_fix_mean_lap_model_namespace::log_prob: Sigma is not positive definite. (in 'model_fix_mean_lap.stan', line 68, column 1 to column 21)
	Exception: model_fix_mean_lap_model_namespace::log_prob: Sigma is not positive definite. (in 'model_fix_mean_lap.stan', line 68, column 1 to column 21)
	Exception: model_fix_mean_lap_model_namespace::log_prob: Sigma is not positive definite. (in 'model_fix_mean_lap.stan', line 68, column 1 to column 21)
	Exception: model_fix_mean_lap_model_namespace::log_prob: Sigma is not positive definite. (in 'model_fix_mean_lap.stan', line 68, column 1 to column 21)
	Exception: model_fix_mean_lap_model_namespace::log_prob: Sigma is not positive definite. (in 'model_fix_mean_lap.stan', line 68, column 1 to column 21)
	Exception: model_fix_mean_lap_model_namespace::log_prob: Sigma is not positive definite. (in 'model_fix_mean_lap.stan', line 68, column 1 to column 21)
	Exception: model_fix_mean_lap_model_namespace::log_prob: Sigma is not positive definite. (in 'model_fix_mean_lap.stan', line 68, column 1 to column 21)
	Exception: model_fix_mean_lap_model_namespace::log_prob: Sigma is not positive definite. (in 'model_fix_mean_lap.stan', line 68, column 1 to column 21)
	Exception: model_fix_mean_lap_model_namespace::log_prob: Sigma is not positive definite. (in 'model_fix_mean_lap.stan', line 68, column 1 to column 21)
	Exception: model_fix_mean_lap_model_namespace::log_prob: Sigma is not positive definite. (in 'model_fix_mean_lap.stan', line 68, column 1 to column 21)
	Exception: model_fix_mean_lap_model_namespace::log_prob: Sigma is not positive definite. (in 'model_fix_mean_lap.stan', line 68, column 1 to column 21)
	Exception: model_fix_mean_lap_model_namespace::log_prob: Sigma is not positive definite. (in 'model_fix_mean_lap.stan', line 68, column 1 to column 21)
	Exception: model_fix_mean_lap_model_namespace::log_prob: Sigma is not positive definite. (in 'model_fix_mean_lap.stan', line 68, column 1 to column 21)
	Exception: model_fix_mean_lap_model_namespace::log_prob: Sigma is not positive definite. (in 'model_fix_mean_lap.stan', line 68, column 1 to column 21)
	Exception: model_fix_mean_lap_model_namespace::log_prob: Sigma is not positive definite. (in 'model_fix_mean_lap.stan', line 68, column 1 to column 21)
	Exception: model_fix_mean_lap_model_namespace::log_prob: Sigma is not positive definite. (in 'model_fix_mean_lap.stan', line 68, column 1 to column 21)
	Exception: model_fix_mean_lap_model_namespace::log_prob: Sigma is not positive definite. (in 'model_fix_mean_lap.stan', line 68, column 1 to column 21)
	Exception: model_fix_mean_lap_model_namespace::log_prob: Sigma is not positive definite. (in 'model_fix_mean_lap.stan', line 68, column 1 to column 21)
	Exception: model_fix_mean_lap_model_namespace::log_prob: Sigma is not positive definite. (in 'model_fix_mean_lap.stan', line 68, column 1 to column 21)
	Exception: model_fix_mean_lap_model_namespace::log_prob: Sigma is not positive definite. (in 'model_fix_mean_lap.stan', line 68, column 1 to column 21)
	Exception: model_fix_mean_lap_model_namespace::log_prob: Sigma is not positive definite. (in 'model_fix_mean_lap.stan', line 68, column 1 to column 21)
	Exception: model_fix_mean_lap_model_namespace::log_prob: Sigma is not positive definite. (in 'model_fix_mean_lap.stan', line 68, column 1 to column 21)
	Exception: model_fix_mean_lap_model_namespace::log_prob: Sigma is not positive definite. (in 'model_fix_mean_lap.stan', line 68, column 1 to column 21)
	Exception: model_fix_mean_lap_model_namespace::log_prob: Sigma is not positive definite. (in 'model_fix_mean_lap.stan', line 68, column 1 to column 21)
	Exception: model_fix_mean_lap_model_namespace::log_prob: Sigma is not positive definite. (in 'model_fix_mean_lap.stan', line 68, column 1 to column 21)
	Exception: model_fix_mean_lap_model_namespace::log_prob: Sigma is not positive definite. (in 'model_fix_mean_lap.stan', line 68, column 1 to column 21)
	Exception: model_fix_mean_lap_model_namespace::log_prob: Sigma is not positive definite. (in 'model_fix_mean_lap.stan', line 68, column 1 to column 21)
	Exception: model_fix_mean_lap_model_namespace::log_prob: Sigma is not positive definite. (in 'model_fix_mean_lap.stan', line 68, column 1 to column 21)
	Exception: model_fix_mean_lap_model_namespace::log_prob: Sigma is not positive definite. (in 'model_fix_mean_lap.stan', line 68, column 1 to column 21)
	Exception: model_fix_mean_lap_model_namespace::log_prob: Sigma is not positive definite. (in 'model_fix_mean_lap.stan', line 68, column 1 to column 21)
	Exception: model_fix_mean_lap_model_namespace::log_prob: Sigma is not positive definite. (in 'model_fix_mean_lap.stan', line 68, column 1 to column 21)
	Exception: model_fix_mean_lap_model_namespace::log_prob: Sigma is not positive definite. (in 'model_fix_mean_lap.stan', line 68, column 1 to column 21)
	Exception: model_fix_mean_lap_model_namespace::log_prob: Sigma is not positive definite. (in 'model_fix_mean_lap.stan', line 68, column 1 to column 21)
	Exception: model_fix_mean_lap_model_namespace::log_prob: Sigma is not positive definite. (in 'model_fix_mean_lap.stan', line 68, column 1 to column 21)
	Exception: model_fix_mean_lap_model_namespace::log_prob: Sigma is not positive definite. (in 'model_fix_mean_lap.stan', line 68, column 1 to column 21)
	Exception: model_fix_mean_lap_model_namespace::log_prob: Sigma is not positive definite. (in 'model_fix_mean_lap.stan', line 68, column 1 to column 21)
	Exception: model_fix_mean_lap_model_namespace::log_prob: Sigma is not positive definite. (in 'model_fix_mean_lap.stan', line 68, column 1 to column 21)
	Exception: model_fix_mean_lap_model_namespace::log_prob: Sigma is not positive definite. (in 'model_fix_mean_lap.stan', line 68, column 1 to column 21)
	Exception: model_fix_mean_lap_model_namespace::log_prob: Sigma is not positive definite. (in 'model_fix_mean_lap.stan', line 68, column 1 to column 21)
	Exception: model_fix_mean_lap_model_namespace::log_prob: Sigma is not positive definite. (in 'model_fix_mean_lap.stan', line 68, column 1 to column 21)
	Exception: model_fix_mean_lap_model_namespace::log_prob: Sigma is not positive definite. (in 'model_fix_mean_lap.stan', line 68, column 1 to column 21)
	Exception: model_fix_mean_lap_model_namespace::log_prob: Sigma is not positive definite. (in 'model_fix_mean_lap.stan', line 68, column 1 to column 21)
	Exception: model_fix_mean_lap_model_namespace::log_prob: Sigma is not positive definite. (in 'model_fix_mean_lap.stan', line 68, column 1 to column 21)
	Exception: model_fix_mean_lap_model_namespace::log_prob: Sigma is not positive definite. (in 'model_fix_mean_lap.stan', line 68, column 1 to column 21)
	Exception: model_fix_mean_lap_model_namespace::log_prob: Sigma is not positive definite. (in 'model_fix_mean_lap.stan', line 68, column 1 to column 21)
	Exception: model_fix_mean_lap_model_namespace::log_prob: Sigma is not positive definite. (in 'model_fix_mean_lap.stan', line 68, column 1 to column 21)
	Exception: model_fix_mean_lap_model_namespace::log_prob: Sigma is not positive definite. (in 'model_fix_mean_lap.stan', line 68, column 1 to column 21)
	Exception: model_fix_mean_lap_model_namespace::log_prob: Sigma is not positive definite. (in 'model_fix_mean_lap.stan', line 68, column 1 to column 21)
	Exception: model_fix_mean_lap_model_namespace::log_prob: Sigma is not positive definite. (in 'model_fix_mean_lap.stan', line 68, column 1 to column 21)
	Exception: model_fix_mean_lap_model_namespace::log_prob: Sigma is not positive definite. (in 'model_fix_mean_lap.stan', line 68, column 1 to column 21)
	Exception: model_fix_mean_lap_model_namespace::log_prob: Sigma is not positive definite. (in 'model_fix_mean_lap.stan', line 68, column 1 to column 21)
	Exception: model_fix_mean_lap_model_namespace::log_prob: Sigma is not positive definite. (in 'model_fix_mean_lap.stan', line 68, column 1 to column 21)
	Exception: model_fix_mean_lap_model_namespace::log_prob: Sigma is not positive definite. (in 'model_fix_mean_lap.stan', line 68, column 1 to column 21)
	Exception: model_fix_mean_lap_model_namespace::log_prob: Sigma is not positive definite. (in 'model_fix_mean_lap.stan', line 68, column 1 to column 21)
	Exception: model_fix_mean_lap_model_namespace::log_prob: Sigma is not positive definite. (in 'model_fix_mean_lap.stan', line 68, column 1 to column 21)
	Exception: model_fix_mean_lap_model_namespace::log_prob: Sigma is not positive definite. (in 'model_fix_mean_lap.stan', line 68, column 1 to column 21)
	Exception: model_fix_mean_lap_model_namespace::log_prob: Sigma is not positive definite. (in 'model_fix_mean_lap.stan', line 68, column 1 to column 21)
	Exception: model_fix_mean_lap_model_namespace::log_prob: Sigma is not positive definite. (in 'model_fix_mean_lap.stan', line 68, column 1 to column 21)
	Exception: model_fix_mean_lap_model_namespace::log_prob: Sigma is not positive definite. (in 'model_fix_mean_lap.stan', line 68, column 1 to column 21)
	Exception: model_fix_mean_lap_model_namespace::log_prob: Sigma is not positive definite. (in 'model_fix_mean_lap.stan', line 68, column 1 to column 21)
	Exception: model_fix_mean_lap_model_namespace::log_prob: Sigma is not positive definite. (in 'model_fix_mean_lap.stan', line 68, column 1 to column 21)
	Exception: model_fix_mean_lap_model_namespace::log_prob: Sigma is not positive definite. (in 'model_fix_mean_lap.stan', line 68, column 1 to column 21)
	Exception: model_fix_mean_lap_model_namespace::log_prob: Sigma is not positive definite. (in 'model_fix_mean_lap.stan', line 68, column 1 to column 21)
	Exception: model_fix_mean_lap_model_namespace::log_prob: Sigma is not positive definite. (in 'model_fix_mean_lap.stan', line 68, column 1 to column 21)
	Exception: model_fix_mean_lap_model_namespace::log_prob: Sigma is not positive definite. (in 'model_fix_mean_lap.stan', line 68, column 1 to column 21)
	Exception: model_fix_mean_lap_model_namespace::log_prob: Sigma is not positive definite. (in 'model_fix_mean_lap.stan', line 68, column 1 to column 21)
	Exception: model_fix_mean_lap_model_namespace::log_prob: Sigma is not positive definite. (in 'model_fix_mean_lap.stan', line 68, column 1 to column 21)
	Exception: model_fix_mean_lap_model_namespace::log_prob: Sigma is not positive definite. (in 'model_fix_mean_lap.stan', line 68, column 1 to column 21)
	Exception: model_fix_mean_lap_model_namespace::log_prob: Sigma is not positive definite. (in 'model_fix_mean_lap.stan', line 68, column 1 to column 21)
	Exception: model_fix_mean_lap_model_namespace::log_prob: Sigma is not positive definite. (in 'model_fix_mean_lap.stan', line 68, column 1 to column 21)
	Exception: model_fix_mean_lap_model_namespace::log_prob: Sigma is not positive definite. (in 'model_fix_mean_lap.stan', line 68, column 1 to column 21)
	Exception: model_fix_mean_lap_model_namespace::log_prob: Sigma is not positive definite. (in 'model_fix_mean_lap.stan', line 68, column 1 to column 21)
	Exception: model_fix_mean_lap_model_namespace::log_prob: Sigma is not positive definite. (in 'model_fix_mean_lap.stan', line 68, column 1 to column 21)
	Exception: model_fix_mean_lap_model_namespace::log_prob: Sigma is not positive definite. (in 'model_fix_mean_lap.stan', line 68, column 1 to column 21)
	Exception: model_fix_mean_lap_model_namespace::log_prob: Sigma is not positive definite. (in 'model_fix_mean_lap.stan', line 68, column 1 to column 21)
	Exception: model_fix_mean_lap_model_namespace::log_prob: Sigma is not positive definite. (in 'model_fix_mean_lap.stan', line 68, column 1 to column 21)
	Exception: model_fix_mean_lap_model_namespace::log_prob: Sigma is not positive definite. (in 'model_fix_mean_lap.stan', line 68, column 1 to column 21)
	Exception: model_fix_mean_lap_model_namespace::log_prob: Sigma is not positive definite. (in 'model_fix_mean_lap.stan', line 68, column 1 to column 21)
	Exception: model_fix_mean_lap_model_namespace::log_prob: Sigma is not positive definite. (in 'model_fix_mean_lap.stan', line 68, column 1 to column 21)
	Exception: model_fix_mean_lap_model_namespace::log_prob: Sigma is not positive definite. (in 'model_fix_mean_lap.stan', line 68, column 1 to column 21)
	Exception: model_fix_mean_lap_model_namespace::log_prob: Sigma is not positive definite. (in 'model_fix_mean_lap.stan', line 68, column 1 to column 21)
	Exception: model_fix_mean_lap_model_namespace::log_prob: Sigma is not positive definite. (in 'model_fix_mean_lap.stan', line 68, column 1 to column 21)
	Exception: model_fix_mean_lap_model_namespace::log_prob: Sigma is not positive definite. (in 'model_fix_mean_lap.stan', line 68, column 1 to column 21)
	Exception: model_fix_mean_lap_model_namespace::log_prob: Sigma is not positive definite. (in 'model_fix_mean_lap.stan', line 68, column 1 to column 21)
	Exception: model_fix_mean_lap_model_namespace::log_prob: Sigma is not positive definite. (in 'model_fix_mean_lap.stan', line 68, column 1 to column 21)
	Exception: model_fix_mean_lap_model_namespace::log_prob: Sigma is not positive definite. (in 'model_fix_mean_lap.stan', line 68, column 1 to column 21)
	Exception: model_fix_mean_lap_model_namespace::log_prob: Sigma is not positive definite. (in 'model_fix_mean_lap.stan', line 68, column 1 to column 21)
	Exception: model_fix_mean_lap_model_namespace::log_prob: Sigma is not positive definite. (in 'model_fix_mean_lap.stan', line 68, column 1 to column 21)
	Exception: model_fix_mean_lap_model_namespace::log_prob: Sigma is not positive definite. (in 'model_fix_mean_lap.stan', line 68, column 1 to column 21)
	Exception: model_fix_mean_lap_model_namespace::log_prob: Sigma is not positive definite. (in 'model_fix_mean_lap.stan', line 68, column 1 to column 21)
	Exception: model_fix_mean_lap_model_namespace::log_prob: Sigma is not positive definite. (in 'model_fix_mean_lap.stan', line 68, column 1 to column 21)
	Exception: model_fix_mean_lap_model_namespace::log_prob: Sigma is not positive definite. (in 'model_fix_mean_lap.stan', line 68, column 1 to column 21)
	Exception: model_fix_mean_lap_model_namespace::log_prob: Sigma is not positive definite. (in 'model_fix_mean_lap.stan', line 68, column 1 to column 21)
	Exception: model_fix_mean_lap_model_namespace::log_prob: Sigma is not positive definite. (in 'model_fix_mean_lap.stan', line 68, column 1 to column 21)
	Exception: model_fix_mean_lap_model_namespace::log_prob: Sigma is not positive definite. (in 'model_fix_mean_lap.stan', line 68, column 1 to column 21)
	Exception: model_fix_mean_lap_model_namespace::log_prob: Sigma is not positive definite. (in 'model_fix_mean_lap.stan', line 68, column 1 to column 21)
	Exception: model_fix_mean_lap_model_namespace::log_prob: Sigma is not positive definite. (in 'model_fix_mean_lap.stan', line 68, column 1 to column 21)
	Exception: model_fix_mean_lap_model_namespace::log_prob: Sigma is not positive definite. (in 'model_fix_mean_lap.stan', line 68, column 1 to column 21)
	Exception: model_fix_mean_lap_model_namespace::log_prob: Sigma is not positive definite. (in 'model_fix_mean_lap.stan', line 68, column 1 to column 21)
	Exception: model_fix_mean_lap_model_namespace::log_prob: Sigma is not positive definite. (in 'model_fix_mean_lap.stan', line 68, column 1 to column 21)
	Exception: model_fix_mean_lap_model_namespace::log_prob: Sigma is not positive definite. (in 'model_fix_mean_lap.stan', line 68, column 1 to column 21)
	Exception: model_fix_mean_lap_model_namespace::log_prob: Sigma is not positive definite. (in 'model_fix_mean_lap.stan', line 68, column 1 to column 21)
	Exception: model_fix_mean_lap_model_namespace::log_prob: Sigma is not positive definite. (in 'model_fix_mean_lap.stan', line 68, column 1 to column 21)
	Exception: model_fix_mean_lap_model_namespace::log_prob: Sigma is not positive definite. (in 'model_fix_mean_lap.stan', line 68, column 1 to column 21)
	Exception: model_fix_mean_lap_model_namespace::log_prob: Sigma is not positive definite. (in 'model_fix_mean_lap.stan', line 68, column 1 to column 21)
	Exception: model_fix_mean_lap_model_namespace::log_prob: Sigma is not positive definite. (in 'model_fix_mean_lap.stan', line 68, column 1 to column 21)
	Exception: model_fix_mean_lap_model_namespace::log_prob: Sigma is not positive definite. (in 'model_fix_mean_lap.stan', line 68, column 1 to column 21)
	Exception: model_fix_mean_lap_model_namespace::log_prob: Sigma is not positive definite. (in 'model_fix_mean_lap.stan', line 68, column 1 to column 21)
	Exception: model_fix_mean_lap_model_namespace::log_prob: Sigma is not positive definite. (in 'model_fix_mean_lap.stan', line 68, column 1 to column 21)
	Exception: model_fix_mean_lap_model_namespace::log_prob: Sigma is not positive definite. (in 'model_fix_mean_lap.stan', line 68, column 1 to column 21)
	Exception: model_fix_mean_lap_model_namespace::log_prob: Sigma is not positive definite. (in 'model_fix_mean_lap.stan', line 68, column 1 to column 21)
	Exception: model_fix_mean_lap_model_namespace::log_prob: Sigma is not positive definite. (in 'model_fix_mean_lap.stan', line 68, column 1 to column 21)
	Exception: model_fix_mean_lap_model_namespace::log_prob: Sigma is not positive definite. (in 'model_fix_mean_lap.stan', line 68, column 1 to column 21)
	Exception: model_fix_mean_lap_model_namespace::log_prob: Sigma is not positive definite. (in 'model_fix_mean_lap.stan', line 68, column 1 to column 21)
	Exception: model_fix_mean_lap_model_namespace::log_prob: Sigma is not positive definite. (in 'model_fix_mean_lap.stan', line 68, column 1 to column 21)
	Exception: model_fix_mean_lap_model_namespace::log_prob: Sigma is not positive definite. (in 'model_fix_mean_lap.stan', line 68, column 1 to column 21)
	Exception: model_fix_mean_lap_model_namespace::log_prob: Sigma is not positive definite. (in 'model_fix_mean_lap.stan', line 68, column 1 to column 21)
	Exception: model_fix_mean_lap_model_namespace::log_prob: Sigma is not positive definite. (in 'model_fix_mean_lap.stan', line 68, column 1 to column 21)
	Exception: model_fix_mean_lap_model_namespace::log_prob: Sigma is not positive definite. (in 'model_fix_mean_lap.stan', line 68, column 1 to column 21)
	Exception: model_fix_mean_lap_model_namespace::log_prob: Sigma is not positive definite. (in 'model_fix_mean_lap.stan', line 68, column 1 to column 21)
	Exception: model_fix_mean_lap_model_namespace::log_prob: Sigma is not positive definite. (in 'model_fix_mean_lap.stan', line 68, column 1 to column 21)
	Exception: model_fix_mean_lap_model_namespace::log_prob: Sigma is not positive definite. (in 'model_fix_mean_lap.stan', line 68, column 1 to column 21)
	Exception: model_fix_mean_lap_model_namespace::log_prob: Sigma is not positive definite. (in 'model_fix_mean_lap.stan', line 68, column 1 to column 21)
	Exception: model_fix_mean_lap_model_namespace::log_prob: Sigma is not positive definite. (in 'model_fix_mean_lap.stan', line 68, column 1 to column 21)
	Exception: model_fix_mean_lap_model_namespace::log_prob: Sigma is not positive definite. (in 'model_fix_mean_lap.stan', line 68, column 1 to column 21)
	Exception: model_fix_mean_lap_model_namespace::log_prob: Sigma is not positive definite. (in 'model_fix_mean_lap.stan', line 68, column 1 to column 21)
	Exception: model_fix_mean_lap_model_namespace::log_prob: Sigma is not positive definite. (in 'model_fix_mean_lap.stan', line 68, column 1 to column 21)
	Exception: model_fix_mean_lap_model_namespace::log_prob: Sigma is not positive definite. (in 'model_fix_mean_lap.stan', line 68, column 1 to column 21)
	Exception: model_fix_mean_lap_model_namespace::log_prob: Sigma is not positive definite. (in 'model_fix_mean_lap.stan', line 68, column 1 to column 21)
	Exception: model_fix_mean_lap_model_namespace::log_prob: Sigma is not positive definite. (in 'model_fix_mean_lap.stan', line 68, column 1 to column 21)
	Exception: model_fix_mean_lap_model_namespace::log_prob: Sigma is not positive definite. (in 'model_fix_mean_lap.stan', line 68, column 1 to column 21)
	Exception: model_fix_mean_lap_model_namespace::log_prob: Sigma is not positive definite. (in 'model_fix_mean_lap.stan', line 68, column 1 to column 21)
	Exception: model_fix_mean_lap_model_namespace::log_prob: Sigma is not positive definite. (in 'model_fix_mean_lap.stan', line 68, column 1 to column 21)
	Exception: model_fix_mean_lap_model_namespace::log_prob: Sigma is not positive definite. (in 'model_fix_mean_lap.stan', line 68, column 1 to column 21)
	Exception: model_fix_mean_lap_model_namespace::log_prob: Sigma is not positive definite. (in 'model_fix_mean_lap.stan', line 68, column 1 to column 21)
	Exception: model_fix_mean_lap_model_namespace::log_prob: Sigma is not positive definite. (in 'model_fix_mean_lap.stan', line 68, column 1 to column 21)
	Exception: model_fix_mean_lap_model_namespace::log_prob: Sigma is not positive definite. (in 'model_fix_mean_lap.stan', line 68, column 1 to column 21)
	Exception: model_fix_mean_lap_model_namespace::log_prob: Sigma is not positive definite. (in 'model_fix_mean_lap.stan', line 68, column 1 to column 21)
	Exception: model_fix_mean_lap_model_namespace::log_prob: Sigma is not positive definite. (in 'model_fix_mean_lap.stan', line 68, column 1 to column 21)
	Exception: model_fix_mean_lap_model_namespace::log_prob: Sigma is not positive definite. (in 'model_fix_mean_lap.stan', line 68, column 1 to column 21)
	Exception: model_fix_mean_lap_model_namespace::log_prob: Sigma is not positive definite. (in 'model_fix_mean_lap.stan', line 68, column 1 to column 21)
	Exception: model_fix_mean_lap_model_namespace::log_prob: Sigma is not positive definite. (in 'model_fix_mean_lap.stan', line 68, column 1 to column 21)
	Exception: model_fix_mean_lap_model_namespace::log_prob: Sigma is not positive definite. (in 'model_fix_mean_lap.stan', line 68, column 1 to column 21)
	Exception: model_fix_mean_lap_model_namespace::log_prob: Sigma is not positive definite. (in 'model_fix_mean_lap.stan', line 68, column 1 to column 21)
	Exception: model_fix_mean_lap_model_namespace::log_prob: Sigma is not positive definite. (in 'model_fix_mean_lap.stan', line 68, column 1 to column 21)
	Exception: model_fix_mean_lap_model_namespace::log_prob: Sigma is not positive definite. (in 'model_fix_mean_lap.stan', line 68, column 1 to column 21)
	Exception: model_fix_mean_lap_model_namespace::log_prob: Sigma is not positive definite. (in 'model_fix_mean_lap.stan', line 68, column 1 to column 21)
	Exception: model_fix_mean_lap_model_namespace::log_prob: Sigma is not positive definite. (in 'model_fix_mean_lap.stan', line 68, column 1 to column 21)
	Exception: model_fix_mean_lap_model_namespace::log_prob: Sigma is not positive definite. (in 'model_fix_mean_lap.stan', line 68, column 1 to column 21)
	Exception: model_fix_mean_lap_model_namespace::log_prob: Sigma is not positive definite. (in 'model_fix_mean_lap.stan', line 68, column 1 to column 21)
	Exception: model_fix_mean_lap_model_namespace::log_prob: Sigma is not positive definite. (in 'model_fix_mean_lap.stan', line 68, column 1 to column 21)
	Exception: model_fix_mean_lap_model_namespace::log_prob: Sigma is not positive definite. (in 'model_fix_mean_lap.stan', line 68, column 1 to column 21)
	Exception: model_fix_mean_lap_model_namespace::log_prob: Sigma is not positive definite. (in 'model_fix_mean_lap.stan', line 68, column 1 to column 21)
	Exception: model_fix_mean_lap_model_namespace::log_prob: Sigma is not positive definite. (in 'model_fix_mean_lap.stan', line 68, column 1 to column 21)
	Exception: model_fix_mean_lap_model_namespace::log_prob: Sigma is not positive definite. (in 'model_fix_mean_lap.stan', line 68, column 1 to column 21)
	Exception: model_fix_mean_lap_model_namespace::log_prob: Sigma is not positive definite. (in 'model_fix_mean_lap.stan', line 68, column 1 to column 21)
	Exception: model_fix_mean_lap_model_namespace::log_prob: Sigma is not positive definite. (in 'model_fix_mean_lap.stan', line 68, column 1 to column 21)
	Exception: model_fix_mean_lap_model_namespace::log_prob: Sigma is not positive definite. (in 'model_fix_mean_lap.stan', line 68, column 1 to column 21)
	Exception: model_fix_mean_lap_model_namespace::log_prob: Sigma is not positive definite. (in 'model_fix_mean_lap.stan', line 68, column 1 to column 21)
	Exception: model_fix_mean_lap_model_namespace::log_prob: Sigma is not positive definite. (in 'model_fix_mean_lap.stan', line 68, column 1 to column 21)
	Exception: model_fix_mean_lap_model_namespace::log_prob: Sigma is not positive definite. (in 'model_fix_mean_lap.stan', line 68, column 1 to column 21)
	Exception: model_fix_mean_lap_model_namespace::log_prob: Sigma is not positive definite. (in 'model_fix_mean_lap.stan', line 68, column 1 to column 21)
	Exception: model_fix_mean_lap_model_namespace::log_prob: Sigma is not positive definite. (in 'model_fix_mean_lap.stan', line 68, column 1 to column 21)
	Exception: model_fix_mean_lap_model_namespace::log_prob: Sigma is not positive definite. (in 'model_fix_mean_lap.stan', line 68, column 1 to column 21)
	Exception: model_fix_mean_lap_model_namespace::log_prob: Sigma is not positive definite. (in 'model_fix_mean_lap.stan', line 68, column 1 to column 21)
	Exception: model_fix_mean_lap_model_namespace::log_prob: Sigma is not positive definite. (in 'model_fix_mean_lap.stan', line 68, column 1 to column 21)
	Exception: model_fix_mean_lap_model_namespace::log_prob: Sigma is not positive definite. (in 'model_fix_mean_lap.stan', line 68, column 1 to column 21)
	Exception: model_fix_mean_lap_model_namespace::log_prob: Sigma is not positive definite. (in 'model_fix_mean_lap.stan', line 68, column 1 to column 21)
	Exception: model_fix_mean_lap_model_namespace::log_prob: Sigma is not positive definite. (in 'model_fix_mean_lap.stan', line 68, column 1 to column 21)
	Exception: model_fix_mean_lap_model_namespace::log_prob: Sigma is not positive definite. (in 'model_fix_mean_lap.stan', line 68, column 1 to column 21)
	Exception: model_fix_mean_lap_model_namespace::log_prob: Sigma is not positive definite. (in 'model_fix_mean_lap.stan', line 68, column 1 to column 21)
	Exception: model_fix_mean_lap_model_namespace::log_prob: Sigma is not positive definite. (in 'model_fix_mean_lap.stan', line 68, column 1 to column 21)
	Exception: model_fix_mean_lap_model_namespace::log_prob: Sigma is not positive definite. (in 'model_fix_mean_lap.stan', line 68, column 1 to column 21)
	Exception: model_fix_mean_lap_model_namespace::log_prob: Sigma is not positive definite. (in 'model_fix_mean_lap.stan', line 68, column 1 to column 21)
	Exception: model_fix_mean_lap_model_namespace::log_prob: Sigma is not positive definite. (in 'model_fix_mean_lap.stan', line 68, column 1 to column 21)
	Exception: model_fix_mean_lap_model_namespace::log_prob: Sigma is not positive definite. (in 'model_fix_mean_lap.stan', line 68, column 1 to column 21)
	Exception: model_fix_mean_lap_model_namespace::log_prob: Sigma is not positive definite. (in 'model_fix_mean_lap.stan', line 68, column 1 to column 21)
	Exception: model_fix_mean_lap_model_namespace::log_prob: Sigma is not positive definite. (in 'model_fix_mean_lap.stan', line 68, column 1 to column 21)
	Exception: model_fix_mean_lap_model_namespace::log_prob: Sigma is not positive definite. (in 'model_fix_mean_lap.stan', line 68, column 1 to column 21)
	Exception: model_fix_mean_lap_model_namespace::log_prob: Sigma is not positive definite. (in 'model_fix_mean_lap.stan', line 68, column 1 to column 21)
	Exception: model_fix_mean_lap_model_namespace::log_prob: Sigma is not positive definite. (in 'model_fix_mean_lap.stan', line 68, column 1 to column 21)
	Exception: model_fix_mean_lap_model_namespace::log_prob: Sigma is not positive definite. (in 'model_fix_mean_lap.stan', line 68, column 1 to column 21)
	Exception: model_fix_mean_lap_model_namespace::log_prob: Sigma is not positive definite. (in 'model_fix_mean_lap.stan', line 68, column 1 to column 21)
	Exception: model_fix_mean_lap_model_namespace::log_prob: Sigma is not positive definite. (in 'model_fix_mean_lap.stan', line 68, column 1 to column 21)
	Exception: model_fix_mean_lap_model_namespace::log_prob: Sigma is not positive definite. (in 'model_fix_mean_lap.stan', line 68, column 1 to column 21)
	Exception: model_fix_mean_lap_model_namespace::log_prob: Sigma is not positive definite. (in 'model_fix_mean_lap.stan', line 68, column 1 to column 21)
	Exception: model_fix_mean_lap_model_namespace::log_prob: Sigma is not positive definite. (in 'model_fix_mean_lap.stan', line 68, column 1 to column 21)
	Exception: model_fix_mean_lap_model_namespace::log_prob: Sigma is not positive definite. (in 'model_fix_mean_lap.stan', line 68, column 1 to column 21)
	Exception: model_fix_mean_lap_model_namespace::log_prob: Sigma is not positive definite. (in 'model_fix_mean_lap.stan', line 68, column 1 to column 21)
	Exception: model_fix_mean_lap_model_namespace::log_prob: Sigma is not positive definite. (in 'model_fix_mean_lap.stan', line 68, column 1 to column 21)
	Exception: model_fix_mean_lap_model_namespace::log_prob: Sigma is not positive definite. (in 'model_fix_mean_lap.stan', line 68, column 1 to column 21)
	Exception: model_fix_mean_lap_model_namespace::log_prob: Sigma is not positive definite. (in 'model_fix_mean_lap.stan', line 68, column 1 to column 21)
	Exception: model_fix_mean_lap_model_namespace::log_prob: Sigma is not positive definite. (in 'model_fix_mean_lap.stan', line 68, column 1 to column 21)
	Exception: model_fix_mean_lap_model_namespace::log_prob: Sigma is not positive definite. (in 'model_fix_mean_lap.stan', line 68, column 1 to column 21)
	Exception: model_fix_mean_lap_model_namespace::log_prob: Sigma is not positive definite. (in 'model_fix_mean_lap.stan', line 68, column 1 to column 21)
	Exception: model_fix_mean_lap_model_namespace::log_prob: Sigma is not positive definite. (in 'model_fix_mean_lap.stan', line 68, column 1 to column 21)
	Exception: model_fix_mean_lap_model_namespace::log_prob: Sigma is not positive definite. (in 'model_fix_mean_lap.stan', line 68, column 1 to column 21)
	Exception: model_fix_mean_lap_model_namespace::log_prob: Sigma is not positive definite. (in 'model_fix_mean_lap.stan', line 68, column 1 to column 21)
	Exception: model_fix_mean_lap_model_namespace::log_prob: Sigma is not positive definite. (in 'model_fix_mean_lap.stan', line 68, column 1 to column 21)
	Exception: model_fix_mean_lap_model_namespace::log_prob: Sigma is not positive definite. (in 'model_fix_mean_lap.stan', line 68, column 1 to column 21)
	Exception: model_fix_mean_lap_model_namespace::log_prob: Sigma is not positive definite. (in 'model_fix_mean_lap.stan', line 68, column 1 to column 21)
	Exception: model_fix_mean_lap_model_namespace::log_prob: Sigma is not positive definite. (in 'model_fix_mean_lap.stan', line 68, column 1 to column 21)
	Exception: model_fix_mean_lap_model_namespace::log_prob: Sigma is not positive definite. (in 'model_fix_mean_lap.stan', line 68, column 1 to column 21)
	Exception: model_fix_mean_lap_model_namespace::log_prob: Sigma is not positive definite. (in 'model_fix_mean_lap.stan', line 68, column 1 to column 21)
	Exception: model_fix_mean_lap_model_namespace::log_prob: Sigma is not positive definite. (in 'model_fix_mean_lap.stan', line 68, column 1 to column 21)
	Exception: model_fix_mean_lap_model_namespace::log_prob: Sigma is not positive definite. (in 'model_fix_mean_lap.stan', line 68, column 1 to column 21)
	Exception: model_fix_mean_lap_model_namespace::log_prob: Sigma is not positive definite. (in 'model_fix_mean_lap.stan', line 68, column 1 to column 21)
	Exception: model_fix_mean_lap_model_namespace::log_prob: Sigma is not positive definite. (in 'model_fix_mean_lap.stan', line 68, column 1 to column 21)
	Exception: model_fix_mean_lap_model_namespace::log_prob: Sigma is not positive definite. (in 'model_fix_mean_lap.stan', line 68, column 1 to column 21)
	Exception: model_fix_mean_lap_model_namespace::log_prob: Sigma is not positive definite. (in 'model_fix_mean_lap.stan', line 68, column 1 to column 21)
	Exception: model_fix_mean_lap_model_namespace::log_prob: Sigma is not positive definite. (in 'model_fix_mean_lap.stan', line 68, column 1 to column 21)
	Exception: model_fix_mean_lap_model_namespace::log_prob: Sigma is not positive definite. (in 'model_fix_mean_lap.stan', line 68, column 1 to column 21)
	Exception: model_fix_mean_lap_model_namespace::log_prob: Sigma is not positive definite. (in 'model_fix_mean_lap.stan', line 68, column 1 to column 21)
	Exception: model_fix_mean_lap_model_namespace::log_prob: Sigma is not positive definite. (in 'model_fix_mean_lap.stan', line 68, column 1 to column 21)
	Exception: model_fix_mean_lap_model_namespace::log_prob: Sigma is not positive definite. (in 'model_fix_mean_lap.stan', line 68, column 1 to column 21)
	Exception: model_fix_mean_lap_model_namespace::log_prob: Sigma is not positive definite. (in 'model_fix_mean_lap.stan', line 68, column 1 to column 21)
	Exception: model_fix_mean_lap_model_namespace::log_prob: Sigma is not positive definite. (in 'model_fix_mean_lap.stan', line 68, column 1 to column 21)
	Exception: model_fix_mean_lap_model_namespace::log_prob: Sigma is not positive definite. (in 'model_fix_mean_lap.stan', line 68, column 1 to column 21)
	Exception: model_fix_mean_lap_model_namespace::log_prob: Sigma is not positive definite. (in 'model_fix_mean_lap.stan', line 68, column 1 to column 21)
	Exception: model_fix_mean_lap_model_namespace::log_prob: Sigma is not positive definite. (in 'model_fix_mean_lap.stan', line 68, column 1 to column 21)
	Exception: model_fix_mean_lap_model_namespace::log_prob: Sigma is not positive definite. (in 'model_fix_mean_lap.stan', line 68, column 1 to column 21)
	Exception: model_fix_mean_lap_model_namespace::log_prob: Sigma is not positive definite. (in 'model_fix_mean_lap.stan', line 68, column 1 to column 21)
	Exception: model_fix_mean_lap_model_namespace::log_prob: Sigma is not positive definite. (in 'model_fix_mean_lap.stan', line 68, column 1 to column 21)
	Exception: model_fix_mean_lap_model_namespace::log_prob: Sigma is not positive definite. (in 'model_fix_mean_lap.stan', line 68, column 1 to column 21)
	Exception: model_fix_mean_lap_model_namespace::log_prob: Sigma is not positive definite. (in 'model_fix_mean_lap.stan', line 68, column 1 to column 21)
	Exception: model_fix_mean_lap_model_namespace::log_prob: Sigma is not positive definite. (in 'model_fix_mean_lap.stan', line 68, column 1 to column 21)
	Exception: model_fix_mean_lap_model_namespace::log_prob: Sigma is not positive definite. (in 'model_fix_mean_lap.stan', line 68, column 1 to column 21)
	Exception: model_fix_mean_lap_model_namespace::log_prob: Sigma is not positive definite. (in 'model_fix_mean_lap.stan', line 68, column 1 to column 21)
	Exception: model_fix_mean_lap_model_namespace::log_prob: Sigma is not positive definite. (in 'model_fix_mean_lap.stan', line 68, column 1 to column 21)
	Exception: model_fix_mean_lap_model_namespace::log_prob: Sigma is not positive definite. (in 'model_fix_mean_lap.stan', line 68, column 1 to column 21)
	Exception: model_fix_mean_lap_model_namespace::log_prob: Sigma is not positive definite. (in 'model_fix_mean_lap.stan', line 68, column 1 to column 21)
	Exception: model_fix_mean_lap_model_namespace::log_prob: Sigma is not positive definite. (in 'model_fix_mean_lap.stan', line 68, column 1 to column 21)
	Exception: model_fix_mean_lap_model_namespace::log_prob: Sigma is not positive definite. (in 'model_fix_mean_lap.stan', line 68, column 1 to column 21)
	Exception: model_fix_mean_lap_model_namespace::log_prob: Sigma is not positive definite. (in 'model_fix_mean_lap.stan', line 68, column 1 to column 21)
	Exception: model_fix_mean_lap_model_namespace::log_prob: Sigma is not positive definite. (in 'model_fix_mean_lap.stan', line 68, column 1 to column 21)
	Exception: model_fix_mean_lap_model_namespace::log_prob: Sigma is not positive definite. (in 'model_fix_mean_lap.stan', line 68, column 1 to column 21)
	Exception: model_fix_mean_lap_model_namespace::log_prob: Sigma is not positive definite. (in 'model_fix_mean_lap.stan', line 68, column 1 to column 21)
	Exception: model_fix_mean_lap_model_namespace::log_prob: Sigma is not positive definite. (in 'model_fix_mean_lap.stan', line 68, column 1 to column 21)
	Exception: model_fix_mean_lap_model_namespace::log_prob: Sigma is not positive definite. (in 'model_fix_mean_lap.stan', line 68, column 1 to column 21)
	Exception: model_fix_mean_lap_model_namespace::log_prob: Sigma is not positive definite. (in 'model_fix_mean_lap.stan', line 68, column 1 to column 21)
	Exception: model_fix_mean_lap_model_namespace::log_prob: Sigma is not positive definite. (in 'model_fix_mean_lap.stan', line 68, column 1 to column 21)
	Exception: model_fix_mean_lap_model_namespace::log_prob: Sigma is not positive definite. (in 'model_fix_mean_lap.stan', line 68, column 1 to column 21)
	Exception: model_fix_mean_lap_model_namespace::log_prob: Sigma is not positive definite. (in 'model_fix_mean_lap.stan', line 68, column 1 to column 21)
	Exception: model_fix_mean_lap_model_namespace::log_prob: Sigma is not positive definite. (in 'model_fix_mean_lap.stan', line 68, column 1 to column 21)
	Exception: model_fix_mean_lap_model_namespace::log_prob: Sigma is not positive definite. (in 'model_fix_mean_lap.stan', line 68, column 1 to column 21)
	Exception: model_fix_mean_lap_model_namespace::log_prob: Sigma is not positive definite. (in 'model_fix_mean_lap.stan', line 68, column 1 to column 21)
	Exception: model_fix_mean_lap_model_namespace::log_prob: Sigma is not positive definite. (in 'model_fix_mean_lap.stan', line 68, column 1 to column 21)
	Exception: model_fix_mean_lap_model_namespace::log_prob: Sigma is not positive definite. (in 'model_fix_mean_lap.stan', line 68, column 1 to column 21)
	Exception: model_fix_mean_lap_model_namespace::log_prob: Sigma is not positive definite. (in 'model_fix_mean_lap.stan', line 68, column 1 to column 21)
	Exception: model_fix_mean_lap_model_namespace::log_prob: Sigma is not positive definite. (in 'model_fix_mean_lap.stan', line 68, column 1 to column 21)
	Exception: model_fix_mean_lap_model_namespace::log_prob: Sigma is not positive definite. (in 'model_fix_mean_lap.stan', line 68, column 1 to column 21)
	Exception: model_fix_mean_lap_model_namespace::log_prob: Sigma is not positive definite. (in 'model_fix_mean_lap.stan', line 68, column 1 to column 21)
	Exception: model_fix_mean_lap_model_namespace::log_prob: Sigma is not positive definite. (in 'model_fix_mean_lap.stan', line 68, column 1 to column 21)
	Exception: model_fix_mean_lap_model_namespace::log_prob: Sigma is not positive definite. (in 'model_fix_mean_lap.stan', line 68, column 1 to column 21)
	Exception: model_fix_mean_lap_model_namespace::log_prob: Sigma is not positive definite. (in 'model_fix_mean_lap.stan', line 68, column 1 to column 21)
	Exception: model_fix_mean_lap_model_namespace::log_prob: Sigma is not positive definite. (in 'model_fix_mean_lap.stan', line 68, column 1 to column 21)
	Exception: model_fix_mean_lap_model_namespace::log_prob: Sigma is not positive definite. (in 'model_fix_mean_lap.stan', line 68, column 1 to column 21)
	Exception: model_fix_mean_lap_model_namespace::log_prob: Sigma is not positive definite. (in 'model_fix_mean_lap.stan', line 68, column 1 to column 21)
	Exception: model_fix_mean_lap_model_namespace::log_prob: Sigma is not positive definite. (in 'model_fix_mean_lap.stan', line 68, column 1 to column 21)
	Exception: model_fix_mean_lap_model_namespace::log_prob: Sigma is not positive definite. (in 'model_fix_mean_lap.stan', line 68, column 1 to column 21)
	Exception: model_fix_mean_lap_model_namespace::log_prob: Sigma is not positive definite. (in 'model_fix_mean_lap.stan', line 68, column 1 to column 21)
	Exception: model_fix_mean_lap_model_namespace::log_prob: Sigma is not positive definite. (in 'model_fix_mean_lap.stan', line 68, column 1 to column 21)
	Exception: model_fix_mean_lap_model_namespace::log_prob: Sigma is not positive definite. (in 'model_fix_mean_lap.stan', line 68, column 1 to column 21)
	Exception: model_fix_mean_lap_model_namespace::log_prob: Sigma is not positive definite. (in 'model_fix_mean_lap.stan', line 68, column 1 to column 21)
	Exception: model_fix_mean_lap_model_namespace::log_prob: Sigma is not positive definite. (in 'model_fix_mean_lap.stan', line 68, column 1 to column 21)
	Exception: model_fix_mean_lap_model_namespace::log_prob: Sigma is not positive definite. (in 'model_fix_mean_lap.stan', line 68, column 1 to column 21)
	Exception: model_fix_mean_lap_model_namespace::log_prob: Sigma is not positive definite. (in 'model_fix_mean_lap.stan', line 68, column 1 to column 21)
	Exception: model_fix_mean_lap_model_namespace::log_prob: Sigma is not positive definite. (in 'model_fix_mean_lap.stan', line 68, column 1 to column 21)
	Exception: model_fix_mean_lap_model_namespace::log_prob: Sigma is not positive definite. (in 'model_fix_mean_lap.stan', line 68, column 1 to column 21)
	Exception: model_fix_mean_lap_model_namespace::log_prob: Sigma is not positive definite. (in 'model_fix_mean_lap.stan', line 68, column 1 to column 21)
	Exception: model_fix_mean_lap_model_namespace::log_prob: Sigma is not positive definite. (in 'model_fix_mean_lap.stan', line 68, column 1 to column 21)
	Exception: model_fix_mean_lap_model_namespace::log_prob: Sigma is not positive definite. (in 'model_fix_mean_lap.stan', line 68, column 1 to column 21)
	Exception: model_fix_mean_lap_model_namespace::log_prob: Sigma is not positive definite. (in 'model_fix_mean_lap.stan', line 68, column 1 to column 21)
	Exception: model_fix_mean_lap_model_namespace::log_prob: Sigma is not positive definite. (in 'model_fix_mean_lap.stan', line 68, column 1 to column 21)
	Exception: model_fix_mean_lap_model_namespace::log_prob: Sigma is not positive definite. (in 'model_fix_mean_lap.stan', line 68, column 1 to column 21)
	Exception: model_fix_mean_lap_model_namespace::log_prob: Sigma is not positive definite. (in 'model_fix_mean_lap.stan', line 68, column 1 to column 21)
	Exception: model_fix_mean_lap_model_namespace::log_prob: Sigma is not positive definite. (in 'model_fix_mean_lap.stan', line 68, column 1 to column 21)
	Exception: model_fix_mean_lap_model_namespace::log_prob: Sigma is not positive definite. (in 'model_fix_mean_lap.stan', line 68, column 1 to column 21)
	Exception: model_fix_mean_lap_model_namespace::log_prob: Sigma is not positive definite. (in 'model_fix_mean_lap.stan', line 68, column 1 to column 21)
	Exception: model_fix_mean_lap_model_namespace::log_prob: Sigma is not positive definite. (in 'model_fix_mean_lap.stan', line 68, column 1 to column 21)
	Exception: model_fix_mean_lap_model_namespace::log_prob: Sigma is not positive definite. (in 'model_fix_mean_lap.stan', line 68, column 1 to column 21)
	Exception: model_fix_mean_lap_model_namespace::log_prob: Sigma is not positive definite. (in 'model_fix_mean_lap.stan', line 68, column 1 to column 21)
	Exception: model_fix_mean_lap_model_namespace::log_prob: Sigma is not positive definite. (in 'model_fix_mean_lap.stan', line 68, column 1 to column 21)
	Exception: model_fix_mean_lap_model_namespace::log_prob: Sigma is not positive definite. (in 'model_fix_mean_lap.stan', line 68, column 1 to column 21)
	Exception: model_fix_mean_lap_model_namespace::log_prob: Sigma is not positive definite. (in 'model_fix_mean_lap.stan', line 68, column 1 to column 21)
	Exception: model_fix_mean_lap_model_namespace::log_prob: Sigma is not positive definite. (in 'model_fix_mean_lap.stan', line 68, column 1 to column 21)
	Exception: model_fix_mean_lap_model_namespace::log_prob: Sigma is not positive definite. (in 'model_fix_mean_lap.stan', line 68, column 1 to column 21)
	Exception: model_fix_mean_lap_model_namespace::log_prob: Sigma is not positive definite. (in 'model_fix_mean_lap.stan', line 68, column 1 to column 21)
	Exception: model_fix_mean_lap_model_namespace::log_prob: Sigma is not positive definite. (in 'model_fix_mean_lap.stan', line 68, column 1 to column 21)
	Exception: model_fix_mean_lap_model_namespace::log_prob: Sigma is not positive definite. (in 'model_fix_mean_lap.stan', line 68, column 1 to column 21)
	Exception: model_fix_mean_lap_model_namespace::log_prob: Sigma is not positive definite. (in 'model_fix_mean_lap.stan', line 68, column 1 to column 21)
	Exception: model_fix_mean_lap_model_namespace::log_prob: Sigma is not positive definite. (in 'model_fix_mean_lap.stan', line 68, column 1 to column 21)
	Exception: model_fix_mean_lap_model_namespace::log_prob: Sigma is not positive definite. (in 'model_fix_mean_lap.stan', line 68, column 1 to column 21)
	Exception: model_fix_mean_lap_model_namespace::log_prob: Sigma is not positive definite. (in 'model_fix_mean_lap.stan', line 68, column 1 to column 21)
	Exception: model_fix_mean_lap_model_namespace::log_prob: Sigma is not positive definite. (in 'model_fix_mean_lap.stan', line 68, column 1 to column 21)
	Exception: model_fix_mean_lap_model_namespace::log_prob: Sigma is not positive definite. (in 'model_fix_mean_lap.stan', line 68, column 1 to column 21)
	Exception: model_fix_mean_lap_model_namespace::log_prob: Sigma is not positive definite. (in 'model_fix_mean_lap.stan', line 68, column 1 to column 21)
	Exception: model_fix_mean_lap_model_namespace::log_prob: Sigma is not positive definite. (in 'model_fix_mean_lap.stan', line 68, column 1 to column 21)
	Exception: model_fix_mean_lap_model_namespace::log_prob: Sigma is not positive definite. (in 'model_fix_mean_lap.stan', line 68, column 1 to column 21)
	Exception: model_fix_mean_lap_model_namespace::log_prob: Sigma is not positive definite. (in 'model_fix_mean_lap.stan', line 68, column 1 to column 21)
	Exception: model_fix_mean_lap_model_namespace::log_prob: Sigma is not positive definite. (in 'model_fix_mean_lap.stan', line 68, column 1 to column 21)
	Exception: model_fix_mean_lap_model_namespace::log_prob: Sigma is not positive definite. (in 'model_fix_mean_lap.stan', line 68, column 1 to column 21)
	Exception: model_fix_mean_lap_model_namespace::log_prob: Sigma is not positive definite. (in 'model_fix_mean_lap.stan', line 68, column 1 to column 21)
	Exception: model_fix_mean_lap_model_namespace::log_prob: Sigma is not positive definite. (in 'model_fix_mean_lap.stan', line 68, column 1 to column 21)
	Exception: model_fix_mean_lap_model_namespace::log_prob: Sigma is not positive definite. (in 'model_fix_mean_lap.stan', line 68, column 1 to column 21)
	Exception: model_fix_mean_lap_model_namespace::log_prob: Sigma is not positive definite. (in 'model_fix_mean_lap.stan', line 68, column 1 to column 21)
	Exception: model_fix_mean_lap_model_namespace::log_prob: Sigma is not positive definite. (in 'model_fix_mean_lap.stan', line 68, column 1 to column 21)
	Exception: model_fix_mean_lap_model_namespace::log_prob: Sigma is not positive definite. (in 'model_fix_mean_lap.stan', line 68, column 1 to column 21)
	Exception: model_fix_mean_lap_model_namespace::log_prob: Sigma is not positive definite. (in 'model_fix_mean_lap.stan', line 68, column 1 to column 21)
	Exception: model_fix_mean_lap_model_namespace::log_prob: Sigma is not positive definite. (in 'model_fix_mean_lap.stan', line 68, column 1 to column 21)
	Exception: model_fix_mean_lap_model_namespace::log_prob: Sigma is not positive definite. (in 'model_fix_mean_lap.stan', line 68, column 1 to column 21)
	Exception: model_fix_mean_lap_model_namespace::log_prob: Sigma is not positive definite. (in 'model_fix_mean_lap.stan', line 68, column 1 to column 21)
	Exception: model_fix_mean_lap_model_namespace::log_prob: Sigma is not positive definite. (in 'model_fix_mean_lap.stan', line 68, column 1 to column 21)
	Exception: model_fix_mean_lap_model_namespace::log_prob: Sigma is not positive definite. (in 'model_fix_mean_lap.stan', line 68, column 1 to column 21)
	Exception: model_fix_mean_lap_model_namespace::log_prob: Sigma is not positive definite. (in 'model_fix_mean_lap.stan', line 68, column 1 to column 21)
	Exception: model_fix_mean_lap_model_namespace::log_prob: Sigma is not positive definite. (in 'model_fix_mean_lap.stan', line 68, column 1 to column 21)
	Exception: model_fix_mean_lap_model_namespace::log_prob: Sigma is not positive definite. (in 'model_fix_mean_lap.stan', line 68, column 1 to column 21)
	Exception: model_fix_mean_lap_model_namespace::log_prob: Sigma is not positive definite. (in 'model_fix_mean_lap.stan', line 68, column 1 to column 21)
	Exception: model_fix_mean_lap_model_namespace::log_prob: Sigma is not positive definite. (in 'model_fix_mean_lap.stan', line 68, column 1 to column 21)
	Exception: model_fix_mean_lap_model_namespace::log_prob: Sigma is not positive definite. (in 'model_fix_mean_lap.stan', line 68, column 1 to column 21)
	Exception: model_fix_mean_lap_model_namespace::log_prob: Sigma is not positive definite. (in 'model_fix_mean_lap.stan', line 68, column 1 to column 21)
	Exception: model_fix_mean_lap_model_namespace::log_prob: Sigma is not positive definite. (in 'model_fix_mean_lap.stan', line 68, column 1 to column 21)
	Exception: model_fix_mean_lap_model_namespace::log_prob: Sigma is not positive definite. (in 'model_fix_mean_lap.stan', line 68, column 1 to column 21)
	Exception: model_fix_mean_lap_model_namespace::log_prob: Sigma is not positive definite. (in 'model_fix_mean_lap.stan', line 68, column 1 to column 21)
	Exception: model_fix_mean_lap_model_namespace::log_prob: Sigma is not positive definite. (in 'model_fix_mean_lap.stan', line 68, column 1 to column 21)
	Exception: model_fix_mean_lap_model_namespace::log_prob: Sigma is not positive definite. (in 'model_fix_mean_lap.stan', line 68, column 1 to column 21)
	Exception: model_fix_mean_lap_model_namespace::log_prob: Sigma is not positive definite. (in 'model_fix_mean_lap.stan', line 68, column 1 to column 21)
	Exception: model_fix_mean_lap_model_namespace::log_prob: Sigma is not positive definite. (in 'model_fix_mean_lap.stan', line 68, column 1 to column 21)
	Exception: model_fix_mean_lap_model_namespace::log_prob: Sigma is not positive definite. (in 'model_fix_mean_lap.stan', line 68, column 1 to column 21)
	Exception: model_fix_mean_lap_model_namespace::log_prob: Sigma is not positive definite. (in 'model_fix_mean_lap.stan', line 68, column 1 to column 21)
	Exception: model_fix_mean_lap_model_namespace::log_prob: Sigma is not positive definite. (in 'model_fix_mean_lap.stan', line 68, column 1 to column 21)
	Exception: model_fix_mean_lap_model_namespace::log_prob: Sigma is not positive definite. (in 'model_fix_mean_lap.stan', line 68, column 1 to column 21)
	Exception: model_fix_mean_lap_model_namespace::log_prob: Sigma is not positive definite. (in 'model_fix_mean_lap.stan', line 68, column 1 to column 21)
	Exception: model_fix_mean_lap_model_namespace::log_prob: Sigma is not positive definite. (in 'model_fix_mean_lap.stan', line 68, column 1 to column 21)
	Exception: model_fix_mean_lap_model_namespace::log_prob: Sigma is not positive definite. (in 'model_fix_mean_lap.stan', line 68, column 1 to column 21)
	Exception: model_fix_mean_lap_model_namespace::log_prob: Sigma is not positive definite. (in 'model_fix_mean_lap.stan', line 68, column 1 to column 21)
	Exception: model_fix_mean_lap_model_namespace::log_prob: Sigma is not positive definite. (in 'model_fix_mean_lap.stan', line 68, column 1 to column 21)
	Exception: model_fix_mean_lap_model_namespace::log_prob: Sigma is not positive definite. (in 'model_fix_mean_lap.stan', line 68, column 1 to column 21)
	Exception: model_fix_mean_lap_model_namespace::log_prob: Sigma is not positive definite. (in 'model_fix_mean_lap.stan', line 68, column 1 to column 21)
	Exception: model_fix_mean_lap_model_namespace::log_prob: Sigma is not positive definite. (in 'model_fix_mean_lap.stan', line 68, column 1 to column 21)
	Exception: model_fix_mean_lap_model_namespace::log_prob: Sigma is not positive definite. (in 'model_fix_mean_lap.stan', line 68, column 1 to column 21)
	Exception: model_fix_mean_lap_model_namespace::log_prob: Sigma is not positive definite. (in 'model_fix_mean_lap.stan', line 68, column 1 to column 21)
	Exception: model_fix_mean_lap_model_namespace::log_prob: Sigma is not positive definite. (in 'model_fix_mean_lap.stan', line 68, column 1 to column 21)
	Exception: model_fix_mean_lap_model_namespace::log_prob: Sigma is not positive definite. (in 'model_fix_mean_lap.stan', line 68, column 1 to column 21)
	Exception: model_fix_mean_lap_model_namespace::log_prob: Sigma is not positive definite. (in 'model_fix_mean_lap.stan', line 68, column 1 to column 21)
	Exception: model_fix_mean_lap_model_namespace::log_prob: Sigma is not positive definite. (in 'model_fix_mean_lap.stan', line 68, column 1 to column 21)
	Exception: model_fix_mean_lap_model_namespace::log_prob: Sigma is not positive definite. (in 'model_fix_mean_lap.stan', line 68, column 1 to column 21)
	Exception: model_fix_mean_lap_model_namespace::log_prob: Sigma is not positive definite. (in 'model_fix_mean_lap.stan', line 68, column 1 to column 21)
	Exception: model_fix_mean_lap_model_namespace::log_prob: Sigma is not positive definite. (in 'model_fix_mean_lap.stan', line 68, column 1 to column 21)
	Exception: model_fix_mean_lap_model_namespace::log_prob: Sigma is not positive definite. (in 'model_fix_mean_lap.stan', line 68, column 1 to column 21)
	Exception: model_fix_mean_lap_model_namespace::log_prob: Sigma is not positive definite. (in 'model_fix_mean_lap.stan', line 68, column 1 to column 21)
	Exception: model_fix_mean_lap_model_namespace::log_prob: Sigma is not positive definite. (in 'model_fix_mean_lap.stan', line 68, column 1 to column 21)
	Exception: model_fix_mean_lap_model_namespace::log_prob: Sigma is not positive definite. (in 'model_fix_mean_lap.stan', line 68, column 1 to column 21)
	Exception: model_fix_mean_lap_model_namespace::log_prob: Sigma is not positive definite. (in 'model_fix_mean_lap.stan', line 68, column 1 to column 21)
	Exception: model_fix_mean_lap_model_namespace::log_prob: Sigma is not positive definite. (in 'model_fix_mean_lap.stan', line 68, column 1 to column 21)
	Exception: model_fix_mean_lap_model_namespace::log_prob: Sigma is not positive definite. (in 'model_fix_mean_lap.stan', line 68, column 1 to column 21)
	Exception: model_fix_mean_lap_model_namespace::log_prob: Sigma is not positive definite. (in 'model_fix_mean_lap.stan', line 68, column 1 to column 21)
	Exception: model_fix_mean_lap_model_namespace::log_prob: Sigma is not positive definite. (in 'model_fix_mean_lap.stan', line 68, column 1 to column 21)
	Exception: model_fix_mean_lap_model_namespace::log_prob: Sigma is not positive definite. (in 'model_fix_mean_lap.stan', line 68, column 1 to column 21)
	Exception: model_fix_mean_lap_model_namespace::log_prob: Sigma is not positive definite. (in 'model_fix_mean_lap.stan', line 68, column 1 to column 21)
	Exception: model_fix_mean_lap_model_namespace::log_prob: Sigma is not positive definite. (in 'model_fix_mean_lap.stan', line 68, column 1 to column 21)
	Exception: model_fix_mean_lap_model_namespace::log_prob: Sigma is not positive definite. (in 'model_fix_mean_lap.stan', line 68, column 1 to column 21)
	Exception: model_fix_mean_lap_model_namespace::log_prob: Sigma is not positive definite. (in 'model_fix_mean_lap.stan', line 68, column 1 to column 21)
	Exception: model_fix_mean_lap_model_namespace::log_prob: Sigma is not positive definite. (in 'model_fix_mean_lap.stan', line 68, column 1 to column 21)
	Exception: model_fix_mean_lap_model_namespace::log_prob: Sigma is not positive definite. (in 'model_fix_mean_lap.stan', line 68, column 1 to column 21)
	Exception: model_fix_mean_lap_model_namespace::log_prob: Sigma is not positive definite. (in 'model_fix_mean_lap.stan', line 68, column 1 to column 21)
	Exception: model_fix_mean_lap_model_namespace::log_prob: Sigma is not positive definite. (in 'model_fix_mean_lap.stan', line 68, column 1 to column 21)
	Exception: model_fix_mean_lap_model_namespace::log_prob: Sigma is not positive definite. (in 'model_fix_mean_lap.stan', line 68, column 1 to column 21)
	Exception: model_fix_mean_lap_model_namespace::log_prob: Sigma is not positive definite. (in 'model_fix_mean_lap.stan', line 68, column 1 to column 21)
	Exception: model_fix_mean_lap_model_namespace::log_prob: Sigma is not positive definite. (in 'model_fix_mean_lap.stan', line 68, column 1 to column 21)
	Exception: model_fix_mean_lap_model_namespace::log_prob: Sigma is not positive definite. (in 'model_fix_mean_lap.stan', line 68, column 1 to column 21)
	Exception: model_fix_mean_lap_model_namespace::log_prob: Sigma is not positive definite. (in 'model_fix_mean_lap.stan', line 68, column 1 to column 21)
	Exception: model_fix_mean_lap_model_namespace::log_prob: Sigma is not positive definite. (in 'model_fix_mean_lap.stan', line 68, column 1 to column 21)
	Exception: model_fix_mean_lap_model_namespace::log_prob: Sigma is not positive definite. (in 'model_fix_mean_lap.stan', line 68, column 1 to column 21)
	Exception: model_fix_mean_lap_model_namespace::log_prob: Sigma is not positive definite. (in 'model_fix_mean_lap.stan', line 68, column 1 to column 21)
	Exception: model_fix_mean_lap_model_namespace::log_prob: Sigma is not positive definite. (in 'model_fix_mean_lap.stan', line 68, column 1 to column 21)
	Exception: model_fix_mean_lap_model_namespace::log_prob: Sigma is not positive definite. (in 'model_fix_mean_lap.stan', line 68, column 1 to column 21)
	Exception: model_fix_mean_lap_model_namespace::log_prob: Sigma is not positive definite. (in 'model_fix_mean_lap.stan', line 68, column 1 to column 21)
	Exception: model_fix_mean_lap_model_namespace::log_prob: Sigma is not positive definite. (in 'model_fix_mean_lap.stan', line 68, column 1 to column 21)
	Exception: model_fix_mean_lap_model_namespace::log_prob: Sigma is not positive definite. (in 'model_fix_mean_lap.stan', line 68, column 1 to column 21)
	Exception: model_fix_mean_lap_model_namespace::log_prob: Sigma is not positive definite. (in 'model_fix_mean_lap.stan', line 68, column 1 to column 21)
	Exception: model_fix_mean_lap_model_namespace::log_prob: Sigma is not positive definite. (in 'model_fix_mean_lap.stan', line 68, column 1 to column 21)
	Exception: model_fix_mean_lap_model_namespace::log_prob: Sigma is not positive definite. (in 'model_fix_mean_lap.stan', line 68, column 1 to column 21)
	Exception: model_fix_mean_lap_model_namespace::log_prob: Sigma is not positive definite. (in 'model_fix_mean_lap.stan', line 68, column 1 to column 21)
	Exception: model_fix_mean_lap_model_namespace::log_prob: Sigma is not positive definite. (in 'model_fix_mean_lap.stan', line 68, column 1 to column 21)
	Exception: model_fix_mean_lap_model_namespace::log_prob: Sigma is not positive definite. (in 'model_fix_mean_lap.stan', line 68, column 1 to column 21)
	Exception: model_fix_mean_lap_model_namespace::log_prob: Sigma is not positive definite. (in 'model_fix_mean_lap.stan', line 68, column 1 to column 21)
	Exception: model_fix_mean_lap_model_namespace::log_prob: Sigma is not positive definite. (in 'model_fix_mean_lap.stan', line 68, column 1 to column 21)
	Exception: model_fix_mean_lap_model_namespace::log_prob: Sigma is not positive definite. (in 'model_fix_mean_lap.stan', line 68, column 1 to column 21)
	Exception: model_fix_mean_lap_model_namespace::log_prob: Sigma is not positive definite. (in 'model_fix_mean_lap.stan', line 68, column 1 to column 21)
	Exception: model_fix_mean_lap_model_namespace::log_prob: Sigma is not positive definite. (in 'model_fix_mean_lap.stan', line 68, column 1 to column 21)
	Exception: model_fix_mean_lap_model_namespace::log_prob: Sigma is not positive definite. (in 'model_fix_mean_lap.stan', line 68, column 1 to column 21)
	Exception: model_fix_mean_lap_model_namespace::log_prob: Sigma is not positive definite. (in 'model_fix_mean_lap.stan', line 68, column 1 to column 21)
	Exception: model_fix_mean_lap_model_namespace::log_prob: Sigma is not positive definite. (in 'model_fix_mean_lap.stan', line 68, column 1 to column 21)
	Exception: model_fix_mean_lap_model_namespace::log_prob: Sigma is not positive definite. (in 'model_fix_mean_lap.stan', line 68, column 1 to column 21)
	Exception: model_fix_mean_lap_model_namespace::log_prob: Sigma is not positive definite. (in 'model_fix_mean_lap.stan', line 68, column 1 to column 21)
	Exception: model_fix_mean_lap_model_namespace::log_prob: Sigma is not positive definite. (in 'model_fix_mean_lap.stan', line 68, column 1 to column 21)
	Exception: model_fix_mean_lap_model_namespace::log_prob: Sigma is not positive definite. (in 'model_fix_mean_lap.stan', line 68, column 1 to column 21)
	Exception: model_fix_mean_lap_model_namespace::log_prob: Sigma is not positive definite. (in 'model_fix_mean_lap.stan', line 68, column 1 to column 21)
	Exception: model_fix_mean_lap_model_namespace::log_prob: Sigma is not positive definite. (in 'model_fix_mean_lap.stan', line 68, column 1 to column 21)
	Exception: model_fix_mean_lap_model_namespace::log_prob: Sigma is not positive definite. (in 'model_fix_mean_lap.stan', line 68, column 1 to column 21)
	Exception: model_fix_mean_lap_model_namespace::log_prob: Sigma is not positive definite. (in 'model_fix_mean_lap.stan', line 68, column 1 to column 21)
	Exception: model_fix_mean_lap_model_namespace::log_prob: Sigma is not positive definite. (in 'model_fix_mean_lap.stan', line 68, column 1 to column 21)
	Exception: model_fix_mean_lap_model_namespace::log_prob: Sigma is not positive definite. (in 'model_fix_mean_lap.stan', line 68, column 1 to column 21)
	Exception: model_fix_mean_lap_model_namespace::log_prob: Sigma is not positive definite. (in 'model_fix_mean_lap.stan', line 68, column 1 to column 21)
	Exception: model_fix_mean_lap_model_namespace::log_prob: Sigma is not positive definite. (in 'model_fix_mean_lap.stan', line 68, column 1 to column 21)
	Exception: model_fix_mean_lap_model_namespace::log_prob: Sigma is not positive definite. (in 'model_fix_mean_lap.stan', line 68, column 1 to column 21)
	Exception: model_fix_mean_lap_model_namespace::log_prob: Sigma is not positive definite. (in 'model_fix_mean_lap.stan', line 68, column 1 to column 21)
	Exception: model_fix_mean_lap_model_namespace::log_prob: Sigma is not positive definite. (in 'model_fix_mean_lap.stan', line 68, column 1 to column 21)
	Exception: model_fix_mean_lap_model_namespace::log_prob: Sigma is not positive definite. (in 'model_fix_mean_lap.stan', line 68, column 1 to column 21)
	Exception: model_fix_mean_lap_model_namespace::log_prob: Sigma is not positive definite. (in 'model_fix_mean_lap.stan', line 68, column 1 to column 21)
	Exception: model_fix_mean_lap_model_namespace::log_prob: Sigma is not positive definite. (in 'model_fix_mean_lap.stan', line 68, column 1 to column 21)
	Exception: model_fix_mean_lap_model_namespace::log_prob: Sigma is not positive definite. (in 'model_fix_mean_lap.stan', line 68, column 1 to column 21)
	Exception: model_fix_mean_lap_model_namespace::log_prob: Sigma is not positive definite. (in 'model_fix_mean_lap.stan', line 68, column 1 to column 21)
	Exception: model_fix_mean_lap_model_namespace::log_prob: Sigma is not positive definite. (in 'model_fix_mean_lap.stan', line 68, column 1 to column 21)
	Exception: model_fix_mean_lap_model_namespace::log_prob: Sigma is not positive definite. (in 'model_fix_mean_lap.stan', line 68, column 1 to column 21)
	Exception: model_fix_mean_lap_model_namespace::log_prob: Sigma is not positive definite. (in 'model_fix_mean_lap.stan', line 68, column 1 to column 21)
	Exception: model_fix_mean_lap_model_namespace::log_prob: Sigma is not positive definite. (in 'model_fix_mean_lap.stan', line 68, column 1 to column 21)
	Exception: model_fix_mean_lap_model_namespace::log_prob: Sigma is not positive definite. (in 'model_fix_mean_lap.stan', line 68, column 1 to column 21)
	Exception: model_fix_mean_lap_model_namespace::log_prob: Sigma is not positive definite. (in 'model_fix_mean_lap.stan', line 68, column 1 to column 21)
	Exception: model_fix_mean_lap_model_namespace::log_prob: Sigma is not positive definite. (in 'model_fix_mean_lap.stan', line 68, column 1 to column 21)
	Exception: model_fix_mean_lap_model_namespace::log_prob: Sigma is not positive definite. (in 'model_fix_mean_lap.stan', line 68, column 1 to column 21)
	Exception: model_fix_mean_lap_model_namespace::log_prob: Sigma is not positive definite. (in 'model_fix_mean_lap.stan', line 68, column 1 to column 21)
	Exception: model_fix_mean_lap_model_namespace::log_prob: Sigma is not positive definite. (in 'model_fix_mean_lap.stan', line 68, column 1 to column 21)
	Exception: model_fix_mean_lap_model_namespace::log_prob: Sigma is not positive definite. (in 'model_fix_mean_lap.stan', line 68, column 1 to column 21)
	Exception: model_fix_mean_lap_model_namespace::log_prob: Sigma is not positive definite. (in 'model_fix_mean_lap.stan', line 68, column 1 to column 21)
	Exception: model_fix_mean_lap_model_namespace::log_prob: Sigma is not positive definite. (in 'model_fix_mean_lap.stan', line 68, column 1 to column 21)
	Exception: model_fix_mean_lap_model_namespace::log_prob: Sigma is not positive definite. (in 'model_fix_mean_lap.stan', line 68, column 1 to column 21)
	Exception: model_fix_mean_lap_model_namespace::log_prob: Sigma is not positive definite. (in 'model_fix_mean_lap.stan', line 68, column 1 to column 21)
	Exception: model_fix_mean_lap_model_namespace::log_prob: Sigma is not positive definite. (in 'model_fix_mean_lap.stan', line 68, column 1 to column 21)
	Exception: model_fix_mean_lap_model_namespace::log_prob: Sigma is not positive definite. (in 'model_fix_mean_lap.stan', line 68, column 1 to column 21)
	Exception: model_fix_mean_lap_model_namespace::log_prob: Sigma is not positive definite. (in 'model_fix_mean_lap.stan', line 68, column 1 to column 21)
	Exception: model_fix_mean_lap_model_namespace::log_prob: Sigma is not positive definite. (in 'model_fix_mean_lap.stan', line 68, column 1 to column 21)
	Exception: model_fix_mean_lap_model_namespace::log_prob: Sigma is not positive definite. (in 'model_fix_mean_lap.stan', line 68, column 1 to column 21)
	Exception: model_fix_mean_lap_model_namespace::log_prob: Sigma is not positive definite. (in 'model_fix_mean_lap.stan', line 68, column 1 to column 21)
	Exception: model_fix_mean_lap_model_namespace::log_prob: Sigma is not positive definite. (in 'model_fix_mean_lap.stan', line 68, column 1 to column 21)
	Exception: model_fix_mean_lap_model_namespace::log_prob: Sigma is not positive definite. (in 'model_fix_mean_lap.stan', line 68, column 1 to column 21)
	Exception: model_fix_mean_lap_model_namespace::log_prob: Sigma is not positive definite. (in 'model_fix_mean_lap.stan', line 68, column 1 to column 21)
	Exception: model_fix_mean_lap_model_namespace::log_prob: Sigma is not positive definite. (in 'model_fix_mean_lap.stan', line 68, column 1 to column 21)
	Exception: model_fix_mean_lap_model_namespace::log_prob: Sigma is not positive definite. (in 'model_fix_mean_lap.stan', line 68, column 1 to column 21)
	Exception: model_fix_mean_lap_model_namespace::log_prob: Sigma is not positive definite. (in 'model_fix_mean_lap.stan', line 68, column 1 to column 21)
	Exception: model_fix_mean_lap_model_namespace::log_prob: Sigma is not positive definite. (in 'model_fix_mean_lap.stan', line 68, column 1 to column 21)
	Exception: model_fix_mean_lap_model_namespace::log_prob: Sigma is not positive definite. (in 'model_fix_mean_lap.stan', line 68, column 1 to column 21)
	Exception: model_fix_mean_lap_model_namespace::log_prob: Sigma is not positive definite. (in 'model_fix_mean_lap.stan', line 68, column 1 to column 21)
	Exception: model_fix_mean_lap_model_namespace::log_prob: Sigma is not positive definite. (in 'model_fix_mean_lap.stan', line 68, column 1 to column 21)
	Exception: model_fix_mean_lap_model_namespace::log_prob: Sigma is not positive definite. (in 'model_fix_mean_lap.stan', line 68, column 1 to column 21)
	Exception: model_fix_mean_lap_model_namespace::log_prob: Sigma is not positive definite. (in 'model_fix_mean_lap.stan', line 68, column 1 to column 21)
	Exception: model_fix_mean_lap_model_namespace::log_prob: Sigma is not positive definite. (in 'model_fix_mean_lap.stan', line 68, column 1 to column 21)
	Exception: model_fix_mean_lap_model_namespace::log_prob: Sigma is not positive definite. (in 'model_fix_mean_lap.stan', line 68, column 1 to column 21)
	Exception: model_fix_mean_lap_model_namespace::log_prob: Sigma is not positive definite. (in 'model_fix_mean_lap.stan', line 68, column 1 to column 21)
	Exception: model_fix_mean_lap_model_namespace::log_prob: Sigma is not positive definite. (in 'model_fix_mean_lap.stan', line 68, column 1 to column 21)
	Exception: model_fix_mean_lap_model_namespace::log_prob: Sigma is not positive definite. (in 'model_fix_mean_lap.stan', line 68, column 1 to column 21)
	Exception: model_fix_mean_lap_model_namespace::log_prob: Sigma is not positive definite. (in 'model_fix_mean_lap.stan', line 68, column 1 to column 21)
	Exception: model_fix_mean_lap_model_namespace::log_prob: Sigma is not positive definite. (in 'model_fix_mean_lap.stan', line 68, column 1 to column 21)
	Exception: model_fix_mean_lap_model_namespace::log_prob: Sigma is not positive definite. (in 'model_fix_mean_lap.stan', line 68, column 1 to column 21)
	Exception: model_fix_mean_lap_model_namespace::log_prob: Sigma is not positive definite. (in 'model_fix_mean_lap.stan', line 68, column 1 to column 21)
	Exception: model_fix_mean_lap_model_namespace::log_prob: Sigma is not positive definite. (in 'model_fix_mean_lap.stan', line 68, column 1 to column 21)
	Exception: model_fix_mean_lap_model_namespace::log_prob: Sigma is not positive definite. (in 'model_fix_mean_lap.stan', line 68, column 1 to column 21)
	Exception: model_fix_mean_lap_model_namespace::log_prob: Sigma is not positive definite. (in 'model_fix_mean_lap.stan', line 68, column 1 to column 21)
	Exception: model_fix_mean_lap_model_namespace::log_prob: Sigma is not positive definite. (in 'model_fix_mean_lap.stan', line 68, column 1 to column 21)
	Exception: model_fix_mean_lap_model_namespace::log_prob: Sigma is not positive definite. (in 'model_fix_mean_lap.stan', line 68, column 1 to column 21)
	Exception: model_fix_mean_lap_model_namespace::log_prob: Sigma is not positive definite. (in 'model_fix_mean_lap.stan', line 68, column 1 to column 21)
	Exception: model_fix_mean_lap_model_namespace::log_prob: Sigma is not positive definite. (in 'model_fix_mean_lap.stan', line 68, column 1 to column 21)
	Exception: model_fix_mean_lap_model_namespace::log_prob: Sigma is not positive definite. (in 'model_fix_mean_lap.stan', line 68, column 1 to column 21)
	Exception: model_fix_mean_lap_model_namespace::log_prob: Sigma is not positive definite. (in 'model_fix_mean_lap.stan', line 68, column 1 to column 21)
	Exception: model_fix_mean_lap_model_namespace::log_prob: Sigma is not positive definite. (in 'model_fix_mean_lap.stan', line 68, column 1 to column 21)
	Exception: model_fix_mean_lap_model_namespace::log_prob: Sigma is not positive definite. (in 'model_fix_mean_lap.stan', line 68, column 1 to column 21)
	Exception: model_fix_mean_lap_model_namespace::log_prob: Sigma is not positive definite. (in 'model_fix_mean_lap.stan', line 68, column 1 to column 21)
	Exception: model_fix_mean_lap_model_namespace::log_prob: Sigma is not positive definite. (in 'model_fix_mean_lap.stan', line 68, column 1 to column 21)
	Exception: model_fix_mean_lap_model_namespace::log_prob: Sigma is not positive definite. (in 'model_fix_mean_lap.stan', line 68, column 1 to column 21)
	Exception: model_fix_mean_lap_model_namespace::log_prob: Sigma is not positive definite. (in 'model_fix_mean_lap.stan', line 68, column 1 to column 21)
	Exception: model_fix_mean_lap_model_namespace::log_prob: Sigma is not positive definite. (in 'model_fix_mean_lap.stan', line 68, column 1 to column 21)
	Exception: model_fix_mean_lap_model_namespace::log_prob: Sigma is not positive definite. (in 'model_fix_mean_lap.stan', line 68, column 1 to column 21)
	Exception: model_fix_mean_lap_model_namespace::log_prob: Sigma is not positive definite. (in 'model_fix_mean_lap.stan', line 68, column 1 to column 21)
	Exception: model_fix_mean_lap_model_namespace::log_prob: Sigma is not positive definite. (in 'model_fix_mean_lap.stan', line 68, column 1 to column 21)
	Exception: model_fix_mean_lap_model_namespace::log_prob: Sigma is not positive definite. (in 'model_fix_mean_lap.stan', line 68, column 1 to column 21)
	Exception: model_fix_mean_lap_model_namespace::log_prob: Sigma is not positive definite. (in 'model_fix_mean_lap.stan', line 68, column 1 to column 21)
	Exception: model_fix_mean_lap_model_namespace::log_prob: Sigma is not positive definite. (in 'model_fix_mean_lap.stan', line 68, column 1 to column 21)
	Exception: model_fix_mean_lap_model_namespace::log_prob: Sigma is not positive definite. (in 'model_fix_mean_lap.stan', line 68, column 1 to column 21)
	Exception: model_fix_mean_lap_model_namespace::log_prob: Sigma is not positive definite. (in 'model_fix_mean_lap.stan', line 68, column 1 to column 21)
	Exception: model_fix_mean_lap_model_namespace::log_prob: Sigma is not positive definite. (in 'model_fix_mean_lap.stan', line 68, column 1 to column 21)
	Exception: model_fix_mean_lap_model_namespace::log_prob: Sigma is not positive definite. (in 'model_fix_mean_lap.stan', line 68, column 1 to column 21)
	Exception: model_fix_mean_lap_model_namespace::log_prob: Sigma is not positive definite. (in 'model_fix_mean_lap.stan', line 68, column 1 to column 21)
	Exception: model_fix_mean_lap_model_namespace::log_prob: Sigma is not positive definite. (in 'model_fix_mean_lap.stan', line 68, column 1 to column 21)
	Exception: model_fix_mean_lap_model_namespace::log_prob: Sigma is not positive definite. (in 'model_fix_mean_lap.stan', line 68, column 1 to column 21)
	Exception: model_fix_mean_lap_model_namespace::log_prob: Sigma is not positive definite. (in 'model_fix_mean_lap.stan', line 68, column 1 to column 21)
	Exception: model_fix_mean_lap_model_namespace::log_prob: Sigma is not positive definite. (in 'model_fix_mean_lap.stan', line 68, column 1 to column 21)
	Exception: model_fix_mean_lap_model_namespace::log_prob: Sigma is not positive definite. (in 'model_fix_mean_lap.stan', line 68, column 1 to column 21)
	Exception: model_fix_mean_lap_model_namespace::log_prob: Sigma is not positive definite. (in 'model_fix_mean_lap.stan', line 68, column 1 to column 21)
	Exception: model_fix_mean_lap_model_namespace::log_prob: Sigma is not positive definite. (in 'model_fix_mean_lap.stan', line 68, column 1 to column 21)
	Exception: model_fix_mean_lap_model_namespace::log_prob: Sigma is not positive definite. (in 'model_fix_mean_lap.stan', line 68, column 1 to column 21)
	Exception: model_fix_mean_lap_model_namespace::log_prob: Sigma is not positive definite. (in 'model_fix_mean_lap.stan', line 68, column 1 to column 21)
	Exception: model_fix_mean_lap_model_namespace::log_prob: Sigma is not positive definite. (in 'model_fix_mean_lap.stan', line 68, column 1 to column 21)
	Exception: model_fix_mean_lap_model_namespace::log_prob: Sigma is not positive definite. (in 'model_fix_mean_lap.stan', line 68, column 1 to column 21)
	Exception: model_fix_mean_lap_model_namespace::log_prob: Sigma is not positive definite. (in 'model_fix_mean_lap.stan', line 68, column 1 to column 21)
	Exception: model_fix_mean_lap_model_namespace::log_prob: Sigma is not positive definite. (in 'model_fix_mean_lap.stan', line 68, column 1 to column 21)
	Exception: model_fix_mean_lap_model_namespace::log_prob: Sigma is not positive definite. (in 'model_fix_mean_lap.stan', line 68, column 1 to column 21)
	Exception: model_fix_mean_lap_model_namespace::log_prob: Sigma is not positive definite. (in 'model_fix_mean_lap.stan', line 68, column 1 to column 21)
	Exception: model_fix_mean_lap_model_namespace::log_prob: Sigma is not positive definite. (in 'model_fix_mean_lap.stan', line 68, column 1 to column 21)
	Exception: model_fix_mean_lap_model_namespace::log_prob: Sigma is not positive definite. (in 'model_fix_mean_lap.stan', line 68, column 1 to column 21)
	Exception: model_fix_mean_lap_model_namespace::log_prob: Sigma is not positive definite. (in 'model_fix_mean_lap.stan', line 68, column 1 to column 21)
	Exception: model_fix_mean_lap_model_namespace::log_prob: Sigma is not positive definite. (in 'model_fix_mean_lap.stan', line 68, column 1 to column 21)
	Exception: model_fix_mean_lap_model_namespace::log_prob: Sigma is not positive definite. (in 'model_fix_mean_lap.stan', line 68, column 1 to column 21)
	Exception: model_fix_mean_lap_model_namespace::log_prob: Sigma is not positive definite. (in 'model_fix_mean_lap.stan', line 68, column 1 to column 21)
	Exception: model_fix_mean_lap_model_namespace::log_prob: Sigma is not positive definite. (in 'model_fix_mean_lap.stan', line 68, column 1 to column 21)
	Exception: model_fix_mean_lap_model_namespace::log_prob: Sigma is not positive definite. (in 'model_fix_mean_lap.stan', line 68, column 1 to column 21)
	Exception: model_fix_mean_lap_model_namespace::log_prob: Sigma is not positive definite. (in 'model_fix_mean_lap.stan', line 68, column 1 to column 21)
	Exception: model_fix_mean_lap_model_namespace::log_prob: Sigma is not positive definite. (in 'model_fix_mean_lap.stan', line 68, column 1 to column 21)
	Exception: model_fix_mean_lap_model_namespace::log_prob: Sigma is not positive definite. (in 'model_fix_mean_lap.stan', line 68, column 1 to column 21)
	Exception: model_fix_mean_lap_model_namespace::log_prob: Sigma is not positive definite. (in 'model_fix_mean_lap.stan', line 68, column 1 to column 21)
	Exception: model_fix_mean_lap_model_namespace::log_prob: Sigma is not positive definite. (in 'model_fix_mean_lap.stan', line 68, column 1 to column 21)
	Exception: model_fix_mean_lap_model_namespace::log_prob: Sigma is not positive definite. (in 'model_fix_mean_lap.stan', line 68, column 1 to column 21)
	Exception: model_fix_mean_lap_model_namespace::log_prob: Sigma is not positive definite. (in 'model_fix_mean_lap.stan', line 68, column 1 to column 21)
	Exception: model_fix_mean_lap_model_namespace::log_prob: Sigma is not positive definite. (in 'model_fix_mean_lap.stan', line 68, column 1 to column 21)
	Exception: model_fix_mean_lap_model_namespace::log_prob: Sigma is not positive definite. (in 'model_fix_mean_lap.stan', line 68, column 1 to column 21)
	Exception: model_fix_mean_lap_model_namespace::log_prob: Sigma is not positive definite. (in 'model_fix_mean_lap.stan', line 68, column 1 to column 21)
	Exception: model_fix_mean_lap_model_namespace::log_prob: Sigma is not positive definite. (in 'model_fix_mean_lap.stan', line 68, column 1 to column 21)
	Exception: model_fix_mean_lap_model_namespace::log_prob: Sigma is not positive definite. (in 'model_fix_mean_lap.stan', line 68, column 1 to column 21)
	Exception: model_fix_mean_lap_model_namespace::log_prob: Sigma is not positive definite. (in 'model_fix_mean_lap.stan', line 68, column 1 to column 21)
	Exception: model_fix_mean_lap_model_namespace::log_prob: Sigma is not positive definite. (in 'model_fix_mean_lap.stan', line 68, column 1 to column 21)
	Exception: model_fix_mean_lap_model_namespace::log_prob: Sigma is not positive definite. (in 'model_fix_mean_lap.stan', line 68, column 1 to column 21)
	Exception: model_fix_mean_lap_model_namespace::log_prob: Sigma is not positive definite. (in 'model_fix_mean_lap.stan', line 68, column 1 to column 21)
	Exception: model_fix_mean_lap_model_namespace::log_prob: Sigma is not positive definite. (in 'model_fix_mean_lap.stan', line 68, column 1 to column 21)
	Exception: model_fix_mean_lap_model_namespace::log_prob: Sigma is not positive definite. (in 'model_fix_mean_lap.stan', line 68, column 1 to column 21)
	Exception: model_fix_mean_lap_model_namespace::log_prob: Sigma is not positive definite. (in 'model_fix_mean_lap.stan', line 68, column 1 to column 21)
	Exception: model_fix_mean_lap_model_namespace::log_prob: Sigma is not positive definite. (in 'model_fix_mean_lap.stan', line 68, column 1 to column 21)
	Exception: model_fix_mean_lap_model_namespace::log_prob: Sigma is not positive definite. (in 'model_fix_mean_lap.stan', line 68, column 1 to column 21)
	Exception: model_fix_mean_lap_model_namespace::log_prob: Sigma is not positive definite. (in 'model_fix_mean_lap.stan', line 68, column 1 to column 21)
	Exception: model_fix_mean_lap_model_namespace::log_prob: Sigma is not positive definite. (in 'model_fix_mean_lap.stan', line 68, column 1 to column 21)
	Exception: model_fix_mean_lap_model_namespace::log_prob: Sigma is not positive definite. (in 'model_fix_mean_lap.stan', line 68, column 1 to column 21)
	Exception: model_fix_mean_lap_model_namespace::log_prob: Sigma is not positive definite. (in 'model_fix_mean_lap.stan', line 68, column 1 to column 21)
	Exception: model_fix_mean_lap_model_namespace::log_prob: Sigma is not positive definite. (in 'model_fix_mean_lap.stan', line 68, column 1 to column 21)
	Exception: model_fix_mean_lap_model_namespace::log_prob: Sigma is not positive definite. (in 'model_fix_mean_lap.stan', line 68, column 1 to column 21)
	Exception: model_fix_mean_lap_model_namespace::log_prob: Sigma is not positive definite. (in 'model_fix_mean_lap.stan', line 68, column 1 to column 21)
	Exception: model_fix_mean_lap_model_namespace::log_prob: Sigma is not positive definite. (in 'model_fix_mean_lap.stan', line 68, column 1 to column 21)
	Exception: model_fix_mean_lap_model_namespace::log_prob: Sigma is not positive definite. (in 'model_fix_mean_lap.stan', line 68, column 1 to column 21)
	Exception: model_fix_mean_lap_model_namespace::log_prob: Sigma is not positive definite. (in 'model_fix_mean_lap.stan', line 68, column 1 to column 21)
	Exception: model_fix_mean_lap_model_namespace::log_prob: Sigma is not positive definite. (in 'model_fix_mean_lap.stan', line 68, column 1 to column 21)
	Exception: model_fix_mean_lap_model_namespace::log_prob: Sigma is not positive definite. (in 'model_fix_mean_lap.stan', line 68, column 1 to column 21)
	Exception: model_fix_mean_lap_model_namespace::log_prob: Sigma is not positive definite. (in 'model_fix_mean_lap.stan', line 68, column 1 to column 21)
	Exception: model_fix_mean_lap_model_namespace::log_prob: Sigma is not positive definite. (in 'model_fix_mean_lap.stan', line 68, column 1 to column 21)
	Exception: model_fix_mean_lap_model_namespace::log_prob: Sigma is not positive definite. (in 'model_fix_mean_lap.stan', line 68, column 1 to column 21)
	Exception: model_fix_mean_lap_model_namespace::log_prob: Sigma is not positive definite. (in 'model_fix_mean_lap.stan', line 68, column 1 to column 21)
	Exception: model_fix_mean_lap_model_namespace::log_prob: Sigma is not positive definite. (in 'model_fix_mean_lap.stan', line 68, column 1 to column 21)
	Exception: model_fix_mean_lap_model_namespace::log_prob: Sigma is not positive definite. (in 'model_fix_mean_lap.stan', line 68, column 1 to column 21)
	Exception: model_fix_mean_lap_model_namespace::log_prob: Sigma is not positive definite. (in 'model_fix_mean_lap.stan', line 68, column 1 to column 21)
	Exception: model_fix_mean_lap_model_namespace::log_prob: Sigma is not positive definite. (in 'model_fix_mean_lap.stan', line 68, column 1 to column 21)
	Exception: model_fix_mean_lap_model_namespace::log_prob: Sigma is not positive definite. (in 'model_fix_mean_lap.stan', line 68, column 1 to column 21)
	Exception: model_fix_mean_lap_model_namespace::log_prob: Sigma is not positive definite. (in 'model_fix_mean_lap.stan', line 68, column 1 to column 21)
	Exception: model_fix_mean_lap_model_namespace::log_prob: Sigma is not positive definite. (in 'model_fix_mean_lap.stan', line 68, column 1 to column 21)
	Exception: model_fix_mean_lap_model_namespace::log_prob: Sigma is not positive definite. (in 'model_fix_mean_lap.stan', line 68, column 1 to column 21)
	Exception: model_fix_mean_lap_model_namespace::log_prob: Sigma is not positive definite. (in 'model_fix_mean_lap.stan', line 68, column 1 to column 21)
	Exception: model_fix_mean_lap_model_namespace::log_prob: Sigma is not positive definite. (in 'model_fix_mean_lap.stan', line 68, column 1 to column 21)
	Exception: model_fix_mean_lap_model_namespace::log_prob: Sigma is not positive definite. (in 'model_fix_mean_lap.stan', line 68, column 1 to column 21)
	Exception: model_fix_mean_lap_model_namespace::log_prob: Sigma is not positive definite. (in 'model_fix_mean_lap.stan', line 68, column 1 to column 21)
	Exception: model_fix_mean_lap_model_namespace::log_prob: Sigma is not positive definite. (in 'model_fix_mean_lap.stan', line 68, column 1 to column 21)
	Exception: model_fix_mean_lap_model_namespace::log_prob: Sigma is not positive definite. (in 'model_fix_mean_lap.stan', line 68, column 1 to column 21)
	Exception: model_fix_mean_lap_model_namespace::log_prob: Sigma is not positive definite. (in 'model_fix_mean_lap.stan', line 68, column 1 to column 21)
	Exception: model_fix_mean_lap_model_namespace::log_prob: Sigma is not positive definite. (in 'model_fix_mean_lap.stan', line 68, column 1 to column 21)
	Exception: model_fix_mean_lap_model_namespace::log_prob: Sigma is not positive definite. (in 'model_fix_mean_lap.stan', line 68, column 1 to column 21)
	Exception: model_fix_mean_lap_model_namespace::log_prob: Sigma is not positive definite. (in 'model_fix_mean_lap.stan', line 68, column 1 to column 21)
	Exception: model_fix_mean_lap_model_namespace::log_prob: Sigma is not positive definite. (in 'model_fix_mean_lap.stan', line 68, column 1 to column 21)
	Exception: model_fix_mean_lap_model_namespace::log_prob: Sigma is not positive definite. (in 'model_fix_mean_lap.stan', line 68, column 1 to column 21)
	Exception: model_fix_mean_lap_model_namespace::log_prob: Sigma is not positive definite. (in 'model_fix_mean_lap.stan', line 68, column 1 to column 21)
	Exception: model_fix_mean_lap_model_namespace::log_prob: Sigma is not positive definite. (in 'model_fix_mean_lap.stan', line 68, column 1 to column 21)
	Exception: model_fix_mean_lap_model_namespace::log_prob: Sigma is not positive definite. (in 'model_fix_mean_lap.stan', line 68, column 1 to column 21)
	Exception: model_fix_mean_lap_model_namespace::log_prob: Sigma is not positive definite. (in 'model_fix_mean_lap.stan', line 68, column 1 to column 21)
	Exception: model_fix_mean_lap_model_namespace::log_prob: Sigma is not positive definite. (in 'model_fix_mean_lap.stan', line 68, column 1 to column 21)
	Exception: model_fix_mean_lap_model_namespace::log_prob: Sigma is not positive definite. (in 'model_fix_mean_lap.stan', line 68, column 1 to column 21)
	Exception: model_fix_mean_lap_model_namespace::log_prob: Sigma is not positive definite. (in 'model_fix_mean_lap.stan', line 68, column 1 to column 21)
	Exception: model_fix_mean_lap_model_namespace::log_prob: Sigma is not positive definite. (in 'model_fix_mean_lap.stan', line 68, column 1 to column 21)
	Exception: model_fix_mean_lap_model_namespace::log_prob: Sigma is not positive definite. (in 'model_fix_mean_lap.stan', line 68, column 1 to column 21)
	Exception: model_fix_mean_lap_model_namespace::log_prob: Sigma is not positive definite. (in 'model_fix_mean_lap.stan', line 68, column 1 to column 21)
	Exception: model_fix_mean_lap_model_namespace::log_prob: Sigma is not positive definite. (in 'model_fix_mean_lap.stan', line 68, column 1 to column 21)
	Exception: model_fix_mean_lap_model_namespace::log_prob: Sigma is not positive definite. (in 'model_fix_mean_lap.stan', line 68, column 1 to column 21)
	Exception: model_fix_mean_lap_model_namespace::log_prob: Sigma is not positive definite. (in 'model_fix_mean_lap.stan', line 68, column 1 to column 21)
	Exception: model_fix_mean_lap_model_namespace::log_prob: Sigma is not positive definite. (in 'model_fix_mean_lap.stan', line 68, column 1 to column 21)
	Exception: model_fix_mean_lap_model_namespace::log_prob: Sigma is not positive definite. (in 'model_fix_mean_lap.stan', line 68, column 1 to column 21)
	Exception: model_fix_mean_lap_model_namespace::log_prob: Sigma is not positive definite. (in 'model_fix_mean_lap.stan', line 68, column 1 to column 21)
	Exception: model_fix_mean_lap_model_namespace::log_prob: Sigma is not positive definite. (in 'model_fix_mean_lap.stan', line 68, column 1 to column 21)
	Exception: model_fix_mean_lap_model_namespace::log_prob: Sigma is not positive definite. (in 'model_fix_mean_lap.stan', line 68, column 1 to column 21)
	Exception: model_fix_mean_lap_model_namespace::log_prob: Sigma is not positive definite. (in 'model_fix_mean_lap.stan', line 68, column 1 to column 21)
	Exception: model_fix_mean_lap_model_namespace::log_prob: Sigma is not positive definite. (in 'model_fix_mean_lap.stan', line 68, column 1 to column 21)
	Exception: model_fix_mean_lap_model_namespace::log_prob: Sigma is not positive definite. (in 'model_fix_mean_lap.stan', line 68, column 1 to column 21)
	Exception: model_fix_mean_lap_model_namespace::log_prob: Sigma is not positive definite. (in 'model_fix_mean_lap.stan', line 68, column 1 to column 21)
	Exception: model_fix_mean_lap_model_namespace::log_prob: Sigma is not positive definite. (in 'model_fix_mean_lap.stan', line 68, column 1 to column 21)
	Exception: model_fix_mean_lap_model_namespace::log_prob: Sigma is not positive definite. (in 'model_fix_mean_lap.stan', line 68, column 1 to column 21)
	Exception: model_fix_mean_lap_model_namespace::log_prob: Sigma is not positive definite. (in 'model_fix_mean_lap.stan', line 68, column 1 to column 21)
	Exception: model_fix_mean_lap_model_namespace::log_prob: Sigma is not positive definite. (in 'model_fix_mean_lap.stan', line 68, column 1 to column 21)
	Exception: model_fix_mean_lap_model_namespace::log_prob: Sigma is not positive definite. (in 'model_fix_mean_lap.stan', line 68, column 1 to column 21)
	Exception: model_fix_mean_lap_model_namespace::log_prob: Sigma is not positive definite. (in 'model_fix_mean_lap.stan', line 68, column 1 to column 21)
	Exception: model_fix_mean_lap_model_namespace::log_prob: Sigma is not positive definite. (in 'model_fix_mean_lap.stan', line 68, column 1 to column 21)
	Exception: model_fix_mean_lap_model_namespace::log_prob: Sigma is not positive definite. (in 'model_fix_mean_lap.stan', line 68, column 1 to column 21)
	Exception: model_fix_mean_lap_model_namespace::log_prob: Sigma is not positive definite. (in 'model_fix_mean_lap.stan', line 68, column 1 to column 21)
	Exception: model_fix_mean_lap_model_namespace::log_prob: Sigma is not positive definite. (in 'model_fix_mean_lap.stan', line 68, column 1 to column 21)
	Exception: model_fix_mean_lap_model_namespace::log_prob: Sigma is not positive definite. (in 'model_fix_mean_lap.stan', line 68, column 1 to column 21)
	Exception: model_fix_mean_lap_model_namespace::log_prob: Sigma is not positive definite. (in 'model_fix_mean_lap.stan', line 68, column 1 to column 21)
	Exception: model_fix_mean_lap_model_namespace::log_prob: Sigma is not positive definite. (in 'model_fix_mean_lap.stan', line 68, column 1 to column 21)
	Exception: model_fix_mean_lap_model_namespace::log_prob: Sigma is not positive definite. (in 'model_fix_mean_lap.stan', line 68, column 1 to column 21)
	Exception: model_fix_mean_lap_model_namespace::log_prob: Sigma is not positive definite. (in 'model_fix_mean_lap.stan', line 68, column 1 to column 21)
	Exception: model_fix_mean_lap_model_namespace::log_prob: Sigma is not positive definite. (in 'model_fix_mean_lap.stan', line 68, column 1 to column 21)
	Exception: model_fix_mean_lap_model_namespace::log_prob: Sigma is not positive definite. (in 'model_fix_mean_lap.stan', line 68, column 1 to column 21)
	Exception: model_fix_mean_lap_model_namespace::log_prob: Sigma is not positive definite. (in 'model_fix_mean_lap.stan', line 68, column 1 to column 21)
	Exception: model_fix_mean_lap_model_namespace::log_prob: Sigma is not positive definite. (in 'model_fix_mean_lap.stan', line 68, column 1 to column 21)
	Exception: model_fix_mean_lap_model_namespace::log_prob: Sigma is not positive definite. (in 'model_fix_mean_lap.stan', line 68, column 1 to column 21)
	Exception: model_fix_mean_lap_model_namespace::log_prob: Sigma is not positive definite. (in 'model_fix_mean_lap.stan', line 68, column 1 to column 21)
	Exception: model_fix_mean_lap_model_namespace::log_prob: Sigma is not positive definite. (in 'model_fix_mean_lap.stan', line 68, column 1 to column 21)
	Exception: model_fix_mean_lap_model_namespace::log_prob: Sigma is not positive definite. (in 'model_fix_mean_lap.stan', line 68, column 1 to column 21)
	Exception: model_fix_mean_lap_model_namespace::log_prob: Sigma is not positive definite. (in 'model_fix_mean_lap.stan', line 68, column 1 to column 21)
	Exception: model_fix_mean_lap_model_namespace::log_prob: Sigma is not positive definite. (in 'model_fix_mean_lap.stan', line 68, column 1 to column 21)
	Exception: model_fix_mean_lap_model_namespace::log_prob: Sigma is not positive definite. (in 'model_fix_mean_lap.stan', line 68, column 1 to column 21)
	Exception: model_fix_mean_lap_model_namespace::log_prob: Sigma is not positive definite. (in 'model_fix_mean_lap.stan', line 68, column 1 to column 21)
	Exception: model_fix_mean_lap_model_namespace::log_prob: Sigma is not positive definite. (in 'model_fix_mean_lap.stan', line 68, column 1 to column 21)
	Exception: model_fix_mean_lap_model_namespace::log_prob: Sigma is not positive definite. (in 'model_fix_mean_lap.stan', line 68, column 1 to column 21)
	Exception: model_fix_mean_lap_model_namespace::log_prob: Sigma is not positive definite. (in 'model_fix_mean_lap.stan', line 68, column 1 to column 21)
	Exception: model_fix_mean_lap_model_namespace::log_prob: Sigma is not positive definite. (in 'model_fix_mean_lap.stan', line 68, column 1 to column 21)
	Exception: model_fix_mean_lap_model_namespace::log_prob: Sigma is not positive definite. (in 'model_fix_mean_lap.stan', line 68, column 1 to column 21)
	Exception: model_fix_mean_lap_model_namespace::log_prob: Sigma is not positive definite. (in 'model_fix_mean_lap.stan', line 68, column 1 to column 21)
	Exception: model_fix_mean_lap_model_namespace::log_prob: Sigma is not positive definite. (in 'model_fix_mean_lap.stan', line 68, column 1 to column 21)
	Exception: model_fix_mean_lap_model_namespace::log_prob: Sigma is not positive definite. (in 'model_fix_mean_lap.stan', line 68, column 1 to column 21)
	Exception: model_fix_mean_lap_model_namespace::log_prob: Sigma is not positive definite. (in 'model_fix_mean_lap.stan', line 68, column 1 to column 21)
	Exception: model_fix_mean_lap_model_namespace::log_prob: Sigma is not positive definite. (in 'model_fix_mean_lap.stan', line 68, column 1 to column 21)
	Exception: model_fix_mean_lap_model_namespace::log_prob: Sigma is not positive definite. (in 'model_fix_mean_lap.stan', line 68, column 1 to column 21)
	Exception: model_fix_mean_lap_model_namespace::log_prob: Sigma is not positive definite. (in 'model_fix_mean_lap.stan', line 68, column 1 to column 21)
	Exception: model_fix_mean_lap_model_namespace::log_prob: Sigma is not positive definite. (in 'model_fix_mean_lap.stan', line 68, column 1 to column 21)
	Exception: model_fix_mean_lap_model_namespace::log_prob: Sigma is not positive definite. (in 'model_fix_mean_lap.stan', line 68, column 1 to column 21)
	Exception: model_fix_mean_lap_model_namespace::log_prob: Sigma is not positive definite. (in 'model_fix_mean_lap.stan', line 68, column 1 to column 21)
	Exception: model_fix_mean_lap_model_namespace::log_prob: Sigma is not positive definite. (in 'model_fix_mean_lap.stan', line 68, column 1 to column 21)
	Exception: model_fix_mean_lap_model_namespace::log_prob: Sigma is not positive definite. (in 'model_fix_mean_lap.stan', line 68, column 1 to column 21)
	Exception: model_fix_mean_lap_model_namespace::log_prob: Sigma is not positive definite. (in 'model_fix_mean_lap.stan', line 68, column 1 to column 21)
	Exception: model_fix_mean_lap_model_namespace::log_prob: Sigma is not positive definite. (in 'model_fix_mean_lap.stan', line 68, column 1 to column 21)
	Exception: model_fix_mean_lap_model_namespace::log_prob: Sigma is not positive definite. (in 'model_fix_mean_lap.stan', line 68, column 1 to column 21)
	Exception: model_fix_mean_lap_model_namespace::log_prob: Sigma is not positive definite. (in 'model_fix_mean_lap.stan', line 68, column 1 to column 21)
	Exception: model_fix_mean_lap_model_namespace::log_prob: Sigma is not positive definite. (in 'model_fix_mean_lap.stan', line 68, column 1 to column 21)
	Exception: model_fix_mean_lap_model_namespace::log_prob: Sigma is not positive definite. (in 'model_fix_mean_lap.stan', line 68, column 1 to column 21)
	Exception: model_fix_mean_lap_model_namespace::log_prob: Sigma is not positive definite. (in 'model_fix_mean_lap.stan', line 68, column 1 to column 21)
	Exception: model_fix_mean_lap_model_namespace::log_prob: Sigma is not positive definite. (in 'model_fix_mean_lap.stan', line 68, column 1 to column 21)
	Exception: model_fix_mean_lap_model_namespace::log_prob: Sigma is not positive definite. (in 'model_fix_mean_lap.stan', line 68, column 1 to column 21)
	Exception: model_fix_mean_lap_model_namespace::log_prob: Sigma is not positive definite. (in 'model_fix_mean_lap.stan', line 68, column 1 to column 21)
	Exception: model_fix_mean_lap_model_namespace::log_prob: Sigma is not positive definite. (in 'model_fix_mean_lap.stan', line 68, column 1 to column 21)
	Exception: model_fix_mean_lap_model_namespace::log_prob: Sigma is not positive definite. (in 'model_fix_mean_lap.stan', line 68, column 1 to column 21)
	Exception: model_fix_mean_lap_model_namespace::log_prob: Sigma is not positive definite. (in 'model_fix_mean_lap.stan', line 68, column 1 to column 21)
	Exception: model_fix_mean_lap_model_namespace::log_prob: Sigma is not positive definite. (in 'model_fix_mean_lap.stan', line 68, column 1 to column 21)
	Exception: model_fix_mean_lap_model_namespace::log_prob: Sigma is not positive definite. (in 'model_fix_mean_lap.stan', line 68, column 1 to column 21)
	Exception: model_fix_mean_lap_model_namespace::log_prob: Sigma is not positive definite. (in 'model_fix_mean_lap.stan', line 68, column 1 to column 21)
	Exception: model_fix_mean_lap_model_namespace::log_prob: Sigma is not positive definite. (in 'model_fix_mean_lap.stan', line 68, column 1 to column 21)
	Exception: model_fix_mean_lap_model_namespace::log_prob: Sigma is not positive definite. (in 'model_fix_mean_lap.stan', line 68, column 1 to column 21)
	Exception: model_fix_mean_lap_model_namespace::log_prob: Sigma is not positive definite. (in 'model_fix_mean_lap.stan', line 68, column 1 to column 21)
	Exception: model_fix_mean_lap_model_namespace::log_prob: Sigma is not positive definite. (in 'model_fix_mean_lap.stan', line 68, column 1 to column 21)
	Exception: model_fix_mean_lap_model_namespace::log_prob: Sigma is not positive definite. (in 'model_fix_mean_lap.stan', line 68, column 1 to column 21)
	Exception: model_fix_mean_lap_model_namespace::log_prob: Sigma is not positive definite. (in 'model_fix_mean_lap.stan', line 68, column 1 to column 21)
	Exception: model_fix_mean_lap_model_namespace::log_prob: Sigma is not positive definite. (in 'model_fix_mean_lap.stan', line 68, column 1 to column 21)
	Exception: model_fix_mean_lap_model_namespace::log_prob: Sigma is not positive definite. (in 'model_fix_mean_lap.stan', line 68, column 1 to column 21)
	Exception: model_fix_mean_lap_model_namespace::log_prob: Sigma is not positive definite. (in 'model_fix_mean_lap.stan', line 68, column 1 to column 21)
	Exception: model_fix_mean_lap_model_namespace::log_prob: Sigma is not positive definite. (in 'model_fix_mean_lap.stan', line 68, column 1 to column 21)
	Exception: model_fix_mean_lap_model_namespace::log_prob: Sigma is not positive definite. (in 'model_fix_mean_lap.stan', line 68, column 1 to column 21)
	Exception: model_fix_mean_lap_model_namespace::log_prob: Sigma is not positive definite. (in 'model_fix_mean_lap.stan', line 68, column 1 to column 21)
	Exception: model_fix_mean_lap_model_namespace::log_prob: Sigma is not positive definite. (in 'model_fix_mean_lap.stan', line 68, column 1 to column 21)
	Exception: model_fix_mean_lap_model_namespace::log_prob: Sigma is not positive definite. (in 'model_fix_mean_lap.stan', line 68, column 1 to column 21)
	Exception: model_fix_mean_lap_model_namespace::log_prob: Sigma is not positive definite. (in 'model_fix_mean_lap.stan', line 68, column 1 to column 21)
	Exception: model_fix_mean_lap_model_namespace::log_prob: Sigma is not positive definite. (in 'model_fix_mean_lap.stan', line 68, column 1 to column 21)
	Exception: model_fix_mean_lap_model_namespace::log_prob: Sigma is not positive definite. (in 'model_fix_mean_lap.stan', line 68, column 1 to column 21)
	Exception: model_fix_mean_lap_model_namespace::log_prob: Sigma is not positive definite. (in 'model_fix_mean_lap.stan', line 68, column 1 to column 21)
	Exception: model_fix_mean_lap_model_namespace::log_prob: Sigma is not positive definite. (in 'model_fix_mean_lap.stan', line 68, column 1 to column 21)
	Exception: model_fix_mean_lap_model_namespace::log_prob: Sigma is not positive definite. (in 'model_fix_mean_lap.stan', line 68, column 1 to column 21)
	Exception: model_fix_mean_lap_model_namespace::log_prob: Sigma is not positive definite. (in 'model_fix_mean_lap.stan', line 68, column 1 to column 21)
	Exception: model_fix_mean_lap_model_namespace::log_prob: Sigma is not positive definite. (in 'model_fix_mean_lap.stan', line 68, column 1 to column 21)
	Exception: model_fix_mean_lap_model_namespace::log_prob: Sigma is not positive definite. (in 'model_fix_mean_lap.stan', line 68, column 1 to column 21)
	Exception: model_fix_mean_lap_model_namespace::log_prob: Sigma is not positive definite. (in 'model_fix_mean_lap.stan', line 68, column 1 to column 21)
	Exception: model_fix_mean_lap_model_namespace::log_prob: Sigma is not positive definite. (in 'model_fix_mean_lap.stan', line 68, column 1 to column 21)
	Exception: model_fix_mean_lap_model_namespace::log_prob: Sigma is not positive definite. (in 'model_fix_mean_lap.stan', line 68, column 1 to column 21)
	Exception: model_fix_mean_lap_model_namespace::log_prob: Sigma is not positive definite. (in 'model_fix_mean_lap.stan', line 68, column 1 to column 21)
	Exception: model_fix_mean_lap_model_namespace::log_prob: Sigma is not positive definite. (in 'model_fix_mean_lap.stan', line 68, column 1 to column 21)
	Exception: model_fix_mean_lap_model_namespace::log_prob: Sigma is not positive definite. (in 'model_fix_mean_lap.stan', line 68, column 1 to column 21)
	Exception: model_fix_mean_lap_model_namespace::log_prob: Sigma is not positive definite. (in 'model_fix_mean_lap.stan', line 68, column 1 to column 21)
	Exception: model_fix_mean_lap_model_namespace::log_prob: Sigma is not positive definite. (in 'model_fix_mean_lap.stan', line 68, column 1 to column 21)
	Exception: model_fix_mean_lap_model_namespace::log_prob: Sigma is not positive definite. (in 'model_fix_mean_lap.stan', line 68, column 1 to column 21)
	Exception: model_fix_mean_lap_model_namespace::log_prob: Sigma is not positive definite. (in 'model_fix_mean_lap.stan', line 68, column 1 to column 21)
	Exception: model_fix_mean_lap_model_namespace::log_prob: Sigma is not positive definite. (in 'model_fix_mean_lap.stan', line 68, column 1 to column 21)
	Exception: model_fix_mean_lap_model_namespace::log_prob: Sigma is not positive definite. (in 'model_fix_mean_lap.stan', line 68, column 1 to column 21)
	Exception: model_fix_mean_lap_model_namespace::log_prob: Sigma is not positive definite. (in 'model_fix_mean_lap.stan', line 68, column 1 to column 21)
	Exception: model_fix_mean_lap_model_namespace::log_prob: Sigma is not positive definite. (in 'model_fix_mean_lap.stan', line 68, column 1 to column 21)
	Exception: model_fix_mean_lap_model_namespace::log_prob: Sigma is not positive definite. (in 'model_fix_mean_lap.stan', line 68, column 1 to column 21)
	Exception: model_fix_mean_lap_model_namespace::log_prob: Sigma is not positive definite. (in 'model_fix_mean_lap.stan', line 68, column 1 to column 21)
	Exception: model_fix_mean_lap_model_namespace::log_prob: Sigma is not positive definite. (in 'model_fix_mean_lap.stan', line 68, column 1 to column 21)
	Exception: model_fix_mean_lap_model_namespace::log_prob: Sigma is not positive definite. (in 'model_fix_mean_lap.stan', line 68, column 1 to column 21)
	Exception: model_fix_mean_lap_model_namespace::log_prob: Sigma is not positive definite. (in 'model_fix_mean_lap.stan', line 68, column 1 to column 21)
	Exception: model_fix_mean_lap_model_namespace::log_prob: Sigma is not positive definite. (in 'model_fix_mean_lap.stan', line 68, column 1 to column 21)
	Exception: model_fix_mean_lap_model_namespace::log_prob: Sigma is not positive definite. (in 'model_fix_mean_lap.stan', line 68, column 1 to column 21)
	Exception: model_fix_mean_lap_model_namespace::log_prob: Sigma is not positive definite. (in 'model_fix_mean_lap.stan', line 68, column 1 to column 21)
	Exception: model_fix_mean_lap_model_namespace::log_prob: Sigma is not positive definite. (in 'model_fix_mean_lap.stan', line 68, column 1 to column 21)
	Exception: model_fix_mean_lap_model_namespace::log_prob: Sigma is not positive definite. (in 'model_fix_mean_lap.stan', line 68, column 1 to column 21)
	Exception: model_fix_mean_lap_model_namespace::log_prob: Sigma is not positive definite. (in 'model_fix_mean_lap.stan', line 68, column 1 to column 21)
	Exception: model_fix_mean_lap_model_namespace::log_prob: Sigma is not positive definite. (in 'model_fix_mean_lap.stan', line 68, column 1 to column 21)
	Exception: model_fix_mean_lap_model_namespace::log_prob: Sigma is not positive definite. (in 'model_fix_mean_lap.stan', line 68, column 1 to column 21)
	Exception: model_fix_mean_lap_model_namespace::log_prob: Sigma is not positive definite. (in 'model_fix_mean_lap.stan', line 68, column 1 to column 21)
	Exception: model_fix_mean_lap_model_namespace::log_prob: Sigma is not positive definite. (in 'model_fix_mean_lap.stan', line 68, column 1 to column 21)
	Exception: model_fix_mean_lap_model_namespace::log_prob: Sigma is not positive definite. (in 'model_fix_mean_lap.stan', line 68, column 1 to column 21)
	Exception: model_fix_mean_lap_model_namespace::log_prob: Sigma is not positive definite. (in 'model_fix_mean_lap.stan', line 68, column 1 to column 21)
	Exception: model_fix_mean_lap_model_namespace::log_prob: Sigma is not positive definite. (in 'model_fix_mean_lap.stan', line 68, column 1 to column 21)
	Exception: model_fix_mean_lap_model_namespace::log_prob: Sigma is not positive definite. (in 'model_fix_mean_lap.stan', line 68, column 1 to column 21)
	Exception: model_fix_mean_lap_model_namespace::log_prob: Sigma is not positive definite. (in 'model_fix_mean_lap.stan', line 68, column 1 to column 21)
	Exception: model_fix_mean_lap_model_namespace::log_prob: Sigma is not positive definite. (in 'model_fix_mean_lap.stan', line 68, column 1 to column 21)
	Exception: model_fix_mean_lap_model_namespace::log_prob: Sigma is not positive definite. (in 'model_fix_mean_lap.stan', line 68, column 1 to column 21)
	Exception: model_fix_mean_lap_model_namespace::log_prob: Sigma is not positive definite. (in 'model_fix_mean_lap.stan', line 68, column 1 to column 21)
	Exception: model_fix_mean_lap_model_namespace::log_prob: Sigma is not positive definite. (in 'model_fix_mean_lap.stan', line 68, column 1 to column 21)
	Exception: model_fix_mean_lap_model_namespace::log_prob: Sigma is not positive definite. (in 'model_fix_mean_lap.stan', line 68, column 1 to column 21)
	Exception: model_fix_mean_lap_model_namespace::log_prob: Sigma is not positive definite. (in 'model_fix_mean_lap.stan', line 68, column 1 to column 21)
	Exception: model_fix_mean_lap_model_namespace::log_prob: Sigma is not positive definite. (in 'model_fix_mean_lap.stan', line 68, column 1 to column 21)
	Exception: model_fix_mean_lap_model_namespace::log_prob: Sigma is not positive definite. (in 'model_fix_mean_lap.stan', line 68, column 1 to column 21)
	Exception: model_fix_mean_lap_model_namespace::log_prob: Sigma is not positive definite. (in 'model_fix_mean_lap.stan', line 68, column 1 to column 21)
	Exception: model_fix_mean_lap_model_namespace::log_prob: Sigma is not positive definite. (in 'model_fix_mean_lap.stan', line 68, column 1 to column 21)
	Exception: model_fix_mean_lap_model_namespace::log_prob: Sigma is not positive definite. (in 'model_fix_mean_lap.stan', line 68, column 1 to column 21)
	Exception: model_fix_mean_lap_model_namespace::log_prob: Sigma is not positive definite. (in 'model_fix_mean_lap.stan', line 68, column 1 to column 21)
	Exception: model_fix_mean_lap_model_namespace::log_prob: Sigma is not positive definite. (in 'model_fix_mean_lap.stan', line 68, column 1 to column 21)
	Exception: model_fix_mean_lap_model_namespace::log_prob: Sigma is not positive definite. (in 'model_fix_mean_lap.stan', line 68, column 1 to column 21)
	Exception: model_fix_mean_lap_model_namespace::log_prob: Sigma is not positive definite. (in 'model_fix_mean_lap.stan', line 68, column 1 to column 21)
	Exception: model_fix_mean_lap_model_namespace::log_prob: Sigma is not positive definite. (in 'model_fix_mean_lap.stan', line 68, column 1 to column 21)
	Exception: model_fix_mean_lap_model_namespace::log_prob: Sigma is not positive definite. (in 'model_fix_mean_lap.stan', line 68, column 1 to column 21)
	Exception: model_fix_mean_lap_model_namespace::log_prob: Sigma is not positive definite. (in 'model_fix_mean_lap.stan', line 68, column 1 to column 21)
	Exception: model_fix_mean_lap_model_namespace::log_prob: Sigma is not positive definite. (in 'model_fix_mean_lap.stan', line 68, column 1 to column 21)
	Exception: model_fix_mean_lap_model_namespace::log_prob: Sigma is not positive definite. (in 'model_fix_mean_lap.stan', line 68, column 1 to column 21)
	Exception: model_fix_mean_lap_model_namespace::log_prob: Sigma is not positive definite. (in 'model_fix_mean_lap.stan', line 68, column 1 to column 21)
	Exception: model_fix_mean_lap_model_namespace::log_prob: Sigma is not positive definite. (in 'model_fix_mean_lap.stan', line 68, column 1 to column 21)
	Exception: model_fix_mean_lap_model_namespace::log_prob: Sigma is not positive definite. (in 'model_fix_mean_lap.stan', line 68, column 1 to column 21)
	Exception: model_fix_mean_lap_model_namespace::log_prob: Sigma is not positive definite. (in 'model_fix_mean_lap.stan', line 68, column 1 to column 21)
	Exception: model_fix_mean_lap_model_namespace::log_prob: Sigma is not positive definite. (in 'model_fix_mean_lap.stan', line 68, column 1 to column 21)
	Exception: model_fix_mean_lap_model_namespace::log_prob: Sigma is not positive definite. (in 'model_fix_mean_lap.stan', line 68, column 1 to column 21)
	Exception: model_fix_mean_lap_model_namespace::log_prob: Sigma is not positive definite. (in 'model_fix_mean_lap.stan', line 68, column 1 to column 21)
	Exception: model_fix_mean_lap_model_namespace::log_prob: Sigma is not positive definite. (in 'model_fix_mean_lap.stan', line 68, column 1 to column 21)
	Exception: model_fix_mean_lap_model_namespace::log_prob: Sigma is not positive definite. (in 'model_fix_mean_lap.stan', line 68, column 1 to column 21)
	Exception: model_fix_mean_lap_model_namespace::log_prob: Sigma is not positive definite. (in 'model_fix_mean_lap.stan', line 68, column 1 to column 21)
	Exception: model_fix_mean_lap_model_namespace::log_prob: Sigma is not positive definite. (in 'model_fix_mean_lap.stan', line 68, column 1 to column 21)
	Exception: model_fix_mean_lap_model_namespace::log_prob: Sigma is not positive definite. (in 'model_fix_mean_lap.stan', line 68, column 1 to column 21)
	Exception: model_fix_mean_lap_model_namespace::log_prob: Sigma is not positive definite. (in 'model_fix_mean_lap.stan', line 68, column 1 to column 21)
	Exception: model_fix_mean_lap_model_namespace::log_prob: Sigma is not positive definite. (in 'model_fix_mean_lap.stan', line 68, column 1 to column 21)
	Exception: model_fix_mean_lap_model_namespace::log_prob: Sigma is not positive definite. (in 'model_fix_mean_lap.stan', line 68, column 1 to column 21)
	Exception: model_fix_mean_lap_model_namespace::log_prob: Sigma is not positive definite. (in 'model_fix_mean_lap.stan', line 68, column 1 to column 21)
	Exception: model_fix_mean_lap_model_namespace::log_prob: Sigma is not positive definite. (in 'model_fix_mean_lap.stan', line 68, column 1 to column 21)
	Exception: model_fix_mean_lap_model_namespace::log_prob: Sigma is not positive definite. (in 'model_fix_mean_lap.stan', line 68, column 1 to column 21)
	Exception: model_fix_mean_lap_model_namespace::log_prob: Sigma is not positive definite. (in 'model_fix_mean_lap.stan', line 68, column 1 to column 21)
	Exception: model_fix_mean_lap_model_namespace::log_prob: Sigma is not positive definite. (in 'model_fix_mean_lap.stan', line 68, column 1 to column 21)
	Exception: model_fix_mean_lap_model_namespace::log_prob: Sigma is not positive definite. (in 'model_fix_mean_lap.stan', line 68, column 1 to column 21)
	Exception: model_fix_mean_lap_model_namespace::log_prob: Sigma is not positive definite. (in 'model_fix_mean_lap.stan', line 68, column 1 to column 21)
	Exception: model_fix_mean_lap_model_namespace::log_prob: Sigma is not positive definite. (in 'model_fix_mean_lap.stan', line 68, column 1 to column 21)
	Exception: model_fix_mean_lap_model_namespace::log_prob: Sigma is not positive definite. (in 'model_fix_mean_lap.stan', line 68, column 1 to column 21)
	Exception: model_fix_mean_lap_model_namespace::log_prob: Sigma is not positive definite. (in 'model_fix_mean_lap.stan', line 68, column 1 to column 21)
	Exception: model_fix_mean_lap_model_namespace::log_prob: Sigma is not positive definite. (in 'model_fix_mean_lap.stan', line 68, column 1 to column 21)
	Exception: model_fix_mean_lap_model_namespace::log_prob: Sigma is not positive definite. (in 'model_fix_mean_lap.stan', line 68, column 1 to column 21)
	Exception: model_fix_mean_lap_model_namespace::log_prob: Sigma is not positive definite. (in 'model_fix_mean_lap.stan', line 68, column 1 to column 21)
	Exception: model_fix_mean_lap_model_namespace::log_prob: Sigma is not positive definite. (in 'model_fix_mean_lap.stan', line 68, column 1 to column 21)
	Exception: model_fix_mean_lap_model_namespace::log_prob: Sigma is not positive definite. (in 'model_fix_mean_lap.stan', line 68, column 1 to column 21)
	Exception: model_fix_mean_lap_model_namespace::log_prob: Sigma is not positive definite. (in 'model_fix_mean_lap.stan', line 68, column 1 to column 21)
	Exception: model_fix_mean_lap_model_namespace::log_prob: Sigma is not positive definite. (in 'model_fix_mean_lap.stan', line 68, column 1 to column 21)
	Exception: model_fix_mean_lap_model_namespace::log_prob: Sigma is not positive definite. (in 'model_fix_mean_lap.stan', line 68, column 1 to column 21)
	Exception: model_fix_mean_lap_model_namespace::log_prob: Sigma is not positive definite. (in 'model_fix_mean_lap.stan', line 68, column 1 to column 21)
	Exception: model_fix_mean_lap_model_namespace::log_prob: Sigma is not positive definite. (in 'model_fix_mean_lap.stan', line 68, column 1 to column 21)
	Exception: model_fix_mean_lap_model_namespace::log_prob: Sigma is not positive definite. (in 'model_fix_mean_lap.stan', line 68, column 1 to column 21)
	Exception: model_fix_mean_lap_model_namespace::log_prob: Sigma is not positive definite. (in 'model_fix_mean_lap.stan', line 68, column 1 to column 21)
	Exception: model_fix_mean_lap_model_namespace::log_prob: Sigma is not positive definite. (in 'model_fix_mean_lap.stan', line 68, column 1 to column 21)
	Exception: model_fix_mean_lap_model_namespace::log_prob: Sigma is not positive definite. (in 'model_fix_mean_lap.stan', line 68, column 1 to column 21)
	Exception: model_fix_mean_lap_model_namespace::log_prob: Sigma is not positive definite. (in 'model_fix_mean_lap.stan', line 68, column 1 to column 21)
	Exception: model_fix_mean_lap_model_namespace::log_prob: Sigma is not positive definite. (in 'model_fix_mean_lap.stan', line 68, column 1 to column 21)
	Exception: model_fix_mean_lap_model_namespace::log_prob: Sigma is not positive definite. (in 'model_fix_mean_lap.stan', line 68, column 1 to column 21)
	Exception: model_fix_mean_lap_model_namespace::log_prob: Sigma is not positive definite. (in 'model_fix_mean_lap.stan', line 68, column 1 to column 21)
	Exception: model_fix_mean_lap_model_namespace::log_prob: Sigma is not positive definite. (in 'model_fix_mean_lap.stan', line 68, column 1 to column 21)
	Exception: model_fix_mean_lap_model_namespace::log_prob: Sigma is not positive definite. (in 'model_fix_mean_lap.stan', line 68, column 1 to column 21)
	Exception: model_fix_mean_lap_model_namespace::log_prob: Sigma is not positive definite. (in 'model_fix_mean_lap.stan', line 68, column 1 to column 21)
	Exception: model_fix_mean_lap_model_namespace::log_prob: Sigma is not positive definite. (in 'model_fix_mean_lap.stan', line 68, column 1 to column 21)
	Exception: model_fix_mean_lap_model_namespace::log_prob: Sigma is not positive definite. (in 'model_fix_mean_lap.stan', line 68, column 1 to column 21)
	Exception: model_fix_mean_lap_model_namespace::log_prob: Sigma is not positive definite. (in 'model_fix_mean_lap.stan', line 68, column 1 to column 21)
	Exception: model_fix_mean_lap_model_namespace::log_prob: Sigma is not positive definite. (in 'model_fix_mean_lap.stan', line 68, column 1 to column 21)
	Exception: model_fix_mean_lap_model_namespace::log_prob: Sigma is not positive definite. (in 'model_fix_mean_lap.stan', line 68, column 1 to column 21)
	Exception: model_fix_mean_lap_model_namespace::log_prob: Sigma is not positive definite. (in 'model_fix_mean_lap.stan', line 68, column 1 to column 21)
	Exception: model_fix_mean_lap_model_namespace::log_prob: Sigma is not positive definite. (in 'model_fix_mean_lap.stan', line 68, column 1 to column 21)
	Exception: model_fix_mean_lap_model_namespace::log_prob: Sigma is not positive definite. (in 'model_fix_mean_lap.stan', line 68, column 1 to column 21)
	Exception: model_fix_mean_lap_model_namespace::log_prob: Sigma is not positive definite. (in 'model_fix_mean_lap.stan', line 68, column 1 to column 21)
	Exception: model_fix_mean_lap_model_namespace::log_prob: Sigma is not positive definite. (in 'model_fix_mean_lap.stan', line 68, column 1 to column 21)
	Exception: model_fix_mean_lap_model_namespace::log_prob: Sigma is not positive definite. (in 'model_fix_mean_lap.stan', line 68, column 1 to column 21)
	Exception: model_fix_mean_lap_model_namespace::log_prob: Sigma is not positive definite. (in 'model_fix_mean_lap.stan', line 68, column 1 to column 21)
	Exception: model_fix_mean_lap_model_namespace::log_prob: Sigma is not positive definite. (in 'model_fix_mean_lap.stan', line 68, column 1 to column 21)
	Exception: model_fix_mean_lap_model_namespace::log_prob: Sigma is not positive definite. (in 'model_fix_mean_lap.stan', line 68, column 1 to column 21)
	Exception: model_fix_mean_lap_model_namespace::log_prob: Sigma is not positive definite. (in 'model_fix_mean_lap.stan', line 68, column 1 to column 21)
	Exception: model_fix_mean_lap_model_namespace::log_prob: Sigma is not positive definite. (in 'model_fix_mean_lap.stan', line 68, column 1 to column 21)
	Exception: model_fix_mean_lap_model_namespace::log_prob: Sigma is not positive definite. (in 'model_fix_mean_lap.stan', line 68, column 1 to column 21)
	Exception: model_fix_mean_lap_model_namespace::log_prob: Sigma is not positive definite. (in 'model_fix_mean_lap.stan', line 68, column 1 to column 21)
	Exception: model_fix_mean_lap_model_namespace::log_prob: Sigma is not positive definite. (in 'model_fix_mean_lap.stan', line 68, column 1 to column 21)
	Exception: model_fix_mean_lap_model_namespace::log_prob: Sigma is not positive definite. (in 'model_fix_mean_lap.stan', line 68, column 1 to column 21)
	Exception: model_fix_mean_lap_model_namespace::log_prob: Sigma is not positive definite. (in 'model_fix_mean_lap.stan', line 68, column 1 to column 21)
	Exception: model_fix_mean_lap_model_namespace::log_prob: Sigma is not positive definite. (in 'model_fix_mean_lap.stan', line 68, column 1 to column 21)
	Exception: model_fix_mean_lap_model_namespace::log_prob: Sigma is not positive definite. (in 'model_fix_mean_lap.stan', line 68, column 1 to column 21)
	Exception: model_fix_mean_lap_model_namespace::log_prob: Sigma is not positive definite. (in 'model_fix_mean_lap.stan', line 68, column 1 to column 21)
	Exception: model_fix_mean_lap_model_namespace::log_prob: Sigma is not positive definite. (in 'model_fix_mean_lap.stan', line 68, column 1 to column 21)
	Exception: model_fix_mean_lap_model_namespace::log_prob: Sigma is not positive definite. (in 'model_fix_mean_lap.stan', line 68, column 1 to column 21)
	Exception: model_fix_mean_lap_model_namespace::log_prob: Sigma is not positive definite. (in 'model_fix_mean_lap.stan', line 68, column 1 to column 21)
	Exception: model_fix_mean_lap_model_namespace::log_prob: Sigma is not positive definite. (in 'model_fix_mean_lap.stan', line 68, column 1 to column 21)
	Exception: model_fix_mean_lap_model_namespace::log_prob: Sigma is not positive definite. (in 'model_fix_mean_lap.stan', line 68, column 1 to column 21)
	Exception: model_fix_mean_lap_model_namespace::log_prob: Sigma is not positive definite. (in 'model_fix_mean_lap.stan', line 68, column 1 to column 21)
	Exception: model_fix_mean_lap_model_namespace::log_prob: Sigma is not positive definite. (in 'model_fix_mean_lap.stan', line 68, column 1 to column 21)
	Exception: model_fix_mean_lap_model_namespace::log_prob: Sigma is not positive definite. (in 'model_fix_mean_lap.stan', line 68, column 1 to column 21)
	Exception: model_fix_mean_lap_model_namespace::log_prob: Sigma is not positive definite. (in 'model_fix_mean_lap.stan', line 68, column 1 to column 21)
	Exception: model_fix_mean_lap_model_namespace::log_prob: Sigma is not positive definite. (in 'model_fix_mean_lap.stan', line 68, column 1 to column 21)
	Exception: model_fix_mean_lap_model_namespace::log_prob: Sigma is not positive definite. (in 'model_fix_mean_lap.stan', line 68, column 1 to column 21)
	Exception: model_fix_mean_lap_model_namespace::log_prob: Sigma is not positive definite. (in 'model_fix_mean_lap.stan', line 68, column 1 to column 21)
	Exception: model_fix_mean_lap_model_namespace::log_prob: Sigma is not positive definite. (in 'model_fix_mean_lap.stan', line 68, column 1 to column 21)
	Exception: model_fix_mean_lap_model_namespace::log_prob: Sigma is not positive definite. (in 'model_fix_mean_lap.stan', line 68, column 1 to column 21)
	Exception: model_fix_mean_lap_model_namespace::log_prob: Sigma is not positive definite. (in 'model_fix_mean_lap.stan', line 68, column 1 to column 21)
	Exception: model_fix_mean_lap_model_namespace::log_prob: Sigma is not positive definite. (in 'model_fix_mean_lap.stan', line 68, column 1 to column 21)
	Exception: model_fix_mean_lap_model_namespace::log_prob: Sigma is not positive definite. (in 'model_fix_mean_lap.stan', line 68, column 1 to column 21)
	Exception: model_fix_mean_lap_model_namespace::log_prob: Sigma is not positive definite. (in 'model_fix_mean_lap.stan', line 68, column 1 to column 21)
	Exception: model_fix_mean_lap_model_namespace::log_prob: Sigma is not positive definite. (in 'model_fix_mean_lap.stan', line 68, column 1 to column 21)
	Exception: model_fix_mean_lap_model_namespace::log_prob: Sigma is not positive definite. (in 'model_fix_mean_lap.stan', line 68, column 1 to column 21)
	Exception: model_fix_mean_lap_model_namespace::log_prob: Sigma is not positive definite. (in 'model_fix_mean_lap.stan', line 68, column 1 to column 21)
	Exception: model_fix_mean_lap_model_namespace::log_prob: Sigma is not positive definite. (in 'model_fix_mean_lap.stan', line 68, column 1 to column 21)
	Exception: model_fix_mean_lap_model_namespace::log_prob: Sigma is not positive definite. (in 'model_fix_mean_lap.stan', line 68, column 1 to column 21)
	Exception: model_fix_mean_lap_model_namespace::log_prob: Sigma is not positive definite. (in 'model_fix_mean_lap.stan', line 68, column 1 to column 21)
	Exception: model_fix_mean_lap_model_namespace::log_prob: Sigma is not positive definite. (in 'model_fix_mean_lap.stan', line 68, column 1 to column 21)
	Exception: model_fix_mean_lap_model_namespace::log_prob: Sigma is not positive definite. (in 'model_fix_mean_lap.stan', line 68, column 1 to column 21)
	Exception: model_fix_mean_lap_model_namespace::log_prob: Sigma is not positive definite. (in 'model_fix_mean_lap.stan', line 68, column 1 to column 21)
	Exception: model_fix_mean_lap_model_namespace::log_prob: Sigma is not positive definite. (in 'model_fix_mean_lap.stan', line 68, column 1 to column 21)
	Exception: model_fix_mean_lap_model_namespace::log_prob: Sigma is not positive definite. (in 'model_fix_mean_lap.stan', line 68, column 1 to column 21)
	Exception: model_fix_mean_lap_model_namespace::log_prob: Sigma is not positive definite. (in 'model_fix_mean_lap.stan', line 68, column 1 to column 21)
	Exception: model_fix_mean_lap_model_namespace::log_prob: Sigma is not positive definite. (in 'model_fix_mean_lap.stan', line 68, column 1 to column 21)
	Exception: model_fix_mean_lap_model_namespace::log_prob: Sigma is not positive definite. (in 'model_fix_mean_lap.stan', line 68, column 1 to column 21)
	Exception: model_fix_mean_lap_model_namespace::log_prob: Sigma is not positive definite. (in 'model_fix_mean_lap.stan', line 68, column 1 to column 21)
	Exception: model_fix_mean_lap_model_namespace::log_prob: Sigma is not positive definite. (in 'model_fix_mean_lap.stan', line 68, column 1 to column 21)
	Exception: model_fix_mean_lap_model_namespace::log_prob: Sigma is not positive definite. (in 'model_fix_mean_lap.stan', line 68, column 1 to column 21)
	Exception: model_fix_mean_lap_model_namespace::log_prob: Sigma is not positive definite. (in 'model_fix_mean_lap.stan', line 68, column 1 to column 21)
	Exception: model_fix_mean_lap_model_namespace::log_prob: Sigma is not positive definite. (in 'model_fix_mean_lap.stan', line 68, column 1 to column 21)
	Exception: model_fix_mean_lap_model_namespace::log_prob: Sigma is not positive definite. (in 'model_fix_mean_lap.stan', line 68, column 1 to column 21)
	Exception: model_fix_mean_lap_model_namespace::log_prob: Sigma is not positive definite. (in 'model_fix_mean_lap.stan', line 68, column 1 to column 21)
	Exception: model_fix_mean_lap_model_namespace::log_prob: Sigma is not positive definite. (in 'model_fix_mean_lap.stan', line 68, column 1 to column 21)
	Exception: model_fix_mean_lap_model_namespace::log_prob: Sigma is not positive definite. (in 'model_fix_mean_lap.stan', line 68, column 1 to column 21)
	Exception: model_fix_mean_lap_model_namespace::log_prob: Sigma is not positive definite. (in 'model_fix_mean_lap.stan', line 68, column 1 to column 21)
	Exception: model_fix_mean_lap_model_namespace::log_prob: Sigma is not positive definite. (in 'model_fix_mean_lap.stan', line 68, column 1 to column 21)
	Exception: model_fix_mean_lap_model_namespace::log_prob: Sigma is not positive definite. (in 'model_fix_mean_lap.stan', line 68, column 1 to column 21)
	Exception: model_fix_mean_lap_model_namespace::log_prob: Sigma is not positive definite. (in 'model_fix_mean_lap.stan', line 68, column 1 to column 21)
	Exception: model_fix_mean_lap_model_namespace::log_prob: Sigma is not positive definite. (in 'model_fix_mean_lap.stan', line 68, column 1 to column 21)
	Exception: model_fix_mean_lap_model_namespace::log_prob: Sigma is not positive definite. (in 'model_fix_mean_lap.stan', line 68, column 1 to column 21)
	Exception: model_fix_mean_lap_model_namespace::log_prob: Sigma is not positive definite. (in 'model_fix_mean_lap.stan', line 68, column 1 to column 21)
	Exception: model_fix_mean_lap_model_namespace::log_prob: Sigma is not positive definite. (in 'model_fix_mean_lap.stan', line 68, column 1 to column 21)
	Exception: model_fix_mean_lap_model_namespace::log_prob: Sigma is not positive definite. (in 'model_fix_mean_lap.stan', line 68, column 1 to column 21)
	Exception: model_fix_mean_lap_model_namespace::log_prob: Sigma is not positive definite. (in 'model_fix_mean_lap.stan', line 68, column 1 to column 21)
	Exception: model_fix_mean_lap_model_namespace::log_prob: Sigma is not positive definite. (in 'model_fix_mean_lap.stan', line 68, column 1 to column 21)
	Exception: model_fix_mean_lap_model_namespace::log_prob: Sigma is not positive definite. (in 'model_fix_mean_lap.stan', line 68, column 1 to column 21)
	Exception: model_fix_mean_lap_model_namespace::log_prob: Sigma is not positive definite. (in 'model_fix_mean_lap.stan', line 68, column 1 to column 21)
	Exception: model_fix_mean_lap_model_namespace::log_prob: Sigma is not positive definite. (in 'model_fix_mean_lap.stan', line 68, column 1 to column 21)
	Exception: model_fix_mean_lap_model_namespace::log_prob: Sigma is not positive definite. (in 'model_fix_mean_lap.stan', line 68, column 1 to column 21)
	Exception: model_fix_mean_lap_model_namespace::log_prob: Sigma is not positive definite. (in 'model_fix_mean_lap.stan', line 68, column 1 to column 21)
	Exception: model_fix_mean_lap_model_namespace::log_prob: Sigma is not positive definite. (in 'model_fix_mean_lap.stan', line 68, column 1 to column 21)
	Exception: model_fix_mean_lap_model_namespace::log_prob: Sigma is not positive definite. (in 'model_fix_mean_lap.stan', line 68, column 1 to column 21)
	Exception: model_fix_mean_lap_model_namespace::log_prob: Sigma is not positive definite. (in 'model_fix_mean_lap.stan', line 68, column 1 to column 21)
	Exception: model_fix_mean_lap_model_namespace::log_prob: Sigma is not positive definite. (in 'model_fix_mean_lap.stan', line 68, column 1 to column 21)
	Exception: model_fix_mean_lap_model_namespace::log_prob: Sigma is not positive definite. (in 'model_fix_mean_lap.stan', line 68, column 1 to column 21)
	Exception: model_fix_mean_lap_model_namespace::log_prob: Sigma is not positive definite. (in 'model_fix_mean_lap.stan', line 68, column 1 to column 21)
	Exception: model_fix_mean_lap_model_namespace::log_prob: Sigma is not positive definite. (in 'model_fix_mean_lap.stan', line 68, column 1 to column 21)
	Exception: model_fix_mean_lap_model_namespace::log_prob: Sigma is not positive definite. (in 'model_fix_mean_lap.stan', line 68, column 1 to column 21)
	Exception: model_fix_mean_lap_model_namespace::log_prob: Sigma is not positive definite. (in 'model_fix_mean_lap.stan', line 68, column 1 to column 21)
	Exception: model_fix_mean_lap_model_namespace::log_prob: Sigma is not positive definite. (in 'model_fix_mean_lap.stan', line 68, column 1 to column 21)
	Exception: model_fix_mean_lap_model_namespace::log_prob: Sigma is not positive definite. (in 'model_fix_mean_lap.stan', line 68, column 1 to column 21)
	Exception: model_fix_mean_lap_model_namespace::log_prob: Sigma is not positive definite. (in 'model_fix_mean_lap.stan', line 68, column 1 to column 21)
	Exception: model_fix_mean_lap_model_namespace::log_prob: Sigma is not positive definite. (in 'model_fix_mean_lap.stan', line 68, column 1 to column 21)
	Exception: model_fix_mean_lap_model_namespace::log_prob: Sigma is not positive definite. (in 'model_fix_mean_lap.stan', line 68, column 1 to column 21)
	Exception: model_fix_mean_lap_model_namespace::log_prob: Sigma is not positive definite. (in 'model_fix_mean_lap.stan', line 68, column 1 to column 21)
	Exception: model_fix_mean_lap_model_namespace::log_prob: Sigma is not positive definite. (in 'model_fix_mean_lap.stan', line 68, column 1 to column 21)
	Exception: model_fix_mean_lap_model_namespace::log_prob: Sigma is not positive definite. (in 'model_fix_mean_lap.stan', line 68, column 1 to column 21)
	Exception: model_fix_mean_lap_model_namespace::log_prob: Sigma is not positive definite. (in 'model_fix_mean_lap.stan', line 68, column 1 to column 21)
	Exception: model_fix_mean_lap_model_namespace::log_prob: Sigma is not positive definite. (in 'model_fix_mean_lap.stan', line 68, column 1 to column 21)
	Exception: model_fix_mean_lap_model_namespace::log_prob: Sigma is not positive definite. (in 'model_fix_mean_lap.stan', line 68, column 1 to column 21)
	Exception: model_fix_mean_lap_model_namespace::log_prob: Sigma is not positive definite. (in 'model_fix_mean_lap.stan', line 68, column 1 to column 21)
	Exception: model_fix_mean_lap_model_namespace::log_prob: Sigma is not positive definite. (in 'model_fix_mean_lap.stan', line 68, column 1 to column 21)
	Exception: model_fix_mean_lap_model_namespace::log_prob: Sigma is not positive definite. (in 'model_fix_mean_lap.stan', line 68, column 1 to column 21)
	Exception: model_fix_mean_lap_model_namespace::log_prob: Sigma is not positive definite. (in 'model_fix_mean_lap.stan', line 68, column 1 to column 21)
	Exception: model_fix_mean_lap_model_namespace::log_prob: Sigma is not positive definite. (in 'model_fix_mean_lap.stan', line 68, column 1 to column 21)
	Exception: model_fix_mean_lap_model_namespace::log_prob: Sigma is not positive definite. (in 'model_fix_mean_lap.stan', line 68, column 1 to column 21)
	Exception: model_fix_mean_lap_model_namespace::log_prob: Sigma is not positive definite. (in 'model_fix_mean_lap.stan', line 68, column 1 to column 21)
	Exception: model_fix_mean_lap_model_namespace::log_prob: Sigma is not positive definite. (in 'model_fix_mean_lap.stan', line 68, column 1 to column 21)
	Exception: model_fix_mean_lap_model_namespace::log_prob: Sigma is not positive definite. (in 'model_fix_mean_lap.stan', line 68, column 1 to column 21)
	Exception: model_fix_mean_lap_model_namespace::log_prob: Sigma is not positive definite. (in 'model_fix_mean_lap.stan', line 68, column 1 to column 21)
	Exception: model_fix_mean_lap_model_namespace::log_prob: Sigma is not positive definite. (in 'model_fix_mean_lap.stan', line 68, column 1 to column 21)
	Exception: model_fix_mean_lap_model_namespace::log_prob: Sigma is not positive definite. (in 'model_fix_mean_lap.stan', line 68, column 1 to column 21)
	Exception: model_fix_mean_lap_model_namespace::log_prob: Sigma is not positive definite. (in 'model_fix_mean_lap.stan', line 68, column 1 to column 21)
	Exception: model_fix_mean_lap_model_namespace::log_prob: Sigma is not positive definite. (in 'model_fix_mean_lap.stan', line 68, column 1 to column 21)
	Exception: model_fix_mean_lap_model_namespace::log_prob: Sigma is not positive definite. (in 'model_fix_mean_lap.stan', line 68, column 1 to column 21)
	Exception: model_fix_mean_lap_model_namespace::log_prob: Sigma is not positive definite. (in 'model_fix_mean_lap.stan', line 68, column 1 to column 21)
	Exception: model_fix_mean_lap_model_namespace::log_prob: Sigma is not positive definite. (in 'model_fix_mean_lap.stan', line 68, column 1 to column 21)
	Exception: model_fix_mean_lap_model_namespace::log_prob: Sigma is not positive definite. (in 'model_fix_mean_lap.stan', line 68, column 1 to column 21)
	Exception: model_fix_mean_lap_model_namespace::log_prob: Sigma is not positive definite. (in 'model_fix_mean_lap.stan', line 68, column 1 to column 21)
	Exception: model_fix_mean_lap_model_namespace::log_prob: Sigma is not positive definite. (in 'model_fix_mean_lap.stan', line 68, column 1 to column 21)
	Exception: model_fix_mean_lap_model_namespace::log_prob: Sigma is not positive definite. (in 'model_fix_mean_lap.stan', line 68, column 1 to column 21)
	Exception: model_fix_mean_lap_model_namespace::log_prob: Sigma is not positive definite. (in 'model_fix_mean_lap.stan', line 68, column 1 to column 21)
	Exception: model_fix_mean_lap_model_namespace::log_prob: Sigma is not positive definite. (in 'model_fix_mean_lap.stan', line 68, column 1 to column 21)
	Exception: model_fix_mean_lap_model_namespace::log_prob: Sigma is not positive definite. (in 'model_fix_mean_lap.stan', line 68, column 1 to column 21)
	Exception: model_fix_mean_lap_model_namespace::log_prob: Sigma is not positive definite. (in 'model_fix_mean_lap.stan', line 68, column 1 to column 21)
	Exception: model_fix_mean_lap_model_namespace::log_prob: Sigma is not positive definite. (in 'model_fix_mean_lap.stan', line 68, column 1 to column 21)
	Exception: model_fix_mean_lap_model_namespace::log_prob: Sigma is not positive definite. (in 'model_fix_mean_lap.stan', line 68, column 1 to column 21)
	Exception: model_fix_mean_lap_model_namespace::log_prob: Sigma is not positive definite. (in 'model_fix_mean_lap.stan', line 68, column 1 to column 21)
	Exception: model_fix_mean_lap_model_namespace::log_prob: Sigma is not positive definite. (in 'model_fix_mean_lap.stan', line 68, column 1 to column 21)
	Exception: model_fix_mean_lap_model_namespace::log_prob: Sigma is not positive definite. (in 'model_fix_mean_lap.stan', line 68, column 1 to column 21)
	Exception: model_fix_mean_lap_model_namespace::log_prob: Sigma is not positive definite. (in 'model_fix_mean_lap.stan', line 68, column 1 to column 21)
	Exception: model_fix_mean_lap_model_namespace::log_prob: Sigma is not positive definite. (in 'model_fix_mean_lap.stan', line 68, column 1 to column 21)
	Exception: model_fix_mean_lap_model_namespace::log_prob: Sigma is not positive definite. (in 'model_fix_mean_lap.stan', line 68, column 1 to column 21)
	Exception: model_fix_mean_lap_model_namespace::log_prob: Sigma is not positive definite. (in 'model_fix_mean_lap.stan', line 68, column 1 to column 21)
	Exception: model_fix_mean_lap_model_namespace::log_prob: Sigma is not positive definite. (in 'model_fix_mean_lap.stan', line 68, column 1 to column 21)
	Exception: model_fix_mean_lap_model_namespace::log_prob: Sigma is not positive definite. (in 'model_fix_mean_lap.stan', line 68, column 1 to column 21)
	Exception: model_fix_mean_lap_model_namespace::log_prob: Sigma is not positive definite. (in 'model_fix_mean_lap.stan', line 68, column 1 to column 21)
	Exception: model_fix_mean_lap_model_namespace::log_prob: Sigma is not positive definite. (in 'model_fix_mean_lap.stan', line 68, column 1 to column 21)
	Exception: model_fix_mean_lap_model_namespace::log_prob: Sigma is not positive definite. (in 'model_fix_mean_lap.stan', line 68, column 1 to column 21)
	Exception: model_fix_mean_lap_model_namespace::log_prob: Sigma is not positive definite. (in 'model_fix_mean_lap.stan', line 68, column 1 to column 21)
	Exception: model_fix_mean_lap_model_namespace::log_prob: Sigma is not positive definite. (in 'model_fix_mean_lap.stan', line 68, column 1 to column 21)
	Exception: model_fix_mean_lap_model_namespace::log_prob: Sigma is not positive definite. (in 'model_fix_mean_lap.stan', line 68, column 1 to column 21)
	Exception: model_fix_mean_lap_model_namespace::log_prob: Sigma is not positive definite. (in 'model_fix_mean_lap.stan', line 68, column 1 to column 21)
	Exception: model_fix_mean_lap_model_namespace::log_prob: Sigma is not positive definite. (in 'model_fix_mean_lap.stan', line 68, column 1 to column 21)
	Exception: model_fix_mean_lap_model_namespace::log_prob: Sigma is not positive definite. (in 'model_fix_mean_lap.stan', line 68, column 1 to column 21)
	Exception: model_fix_mean_lap_model_namespace::log_prob: Sigma is not positive definite. (in 'model_fix_mean_lap.stan', line 68, column 1 to column 21)
	Exception: model_fix_mean_lap_model_namespace::log_prob: Sigma is not positive definite. (in 'model_fix_mean_lap.stan', line 68, column 1 to column 21)
	Exception: model_fix_mean_lap_model_namespace::log_prob: Sigma is not positive definite. (in 'model_fix_mean_lap.stan', line 68, column 1 to column 21)
	Exception: model_fix_mean_lap_model_namespace::log_prob: Sigma is not positive definite. (in 'model_fix_mean_lap.stan', line 68, column 1 to column 21)
	Exception: model_fix_mean_lap_model_namespace::log_prob: Sigma is not positive definite. (in 'model_fix_mean_lap.stan', line 68, column 1 to column 21)
	Exception: model_fix_mean_lap_model_namespace::log_prob: Sigma is not positive definite. (in 'model_fix_mean_lap.stan', line 68, column 1 to column 21)
	Exception: model_fix_mean_lap_model_namespace::log_prob: Sigma is not positive definite. (in 'model_fix_mean_lap.stan', line 68, column 1 to column 21)
	Exception: model_fix_mean_lap_model_namespace::log_prob: Sigma is not positive definite. (in 'model_fix_mean_lap.stan', line 68, column 1 to column 21)
	Exception: model_fix_mean_lap_model_namespace::log_prob: Sigma is not positive definite. (in 'model_fix_mean_lap.stan', line 68, column 1 to column 21)
	Exception: model_fix_mean_lap_model_namespace::log_prob: Sigma is not positive definite. (in 'model_fix_mean_lap.stan', line 68, column 1 to column 21)
	Exception: model_fix_mean_lap_model_namespace::log_prob: Sigma is not positive definite. (in 'model_fix_mean_lap.stan', line 68, column 1 to column 21)
	Exception: model_fix_mean_lap_model_namespace::log_prob: Sigma is not positive definite. (in 'model_fix_mean_lap.stan', line 68, column 1 to column 21)
	Exception: model_fix_mean_lap_model_namespace::log_prob: Sigma is not positive definite. (in 'model_fix_mean_lap.stan', line 68, column 1 to column 21)
	Exception: model_fix_mean_lap_model_namespace::log_prob: Sigma is not positive definite. (in 'model_fix_mean_lap.stan', line 68, column 1 to column 21)
	Exception: model_fix_mean_lap_model_namespace::log_prob: Sigma is not positive definite. (in 'model_fix_mean_lap.stan', line 68, column 1 to column 21)
	Exception: model_fix_mean_lap_model_namespace::log_prob: Sigma is not positive definite. (in 'model_fix_mean_lap.stan', line 68, column 1 to column 21)
	Exception: model_fix_mean_lap_model_namespace::log_prob: Sigma is not positive definite. (in 'model_fix_mean_lap.stan', line 68, column 1 to column 21)
	Exception: model_fix_mean_lap_model_namespace::log_prob: Sigma is not positive definite. (in 'model_fix_mean_lap.stan', line 68, column 1 to column 21)
	Exception: model_fix_mean_lap_model_namespace::log_prob: Sigma is not positive definite. (in 'model_fix_mean_lap.stan', line 68, column 1 to column 21)
	Exception: model_fix_mean_lap_model_namespace::log_prob: Sigma is not positive definite. (in 'model_fix_mean_lap.stan', line 68, column 1 to column 21)
	Exception: model_fix_mean_lap_model_namespace::log_prob: Sigma is not positive definite. (in 'model_fix_mean_lap.stan', line 68, column 1 to column 21)
	Exception: model_fix_mean_lap_model_namespace::log_prob: Sigma is not positive definite. (in 'model_fix_mean_lap.stan', line 68, column 1 to column 21)
	Exception: model_fix_mean_lap_model_namespace::log_prob: Sigma is not positive definite. (in 'model_fix_mean_lap.stan', line 68, column 1 to column 21)
	Exception: model_fix_mean_lap_model_namespace::log_prob: Sigma is not positive definite. (in 'model_fix_mean_lap.stan', line 68, column 1 to column 21)
	Exception: model_fix_mean_lap_model_namespace::log_prob: Sigma is not positive definite. (in 'model_fix_mean_lap.stan', line 68, column 1 to column 21)
	Exception: model_fix_mean_lap_model_namespace::log_prob: Sigma is not positive definite. (in 'model_fix_mean_lap.stan', line 68, column 1 to column 21)
	Exception: model_fix_mean_lap_model_namespace::log_prob: Sigma is not positive definite. (in 'model_fix_mean_lap.stan', line 68, column 1 to column 21)
	Exception: model_fix_mean_lap_model_namespace::log_prob: Sigma is not positive definite. (in 'model_fix_mean_lap.stan', line 68, column 1 to column 21)
	Exception: model_fix_mean_lap_model_namespace::log_prob: Sigma is not positive definite. (in 'model_fix_mean_lap.stan', line 68, column 1 to column 21)
	Exception: model_fix_mean_lap_model_namespace::log_prob: Sigma is not positive definite. (in 'model_fix_mean_lap.stan', line 68, column 1 to column 21)
	Exception: model_fix_mean_lap_model_namespace::log_prob: Sigma is not positive definite. (in 'model_fix_mean_lap.stan', line 68, column 1 to column 21)
	Exception: model_fix_mean_lap_model_namespace::log_prob: Sigma is not positive definite. (in 'model_fix_mean_lap.stan', line 68, column 1 to column 21)
	Exception: model_fix_mean_lap_model_namespace::log_prob: Sigma is not positive definite. (in 'model_fix_mean_lap.stan', line 68, column 1 to column 21)
	Exception: model_fix_mean_lap_model_namespace::log_prob: Sigma is not positive definite. (in 'model_fix_mean_lap.stan', line 68, column 1 to column 21)
	Exception: model_fix_mean_lap_model_namespace::log_prob: Sigma is not positive definite. (in 'model_fix_mean_lap.stan', line 68, column 1 to column 21)
	Exception: model_fix_mean_lap_model_namespace::log_prob: Sigma is not positive definite. (in 'model_fix_mean_lap.stan', line 68, column 1 to column 21)
	Exception: model_fix_mean_lap_model_namespace::log_prob: Sigma is not positive definite. (in 'model_fix_mean_lap.stan', line 68, column 1 to column 21)
	Exception: model_fix_mean_lap_model_namespace::log_prob: Sigma is not positive definite. (in 'model_fix_mean_lap.stan', line 68, column 1 to column 21)
	Exception: model_fix_mean_lap_model_namespace::log_prob: Sigma is not positive definite. (in 'model_fix_mean_lap.stan', line 68, column 1 to column 21)
	Exception: model_fix_mean_lap_model_namespace::log_prob: Sigma is not positive definite. (in 'model_fix_mean_lap.stan', line 68, column 1 to column 21)
	Exception: model_fix_mean_lap_model_namespace::log_prob: Sigma is not positive definite. (in 'model_fix_mean_lap.stan', line 68, column 1 to column 21)
	Exception: model_fix_mean_lap_model_namespace::log_prob: Sigma is not positive definite. (in 'model_fix_mean_lap.stan', line 68, column 1 to column 21)
	Exception: model_fix_mean_lap_model_namespace::log_prob: Sigma is not positive definite. (in 'model_fix_mean_lap.stan', line 68, column 1 to column 21)
	Exception: model_fix_mean_lap_model_namespace::log_prob: Sigma is not positive definite. (in 'model_fix_mean_lap.stan', line 68, column 1 to column 21)
	Exception: model_fix_mean_lap_model_namespace::log_prob: Sigma is not positive definite. (in 'model_fix_mean_lap.stan', line 68, column 1 to column 21)
	Exception: model_fix_mean_lap_model_namespace::log_prob: Sigma is not positive definite. (in 'model_fix_mean_lap.stan', line 68, column 1 to column 21)
	Exception: model_fix_mean_lap_model_namespace::log_prob: Sigma is not positive definite. (in 'model_fix_mean_lap.stan', line 68, column 1 to column 21)
	Exception: model_fix_mean_lap_model_namespace::log_prob: Sigma is not positive definite. (in 'model_fix_mean_lap.stan', line 68, column 1 to column 21)
	Exception: model_fix_mean_lap_model_namespace::log_prob: Sigma is not positive definite. (in 'model_fix_mean_lap.stan', line 68, column 1 to column 21)
	Exception: model_fix_mean_lap_model_namespace::log_prob: Sigma is not positive definite. (in 'model_fix_mean_lap.stan', line 68, column 1 to column 21)
	Exception: model_fix_mean_lap_model_namespace::log_prob: Sigma is not positive definite. (in 'model_fix_mean_lap.stan', line 68, column 1 to column 21)
	Exception: model_fix_mean_lap_model_namespace::log_prob: Sigma is not positive definite. (in 'model_fix_mean_lap.stan', line 68, column 1 to column 21)
	Exception: model_fix_mean_lap_model_namespace::log_prob: Sigma is not positive definite. (in 'model_fix_mean_lap.stan', line 68, column 1 to column 21)
	Exception: model_fix_mean_lap_model_namespace::log_prob: Sigma is not positive definite. (in 'model_fix_mean_lap.stan', line 68, column 1 to column 21)
	Exception: model_fix_mean_lap_model_namespace::log_prob: Sigma is not positive definite. (in 'model_fix_mean_lap.stan', line 68, column 1 to column 21)
	Exception: model_fix_mean_lap_model_namespace::log_prob: Sigma is not positive definite. (in 'model_fix_mean_lap.stan', line 68, column 1 to column 21)
	Exception: model_fix_mean_lap_model_namespace::log_prob: Sigma is not positive definite. (in 'model_fix_mean_lap.stan', line 68, column 1 to column 21)
	Exception: model_fix_mean_lap_model_namespace::log_prob: Sigma is not positive definite. (in 'model_fix_mean_lap.stan', line 68, column 1 to column 21)
	Exception: model_fix_mean_lap_model_namespace::log_prob: Sigma is not positive definite. (in 'model_fix_mean_lap.stan', line 68, column 1 to column 21)
	Exception: model_fix_mean_lap_model_namespace::log_prob: Sigma is not positive definite. (in 'model_fix_mean_lap.stan', line 68, column 1 to column 21)
	Exception: model_fix_mean_lap_model_namespace::log_prob: Sigma is not positive definite. (in 'model_fix_mean_lap.stan', line 68, column 1 to column 21)
	Exception: model_fix_mean_lap_model_namespace::log_prob: Sigma is not positive definite. (in 'model_fix_mean_lap.stan', line 68, column 1 to column 21)
	Exception: model_fix_mean_lap_model_namespace::log_prob: Sigma is not positive definite. (in 'model_fix_mean_lap.stan', line 68, column 1 to column 21)
	Exception: model_fix_mean_lap_model_namespace::log_prob: Sigma is not positive definite. (in 'model_fix_mean_lap.stan', line 68, column 1 to column 21)
	Exception: model_fix_mean_lap_model_namespace::log_prob: Sigma is not positive definite. (in 'model_fix_mean_lap.stan', line 68, column 1 to column 21)
	Exception: model_fix_mean_lap_model_namespace::log_prob: Sigma is not positive definite. (in 'model_fix_mean_lap.stan', line 68, column 1 to column 21)
	Exception: model_fix_mean_lap_model_namespace::log_prob: Sigma is not positive definite. (in 'model_fix_mean_lap.stan', line 68, column 1 to column 21)
	Exception: model_fix_mean_lap_model_namespace::log_prob: Sigma is not positive definite. (in 'model_fix_mean_lap.stan', line 68, column 1 to column 21)
	Exception: model_fix_mean_lap_model_namespace::log_prob: Sigma is not positive definite. (in 'model_fix_mean_lap.stan', line 68, column 1 to column 21)
	Exception: model_fix_mean_lap_model_namespace::log_prob: Sigma is not positive definite. (in 'model_fix_mean_lap.stan', line 68, column 1 to column 21)
	Exception: model_fix_mean_lap_model_namespace::log_prob: Sigma is not positive definite. (in 'model_fix_mean_lap.stan', line 68, column 1 to column 21)
	Exception: model_fix_mean_lap_model_namespace::log_prob: Sigma is not positive definite. (in 'model_fix_mean_lap.stan', line 68, column 1 to column 21)
	Exception: model_fix_mean_lap_model_namespace::log_prob: Sigma is not positive definite. (in 'model_fix_mean_lap.stan', line 68, column 1 to column 21)
	Exception: model_fix_mean_lap_model_namespace::log_prob: Sigma is not positive definite. (in 'model_fix_mean_lap.stan', line 68, column 1 to column 21)
	Exception: model_fix_mean_lap_model_namespace::log_prob: Sigma is not positive definite. (in 'model_fix_mean_lap.stan', line 68, column 1 to column 21)
	Exception: model_fix_mean_lap_model_namespace::log_prob: Sigma is not positive definite. (in 'model_fix_mean_lap.stan', line 68, column 1 to column 21)
	Exception: model_fix_mean_lap_model_namespace::log_prob: Sigma is not positive definite. (in 'model_fix_mean_lap.stan', line 68, column 1 to column 21)
	Exception: model_fix_mean_lap_model_namespace::log_prob: Sigma is not positive definite. (in 'model_fix_mean_lap.stan', line 68, column 1 to column 21)
	Exception: model_fix_mean_lap_model_namespace::log_prob: Sigma is not positive definite. (in 'model_fix_mean_lap.stan', line 68, column 1 to column 21)
	Exception: model_fix_mean_lap_model_namespace::log_prob: Sigma is not positive definite. (in 'model_fix_mean_lap.stan', line 68, column 1 to column 21)
	Exception: model_fix_mean_lap_model_namespace::log_prob: Sigma is not positive definite. (in 'model_fix_mean_lap.stan', line 68, column 1 to column 21)
	Exception: model_fix_mean_lap_model_namespace::log_prob: Sigma is not positive definite. (in 'model_fix_mean_lap.stan', line 68, column 1 to column 21)
	Exception: model_fix_mean_lap_model_namespace::log_prob: Sigma is not positive definite. (in 'model_fix_mean_lap.stan', line 68, column 1 to column 21)
	Exception: model_fix_mean_lap_model_namespace::log_prob: Sigma is not positive definite. (in 'model_fix_mean_lap.stan', line 68, column 1 to column 21)
	Exception: model_fix_mean_lap_model_namespace::log_prob: Sigma is not positive definite. (in 'model_fix_mean_lap.stan', line 68, column 1 to column 21)
	Exception: model_fix_mean_lap_model_namespace::log_prob: Sigma is not positive definite. (in 'model_fix_mean_lap.stan', line 68, column 1 to column 21)
	Exception: model_fix_mean_lap_model_namespace::log_prob: Sigma is not positive definite. (in 'model_fix_mean_lap.stan', line 68, column 1 to column 21)
	Exception: model_fix_mean_lap_model_namespace::log_prob: Sigma is not positive definite. (in 'model_fix_mean_lap.stan', line 68, column 1 to column 21)
	Exception: model_fix_mean_lap_model_namespace::log_prob: Sigma is not positive definite. (in 'model_fix_mean_lap.stan', line 68, column 1 to column 21)
	Exception: model_fix_mean_lap_model_namespace::log_prob: Sigma is not positive definite. (in 'model_fix_mean_lap.stan', line 68, column 1 to column 21)
	Exception: model_fix_mean_lap_model_namespace::log_prob: Sigma is not positive definite. (in 'model_fix_mean_lap.stan', line 68, column 1 to column 21)
	Exception: model_fix_mean_lap_model_namespace::log_prob: Sigma is not positive definite. (in 'model_fix_mean_lap.stan', line 68, column 1 to column 21)
	Exception: model_fix_mean_lap_model_namespace::log_prob: Sigma is not positive definite. (in 'model_fix_mean_lap.stan', line 68, column 1 to column 21)
	Exception: model_fix_mean_lap_model_namespace::log_prob: Sigma is not positive definite. (in 'model_fix_mean_lap.stan', line 68, column 1 to column 21)
	Exception: model_fix_mean_lap_model_namespace::log_prob: Sigma is not positive definite. (in 'model_fix_mean_lap.stan', line 68, column 1 to column 21)
	Exception: model_fix_mean_lap_model_namespace::log_prob: Sigma is not positive definite. (in 'model_fix_mean_lap.stan', line 68, column 1 to column 21)
	Exception: model_fix_mean_lap_model_namespace::log_prob: Sigma is not positive definite. (in 'model_fix_mean_lap.stan', line 68, column 1 to column 21)
	Exception: model_fix_mean_lap_model_namespace::log_prob: Sigma is not positive definite. (in 'model_fix_mean_lap.stan', line 68, column 1 to column 21)
	Exception: model_fix_mean_lap_model_namespace::log_prob: Sigma is not positive definite. (in 'model_fix_mean_lap.stan', line 68, column 1 to column 21)
	Exception: model_fix_mean_lap_model_namespace::log_prob: Sigma is not positive definite. (in 'model_fix_mean_lap.stan', line 68, column 1 to column 21)
	Exception: model_fix_mean_lap_model_namespace::log_prob: Sigma is not positive definite. (in 'model_fix_mean_lap.stan', line 68, column 1 to column 21)
	Exception: model_fix_mean_lap_model_namespace::log_prob: Sigma is not positive definite. (in 'model_fix_mean_lap.stan', line 68, column 1 to column 21)
	Exception: model_fix_mean_lap_model_namespace::log_prob: Sigma is not positive definite. (in 'model_fix_mean_lap.stan', line 68, column 1 to column 21)
	Exception: model_fix_mean_lap_model_namespace::log_prob: Sigma is not positive definite. (in 'model_fix_mean_lap.stan', line 68, column 1 to column 21)
	Exception: model_fix_mean_lap_model_namespace::log_prob: Sigma is not positive definite. (in 'model_fix_mean_lap.stan', line 68, column 1 to column 21)
	Exception: model_fix_mean_lap_model_namespace::log_prob: Sigma is not positive definite. (in 'model_fix_mean_lap.stan', line 68, column 1 to column 21)
	Exception: model_fix_mean_lap_model_namespace::log_prob: Sigma is not positive definite. (in 'model_fix_mean_lap.stan', line 68, column 1 to column 21)
	Exception: model_fix_mean_lap_model_namespace::log_prob: Sigma is not positive definite. (in 'model_fix_mean_lap.stan', line 68, column 1 to column 21)
	Exception: model_fix_mean_lap_model_namespace::log_prob: Sigma is not positive definite. (in 'model_fix_mean_lap.stan', line 68, column 1 to column 21)
	Exception: model_fix_mean_lap_model_namespace::log_prob: Sigma is not positive definite. (in 'model_fix_mean_lap.stan', line 68, column 1 to column 21)
	Exception: model_fix_mean_lap_model_namespace::log_prob: Sigma is not positive definite. (in 'model_fix_mean_lap.stan', line 68, column 1 to column 21)
	Exception: model_fix_mean_lap_model_namespace::log_prob: Sigma is not positive definite. (in 'model_fix_mean_lap.stan', line 68, column 1 to column 21)
	Exception: model_fix_mean_lap_model_namespace::log_prob: Sigma is not positive definite. (in 'model_fix_mean_lap.stan', line 68, column 1 to column 21)
	Exception: model_fix_mean_lap_model_namespace::log_prob: Sigma is not positive definite. (in 'model_fix_mean_lap.stan', line 68, column 1 to column 21)
	Exception: model_fix_mean_lap_model_namespace::log_prob: Sigma is not positive definite. (in 'model_fix_mean_lap.stan', line 68, column 1 to column 21)
	Exception: model_fix_mean_lap_model_namespace::log_prob: Sigma is not positive definite. (in 'model_fix_mean_lap.stan', line 68, column 1 to column 21)
	Exception: model_fix_mean_lap_model_namespace::log_prob: Sigma is not positive definite. (in 'model_fix_mean_lap.stan', line 68, column 1 to column 21)
	Exception: model_fix_mean_lap_model_namespace::log_prob: Sigma is not positive definite. (in 'model_fix_mean_lap.stan', line 68, column 1 to column 21)
	Exception: model_fix_mean_lap_model_namespace::log_prob: Sigma is not positive definite. (in 'model_fix_mean_lap.stan', line 68, column 1 to column 21)
	Exception: model_fix_mean_lap_model_namespace::log_prob: Sigma is not positive definite. (in 'model_fix_mean_lap.stan', line 68, column 1 to column 21)
	Exception: model_fix_mean_lap_model_namespace::log_prob: Sigma is not positive definite. (in 'model_fix_mean_lap.stan', line 68, column 1 to column 21)
	Exception: model_fix_mean_lap_model_namespace::log_prob: Sigma is not positive definite. (in 'model_fix_mean_lap.stan', line 68, column 1 to column 21)
	Exception: model_fix_mean_lap_model_namespace::log_prob: Sigma is not positive definite. (in 'model_fix_mean_lap.stan', line 68, column 1 to column 21)
	Exception: model_fix_mean_lap_model_namespace::log_prob: Sigma is not positive definite. (in 'model_fix_mean_lap.stan', line 68, column 1 to column 21)
	Exception: model_fix_mean_lap_model_namespace::log_prob: Sigma is not positive definite. (in 'model_fix_mean_lap.stan', line 68, column 1 to column 21)
	Exception: model_fix_mean_lap_model_namespace::log_prob: Sigma is not positive definite. (in 'model_fix_mean_lap.stan', line 68, column 1 to column 21)
	Exception: model_fix_mean_lap_model_namespace::log_prob: Sigma is not positive definite. (in 'model_fix_mean_lap.stan', line 68, column 1 to column 21)
	Exception: model_fix_mean_lap_model_namespace::log_prob: Sigma is not positive definite. (in 'model_fix_mean_lap.stan', line 68, column 1 to column 21)
	Exception: model_fix_mean_lap_model_namespace::log_prob: Sigma is not positive definite. (in 'model_fix_mean_lap.stan', line 68, column 1 to column 21)
	Exception: model_fix_mean_lap_model_namespace::log_prob: Sigma is not positive definite. (in 'model_fix_mean_lap.stan', line 68, column 1 to column 21)
	Exception: model_fix_mean_lap_model_namespace::log_prob: Sigma is not positive definite. (in 'model_fix_mean_lap.stan', line 68, column 1 to column 21)
	Exception: model_fix_mean_lap_model_namespace::log_prob: Sigma is not positive definite. (in 'model_fix_mean_lap.stan', line 68, column 1 to column 21)
	Exception: model_fix_mean_lap_model_namespace::log_prob: Sigma is not positive definite. (in 'model_fix_mean_lap.stan', line 68, column 1 to column 21)
	Exception: model_fix_mean_lap_model_namespace::log_prob: Sigma is not positive definite. (in 'model_fix_mean_lap.stan', line 68, column 1 to column 21)
	Exception: model_fix_mean_lap_model_namespace::log_prob: Sigma is not positive definite. (in 'model_fix_mean_lap.stan', line 68, column 1 to column 21)
	Exception: model_fix_mean_lap_model_namespace::log_prob: Sigma is not positive definite. (in 'model_fix_mean_lap.stan', line 68, column 1 to column 21)
	Exception: model_fix_mean_lap_model_namespace::log_prob: Sigma is not positive definite. (in 'model_fix_mean_lap.stan', line 68, column 1 to column 21)
	Exception: model_fix_mean_lap_model_namespace::log_prob: Sigma is not positive definite. (in 'model_fix_mean_lap.stan', line 68, column 1 to column 21)
	Exception: model_fix_mean_lap_model_namespace::log_prob: Sigma is not positive definite. (in 'model_fix_mean_lap.stan', line 68, column 1 to column 21)
	Exception: model_fix_mean_lap_model_namespace::log_prob: Sigma is not positive definite. (in 'model_fix_mean_lap.stan', line 68, column 1 to column 21)
	Exception: model_fix_mean_lap_model_namespace::log_prob: Sigma is not positive definite. (in 'model_fix_mean_lap.stan', line 68, column 1 to column 21)
	Exception: model_fix_mean_lap_model_namespace::log_prob: Sigma is not positive definite. (in 'model_fix_mean_lap.stan', line 68, column 1 to column 21)
	Exception: model_fix_mean_lap_model_namespace::log_prob: Sigma is not positive definite. (in 'model_fix_mean_lap.stan', line 68, column 1 to column 21)
	Exception: model_fix_mean_lap_model_namespace::log_prob: Sigma is not positive definite. (in 'model_fix_mean_lap.stan', line 68, column 1 to column 21)
	Exception: model_fix_mean_lap_model_namespace::log_prob: Sigma is not positive definite. (in 'model_fix_mean_lap.stan', line 68, column 1 to column 21)
	Exception: model_fix_mean_lap_model_namespace::log_prob: Sigma is not positive definite. (in 'model_fix_mean_lap.stan', line 68, column 1 to column 21)
	Exception: model_fix_mean_lap_model_namespace::log_prob: Sigma is not positive definite. (in 'model_fix_mean_lap.stan', line 68, column 1 to column 21)
	Exception: model_fix_mean_lap_model_namespace::log_prob: Sigma is not positive definite. (in 'model_fix_mean_lap.stan', line 68, column 1 to column 21)
	Exception: model_fix_mean_lap_model_namespace::log_prob: Sigma is not positive definite. (in 'model_fix_mean_lap.stan', line 68, column 1 to column 21)
	Exception: model_fix_mean_lap_model_namespace::log_prob: Sigma is not positive definite. (in 'model_fix_mean_lap.stan', line 68, column 1 to column 21)
	Exception: model_fix_mean_lap_model_namespace::log_prob: Sigma is not positive definite. (in 'model_fix_mean_lap.stan', line 68, column 1 to column 21)
	Exception: model_fix_mean_lap_model_namespace::log_prob: Sigma is not positive definite. (in 'model_fix_mean_lap.stan', line 68, column 1 to column 21)
	Exception: model_fix_mean_lap_model_namespace::log_prob: Sigma is not positive definite. (in 'model_fix_mean_lap.stan', line 68, column 1 to column 21)
	Exception: model_fix_mean_lap_model_namespace::log_prob: Sigma is not positive definite. (in 'model_fix_mean_lap.stan', line 68, column 1 to column 21)
	Exception: model_fix_mean_lap_model_namespace::log_prob: Sigma is not positive definite. (in 'model_fix_mean_lap.stan', line 68, column 1 to column 21)
	Exception: model_fix_mean_lap_model_namespace::log_prob: Sigma is not positive definite. (in 'model_fix_mean_lap.stan', line 68, column 1 to column 21)
	Exception: model_fix_mean_lap_model_namespace::log_prob: Sigma is not positive definite. (in 'model_fix_mean_lap.stan', line 68, column 1 to column 21)
	Exception: model_fix_mean_lap_model_namespace::log_prob: Sigma is not positive definite. (in 'model_fix_mean_lap.stan', line 68, column 1 to column 21)
	Exception: model_fix_mean_lap_model_namespace::log_prob: Sigma is not positive definite. (in 'model_fix_mean_lap.stan', line 68, column 1 to column 21)
	Exception: model_fix_mean_lap_model_namespace::log_prob: Sigma is not positive definite. (in 'model_fix_mean_lap.stan', line 68, column 1 to column 21)
	Exception: model_fix_mean_lap_model_namespace::log_prob: Sigma is not positive definite. (in 'model_fix_mean_lap.stan', line 68, column 1 to column 21)
	Exception: model_fix_mean_lap_model_namespace::log_prob: Sigma is not positive definite. (in 'model_fix_mean_lap.stan', line 68, column 1 to column 21)
	Exception: model_fix_mean_lap_model_namespace::log_prob: Sigma is not positive definite. (in 'model_fix_mean_lap.stan', line 68, column 1 to column 21)
	Exception: model_fix_mean_lap_model_namespace::log_prob: Sigma is not positive definite. (in 'model_fix_mean_lap.stan', line 68, column 1 to column 21)
	Exception: model_fix_mean_lap_model_namespace::log_prob: Sigma is not positive definite. (in 'model_fix_mean_lap.stan', line 68, column 1 to column 21)
	Exception: model_fix_mean_lap_model_namespace::log_prob: Sigma is not positive definite. (in 'model_fix_mean_lap.stan', line 68, column 1 to column 21)
	Exception: model_fix_mean_lap_model_namespace::log_prob: Sigma is not positive definite. (in 'model_fix_mean_lap.stan', line 68, column 1 to column 21)
	Exception: model_fix_mean_lap_model_namespace::log_prob: Sigma is not positive definite. (in 'model_fix_mean_lap.stan', line 68, column 1 to column 21)
	Exception: model_fix_mean_lap_model_namespace::log_prob: Sigma is not positive definite. (in 'model_fix_mean_lap.stan', line 68, column 1 to column 21)
	Exception: model_fix_mean_lap_model_namespace::log_prob: Sigma is not positive definite. (in 'model_fix_mean_lap.stan', line 68, column 1 to column 21)
	Exception: model_fix_mean_lap_model_namespace::log_prob: Sigma is not positive definite. (in 'model_fix_mean_lap.stan', line 68, column 1 to column 21)
	Exception: model_fix_mean_lap_model_namespace::log_prob: Sigma is not positive definite. (in 'model_fix_mean_lap.stan', line 68, column 1 to column 21)
	Exception: model_fix_mean_lap_model_namespace::log_prob: Sigma is not positive definite. (in 'model_fix_mean_lap.stan', line 68, column 1 to column 21)
	Exception: model_fix_mean_lap_model_namespace::log_prob: Sigma is not positive definite. (in 'model_fix_mean_lap.stan', line 68, column 1 to column 21)
	Exception: model_fix_mean_lap_model_namespace::log_prob: Sigma is not positive definite. (in 'model_fix_mean_lap.stan', line 68, column 1 to column 21)
	Exception: model_fix_mean_lap_model_namespace::log_prob: Sigma is not positive definite. (in 'model_fix_mean_lap.stan', line 68, column 1 to column 21)
	Exception: model_fix_mean_lap_model_namespace::log_prob: Sigma is not positive definite. (in 'model_fix_mean_lap.stan', line 68, column 1 to column 21)
	Exception: model_fix_mean_lap_model_namespace::log_prob: Sigma is not positive definite. (in 'model_fix_mean_lap.stan', line 68, column 1 to column 21)
	Exception: model_fix_mean_lap_model_namespace::log_prob: Sigma is not positive definite. (in 'model_fix_mean_lap.stan', line 68, column 1 to column 21)
	Exception: model_fix_mean_lap_model_namespace::log_prob: Sigma is not positive definite. (in 'model_fix_mean_lap.stan', line 68, column 1 to column 21)
	Exception: model_fix_mean_lap_model_namespace::log_prob: Sigma is not positive definite. (in 'model_fix_mean_lap.stan', line 68, column 1 to column 21)
	Exception: model_fix_mean_lap_model_namespace::log_prob: Sigma is not positive definite. (in 'model_fix_mean_lap.stan', line 68, column 1 to column 21)
	Exception: model_fix_mean_lap_model_namespace::log_prob: Sigma is not positive definite. (in 'model_fix_mean_lap.stan', line 68, column 1 to column 21)
	Exception: model_fix_mean_lap_model_namespace::log_prob: Sigma is not positive definite. (in 'model_fix_mean_lap.stan', line 68, column 1 to column 21)
	Exception: model_fix_mean_lap_model_namespace::log_prob: Sigma is not positive definite. (in 'model_fix_mean_lap.stan', line 68, column 1 to column 21)
	Exception: model_fix_mean_lap_model_namespace::log_prob: Sigma is not positive definite. (in 'model_fix_mean_lap.stan', line 68, column 1 to column 21)
	Exception: model_fix_mean_lap_model_namespace::log_prob: Sigma is not positive definite. (in 'model_fix_mean_lap.stan', line 68, column 1 to column 21)
	Exception: model_fix_mean_lap_model_namespace::log_prob: Sigma is not positive definite. (in 'model_fix_mean_lap.stan', line 68, column 1 to column 21)
	Exception: model_fix_mean_lap_model_namespace::log_prob: Sigma is not positive definite. (in 'model_fix_mean_lap.stan', line 68, column 1 to column 21)
	Exception: model_fix_mean_lap_model_namespace::log_prob: Sigma is not positive definite. (in 'model_fix_mean_lap.stan', line 68, column 1 to column 21)
	Exception: model_fix_mean_lap_model_namespace::log_prob: Sigma is not positive definite. (in 'model_fix_mean_lap.stan', line 68, column 1 to column 21)
	Exception: model_fix_mean_lap_model_namespace::log_prob: Sigma is not positive definite. (in 'model_fix_mean_lap.stan', line 68, column 1 to column 21)
	Exception: model_fix_mean_lap_model_namespace::log_prob: Sigma is not positive definite. (in 'model_fix_mean_lap.stan', line 68, column 1 to column 21)
	Exception: model_fix_mean_lap_model_namespace::log_prob: Sigma is not positive definite. (in 'model_fix_mean_lap.stan', line 68, column 1 to column 21)
	Exception: model_fix_mean_lap_model_namespace::log_prob: Sigma is not positive definite. (in 'model_fix_mean_lap.stan', line 68, column 1 to column 21)
	Exception: model_fix_mean_lap_model_namespace::log_prob: Sigma is not positive definite. (in 'model_fix_mean_lap.stan', line 68, column 1 to column 21)
	Exception: model_fix_mean_lap_model_namespace::log_prob: Sigma is not positive definite. (in 'model_fix_mean_lap.stan', line 68, column 1 to column 21)
	Exception: model_fix_mean_lap_model_namespace::log_prob: Sigma is not positive definite. (in 'model_fix_mean_lap.stan', line 68, column 1 to column 21)
	Exception: model_fix_mean_lap_model_namespace::log_prob: Sigma is not positive definite. (in 'model_fix_mean_lap.stan', line 68, column 1 to column 21)
	Exception: model_fix_mean_lap_model_namespace::log_prob: Sigma is not positive definite. (in 'model_fix_mean_lap.stan', line 68, column 1 to column 21)
	Exception: model_fix_mean_lap_model_namespace::log_prob: Sigma is not positive definite. (in 'model_fix_mean_lap.stan', line 68, column 1 to column 21)
	Exception: model_fix_mean_lap_model_namespace::log_prob: Sigma is not positive definite. (in 'model_fix_mean_lap.stan', line 68, column 1 to column 21)
	Exception: model_fix_mean_lap_model_namespace::log_prob: Sigma is not positive definite. (in 'model_fix_mean_lap.stan', line 68, column 1 to column 21)
	Exception: model_fix_mean_lap_model_namespace::log_prob: Sigma is not positive definite. (in 'model_fix_mean_lap.stan', line 68, column 1 to column 21)
	Exception: model_fix_mean_lap_model_namespace::log_prob: Sigma is not positive definite. (in 'model_fix_mean_lap.stan', line 68, column 1 to column 21)
	Exception: model_fix_mean_lap_model_namespace::log_prob: Sigma is not positive definite. (in 'model_fix_mean_lap.stan', line 68, column 1 to column 21)
	Exception: model_fix_mean_lap_model_namespace::log_prob: Sigma is not positive definite. (in 'model_fix_mean_lap.stan', line 68, column 1 to column 21)
	Exception: model_fix_mean_lap_model_namespace::log_prob: Sigma is not positive definite. (in 'model_fix_mean_lap.stan', line 68, column 1 to column 21)
	Exception: model_fix_mean_lap_model_namespace::log_prob: Sigma is not positive definite. (in 'model_fix_mean_lap.stan', line 68, column 1 to column 21)
	Exception: model_fix_mean_lap_model_namespace::log_prob: Sigma is not positive definite. (in 'model_fix_mean_lap.stan', line 68, column 1 to column 21)
	Exception: model_fix_mean_lap_model_namespace::log_prob: Sigma is not positive definite. (in 'model_fix_mean_lap.stan', line 68, column 1 to column 21)
	Exception: model_fix_mean_lap_model_namespace::log_prob: Sigma is not positive definite. (in 'model_fix_mean_lap.stan', line 68, column 1 to column 21)
	Exception: model_fix_mean_lap_model_namespace::log_prob: Sigma is not positive definite. (in 'model_fix_mean_lap.stan', line 68, column 1 to column 21)
	Exception: model_fix_mean_lap_model_namespace::log_prob: Sigma is not positive definite. (in 'model_fix_mean_lap.stan', line 68, column 1 to column 21)
	Exception: model_fix_mean_lap_model_namespace::log_prob: Sigma is not positive definite. (in 'model_fix_mean_lap.stan', line 68, column 1 to column 21)
	Exception: model_fix_mean_lap_model_namespace::log_prob: Sigma is not positive definite. (in 'model_fix_mean_lap.stan', line 68, column 1 to column 21)
	Exception: model_fix_mean_lap_model_namespace::log_prob: Sigma is not positive definite. (in 'model_fix_mean_lap.stan', line 68, column 1 to column 21)
	Exception: model_fix_mean_lap_model_namespace::log_prob: Sigma is not positive definite. (in 'model_fix_mean_lap.stan', line 68, column 1 to column 21)
	Exception: model_fix_mean_lap_model_namespace::log_prob: Sigma is not positive definite. (in 'model_fix_mean_lap.stan', line 68, column 1 to column 21)
	Exception: model_fix_mean_lap_model_namespace::log_prob: Sigma is not positive definite. (in 'model_fix_mean_lap.stan', line 68, column 1 to column 21)
	Exception: model_fix_mean_lap_model_namespace::log_prob: Sigma is not positive definite. (in 'model_fix_mean_lap.stan', line 68, column 1 to column 21)
	Exception: model_fix_mean_lap_model_namespace::log_prob: Sigma is not positive definite. (in 'model_fix_mean_lap.stan', line 68, column 1 to column 21)
	Exception: model_fix_mean_lap_model_namespace::log_prob: Sigma is not positive definite. (in 'model_fix_mean_lap.stan', line 68, column 1 to column 21)
	Exception: model_fix_mean_lap_model_namespace::log_prob: Sigma is not positive definite. (in 'model_fix_mean_lap.stan', line 68, column 1 to column 21)
	Exception: model_fix_mean_lap_model_namespace::log_prob: Sigma is not positive definite. (in 'model_fix_mean_lap.stan', line 68, column 1 to column 21)
	Exception: model_fix_mean_lap_model_namespace::log_prob: Sigma is not positive definite. (in 'model_fix_mean_lap.stan', line 68, column 1 to column 21)
	Exception: model_fix_mean_lap_model_namespace::log_prob: Sigma is not positive definite. (in 'model_fix_mean_lap.stan', line 68, column 1 to column 21)
	Exception: model_fix_mean_lap_model_namespace::log_prob: Sigma is not positive definite. (in 'model_fix_mean_lap.stan', line 68, column 1 to column 21)
	Exception: model_fix_mean_lap_model_namespace::log_prob: Sigma is not positive definite. (in 'model_fix_mean_lap.stan', line 68, column 1 to column 21)
	Exception: model_fix_mean_lap_model_namespace::log_prob: Sigma is not positive definite. (in 'model_fix_mean_lap.stan', line 68, column 1 to column 21)
	Exception: model_fix_mean_lap_model_namespace::log_prob: Sigma is not positive definite. (in 'model_fix_mean_lap.stan', line 68, column 1 to column 21)
	Exception: model_fix_mean_lap_model_namespace::log_prob: Sigma is not positive definite. (in 'model_fix_mean_lap.stan', line 68, column 1 to column 21)
	Exception: model_fix_mean_lap_model_namespace::log_prob: Sigma is not positive definite. (in 'model_fix_mean_lap.stan', line 68, column 1 to column 21)
	Exception: model_fix_mean_lap_model_namespace::log_prob: Sigma is not positive definite. (in 'model_fix_mean_lap.stan', line 68, column 1 to column 21)
	Exception: model_fix_mean_lap_model_namespace::log_prob: Sigma is not positive definite. (in 'model_fix_mean_lap.stan', line 68, column 1 to column 21)
	Exception: model_fix_mean_lap_model_namespace::log_prob: Sigma is not positive definite. (in 'model_fix_mean_lap.stan', line 68, column 1 to column 21)
	Exception: model_fix_mean_lap_model_namespace::log_prob: Sigma is not positive definite. (in 'model_fix_mean_lap.stan', line 68, column 1 to column 21)
	Exception: model_fix_mean_lap_model_namespace::log_prob: Sigma is not positive definite. (in 'model_fix_mean_lap.stan', line 68, column 1 to column 21)
	Exception: model_fix_mean_lap_model_namespace::log_prob: Sigma is not positive definite. (in 'model_fix_mean_lap.stan', line 68, column 1 to column 21)
	Exception: model_fix_mean_lap_model_namespace::log_prob: Sigma is not positive definite. (in 'model_fix_mean_lap.stan', line 68, column 1 to column 21)
	Exception: model_fix_mean_lap_model_namespace::log_prob: Sigma is not positive definite. (in 'model_fix_mean_lap.stan', line 68, column 1 to column 21)
	Exception: model_fix_mean_lap_model_namespace::log_prob: Sigma is not positive definite. (in 'model_fix_mean_lap.stan', line 68, column 1 to column 21)
	Exception: model_fix_mean_lap_model_namespace::log_prob: Sigma is not positive definite. (in 'model_fix_mean_lap.stan', line 68, column 1 to column 21)
	Exception: model_fix_mean_lap_model_namespace::log_prob: Sigma is not positive definite. (in 'model_fix_mean_lap.stan', line 68, column 1 to column 21)
	Exception: model_fix_mean_lap_model_namespace::log_prob: Sigma is not positive definite. (in 'model_fix_mean_lap.stan', line 68, column 1 to column 21)
	Exception: model_fix_mean_lap_model_namespace::log_prob: Sigma is not positive definite. (in 'model_fix_mean_lap.stan', line 68, column 1 to column 21)
	Exception: model_fix_mean_lap_model_namespace::log_prob: Sigma is not positive definite. (in 'model_fix_mean_lap.stan', line 68, column 1 to column 21)
	Exception: model_fix_mean_lap_model_namespace::log_prob: Sigma is not positive definite. (in 'model_fix_mean_lap.stan', line 68, column 1 to column 21)
	Exception: model_fix_mean_lap_model_namespace::log_prob: Sigma is not positive definite. (in 'model_fix_mean_lap.stan', line 68, column 1 to column 21)
	Exception: model_fix_mean_lap_model_namespace::log_prob: Sigma is not positive definite. (in 'model_fix_mean_lap.stan', line 68, column 1 to column 21)
	Exception: model_fix_mean_lap_model_namespace::log_prob: Sigma is not positive definite. (in 'model_fix_mean_lap.stan', line 68, column 1 to column 21)
	Exception: model_fix_mean_lap_model_namespace::log_prob: Sigma is not positive definite. (in 'model_fix_mean_lap.stan', line 68, column 1 to column 21)
	Exception: model_fix_mean_lap_model_namespace::log_prob: Sigma is not positive definite. (in 'model_fix_mean_lap.stan', line 68, column 1 to column 21)
	Exception: model_fix_mean_lap_model_namespace::log_prob: Sigma is not positive definite. (in 'model_fix_mean_lap.stan', line 68, column 1 to column 21)
	Exception: model_fix_mean_lap_model_namespace::log_prob: Sigma is not positive definite. (in 'model_fix_mean_lap.stan', line 68, column 1 to column 21)
	Exception: model_fix_mean_lap_model_namespace::log_prob: Sigma is not positive definite. (in 'model_fix_mean_lap.stan', line 68, column 1 to column 21)
	Exception: model_fix_mean_lap_model_namespace::log_prob: Sigma is not positive definite. (in 'model_fix_mean_lap.stan', line 68, column 1 to column 21)
	Exception: model_fix_mean_lap_model_namespace::log_prob: Sigma is not positive definite. (in 'model_fix_mean_lap.stan', line 68, column 1 to column 21)
	Exception: model_fix_mean_lap_model_namespace::log_prob: Sigma is not positive definite. (in 'model_fix_mean_lap.stan', line 68, column 1 to column 21)
	Exception: model_fix_mean_lap_model_namespace::log_prob: Sigma is not positive definite. (in 'model_fix_mean_lap.stan', line 68, column 1 to column 21)
	Exception: model_fix_mean_lap_model_namespace::log_prob: Sigma is not positive definite. (in 'model_fix_mean_lap.stan', line 68, column 1 to column 21)
	Exception: model_fix_mean_lap_model_namespace::log_prob: Sigma is not positive definite. (in 'model_fix_mean_lap.stan', line 68, column 1 to column 21)
	Exception: model_fix_mean_lap_model_namespace::log_prob: Sigma is not positive definite. (in 'model_fix_mean_lap.stan', line 68, column 1 to column 21)
	Exception: model_fix_mean_lap_model_namespace::log_prob: Sigma is not positive definite. (in 'model_fix_mean_lap.stan', line 68, column 1 to column 21)
	Exception: model_fix_mean_lap_model_namespace::log_prob: Sigma is not positive definite. (in 'model_fix_mean_lap.stan', line 68, column 1 to column 21)
	Exception: model_fix_mean_lap_model_namespace::log_prob: Sigma is not positive definite. (in 'model_fix_mean_lap.stan', line 68, column 1 to column 21)
	Exception: model_fix_mean_lap_model_namespace::log_prob: Sigma is not positive definite. (in 'model_fix_mean_lap.stan', line 68, column 1 to column 21)
	Exception: model_fix_mean_lap_model_namespace::log_prob: Sigma is not positive definite. (in 'model_fix_mean_lap.stan', line 68, column 1 to column 21)
	Exception: model_fix_mean_lap_model_namespace::log_prob: Sigma is not positive definite. (in 'model_fix_mean_lap.stan', line 68, column 1 to column 21)
	Exception: model_fix_mean_lap_model_namespace::log_prob: Sigma is not positive definite. (in 'model_fix_mean_lap.stan', line 68, column 1 to column 21)
	Exception: model_fix_mean_lap_model_namespace::log_prob: Sigma is not positive definite. (in 'model_fix_mean_lap.stan', line 68, column 1 to column 21)
	Exception: model_fix_mean_lap_model_namespace::log_prob: Sigma is not positive definite. (in 'model_fix_mean_lap.stan', line 68, column 1 to column 21)
	Exception: model_fix_mean_lap_model_namespace::log_prob: Sigma is not positive definite. (in 'model_fix_mean_lap.stan', line 68, column 1 to column 21)
	Exception: model_fix_mean_lap_model_namespace::log_prob: Sigma is not positive definite. (in 'model_fix_mean_lap.stan', line 68, column 1 to column 21)
	Exception: model_fix_mean_lap_model_namespace::log_prob: Sigma is not positive definite. (in 'model_fix_mean_lap.stan', line 68, column 1 to column 21)
	Exception: model_fix_mean_lap_model_namespace::log_prob: Sigma is not positive definite. (in 'model_fix_mean_lap.stan', line 68, column 1 to column 21)
	Exception: model_fix_mean_lap_model_namespace::log_prob: Sigma is not positive definite. (in 'model_fix_mean_lap.stan', line 68, column 1 to column 21)
	Exception: model_fix_mean_lap_model_namespace::log_prob: Sigma is not positive definite. (in 'model_fix_mean_lap.stan', line 68, column 1 to column 21)
	Exception: model_fix_mean_lap_model_namespace::log_prob: Sigma is not positive definite. (in 'model_fix_mean_lap.stan', line 68, column 1 to column 21)
	Exception: model_fix_mean_lap_model_namespace::log_prob: Sigma is not positive definite. (in 'model_fix_mean_lap.stan', line 68, column 1 to column 21)
	Exception: model_fix_mean_lap_model_namespace::log_prob: Sigma is not positive definite. (in 'model_fix_mean_lap.stan', line 68, column 1 to column 21)
	Exception: model_fix_mean_lap_model_namespace::log_prob: Sigma is not positive definite. (in 'model_fix_mean_lap.stan', line 68, column 1 to column 21)
	Exception: model_fix_mean_lap_model_namespace::log_prob: Sigma is not positive definite. (in 'model_fix_mean_lap.stan', line 68, column 1 to column 21)
	Exception: model_fix_mean_lap_model_namespace::log_prob: Sigma is not positive definite. (in 'model_fix_mean_lap.stan', line 68, column 1 to column 21)
	Exception: model_fix_mean_lap_model_namespace::log_prob: Sigma is not positive definite. (in 'model_fix_mean_lap.stan', line 68, column 1 to column 21)
	Exception: model_fix_mean_lap_model_namespace::log_prob: Sigma is not positive definite. (in 'model_fix_mean_lap.stan', line 68, column 1 to column 21)
	Exception: model_fix_mean_lap_model_namespace::log_prob: Sigma is not positive definite. (in 'model_fix_mean_lap.stan', line 68, column 1 to column 21)
	Exception: model_fix_mean_lap_model_namespace::log_prob: Sigma is not positive definite. (in 'model_fix_mean_lap.stan', line 68, column 1 to column 21)
	Exception: model_fix_mean_lap_model_namespace::log_prob: Sigma is not positive definite. (in 'model_fix_mean_lap.stan', line 68, column 1 to column 21)
	Exception: model_fix_mean_lap_model_namespace::log_prob: Sigma is not positive definite. (in 'model_fix_mean_lap.stan', line 68, column 1 to column 21)
	Exception: model_fix_mean_lap_model_namespace::log_prob: Sigma is not positive definite. (in 'model_fix_mean_lap.stan', line 68, column 1 to column 21)
	Exception: model_fix_mean_lap_model_namespace::log_prob: Sigma is not positive definite. (in 'model_fix_mean_lap.stan', line 68, column 1 to column 21)
	Exception: model_fix_mean_lap_model_namespace::log_prob: Sigma is not positive definite. (in 'model_fix_mean_lap.stan', line 68, column 1 to column 21)
	Exception: model_fix_mean_lap_model_namespace::log_prob: Sigma is not positive definite. (in 'model_fix_mean_lap.stan', line 68, column 1 to column 21)
	Exception: model_fix_mean_lap_model_namespace::log_prob: Sigma is not positive definite. (in 'model_fix_mean_lap.stan', line 68, column 1 to column 21)
	Exception: model_fix_mean_lap_model_namespace::log_prob: Sigma is not positive definite. (in 'model_fix_mean_lap.stan', line 68, column 1 to column 21)
	Exception: model_fix_mean_lap_model_namespace::log_prob: Sigma is not positive definite. (in 'model_fix_mean_lap.stan', line 68, column 1 to column 21)
	Exception: model_fix_mean_lap_model_namespace::log_prob: Sigma is not positive definite. (in 'model_fix_mean_lap.stan', line 68, column 1 to column 21)
	Exception: model_fix_mean_lap_model_namespace::log_prob: Sigma is not positive definite. (in 'model_fix_mean_lap.stan', line 68, column 1 to column 21)
	Exception: model_fix_mean_lap_model_namespace::log_prob: Sigma is not positive definite. (in 'model_fix_mean_lap.stan', line 68, column 1 to column 21)
	Exception: model_fix_mean_lap_model_namespace::log_prob: Sigma is not positive definite. (in 'model_fix_mean_lap.stan', line 68, column 1 to column 21)
	Exception: model_fix_mean_lap_model_namespace::log_prob: Sigma is not positive definite. (in 'model_fix_mean_lap.stan', line 68, column 1 to column 21)
	Exception: model_fix_mean_lap_model_namespace::log_prob: Sigma is not positive definite. (in 'model_fix_mean_lap.stan', line 68, column 1 to column 21)
	Exception: model_fix_mean_lap_model_namespace::log_prob: Sigma is not positive definite. (in 'model_fix_mean_lap.stan', line 68, column 1 to column 21)
	Exception: model_fix_mean_lap_model_namespace::log_prob: Sigma is not positive definite. (in 'model_fix_mean_lap.stan', line 68, column 1 to column 21)
	Exception: model_fix_mean_lap_model_namespace::log_prob: Sigma is not positive definite. (in 'model_fix_mean_lap.stan', line 68, column 1 to column 21)
	Exception: model_fix_mean_lap_model_namespace::log_prob: Sigma is not positive definite. (in 'model_fix_mean_lap.stan', line 68, column 1 to column 21)
	Exception: model_fix_mean_lap_model_namespace::log_prob: Sigma is not positive definite. (in 'model_fix_mean_lap.stan', line 68, column 1 to column 21)
	Exception: model_fix_mean_lap_model_namespace::log_prob: Sigma is not positive definite. (in 'model_fix_mean_lap.stan', line 68, column 1 to column 21)
	Exception: model_fix_mean_lap_model_namespace::log_prob: Sigma is not positive definite. (in 'model_fix_mean_lap.stan', line 68, column 1 to column 21)
	Exception: model_fix_mean_lap_model_namespace::log_prob: Sigma is not positive definite. (in 'model_fix_mean_lap.stan', line 68, column 1 to column 21)
	Exception: model_fix_mean_lap_model_namespace::log_prob: Sigma is not positive definite. (in 'model_fix_mean_lap.stan', line 68, column 1 to column 21)
	Exception: model_fix_mean_lap_model_namespace::log_prob: Sigma is not positive definite. (in 'model_fix_mean_lap.stan', line 68, column 1 to column 21)
	Exception: model_fix_mean_lap_model_namespace::log_prob: Sigma is not positive definite. (in 'model_fix_mean_lap.stan', line 68, column 1 to column 21)
	Exception: model_fix_mean_lap_model_namespace::log_prob: Sigma is not positive definite. (in 'model_fix_mean_lap.stan', line 68, column 1 to column 21)
	Exception: model_fix_mean_lap_model_namespace::log_prob: Sigma is not positive definite. (in 'model_fix_mean_lap.stan', line 68, column 1 to column 21)
	Exception: model_fix_mean_lap_model_namespace::log_prob: Sigma is not positive definite. (in 'model_fix_mean_lap.stan', line 68, column 1 to column 21)
	Exception: model_fix_mean_lap_model_namespace::log_prob: Sigma is not positive definite. (in 'model_fix_mean_lap.stan', line 68, column 1 to column 21)
	Exception: model_fix_mean_lap_model_namespace::log_prob: Sigma is not positive definite. (in 'model_fix_mean_lap.stan', line 68, column 1 to column 21)
	Exception: model_fix_mean_lap_model_namespace::log_prob: Sigma is not positive definite. (in 'model_fix_mean_lap.stan', line 68, column 1 to column 21)
	Exception: model_fix_mean_lap_model_namespace::log_prob: Sigma is not positive definite. (in 'model_fix_mean_lap.stan', line 68, column 1 to column 21)
	Exception: model_fix_mean_lap_model_namespace::log_prob: Sigma is not positive definite. (in 'model_fix_mean_lap.stan', line 68, column 1 to column 21)
	Exception: model_fix_mean_lap_model_namespace::log_prob: Sigma is not positive definite. (in 'model_fix_mean_lap.stan', line 68, column 1 to column 21)
	Exception: model_fix_mean_lap_model_namespace::log_prob: Sigma is not positive definite. (in 'model_fix_mean_lap.stan', line 68, column 1 to column 21)
	Exception: model_fix_mean_lap_model_namespace::log_prob: Sigma is not positive definite. (in 'model_fix_mean_lap.stan', line 68, column 1 to column 21)
	Exception: model_fix_mean_lap_model_namespace::log_prob: Sigma is not positive definite. (in 'model_fix_mean_lap.stan', line 68, column 1 to column 21)
	Exception: model_fix_mean_lap_model_namespace::log_prob: Sigma is not positive definite. (in 'model_fix_mean_lap.stan', line 68, column 1 to column 21)
	Exception: model_fix_mean_lap_model_namespace::log_prob: Sigma is not positive definite. (in 'model_fix_mean_lap.stan', line 68, column 1 to column 21)
	Exception: model_fix_mean_lap_model_namespace::log_prob: Sigma is not positive definite. (in 'model_fix_mean_lap.stan', line 68, column 1 to column 21)
	Exception: model_fix_mean_lap_model_namespace::log_prob: Sigma is not positive definite. (in 'model_fix_mean_lap.stan', line 68, column 1 to column 21)
	Exception: model_fix_mean_lap_model_namespace::log_prob: Sigma is not positive definite. (in 'model_fix_mean_lap.stan', line 68, column 1 to column 21)
	Exception: model_fix_mean_lap_model_namespace::log_prob: Sigma is not positive definite. (in 'model_fix_mean_lap.stan', line 68, column 1 to column 21)
	Exception: model_fix_mean_lap_model_namespace::log_prob: Sigma is not positive definite. (in 'model_fix_mean_lap.stan', line 68, column 1 to column 21)
	Exception: model_fix_mean_lap_model_namespace::log_prob: Sigma is not positive definite. (in 'model_fix_mean_lap.stan', line 68, column 1 to column 21)
	Exception: model_fix_mean_lap_model_namespace::log_prob: Sigma is not positive definite. (in 'model_fix_mean_lap.stan', line 68, column 1 to column 21)
	Exception: model_fix_mean_lap_model_namespace::log_prob: Sigma is not positive definite. (in 'model_fix_mean_lap.stan', line 68, column 1 to column 21)
	Exception: model_fix_mean_lap_model_namespace::log_prob: Sigma is not positive definite. (in 'model_fix_mean_lap.stan', line 68, column 1 to column 21)
	Exception: model_fix_mean_lap_model_namespace::log_prob: Sigma is not positive definite. (in 'model_fix_mean_lap.stan', line 68, column 1 to column 21)
	Exception: model_fix_mean_lap_model_namespace::log_prob: Sigma is not positive definite. (in 'model_fix_mean_lap.stan', line 68, column 1 to column 21)
	Exception: model_fix_mean_lap_model_namespace::log_prob: Sigma is not positive definite. (in 'model_fix_mean_lap.stan', line 68, column 1 to column 21)
	Exception: model_fix_mean_lap_model_namespace::log_prob: Sigma is not positive definite. (in 'model_fix_mean_lap.stan', line 68, column 1 to column 21)
	Exception: model_fix_mean_lap_model_namespace::log_prob: Sigma is not positive definite. (in 'model_fix_mean_lap.stan', line 68, column 1 to column 21)
	Exception: model_fix_mean_lap_model_namespace::log_prob: Sigma is not positive definite. (in 'model_fix_mean_lap.stan', line 68, column 1 to column 21)
	Exception: model_fix_mean_lap_model_namespace::log_prob: Sigma is not positive definite. (in 'model_fix_mean_lap.stan', line 68, column 1 to column 21)
	Exception: model_fix_mean_lap_model_namespace::log_prob: Sigma is not positive definite. (in 'model_fix_mean_lap.stan', line 68, column 1 to column 21)
	Exception: model_fix_mean_lap_model_namespace::log_prob: Sigma is not positive definite. (in 'model_fix_mean_lap.stan', line 68, column 1 to column 21)
	Exception: model_fix_mean_lap_model_namespace::log_prob: Sigma is not positive definite. (in 'model_fix_mean_lap.stan', line 68, column 1 to column 21)
	Exception: model_fix_mean_lap_model_namespace::log_prob: Sigma is not positive definite. (in 'model_fix_mean_lap.stan', line 68, column 1 to column 21)
	Exception: model_fix_mean_lap_model_namespace::log_prob: Sigma is not positive definite. (in 'model_fix_mean_lap.stan', line 68, column 1 to column 21)
	Exception: model_fix_mean_lap_model_namespace::log_prob: Sigma is not positive definite. (in 'model_fix_mean_lap.stan', line 68, column 1 to column 21)
	Exception: model_fix_mean_lap_model_namespace::log_prob: Sigma is not positive definite. (in 'model_fix_mean_lap.stan', line 68, column 1 to column 21)
	Exception: model_fix_mean_lap_model_namespace::log_prob: Sigma is not positive definite. (in 'model_fix_mean_lap.stan', line 68, column 1 to column 21)
	Exception: model_fix_mean_lap_model_namespace::log_prob: Sigma is not positive definite. (in 'model_fix_mean_lap.stan', line 68, column 1 to column 21)
	Exception: model_fix_mean_lap_model_namespace::log_prob: Sigma is not positive definite. (in 'model_fix_mean_lap.stan', line 68, column 1 to column 21)
	Exception: model_fix_mean_lap_model_namespace::log_prob: Sigma is not positive definite. (in 'model_fix_mean_lap.stan', line 68, column 1 to column 21)
	Exception: model_fix_mean_lap_model_namespace::log_prob: Sigma is not positive definite. (in 'model_fix_mean_lap.stan', line 68, column 1 to column 21)
	Exception: model_fix_mean_lap_model_namespace::log_prob: Sigma is not positive definite. (in 'model_fix_mean_lap.stan', line 68, column 1 to column 21)
	Exception: model_fix_mean_lap_model_namespace::log_prob: Sigma is not positive definite. (in 'model_fix_mean_lap.stan', line 68, column 1 to column 21)
	Exception: model_fix_mean_lap_model_namespace::log_prob: Sigma is not positive definite. (in 'model_fix_mean_lap.stan', line 68, column 1 to column 21)
	Exception: model_fix_mean_lap_model_namespace::log_prob: Sigma is not positive definite. (in 'model_fix_mean_lap.stan', line 68, column 1 to column 21)
	Exception: model_fix_mean_lap_model_namespace::log_prob: Sigma is not positive definite. (in 'model_fix_mean_lap.stan', line 68, column 1 to column 21)
	Exception: model_fix_mean_lap_model_namespace::log_prob: Sigma is not positive definite. (in 'model_fix_mean_lap.stan', line 68, column 1 to column 21)
	Exception: model_fix_mean_lap_model_namespace::log_prob: Sigma is not positive definite. (in 'model_fix_mean_lap.stan', line 68, column 1 to column 21)
	Exception: model_fix_mean_lap_model_namespace::log_prob: Sigma is not positive definite. (in 'model_fix_mean_lap.stan', line 68, column 1 to column 21)
	Exception: model_fix_mean_lap_model_namespace::log_prob: Sigma is not positive definite. (in 'model_fix_mean_lap.stan', line 68, column 1 to column 21)
	Exception: model_fix_mean_lap_model_namespace::log_prob: Sigma is not positive definite. (in 'model_fix_mean_lap.stan', line 68, column 1 to column 21)
	Exception: model_fix_mean_lap_model_namespace::log_prob: Sigma is not positive definite. (in 'model_fix_mean_lap.stan', line 68, column 1 to column 21)
	Exception: model_fix_mean_lap_model_namespace::log_prob: Sigma is not positive definite. (in 'model_fix_mean_lap.stan', line 68, column 1 to column 21)
	Exception: model_fix_mean_lap_model_namespace::log_prob: Sigma is not positive definite. (in 'model_fix_mean_lap.stan', line 68, column 1 to column 21)
	Exception: model_fix_mean_lap_model_namespace::log_prob: Sigma is not positive definite. (in 'model_fix_mean_lap.stan', line 68, column 1 to column 21)
	Exception: model_fix_mean_lap_model_namespace::log_prob: Sigma is not positive definite. (in 'model_fix_mean_lap.stan', line 68, column 1 to column 21)
	Exception: model_fix_mean_lap_model_namespace::log_prob: Sigma is not positive definite. (in 'model_fix_mean_lap.stan', line 68, column 1 to column 21)
	Exception: model_fix_mean_lap_model_namespace::log_prob: Sigma is not positive definite. (in 'model_fix_mean_lap.stan', line 68, column 1 to column 21)
	Exception: model_fix_mean_lap_model_namespace::log_prob: Sigma is not positive definite. (in 'model_fix_mean_lap.stan', line 68, column 1 to column 21)
	Exception: model_fix_mean_lap_model_namespace::log_prob: Sigma is not positive definite. (in 'model_fix_mean_lap.stan', line 68, column 1 to column 21)
	Exception: model_fix_mean_lap_model_namespace::log_prob: Sigma is not positive definite. (in 'model_fix_mean_lap.stan', line 68, column 1 to column 21)
	Exception: model_fix_mean_lap_model_namespace::log_prob: Sigma is not positive definite. (in 'model_fix_mean_lap.stan', line 68, column 1 to column 21)
	Exception: model_fix_mean_lap_model_namespace::log_prob: Sigma is not positive definite. (in 'model_fix_mean_lap.stan', line 68, column 1 to column 21)
	Exception: model_fix_mean_lap_model_namespace::log_prob: Sigma is not positive definite. (in 'model_fix_mean_lap.stan', line 68, column 1 to column 21)
	Exception: model_fix_mean_lap_model_namespace::log_prob: Sigma is not positive definite. (in 'model_fix_mean_lap.stan', line 68, column 1 to column 21)
	Exception: model_fix_mean_lap_model_namespace::log_prob: Sigma is not positive definite. (in 'model_fix_mean_lap.stan', line 68, column 1 to column 21)
	Exception: model_fix_mean_lap_model_namespace::log_prob: Sigma is not positive definite. (in 'model_fix_mean_lap.stan', line 68, column 1 to column 21)
	Exception: model_fix_mean_lap_model_namespace::log_prob: Sigma is not positive definite. (in 'model_fix_mean_lap.stan', line 68, column 1 to column 21)
	Exception: model_fix_mean_lap_model_namespace::log_prob: Sigma is not positive definite. (in 'model_fix_mean_lap.stan', line 68, column 1 to column 21)
	Exception: model_fix_mean_lap_model_namespace::log_prob: Sigma is not positive definite. (in 'model_fix_mean_lap.stan', line 68, column 1 to column 21)
	Exception: model_fix_mean_lap_model_namespace::log_prob: Sigma is not positive definite. (in 'model_fix_mean_lap.stan', line 68, column 1 to column 21)
	Exception: model_fix_mean_lap_model_namespace::log_prob: Sigma is not positive definite. (in 'model_fix_mean_lap.stan', line 68, column 1 to column 21)
	Exception: model_fix_mean_lap_model_namespace::log_prob: Sigma is not positive definite. (in 'model_fix_mean_lap.stan', line 68, column 1 to column 21)
	Exception: model_fix_mean_lap_model_namespace::log_prob: Sigma is not positive definite. (in 'model_fix_mean_lap.stan', line 68, column 1 to column 21)
	Exception: model_fix_mean_lap_model_namespace::log_prob: Sigma is not positive definite. (in 'model_fix_mean_lap.stan', line 68, column 1 to column 21)
	Exception: model_fix_mean_lap_model_namespace::log_prob: Sigma is not positive definite. (in 'model_fix_mean_lap.stan', line 68, column 1 to column 21)
	Exception: model_fix_mean_lap_model_namespace::log_prob: Sigma is not positive definite. (in 'model_fix_mean_lap.stan', line 68, column 1 to column 21)
	Exception: model_fix_mean_lap_model_namespace::log_prob: Sigma is not positive definite. (in 'model_fix_mean_lap.stan', line 68, column 1 to column 21)
	Exception: model_fix_mean_lap_model_namespace::log_prob: Sigma is not positive definite. (in 'model_fix_mean_lap.stan', line 68, column 1 to column 21)
	Exception: model_fix_mean_lap_model_namespace::log_prob: Sigma is not positive definite. (in 'model_fix_mean_lap.stan', line 68, column 1 to column 21)
	Exception: model_fix_mean_lap_model_namespace::log_prob: Sigma is not positive definite. (in 'model_fix_mean_lap.stan', line 68, column 1 to column 21)
	Exception: model_fix_mean_lap_model_namespace::log_prob: Sigma is not positive definite. (in 'model_fix_mean_lap.stan', line 68, column 1 to column 21)
	Exception: model_fix_mean_lap_model_namespace::log_prob: Sigma is not positive definite. (in 'model_fix_mean_lap.stan', line 68, column 1 to column 21)
	Exception: model_fix_mean_lap_model_namespace::log_prob: Sigma is not positive definite. (in 'model_fix_mean_lap.stan', line 68, column 1 to column 21)
	Exception: model_fix_mean_lap_model_namespace::log_prob: Sigma is not positive definite. (in 'model_fix_mean_lap.stan', line 68, column 1 to column 21)
	Exception: model_fix_mean_lap_model_namespace::log_prob: Sigma is not positive definite. (in 'model_fix_mean_lap.stan', line 68, column 1 to column 21)
	Exception: model_fix_mean_lap_model_namespace::log_prob: Sigma is not positive definite. (in 'model_fix_mean_lap.stan', line 68, column 1 to column 21)
	Exception: model_fix_mean_lap_model_namespace::log_prob: Sigma is not positive definite. (in 'model_fix_mean_lap.stan', line 68, column 1 to column 21)
	Exception: model_fix_mean_lap_model_namespace::log_prob: Sigma is not positive definite. (in 'model_fix_mean_lap.stan', line 68, column 1 to column 21)
	Exception: model_fix_mean_lap_model_namespace::log_prob: Sigma is not positive definite. (in 'model_fix_mean_lap.stan', line 68, column 1 to column 21)
	Exception: model_fix_mean_lap_model_namespace::log_prob: Sigma is not positive definite. (in 'model_fix_mean_lap.stan', line 68, column 1 to column 21)
	Exception: model_fix_mean_lap_model_namespace::log_prob: Sigma is not positive definite. (in 'model_fix_mean_lap.stan', line 68, column 1 to column 21)
	Exception: model_fix_mean_lap_model_namespace::log_prob: Sigma is not positive definite. (in 'model_fix_mean_lap.stan', line 68, column 1 to column 21)
	Exception: model_fix_mean_lap_model_namespace::log_prob: Sigma is not positive definite. (in 'model_fix_mean_lap.stan', line 68, column 1 to column 21)
	Exception: model_fix_mean_lap_model_namespace::log_prob: Sigma is not positive definite. (in 'model_fix_mean_lap.stan', line 68, column 1 to column 21)
	Exception: model_fix_mean_lap_model_namespace::log_prob: Sigma is not positive definite. (in 'model_fix_mean_lap.stan', line 68, column 1 to column 21)
	Exception: model_fix_mean_lap_model_namespace::log_prob: Sigma is not positive definite. (in 'model_fix_mean_lap.stan', line 68, column 1 to column 21)
	Exception: model_fix_mean_lap_model_namespace::log_prob: Sigma is not positive definite. (in 'model_fix_mean_lap.stan', line 68, column 1 to column 21)
	Exception: model_fix_mean_lap_model_namespace::log_prob: Sigma is not positive definite. (in 'model_fix_mean_lap.stan', line 68, column 1 to column 21)
	Exception: model_fix_mean_lap_model_namespace::log_prob: Sigma is not positive definite. (in 'model_fix_mean_lap.stan', line 68, column 1 to column 21)
	Exception: model_fix_mean_lap_model_namespace::log_prob: Sigma is not positive definite. (in 'model_fix_mean_lap.stan', line 68, column 1 to column 21)
	Exception: model_fix_mean_lap_model_namespace::log_prob: Sigma is not positive definite. (in 'model_fix_mean_lap.stan', line 68, column 1 to column 21)
	Exception: model_fix_mean_lap_model_namespace::log_prob: Sigma is not positive definite. (in 'model_fix_mean_lap.stan', line 68, column 1 to column 21)
	Exception: model_fix_mean_lap_model_namespace::log_prob: Sigma is not positive definite. (in 'model_fix_mean_lap.stan', line 68, column 1 to column 21)
	Exception: model_fix_mean_lap_model_namespace::log_prob: Sigma is not positive definite. (in 'model_fix_mean_lap.stan', line 68, column 1 to column 21)
	Exception: model_fix_mean_lap_model_namespace::log_prob: Sigma is not positive definite. (in 'model_fix_mean_lap.stan', line 68, column 1 to column 21)
	Exception: model_fix_mean_lap_model_namespace::log_prob: Sigma is not positive definite. (in 'model_fix_mean_lap.stan', line 68, column 1 to column 21)
	Exception: model_fix_mean_lap_model_namespace::log_prob: Sigma is not positive definite. (in 'model_fix_mean_lap.stan', line 68, column 1 to column 21)
	Exception: model_fix_mean_lap_model_namespace::log_prob: Sigma is not positive definite. (in 'model_fix_mean_lap.stan', line 68, column 1 to column 21)
	Exception: model_fix_mean_lap_model_namespace::log_prob: Sigma is not positive definite. (in 'model_fix_mean_lap.stan', line 68, column 1 to column 21)
	Exception: model_fix_mean_lap_model_namespace::log_prob: Sigma is not positive definite. (in 'model_fix_mean_lap.stan', line 68, column 1 to column 21)
	Exception: model_fix_mean_lap_model_namespace::log_prob: Sigma is not positive definite. (in 'model_fix_mean_lap.stan', line 68, column 1 to column 21)
	Exception: model_fix_mean_lap_model_namespace::log_prob: Sigma is not positive definite. (in 'model_fix_mean_lap.stan', line 68, column 1 to column 21)
	Exception: model_fix_mean_lap_model_namespace::log_prob: Sigma is not positive definite. (in 'model_fix_mean_lap.stan', line 68, column 1 to column 21)
	Exception: model_fix_mean_lap_model_namespace::log_prob: Sigma is not positive definite. (in 'model_fix_mean_lap.stan', line 68, column 1 to column 21)
	Exception: model_fix_mean_lap_model_namespace::log_prob: Sigma is not positive definite. (in 'model_fix_mean_lap.stan', line 68, column 1 to column 21)
	Exception: model_fix_mean_lap_model_namespace::log_prob: Sigma is not positive definite. (in 'model_fix_mean_lap.stan', line 68, column 1 to column 21)
	Exception: model_fix_mean_lap_model_namespace::log_prob: Sigma is not positive definite. (in 'model_fix_mean_lap.stan', line 68, column 1 to column 21)
	Exception: model_fix_mean_lap_model_namespace::log_prob: Sigma is not positive definite. (in 'model_fix_mean_lap.stan', line 68, column 1 to column 21)
	Exception: model_fix_mean_lap_model_namespace::log_prob: Sigma is not positive definite. (in 'model_fix_mean_lap.stan', line 68, column 1 to column 21)
	Exception: model_fix_mean_lap_model_namespace::log_prob: Sigma is not positive definite. (in 'model_fix_mean_lap.stan', line 68, column 1 to column 21)
	Exception: model_fix_mean_lap_model_namespace::log_prob: Sigma is not positive definite. (in 'model_fix_mean_lap.stan', line 68, column 1 to column 21)
	Exception: model_fix_mean_lap_model_namespace::log_prob: Sigma is not positive definite. (in 'model_fix_mean_lap.stan', line 68, column 1 to column 21)
	Exception: model_fix_mean_lap_model_namespace::log_prob: Sigma is not positive definite. (in 'model_fix_mean_lap.stan', line 68, column 1 to column 21)
	Exception: model_fix_mean_lap_model_namespace::log_prob: Sigma is not positive definite. (in 'model_fix_mean_lap.stan', line 68, column 1 to column 21)
	Exception: model_fix_mean_lap_model_namespace::log_prob: Sigma is not positive definite. (in 'model_fix_mean_lap.stan', line 68, column 1 to column 21)
	Exception: model_fix_mean_lap_model_namespace::log_prob: Sigma is not positive definite. (in 'model_fix_mean_lap.stan', line 68, column 1 to column 21)
	Exception: model_fix_mean_lap_model_namespace::log_prob: Sigma is not positive definite. (in 'model_fix_mean_lap.stan', line 68, column 1 to column 21)
	Exception: model_fix_mean_lap_model_namespace::log_prob: Sigma is not positive definite. (in 'model_fix_mean_lap.stan', line 68, column 1 to column 21)
	Exception: model_fix_mean_lap_model_namespace::log_prob: Sigma is not positive definite. (in 'model_fix_mean_lap.stan', line 68, column 1 to column 21)
	Exception: model_fix_mean_lap_model_namespace::log_prob: Sigma is not positive definite. (in 'model_fix_mean_lap.stan', line 68, column 1 to column 21)
	Exception: model_fix_mean_lap_model_namespace::log_prob: Sigma is not positive definite. (in 'model_fix_mean_lap.stan', line 68, column 1 to column 21)
	Exception: model_fix_mean_lap_model_namespace::log_prob: Sigma is not positive definite. (in 'model_fix_mean_lap.stan', line 68, column 1 to column 21)
	Exception: model_fix_mean_lap_model_namespace::log_prob: Sigma is not positive definite. (in 'model_fix_mean_lap.stan', line 68, column 1 to column 21)
	Exception: model_fix_mean_lap_model_namespace::log_prob: Sigma is not positive definite. (in 'model_fix_mean_lap.stan', line 68, column 1 to column 21)
	Exception: model_fix_mean_lap_model_namespace::log_prob: Sigma is not positive definite. (in 'model_fix_mean_lap.stan', line 68, column 1 to column 21)
	Exception: model_fix_mean_lap_model_namespace::log_prob: Sigma is not positive definite. (in 'model_fix_mean_lap.stan', line 68, column 1 to column 21)
	Exception: model_fix_mean_lap_model_namespace::log_prob: Sigma is not positive definite. (in 'model_fix_mean_lap.stan', line 68, column 1 to column 21)
	Exception: model_fix_mean_lap_model_namespace::log_prob: Sigma is not positive definite. (in 'model_fix_mean_lap.stan', line 68, column 1 to column 21)
	Exception: model_fix_mean_lap_model_namespace::log_prob: Sigma is not positive definite. (in 'model_fix_mean_lap.stan', line 68, column 1 to column 21)
	Exception: model_fix_mean_lap_model_namespace::log_prob: Sigma is not positive definite. (in 'model_fix_mean_lap.stan', line 68, column 1 to column 21)
	Exception: model_fix_mean_lap_model_namespace::log_prob: Sigma is not positive definite. (in 'model_fix_mean_lap.stan', line 68, column 1 to column 21)
	Exception: model_fix_mean_lap_model_namespace::log_prob: Sigma is not positive definite. (in 'model_fix_mean_lap.stan', line 68, column 1 to column 21)
	Exception: model_fix_mean_lap_model_namespace::log_prob: Sigma is not positive definite. (in 'model_fix_mean_lap.stan', line 68, column 1 to column 21)
	Exception: model_fix_mean_lap_model_namespace::log_prob: Sigma is not positive definite. (in 'model_fix_mean_lap.stan', line 68, column 1 to column 21)
	Exception: model_fix_mean_lap_model_namespace::log_prob: Sigma is not positive definite. (in 'model_fix_mean_lap.stan', line 68, column 1 to column 21)
	Exception: model_fix_mean_lap_model_namespace::log_prob: Sigma is not positive definite. (in 'model_fix_mean_lap.stan', line 68, column 1 to column 21)
	Exception: model_fix_mean_lap_model_namespace::log_prob: Sigma is not positive definite. (in 'model_fix_mean_lap.stan', line 68, column 1 to column 21)
	Exception: model_fix_mean_lap_model_namespace::log_prob: Sigma is not positive definite. (in 'model_fix_mean_lap.stan', line 68, column 1 to column 21)
	Exception: model_fix_mean_lap_model_namespace::log_prob: Sigma is not positive definite. (in 'model_fix_mean_lap.stan', line 68, column 1 to column 21)
	Exception: model_fix_mean_lap_model_namespace::log_prob: Sigma is not positive definite. (in 'model_fix_mean_lap.stan', line 68, column 1 to column 21)
	Exception: model_fix_mean_lap_model_namespace::log_prob: Sigma is not positive definite. (in 'model_fix_mean_lap.stan', line 68, column 1 to column 21)
	Exception: model_fix_mean_lap_model_namespace::log_prob: Sigma is not positive definite. (in 'model_fix_mean_lap.stan', line 68, column 1 to column 21)
	Exception: model_fix_mean_lap_model_namespace::log_prob: Sigma is not positive definite. (in 'model_fix_mean_lap.stan', line 68, column 1 to column 21)
	Exception: model_fix_mean_lap_model_namespace::log_prob: Sigma is not positive definite. (in 'model_fix_mean_lap.stan', line 68, column 1 to column 21)
	Exception: model_fix_mean_lap_model_namespace::log_prob: Sigma is not positive definite. (in 'model_fix_mean_lap.stan', line 68, column 1 to column 21)
	Exception: model_fix_mean_lap_model_namespace::log_prob: Sigma is not positive definite. (in 'model_fix_mean_lap.stan', line 68, column 1 to column 21)
	Exception: model_fix_mean_lap_model_namespace::log_prob: Sigma is not positive definite. (in 'model_fix_mean_lap.stan', line 68, column 1 to column 21)
	Exception: model_fix_mean_lap_model_namespace::log_prob: Sigma is not positive definite. (in 'model_fix_mean_lap.stan', line 68, column 1 to column 21)
	Exception: model_fix_mean_lap_model_namespace::log_prob: Sigma is not positive definite. (in 'model_fix_mean_lap.stan', line 68, column 1 to column 21)
	Exception: model_fix_mean_lap_model_namespace::log_prob: Sigma is not positive definite. (in 'model_fix_mean_lap.stan', line 68, column 1 to column 21)
	Exception: model_fix_mean_lap_model_namespace::log_prob: Sigma is not positive definite. (in 'model_fix_mean_lap.stan', line 68, column 1 to column 21)
	Exception: model_fix_mean_lap_model_namespace::log_prob: Sigma is not positive definite. (in 'model_fix_mean_lap.stan', line 68, column 1 to column 21)
	Exception: model_fix_mean_lap_model_namespace::log_prob: Sigma is not positive definite. (in 'model_fix_mean_lap.stan', line 68, column 1 to column 21)
	Exception: model_fix_mean_lap_model_namespace::log_prob: Sigma is not positive definite. (in 'model_fix_mean_lap.stan', line 68, column 1 to column 21)
	Exception: model_fix_mean_lap_model_namespace::log_prob: Sigma is not positive definite. (in 'model_fix_mean_lap.stan', line 68, column 1 to column 21)
	Exception: model_fix_mean_lap_model_namespace::log_prob: Sigma is not positive definite. (in 'model_fix_mean_lap.stan', line 68, column 1 to column 21)
	Exception: model_fix_mean_lap_model_namespace::log_prob: Sigma is not positive definite. (in 'model_fix_mean_lap.stan', line 68, column 1 to column 21)
	Exception: model_fix_mean_lap_model_namespace::log_prob: Sigma is not positive definite. (in 'model_fix_mean_lap.stan', line 68, column 1 to column 21)
	Exception: model_fix_mean_lap_model_namespace::log_prob: Sigma is not positive definite. (in 'model_fix_mean_lap.stan', line 68, column 1 to column 21)
	Exception: model_fix_mean_lap_model_namespace::log_prob: Sigma is not positive definite. (in 'model_fix_mean_lap.stan', line 68, column 1 to column 21)
	Exception: model_fix_mean_lap_model_namespace::log_prob: Sigma is not positive definite. (in 'model_fix_mean_lap.stan', line 68, column 1 to column 21)
	Exception: model_fix_mean_lap_model_namespace::log_prob: Sigma is not positive definite. (in 'model_fix_mean_lap.stan', line 68, column 1 to column 21)
	Exception: model_fix_mean_lap_model_namespace::log_prob: Sigma is not positive definite. (in 'model_fix_mean_lap.stan', line 68, column 1 to column 21)
	Exception: model_fix_mean_lap_model_namespace::log_prob: Sigma is not positive definite. (in 'model_fix_mean_lap.stan', line 68, column 1 to column 21)
	Exception: model_fix_mean_lap_model_namespace::log_prob: Sigma is not positive definite. (in 'model_fix_mean_lap.stan', line 68, column 1 to column 21)
	Exception: model_fix_mean_lap_model_namespace::log_prob: Sigma is not positive definite. (in 'model_fix_mean_lap.stan', line 68, column 1 to column 21)
	Exception: model_fix_mean_lap_model_namespace::log_prob: Sigma is not positive definite. (in 'model_fix_mean_lap.stan', line 68, column 1 to column 21)
	Exception: model_fix_mean_lap_model_namespace::log_prob: Sigma is not positive definite. (in 'model_fix_mean_lap.stan', line 68, column 1 to column 21)
	Exception: model_fix_mean_lap_model_namespace::log_prob: Sigma is not positive definite. (in 'model_fix_mean_lap.stan', line 68, column 1 to column 21)
	Exception: model_fix_mean_lap_model_namespace::log_prob: Sigma is not positive definite. (in 'model_fix_mean_lap.stan', line 68, column 1 to column 21)
	Exception: model_fix_mean_lap_model_namespace::log_prob: Sigma is not positive definite. (in 'model_fix_mean_lap.stan', line 68, column 1 to column 21)
	Exception: model_fix_mean_lap_model_namespace::log_prob: Sigma is not positive definite. (in 'model_fix_mean_lap.stan', line 68, column 1 to column 21)
	Exception: model_fix_mean_lap_model_namespace::log_prob: Sigma is not positive definite. (in 'model_fix_mean_lap.stan', line 68, column 1 to column 21)
	Exception: model_fix_mean_lap_model_namespace::log_prob: Sigma is not positive definite. (in 'model_fix_mean_lap.stan', line 68, column 1 to column 21)
	Exception: model_fix_mean_lap_model_namespace::log_prob: Sigma is not positive definite. (in 'model_fix_mean_lap.stan', line 68, column 1 to column 21)
	Exception: model_fix_mean_lap_model_namespace::log_prob: Sigma is not positive definite. (in 'model_fix_mean_lap.stan', line 68, column 1 to column 21)
	Exception: model_fix_mean_lap_model_namespace::log_prob: Sigma is not positive definite. (in 'model_fix_mean_lap.stan', line 68, column 1 to column 21)
	Exception: model_fix_mean_lap_model_namespace::log_prob: Sigma is not positive definite. (in 'model_fix_mean_lap.stan', line 68, column 1 to column 21)
	Exception: model_fix_mean_lap_model_namespace::log_prob: Sigma is not positive definite. (in 'model_fix_mean_lap.stan', line 68, column 1 to column 21)
	Exception: model_fix_mean_lap_model_namespace::log_prob: Sigma is not positive definite. (in 'model_fix_mean_lap.stan', line 68, column 1 to column 21)
	Exception: model_fix_mean_lap_model_namespace::log_prob: Sigma is not positive definite. (in 'model_fix_mean_lap.stan', line 68, column 1 to column 21)
	Exception: model_fix_mean_lap_model_namespace::log_prob: Sigma is not positive definite. (in 'model_fix_mean_lap.stan', line 68, column 1 to column 21)
	Exception: model_fix_mean_lap_model_namespace::log_prob: Sigma is not positive definite. (in 'model_fix_mean_lap.stan', line 68, column 1 to column 21)
	Exception: model_fix_mean_lap_model_namespace::log_prob: Sigma is not positive definite. (in 'model_fix_mean_lap.stan', line 68, column 1 to column 21)
	Exception: model_fix_mean_lap_model_namespace::log_prob: Sigma is not positive definite. (in 'model_fix_mean_lap.stan', line 68, column 1 to column 21)
	Exception: model_fix_mean_lap_model_namespace::log_prob: Sigma is not positive definite. (in 'model_fix_mean_lap.stan', line 68, column 1 to column 21)
	Exception: model_fix_mean_lap_model_namespace::log_prob: Sigma is not positive definite. (in 'model_fix_mean_lap.stan', line 68, column 1 to column 21)
	Exception: model_fix_mean_lap_model_namespace::log_prob: Sigma is not positive definite. (in 'model_fix_mean_lap.stan', line 68, column 1 to column 21)
	Exception: model_fix_mean_lap_model_namespace::log_prob: Sigma is not positive definite. (in 'model_fix_mean_lap.stan', line 68, column 1 to column 21)
	Exception: model_fix_mean_lap_model_namespace::log_prob: Sigma is not positive definite. (in 'model_fix_mean_lap.stan', line 68, column 1 to column 21)
	Exception: model_fix_mean_lap_model_namespace::log_prob: Sigma is not positive definite. (in 'model_fix_mean_lap.stan', line 68, column 1 to column 21)
	Exception: model_fix_mean_lap_model_namespace::log_prob: Sigma is not positive definite. (in 'model_fix_mean_lap.stan', line 68, column 1 to column 21)
	Exception: model_fix_mean_lap_model_namespace::log_prob: Sigma is not positive definite. (in 'model_fix_mean_lap.stan', line 68, column 1 to column 21)
	Exception: model_fix_mean_lap_model_namespace::log_prob: Sigma is not positive definite. (in 'model_fix_mean_lap.stan', line 68, column 1 to column 21)
	Exception: model_fix_mean_lap_model_namespace::log_prob: Sigma is not positive definite. (in 'model_fix_mean_lap.stan', line 68, column 1 to column 21)
	Exception: model_fix_mean_lap_model_namespace::log_prob: Sigma is not positive definite. (in 'model_fix_mean_lap.stan', line 68, column 1 to column 21)
	Exception: model_fix_mean_lap_model_namespace::log_prob: Sigma is not positive definite. (in 'model_fix_mean_lap.stan', line 68, column 1 to column 21)
	Exception: model_fix_mean_lap_model_namespace::log_prob: Sigma is not positive definite. (in 'model_fix_mean_lap.stan', line 68, column 1 to column 21)
	Exception: model_fix_mean_lap_model_namespace::log_prob: Sigma is not positive definite. (in 'model_fix_mean_lap.stan', line 68, column 1 to column 21)
	Exception: model_fix_mean_lap_model_namespace::log_prob: Sigma is not positive definite. (in 'model_fix_mean_lap.stan', line 68, column 1 to column 21)
	Exception: model_fix_mean_lap_model_namespace::log_prob: Sigma is not positive definite. (in 'model_fix_mean_lap.stan', line 68, column 1 to column 21)
	Exception: model_fix_mean_lap_model_namespace::log_prob: Sigma is not positive definite. (in 'model_fix_mean_lap.stan', line 68, column 1 to column 21)
	Exception: model_fix_mean_lap_model_namespace::log_prob: Sigma is not positive definite. (in 'model_fix_mean_lap.stan', line 68, column 1 to column 21)
	Exception: model_fix_mean_lap_model_namespace::log_prob: Sigma is not positive definite. (in 'model_fix_mean_lap.stan', line 68, column 1 to column 21)
	Exception: model_fix_mean_lap_model_namespace::log_prob: Sigma is not positive definite. (in 'model_fix_mean_lap.stan', line 68, column 1 to column 21)
	Exception: model_fix_mean_lap_model_namespace::log_prob: Sigma is not positive definite. (in 'model_fix_mean_lap.stan', line 68, column 1 to column 21)
	Exception: model_fix_mean_lap_model_namespace::log_prob: Sigma is not positive definite. (in 'model_fix_mean_lap.stan', line 68, column 1 to column 21)
	Exception: model_fix_mean_lap_model_namespace::log_prob: Sigma is not positive definite. (in 'model_fix_mean_lap.stan', line 68, column 1 to column 21)
	Exception: model_fix_mean_lap_model_namespace::log_prob: Sigma is not positive definite. (in 'model_fix_mean_lap.stan', line 68, column 1 to column 21)
	Exception: model_fix_mean_lap_model_namespace::log_prob: Sigma is not positive definite. (in 'model_fix_mean_lap.stan', line 68, column 1 to column 21)
	Exception: model_fix_mean_lap_model_namespace::log_prob: Sigma is not positive definite. (in 'model_fix_mean_lap.stan', line 68, column 1 to column 21)
	Exception: model_fix_mean_lap_model_namespace::log_prob: Sigma is not positive definite. (in 'model_fix_mean_lap.stan', line 68, column 1 to column 21)
	Exception: model_fix_mean_lap_model_namespace::log_prob: Sigma is not positive definite. (in 'model_fix_mean_lap.stan', line 68, column 1 to column 21)
	Exception: model_fix_mean_lap_model_namespace::log_prob: Sigma is not positive definite. (in 'model_fix_mean_lap.stan', line 68, column 1 to column 21)
	Exception: model_fix_mean_lap_model_namespace::log_prob: Sigma is not positive definite. (in 'model_fix_mean_lap.stan', line 68, column 1 to column 21)
	Exception: model_fix_mean_lap_model_namespace::log_prob: Sigma is not positive definite. (in 'model_fix_mean_lap.stan', line 68, column 1 to column 21)
	Exception: model_fix_mean_lap_model_namespace::log_prob: Sigma is not positive definite. (in 'model_fix_mean_lap.stan', line 68, column 1 to column 21)
	Exception: model_fix_mean_lap_model_namespace::log_prob: Sigma is not positive definite. (in 'model_fix_mean_lap.stan', line 68, column 1 to column 21)
	Exception: model_fix_mean_lap_model_namespace::log_prob: Sigma is not positive definite. (in 'model_fix_mean_lap.stan', line 68, column 1 to column 21)
	Exception: model_fix_mean_lap_model_namespace::log_prob: Sigma is not positive definite. (in 'model_fix_mean_lap.stan', line 68, column 1 to column 21)
	Exception: model_fix_mean_lap_model_namespace::log_prob: Sigma is not positive definite. (in 'model_fix_mean_lap.stan', line 68, column 1 to column 21)
	Exception: model_fix_mean_lap_model_namespace::log_prob: Sigma is not positive definite. (in 'model_fix_mean_lap.stan', line 68, column 1 to column 21)
	Exception: model_fix_mean_lap_model_namespace::log_prob: Sigma is not positive definite. (in 'model_fix_mean_lap.stan', line 68, column 1 to column 21)
	Exception: model_fix_mean_lap_model_namespace::log_prob: Sigma is not positive definite. (in 'model_fix_mean_lap.stan', line 68, column 1 to column 21)
	Exception: model_fix_mean_lap_model_namespace::log_prob: Sigma is not positive definite. (in 'model_fix_mean_lap.stan', line 68, column 1 to column 21)
	Exception: model_fix_mean_lap_model_namespace::log_prob: Sigma is not positive definite. (in 'model_fix_mean_lap.stan', line 68, column 1 to column 21)
	Exception: model_fix_mean_lap_model_namespace::log_prob: Sigma is not positive definite. (in 'model_fix_mean_lap.stan', line 68, column 1 to column 21)
	Exception: model_fix_mean_lap_model_namespace::log_prob: Sigma is not positive definite. (in 'model_fix_mean_lap.stan', line 68, column 1 to column 21)
	Exception: model_fix_mean_lap_model_namespace::log_prob: Sigma is not positive definite. (in 'model_fix_mean_lap.stan', line 68, column 1 to column 21)
	Exception: model_fix_mean_lap_model_namespace::log_prob: Sigma is not positive definite. (in 'model_fix_mean_lap.stan', line 68, column 1 to column 21)
	Exception: model_fix_mean_lap_model_namespace::log_prob: Sigma is not positive definite. (in 'model_fix_mean_lap.stan', line 68, column 1 to column 21)
	Exception: model_fix_mean_lap_model_namespace::log_prob: Sigma is not positive definite. (in 'model_fix_mean_lap.stan', line 68, column 1 to column 21)
	Exception: model_fix_mean_lap_model_namespace::log_prob: Sigma is not positive definite. (in 'model_fix_mean_lap.stan', line 68, column 1 to column 21)
	Exception: model_fix_mean_lap_model_namespace::log_prob: Sigma is not positive definite. (in 'model_fix_mean_lap.stan', line 68, column 1 to column 21)
	Exception: model_fix_mean_lap_model_namespace::log_prob: Sigma is not positive definite. (in 'model_fix_mean_lap.stan', line 68, column 1 to column 21)
	Exception: model_fix_mean_lap_model_namespace::log_prob: Sigma is not positive definite. (in 'model_fix_mean_lap.stan', line 68, column 1 to column 21)
	Exception: model_fix_mean_lap_model_namespace::log_prob: Sigma is not positive definite. (in 'model_fix_mean_lap.stan', line 68, column 1 to column 21)
	Exception: model_fix_mean_lap_model_namespace::log_prob: Sigma is not positive definite. (in 'model_fix_mean_lap.stan', line 68, column 1 to column 21)
	Exception: model_fix_mean_lap_model_namespace::log_prob: Sigma is not positive definite. (in 'model_fix_mean_lap.stan', line 68, column 1 to column 21)
	Exception: model_fix_mean_lap_model_namespace::log_prob: Sigma is not positive definite. (in 'model_fix_mean_lap.stan', line 68, column 1 to column 21)
	Exception: model_fix_mean_lap_model_namespace::log_prob: Sigma is not positive definite. (in 'model_fix_mean_lap.stan', line 68, column 1 to column 21)
	Exception: model_fix_mean_lap_model_namespace::log_prob: Sigma is not positive definite. (in 'model_fix_mean_lap.stan', line 68, column 1 to column 21)
	Exception: model_fix_mean_lap_model_namespace::log_prob: Sigma is not positive definite. (in 'model_fix_mean_lap.stan', line 68, column 1 to column 21)
	Exception: model_fix_mean_lap_model_namespace::log_prob: Sigma is not positive definite. (in 'model_fix_mean_lap.stan', line 68, column 1 to column 21)
	Exception: model_fix_mean_lap_model_namespace::log_prob: Sigma is not positive definite. (in 'model_fix_mean_lap.stan', line 68, column 1 to column 21)
	Exception: model_fix_mean_lap_model_namespace::log_prob: Sigma is not positive definite. (in 'model_fix_mean_lap.stan', line 68, column 1 to column 21)
	Exception: model_fix_mean_lap_model_namespace::log_prob: Sigma is not positive definite. (in 'model_fix_mean_lap.stan', line 68, column 1 to column 21)
	Exception: model_fix_mean_lap_model_namespace::log_prob: Sigma is not positive definite. (in 'model_fix_mean_lap.stan', line 68, column 1 to column 21)
	Exception: model_fix_mean_lap_model_namespace::log_prob: Sigma is not positive definite. (in 'model_fix_mean_lap.stan', line 68, column 1 to column 21)
	Exception: model_fix_mean_lap_model_namespace::log_prob: Sigma is not positive definite. (in 'model_fix_mean_lap.stan', line 68, column 1 to column 21)
	Exception: model_fix_mean_lap_model_namespace::log_prob: Sigma is not positive definite. (in 'model_fix_mean_lap.stan', line 68, column 1 to column 21)
	Exception: model_fix_mean_lap_model_namespace::log_prob: Sigma is not positive definite. (in 'model_fix_mean_lap.stan', line 68, column 1 to column 21)
	Exception: model_fix_mean_lap_model_namespace::log_prob: Sigma is not positive definite. (in 'model_fix_mean_lap.stan', line 68, column 1 to column 21)
	Exception: model_fix_mean_lap_model_namespace::log_prob: Sigma is not positive definite. (in 'model_fix_mean_lap.stan', line 68, column 1 to column 21)
	Exception: model_fix_mean_lap_model_namespace::log_prob: Sigma is not positive definite. (in 'model_fix_mean_lap.stan', line 68, column 1 to column 21)
	Exception: model_fix_mean_lap_model_namespace::log_prob: Sigma is not positive definite. (in 'model_fix_mean_lap.stan', line 68, column 1 to column 21)
	Exception: model_fix_mean_lap_model_namespace::log_prob: Sigma is not positive definite. (in 'model_fix_mean_lap.stan', line 68, column 1 to column 21)
	Exception: model_fix_mean_lap_model_namespace::log_prob: Sigma is not positive definite. (in 'model_fix_mean_lap.stan', line 68, column 1 to column 21)
	Exception: model_fix_mean_lap_model_namespace::log_prob: Sigma is not positive definite. (in 'model_fix_mean_lap.stan', line 68, column 1 to column 21)
	Exception: model_fix_mean_lap_model_namespace::log_prob: Sigma is not positive definite. (in 'model_fix_mean_lap.stan', line 68, column 1 to column 21)
	Exception: model_fix_mean_lap_model_namespace::log_prob: Sigma is not positive definite. (in 'model_fix_mean_lap.stan', line 68, column 1 to column 21)
	Exception: model_fix_mean_lap_model_namespace::log_prob: Sigma is not positive definite. (in 'model_fix_mean_lap.stan', line 68, column 1 to column 21)
	Exception: model_fix_mean_lap_model_namespace::log_prob: Sigma is not positive definite. (in 'model_fix_mean_lap.stan', line 68, column 1 to column 21)
	Exception: model_fix_mean_lap_model_namespace::log_prob: Sigma is not positive definite. (in 'model_fix_mean_lap.stan', line 68, column 1 to column 21)
	Exception: model_fix_mean_lap_model_namespace::log_prob: Sigma is not positive definite. (in 'model_fix_mean_lap.stan', line 68, column 1 to column 21)
	Exception: model_fix_mean_lap_model_namespace::log_prob: Sigma is not positive definite. (in 'model_fix_mean_lap.stan', line 68, column 1 to column 21)
	Exception: model_fix_mean_lap_model_namespace::log_prob: Sigma is not positive definite. (in 'model_fix_mean_lap.stan', line 68, column 1 to column 21)
	Exception: model_fix_mean_lap_model_namespace::log_prob: Sigma is not positive definite. (in 'model_fix_mean_lap.stan', line 68, column 1 to column 21)
	Exception: model_fix_mean_lap_model_namespace::log_prob: Sigma is not positive definite. (in 'model_fix_mean_lap.stan', line 68, column 1 to column 21)
	Exception: model_fix_mean_lap_model_namespace::log_prob: Sigma is not positive definite. (in 'model_fix_mean_lap.stan', line 68, column 1 to column 21)
	Exception: model_fix_mean_lap_model_namespace::log_prob: Sigma is not positive definite. (in 'model_fix_mean_lap.stan', line 68, column 1 to column 21)
	Exception: model_fix_mean_lap_model_namespace::log_prob: Sigma is not positive definite. (in 'model_fix_mean_lap.stan', line 68, column 1 to column 21)
	Exception: model_fix_mean_lap_model_namespace::log_prob: Sigma is not positive definite. (in 'model_fix_mean_lap.stan', line 68, column 1 to column 21)
	Exception: model_fix_mean_lap_model_namespace::log_prob: Sigma is not positive definite. (in 'model_fix_mean_lap.stan', line 68, column 1 to column 21)
	Exception: model_fix_mean_lap_model_namespace::log_prob: Sigma is not positive definite. (in 'model_fix_mean_lap.stan', line 68, column 1 to column 21)
	Exception: model_fix_mean_lap_model_namespace::log_prob: Sigma is not positive definite. (in 'model_fix_mean_lap.stan', line 68, column 1 to column 21)
	Exception: model_fix_mean_lap_model_namespace::log_prob: Sigma is not positive definite. (in 'model_fix_mean_lap.stan', line 68, column 1 to column 21)
	Exception: model_fix_mean_lap_model_namespace::log_prob: Sigma is not positive definite. (in 'model_fix_mean_lap.stan', line 68, column 1 to column 21)
	Exception: model_fix_mean_lap_model_namespace::log_prob: Sigma is not positive definite. (in 'model_fix_mean_lap.stan', line 68, column 1 to column 21)
	Exception: model_fix_mean_lap_model_namespace::log_prob: Sigma is not positive definite. (in 'model_fix_mean_lap.stan', line 68, column 1 to column 21)
	Exception: model_fix_mean_lap_model_namespace::log_prob: Sigma is not positive definite. (in 'model_fix_mean_lap.stan', line 68, column 1 to column 21)
	Exception: model_fix_mean_lap_model_namespace::log_prob: Sigma is not positive definite. (in 'model_fix_mean_lap.stan', line 68, column 1 to column 21)
	Exception: model_fix_mean_lap_model_namespace::log_prob: Sigma is not positive definite. (in 'model_fix_mean_lap.stan', line 68, column 1 to column 21)
	Exception: model_fix_mean_lap_model_namespace::log_prob: Sigma is not positive definite. (in 'model_fix_mean_lap.stan', line 68, column 1 to column 21)
	Exception: model_fix_mean_lap_model_namespace::log_prob: Sigma is not positive definite. (in 'model_fix_mean_lap.stan', line 68, column 1 to column 21)
	Exception: model_fix_mean_lap_model_namespace::log_prob: Sigma is not positive definite. (in 'model_fix_mean_lap.stan', line 68, column 1 to column 21)
	Exception: model_fix_mean_lap_model_namespace::log_prob: Sigma is not positive definite. (in 'model_fix_mean_lap.stan', line 68, column 1 to column 21)
	Exception: model_fix_mean_lap_model_namespace::log_prob: Sigma is not positive definite. (in 'model_fix_mean_lap.stan', line 68, column 1 to column 21)
	Exception: model_fix_mean_lap_model_namespace::log_prob: Sigma is not positive definite. (in 'model_fix_mean_lap.stan', line 68, column 1 to column 21)
	Exception: model_fix_mean_lap_model_namespace::log_prob: Sigma is not positive definite. (in 'model_fix_mean_lap.stan', line 68, column 1 to column 21)
	Exception: model_fix_mean_lap_model_namespace::log_prob: Sigma is not positive definite. (in 'model_fix_mean_lap.stan', line 68, column 1 to column 21)
	Exception: model_fix_mean_lap_model_namespace::log_prob: Sigma is not positive definite. (in 'model_fix_mean_lap.stan', line 68, column 1 to column 21)
	Exception: model_fix_mean_lap_model_namespace::log_prob: Sigma is not positive definite. (in 'model_fix_mean_lap.stan', line 68, column 1 to column 21)
	Exception: model_fix_mean_lap_model_namespace::log_prob: Sigma is not positive definite. (in 'model_fix_mean_lap.stan', line 68, column 1 to column 21)
	Exception: model_fix_mean_lap_model_namespace::log_prob: Sigma is not positive definite. (in 'model_fix_mean_lap.stan', line 68, column 1 to column 21)
	Exception: model_fix_mean_lap_model_namespace::log_prob: Sigma is not positive definite. (in 'model_fix_mean_lap.stan', line 68, column 1 to column 21)
	Exception: model_fix_mean_lap_model_namespace::log_prob: Sigma is not positive definite. (in 'model_fix_mean_lap.stan', line 68, column 1 to column 21)
	Exception: model_fix_mean_lap_model_namespace::log_prob: Sigma is not positive definite. (in 'model_fix_mean_lap.stan', line 68, column 1 to column 21)
	Exception: model_fix_mean_lap_model_namespace::log_prob: Sigma is not positive definite. (in 'model_fix_mean_lap.stan', line 68, column 1 to column 21)
	Exception: model_fix_mean_lap_model_namespace::log_prob: Sigma is not positive definite. (in 'model_fix_mean_lap.stan', line 68, column 1 to column 21)
	Exception: model_fix_mean_lap_model_namespace::log_prob: Sigma is not positive definite. (in 'model_fix_mean_lap.stan', line 68, column 1 to column 21)
	Exception: model_fix_mean_lap_model_namespace::log_prob: Sigma is not positive definite. (in 'model_fix_mean_lap.stan', line 68, column 1 to column 21)
	Exception: model_fix_mean_lap_model_namespace::log_prob: Sigma is not positive definite. (in 'model_fix_mean_lap.stan', line 68, column 1 to column 21)
	Exception: model_fix_mean_lap_model_namespace::log_prob: Sigma is not positive definite. (in 'model_fix_mean_lap.stan', line 68, column 1 to column 21)
	Exception: model_fix_mean_lap_model_namespace::log_prob: Sigma is not positive definite. (in 'model_fix_mean_lap.stan', line 68, column 1 to column 21)
	Exception: model_fix_mean_lap_model_namespace::log_prob: Sigma is not positive definite. (in 'model_fix_mean_lap.stan', line 68, column 1 to column 21)
	Exception: model_fix_mean_lap_model_namespace::log_prob: Sigma is not positive definite. (in 'model_fix_mean_lap.stan', line 68, column 1 to column 21)
	Exception: model_fix_mean_lap_model_namespace::log_prob: Sigma is not positive definite. (in 'model_fix_mean_lap.stan', line 68, column 1 to column 21)
	Exception: model_fix_mean_lap_model_namespace::log_prob: Sigma is not positive definite. (in 'model_fix_mean_lap.stan', line 68, column 1 to column 21)
	Exception: model_fix_mean_lap_model_namespace::log_prob: Sigma is not positive definite. (in 'model_fix_mean_lap.stan', line 68, column 1 to column 21)
	Exception: model_fix_mean_lap_model_namespace::log_prob: Sigma is not positive definite. (in 'model_fix_mean_lap.stan', line 68, column 1 to column 21)
	Exception: model_fix_mean_lap_model_namespace::log_prob: Sigma is not positive definite. (in 'model_fix_mean_lap.stan', line 68, column 1 to column 21)
	Exception: model_fix_mean_lap_model_namespace::log_prob: Sigma is not positive definite. (in 'model_fix_mean_lap.stan', line 68, column 1 to column 21)
	Exception: model_fix_mean_lap_model_namespace::log_prob: Sigma is not positive definite. (in 'model_fix_mean_lap.stan', line 68, column 1 to column 21)
	Exception: model_fix_mean_lap_model_namespace::log_prob: Sigma is not positive definite. (in 'model_fix_mean_lap.stan', line 68, column 1 to column 21)
	Exception: model_fix_mean_lap_model_namespace::log_prob: Sigma is not positive definite. (in 'model_fix_mean_lap.stan', line 68, column 1 to column 21)
	Exception: model_fix_mean_lap_model_namespace::log_prob: Sigma is not positive definite. (in 'model_fix_mean_lap.stan', line 68, column 1 to column 21)
	Exception: model_fix_mean_lap_model_namespace::log_prob: Sigma is not positive definite. (in 'model_fix_mean_lap.stan', line 68, column 1 to column 21)
	Exception: model_fix_mean_lap_model_namespace::log_prob: Sigma is not positive definite. (in 'model_fix_mean_lap.stan', line 68, column 1 to column 21)
	Exception: model_fix_mean_lap_model_namespace::log_prob: Sigma is not positive definite. (in 'model_fix_mean_lap.stan', line 68, column 1 to column 21)
	Exception: model_fix_mean_lap_model_namespace::log_prob: Sigma is not positive definite. (in 'model_fix_mean_lap.stan', line 68, column 1 to column 21)
	Exception: model_fix_mean_lap_model_namespace::log_prob: Sigma is not positive definite. (in 'model_fix_mean_lap.stan', line 68, column 1 to column 21)
	Exception: model_fix_mean_lap_model_namespace::log_prob: Sigma is not positive definite. (in 'model_fix_mean_lap.stan', line 68, column 1 to column 21)
	Exception: model_fix_mean_lap_model_namespace::log_prob: Sigma is not positive definite. (in 'model_fix_mean_lap.stan', line 68, column 1 to column 21)
	Exception: model_fix_mean_lap_model_namespace::log_prob: Sigma is not positive definite. (in 'model_fix_mean_lap.stan', line 68, column 1 to column 21)
	Exception: model_fix_mean_lap_model_namespace::log_prob: Sigma is not positive definite. (in 'model_fix_mean_lap.stan', line 68, column 1 to column 21)
	Exception: model_fix_mean_lap_model_namespace::log_prob: Sigma is not positive definite. (in 'model_fix_mean_lap.stan', line 68, column 1 to column 21)
	Exception: model_fix_mean_lap_model_namespace::log_prob: Sigma is not positive definite. (in 'model_fix_mean_lap.stan', line 68, column 1 to column 21)
	Exception: model_fix_mean_lap_model_namespace::log_prob: Sigma is not positive definite. (in 'model_fix_mean_lap.stan', line 68, column 1 to column 21)
	Exception: model_fix_mean_lap_model_namespace::log_prob: Sigma is not positive definite. (in 'model_fix_mean_lap.stan', line 68, column 1 to column 21)
	Exception: model_fix_mean_lap_model_namespace::log_prob: Sigma is not positive definite. (in 'model_fix_mean_lap.stan', line 68, column 1 to column 21)
	Exception: model_fix_mean_lap_model_namespace::log_prob: Sigma is not positive definite. (in 'model_fix_mean_lap.stan', line 68, column 1 to column 21)
	Exception: model_fix_mean_lap_model_namespace::log_prob: Sigma is not positive definite. (in 'model_fix_mean_lap.stan', line 68, column 1 to column 21)
	Exception: model_fix_mean_lap_model_namespace::log_prob: Sigma is not positive definite. (in 'model_fix_mean_lap.stan', line 68, column 1 to column 21)
	Exception: model_fix_mean_lap_model_namespace::log_prob: Sigma is not positive definite. (in 'model_fix_mean_lap.stan', line 68, column 1 to column 21)
	Exception: model_fix_mean_lap_model_namespace::log_prob: Sigma is not positive definite. (in 'model_fix_mean_lap.stan', line 68, column 1 to column 21)
	Exception: model_fix_mean_lap_model_namespace::log_prob: Sigma is not positive definite. (in 'model_fix_mean_lap.stan', line 68, column 1 to column 21)
	Exception: model_fix_mean_lap_model_namespace::log_prob: Sigma is not positive definite. (in 'model_fix_mean_lap.stan', line 68, column 1 to column 21)
	Exception: model_fix_mean_lap_model_namespace::log_prob: Sigma is not positive definite. (in 'model_fix_mean_lap.stan', line 68, column 1 to column 21)
	Exception: model_fix_mean_lap_model_namespace::log_prob: Sigma is not positive definite. (in 'model_fix_mean_lap.stan', line 68, column 1 to column 21)
	Exception: model_fix_mean_lap_model_namespace::log_prob: Sigma is not positive definite. (in 'model_fix_mean_lap.stan', line 68, column 1 to column 21)
	Exception: model_fix_mean_lap_model_namespace::log_prob: Sigma is not positive definite. (in 'model_fix_mean_lap.stan', line 68, column 1 to column 21)
	Exception: model_fix_mean_lap_model_namespace::log_prob: Sigma is not positive definite. (in 'model_fix_mean_lap.stan', line 68, column 1 to column 21)
	Exception: model_fix_mean_lap_model_namespace::log_prob: Sigma is not positive definite. (in 'model_fix_mean_lap.stan', line 68, column 1 to column 21)
	Exception: model_fix_mean_lap_model_namespace::log_prob: Sigma is not positive definite. (in 'model_fix_mean_lap.stan', line 68, column 1 to column 21)
	Exception: model_fix_mean_lap_model_namespace::log_prob: Sigma is not positive definite. (in 'model_fix_mean_lap.stan', line 68, column 1 to column 21)
	Exception: model_fix_mean_lap_model_namespace::log_prob: Sigma is not positive definite. (in 'model_fix_mean_lap.stan', line 68, column 1 to column 21)
	Exception: model_fix_mean_lap_model_namespace::log_prob: Sigma is not positive definite. (in 'model_fix_mean_lap.stan', line 68, column 1 to column 21)
	Exception: model_fix_mean_lap_model_namespace::log_prob: Sigma is not positive definite. (in 'model_fix_mean_lap.stan', line 68, column 1 to column 21)
	Exception: model_fix_mean_lap_model_namespace::log_prob: Sigma is not positive definite. (in 'model_fix_mean_lap.stan', line 68, column 1 to column 21)
	Exception: model_fix_mean_lap_model_namespace::log_prob: Sigma is not positive definite. (in 'model_fix_mean_lap.stan', line 68, column 1 to column 21)
	Exception: model_fix_mean_lap_model_namespace::log_prob: Sigma is not positive definite. (in 'model_fix_mean_lap.stan', line 68, column 1 to column 21)
	Exception: model_fix_mean_lap_model_namespace::log_prob: Sigma is not positive definite. (in 'model_fix_mean_lap.stan', line 68, column 1 to column 21)
	Exception: model_fix_mean_lap_model_namespace::log_prob: Sigma is not positive definite. (in 'model_fix_mean_lap.stan', line 68, column 1 to column 21)
	Exception: model_fix_mean_lap_model_namespace::log_prob: Sigma is not positive definite. (in 'model_fix_mean_lap.stan', line 68, column 1 to column 21)
	Exception: model_fix_mean_lap_model_namespace::log_prob: Sigma is not positive definite. (in 'model_fix_mean_lap.stan', line 68, column 1 to column 21)
	Exception: model_fix_mean_lap_model_namespace::log_prob: Sigma is not positive definite. (in 'model_fix_mean_lap.stan', line 68, column 1 to column 21)
	Exception: model_fix_mean_lap_model_namespace::log_prob: Sigma is not positive definite. (in 'model_fix_mean_lap.stan', line 68, column 1 to column 21)
	Exception: model_fix_mean_lap_model_namespace::log_prob: Sigma is not positive definite. (in 'model_fix_mean_lap.stan', line 68, column 1 to column 21)
	Exception: model_fix_mean_lap_model_namespace::log_prob: Sigma is not positive definite. (in 'model_fix_mean_lap.stan', line 68, column 1 to column 21)
	Exception: model_fix_mean_lap_model_namespace::log_prob: Sigma is not positive definite. (in 'model_fix_mean_lap.stan', line 68, column 1 to column 21)
	Exception: model_fix_mean_lap_model_namespace::log_prob: Sigma is not positive definite. (in 'model_fix_mean_lap.stan', line 68, column 1 to column 21)
	Exception: model_fix_mean_lap_model_namespace::log_prob: Sigma is not positive definite. (in 'model_fix_mean_lap.stan', line 68, column 1 to column 21)
	Exception: model_fix_mean_lap_model_namespace::log_prob: Sigma is not positive definite. (in 'model_fix_mean_lap.stan', line 68, column 1 to column 21)
	Exception: model_fix_mean_lap_model_namespace::log_prob: Sigma is not positive definite. (in 'model_fix_mean_lap.stan', line 68, column 1 to column 21)
	Exception: model_fix_mean_lap_model_namespace::log_prob: Sigma is not positive definite. (in 'model_fix_mean_lap.stan', line 68, column 1 to column 21)
	Exception: model_fix_mean_lap_model_namespace::log_prob: Sigma is not positive definite. (in 'model_fix_mean_lap.stan', line 68, column 1 to column 21)
	Exception: model_fix_mean_lap_model_namespace::log_prob: Sigma is not positive definite. (in 'model_fix_mean_lap.stan', line 68, column 1 to column 21)
	Exception: model_fix_mean_lap_model_namespace::log_prob: Sigma is not positive definite. (in 'model_fix_mean_lap.stan', line 68, column 1 to column 21)
	Exception: model_fix_mean_lap_model_namespace::log_prob: Sigma is not positive definite. (in 'model_fix_mean_lap.stan', line 68, column 1 to column 21)
	Exception: model_fix_mean_lap_model_namespace::log_prob: Sigma is not positive definite. (in 'model_fix_mean_lap.stan', line 68, column 1 to column 21)
	Exception: model_fix_mean_lap_model_namespace::log_prob: Sigma is not positive definite. (in 'model_fix_mean_lap.stan', line 68, column 1 to column 21)
	Exception: model_fix_mean_lap_model_namespace::log_prob: Sigma is not positive definite. (in 'model_fix_mean_lap.stan', line 68, column 1 to column 21)
	Exception: model_fix_mean_lap_model_namespace::log_prob: Sigma is not positive definite. (in 'model_fix_mean_lap.stan', line 68, column 1 to column 21)
	Exception: model_fix_mean_lap_model_namespace::log_prob: Sigma is not positive definite. (in 'model_fix_mean_lap.stan', line 68, column 1 to column 21)
	Exception: model_fix_mean_lap_model_namespace::log_prob: Sigma is not positive definite. (in 'model_fix_mean_lap.stan', line 68, column 1 to column 21)
	Exception: model_fix_mean_lap_model_namespace::log_prob: Sigma is not positive definite. (in 'model_fix_mean_lap.stan', line 68, column 1 to column 21)
	Exception: model_fix_mean_lap_model_namespace::log_prob: Sigma is not positive definite. (in 'model_fix_mean_lap.stan', line 68, column 1 to column 21)
	Exception: model_fix_mean_lap_model_namespace::log_prob: Sigma is not positive definite. (in 'model_fix_mean_lap.stan', line 68, column 1 to column 21)
	Exception: model_fix_mean_lap_model_namespace::log_prob: Sigma is not positive definite. (in 'model_fix_mean_lap.stan', line 68, column 1 to column 21)
	Exception: model_fix_mean_lap_model_namespace::log_prob: Sigma is not positive definite. (in 'model_fix_mean_lap.stan', line 68, column 1 to column 21)
	Exception: model_fix_mean_lap_model_namespace::log_prob: Sigma is not positive definite. (in 'model_fix_mean_lap.stan', line 68, column 1 to column 21)
	Exception: model_fix_mean_lap_model_namespace::log_prob: Sigma is not positive definite. (in 'model_fix_mean_lap.stan', line 68, column 1 to column 21)
	Exception: model_fix_mean_lap_model_namespace::log_prob: Sigma is not positive definite. (in 'model_fix_mean_lap.stan', line 68, column 1 to column 21)
	Exception: model_fix_mean_lap_model_namespace::log_prob: Sigma is not positive definite. (in 'model_fix_mean_lap.stan', line 68, column 1 to column 21)
	Exception: model_fix_mean_lap_model_namespace::log_prob: Sigma is not positive definite. (in 'model_fix_mean_lap.stan', line 68, column 1 to column 21)
	Exception: model_fix_mean_lap_model_namespace::log_prob: Sigma is not positive definite. (in 'model_fix_mean_lap.stan', line 68, column 1 to column 21)
	Exception: model_fix_mean_lap_model_namespace::log_prob: Sigma is not positive definite. (in 'model_fix_mean_lap.stan', line 68, column 1 to column 21)
	Exception: model_fix_mean_lap_model_namespace::log_prob: Sigma is not positive definite. (in 'model_fix_mean_lap.stan', line 68, column 1 to column 21)
	Exception: model_fix_mean_lap_model_namespace::log_prob: Sigma is not positive definite. (in 'model_fix_mean_lap.stan', line 68, column 1 to column 21)
	Exception: model_fix_mean_lap_model_namespace::log_prob: Sigma is not positive definite. (in 'model_fix_mean_lap.stan', line 68, column 1 to column 21)
	Exception: model_fix_mean_lap_model_namespace::log_prob: Sigma is not positive definite. (in 'model_fix_mean_lap.stan', line 68, column 1 to column 21)
	Exception: model_fix_mean_lap_model_namespace::log_prob: Sigma is not positive definite. (in 'model_fix_mean_lap.stan', line 68, column 1 to column 21)
	Exception: model_fix_mean_lap_model_namespace::log_prob: Sigma is not positive definite. (in 'model_fix_mean_lap.stan', line 68, column 1 to column 21)
	Exception: model_fix_mean_lap_model_namespace::log_prob: Sigma is not positive definite. (in 'model_fix_mean_lap.stan', line 68, column 1 to column 21)
	Exception: model_fix_mean_lap_model_namespace::log_prob: Sigma is not positive definite. (in 'model_fix_mean_lap.stan', line 68, column 1 to column 21)
	Exception: model_fix_mean_lap_model_namespace::log_prob: Sigma is not positive definite. (in 'model_fix_mean_lap.stan', line 68, column 1 to column 21)
	Exception: model_fix_mean_lap_model_namespace::log_prob: Sigma is not positive definite. (in 'model_fix_mean_lap.stan', line 68, column 1 to column 21)
	Exception: model_fix_mean_lap_model_namespace::log_prob: Sigma is not positive definite. (in 'model_fix_mean_lap.stan', line 68, column 1 to column 21)
	Exception: model_fix_mean_lap_model_namespace::log_prob: Sigma is not positive definite. (in 'model_fix_mean_lap.stan', line 68, column 1 to column 21)
	Exception: model_fix_mean_lap_model_namespace::log_prob: Sigma is not positive definite. (in 'model_fix_mean_lap.stan', line 68, column 1 to column 21)
	Exception: model_fix_mean_lap_model_namespace::log_prob: Sigma is not positive definite. (in 'model_fix_mean_lap.stan', line 68, column 1 to column 21)
	Exception: model_fix_mean_lap_model_namespace::log_prob: Sigma is not positive definite. (in 'model_fix_mean_lap.stan', line 68, column 1 to column 21)
	Exception: model_fix_mean_lap_model_namespace::log_prob: Sigma is not positive definite. (in 'model_fix_mean_lap.stan', line 68, column 1 to column 21)
	Exception: model_fix_mean_lap_model_namespace::log_prob: Sigma is not positive definite. (in 'model_fix_mean_lap.stan', line 68, column 1 to column 21)
	Exception: model_fix_mean_lap_model_namespace::log_prob: Sigma is not positive definite. (in 'model_fix_mean_lap.stan', line 68, column 1 to column 21)
	Exception: model_fix_mean_lap_model_namespace::log_prob: Sigma is not positive definite. (in 'model_fix_mean_lap.stan', line 68, column 1 to column 21)
	Exception: model_fix_mean_lap_model_namespace::log_prob: Sigma is not positive definite. (in 'model_fix_mean_lap.stan', line 68, column 1 to column 21)
	Exception: model_fix_mean_lap_model_namespace::log_prob: Sigma is not positive definite. (in 'model_fix_mean_lap.stan', line 68, column 1 to column 21)
	Exception: model_fix_mean_lap_model_namespace::log_prob: Sigma is not positive definite. (in 'model_fix_mean_lap.stan', line 68, column 1 to column 21)
	Exception: model_fix_mean_lap_model_namespace::log_prob: Sigma is not positive definite. (in 'model_fix_mean_lap.stan', line 68, column 1 to column 21)
	Exception: model_fix_mean_lap_model_namespace::log_prob: Sigma is not positive definite. (in 'model_fix_mean_lap.stan', line 68, column 1 to column 21)
	Exception: model_fix_mean_lap_model_namespace::log_prob: Sigma is not positive definite. (in 'model_fix_mean_lap.stan', line 68, column 1 to column 21)
	Exception: model_fix_mean_lap_model_namespace::log_prob: Sigma is not positive definite. (in 'model_fix_mean_lap.stan', line 68, column 1 to column 21)
	Exception: model_fix_mean_lap_model_namespace::log_prob: Sigma is not positive definite. (in 'model_fix_mean_lap.stan', line 68, column 1 to column 21)
	Exception: model_fix_mean_lap_model_namespace::log_prob: Sigma is not positive definite. (in 'model_fix_mean_lap.stan', line 68, column 1 to column 21)
	Exception: model_fix_mean_lap_model_namespace::log_prob: Sigma is not positive definite. (in 'model_fix_mean_lap.stan', line 68, column 1 to column 21)
	Exception: model_fix_mean_lap_model_namespace::log_prob: Sigma is not positive definite. (in 'model_fix_mean_lap.stan', line 68, column 1 to column 21)
	Exception: model_fix_mean_lap_model_namespace::log_prob: Sigma is not positive definite. (in 'model_fix_mean_lap.stan', line 68, column 1 to column 21)
	Exception: model_fix_mean_lap_model_namespace::log_prob: Sigma is not positive definite. (in 'model_fix_mean_lap.stan', line 68, column 1 to column 21)
	Exception: model_fix_mean_lap_model_namespace::log_prob: Sigma is not positive definite. (in 'model_fix_mean_lap.stan', line 68, column 1 to column 21)
	Exception: model_fix_mean_lap_model_namespace::log_prob: Sigma is not positive definite. (in 'model_fix_mean_lap.stan', line 68, column 1 to column 21)
	Exception: model_fix_mean_lap_model_namespace::log_prob: Sigma is not positive definite. (in 'model_fix_mean_lap.stan', line 68, column 1 to column 21)
	Exception: model_fix_mean_lap_model_namespace::log_prob: Sigma is not positive definite. (in 'model_fix_mean_lap.stan', line 68, column 1 to column 21)
	Exception: model_fix_mean_lap_model_namespace::log_prob: Sigma is not positive definite. (in 'model_fix_mean_lap.stan', line 68, column 1 to column 21)
	Exception: model_fix_mean_lap_model_namespace::log_prob: Sigma is not positive definite. (in 'model_fix_mean_lap.stan', line 68, column 1 to column 21)
	Exception: model_fix_mean_lap_model_namespace::log_prob: Sigma is not positive definite. (in 'model_fix_mean_lap.stan', line 68, column 1 to column 21)
	Exception: model_fix_mean_lap_model_namespace::log_prob: Sigma is not positive definite. (in 'model_fix_mean_lap.stan', line 68, column 1 to column 21)
	Exception: model_fix_mean_lap_model_namespace::log_prob: Sigma is not positive definite. (in 'model_fix_mean_lap.stan', line 68, column 1 to column 21)
	Exception: model_fix_mean_lap_model_namespace::log_prob: Sigma is not positive definite. (in 'model_fix_mean_lap.stan', line 68, column 1 to column 21)
	Exception: model_fix_mean_lap_model_namespace::log_prob: Sigma is not positive definite. (in 'model_fix_mean_lap.stan', line 68, column 1 to column 21)
	Exception: model_fix_mean_lap_model_namespace::log_prob: Sigma is not positive definite. (in 'model_fix_mean_lap.stan', line 68, column 1 to column 21)
	Exception: model_fix_mean_lap_model_namespace::log_prob: Sigma is not positive definite. (in 'model_fix_mean_lap.stan', line 68, column 1 to column 21)
	Exception: model_fix_mean_lap_model_namespace::log_prob: Sigma is not positive definite. (in 'model_fix_mean_lap.stan', line 68, column 1 to column 21)
	Exception: model_fix_mean_lap_model_namespace::log_prob: Sigma is not positive definite. (in 'model_fix_mean_lap.stan', line 68, column 1 to column 21)
	Exception: model_fix_mean_lap_model_namespace::log_prob: Sigma is not positive definite. (in 'model_fix_mean_lap.stan', line 68, column 1 to column 21)
	Exception: model_fix_mean_lap_model_namespace::log_prob: Sigma is not positive definite. (in 'model_fix_mean_lap.stan', line 68, column 1 to column 21)
	Exception: model_fix_mean_lap_model_namespace::log_prob: Sigma is not positive definite. (in 'model_fix_mean_lap.stan', line 68, column 1 to column 21)
	Exception: model_fix_mean_lap_model_namespace::log_prob: Sigma is not positive definite. (in 'model_fix_mean_lap.stan', line 68, column 1 to column 21)
	Exception: model_fix_mean_lap_model_namespace::log_prob: Sigma is not positive definite. (in 'model_fix_mean_lap.stan', line 68, column 1 to column 21)
	Exception: model_fix_mean_lap_model_namespace::log_prob: Sigma is not positive definite. (in 'model_fix_mean_lap.stan', line 68, column 1 to column 21)
	Exception: model_fix_mean_lap_model_namespace::log_prob: Sigma is not positive definite. (in 'model_fix_mean_lap.stan', line 68, column 1 to column 21)
	Exception: model_fix_mean_lap_model_namespace::log_prob: Sigma is not positive definite. (in 'model_fix_mean_lap.stan', line 68, column 1 to column 21)
	Exception: model_fix_mean_lap_model_namespace::log_prob: Sigma is not positive definite. (in 'model_fix_mean_lap.stan', line 68, column 1 to column 21)
	Exception: model_fix_mean_lap_model_namespace::log_prob: Sigma is not positive definite. (in 'model_fix_mean_lap.stan', line 68, column 1 to column 21)
	Exception: model_fix_mean_lap_model_namespace::log_prob: Sigma is not positive definite. (in 'model_fix_mean_lap.stan', line 68, column 1 to column 21)
	Exception: model_fix_mean_lap_model_namespace::log_prob: Sigma is not positive definite. (in 'model_fix_mean_lap.stan', line 68, column 1 to column 21)
	Exception: model_fix_mean_lap_model_namespace::log_prob: Sigma is not positive definite. (in 'model_fix_mean_lap.stan', line 68, column 1 to column 21)
	Exception: model_fix_mean_lap_model_namespace::log_prob: Sigma is not positive definite. (in 'model_fix_mean_lap.stan', line 68, column 1 to column 21)
	Exception: model_fix_mean_lap_model_namespace::log_prob: Sigma is not positive definite. (in 'model_fix_mean_lap.stan', line 68, column 1 to column 21)
	Exception: model_fix_mean_lap_model_namespace::log_prob: Sigma is not positive definite. (in 'model_fix_mean_lap.stan', line 68, column 1 to column 21)
	Exception: model_fix_mean_lap_model_namespace::log_prob: Sigma is not positive definite. (in 'model_fix_mean_lap.stan', line 68, column 1 to column 21)
	Exception: model_fix_mean_lap_model_namespace::log_prob: Sigma is not positive definite. (in 'model_fix_mean_lap.stan', line 68, column 1 to column 21)
	Exception: model_fix_mean_lap_model_namespace::log_prob: Sigma is not positive definite. (in 'model_fix_mean_lap.stan', line 68, column 1 to column 21)
	Exception: model_fix_mean_lap_model_namespace::log_prob: Sigma is not positive definite. (in 'model_fix_mean_lap.stan', line 68, column 1 to column 21)
	Exception: model_fix_mean_lap_model_namespace::log_prob: Sigma is not positive definite. (in 'model_fix_mean_lap.stan', line 68, column 1 to column 21)
	Exception: model_fix_mean_lap_model_namespace::log_prob: Sigma is not positive definite. (in 'model_fix_mean_lap.stan', line 68, column 1 to column 21)
	Exception: model_fix_mean_lap_model_namespace::log_prob: Sigma is not positive definite. (in 'model_fix_mean_lap.stan', line 68, column 1 to column 21)
	Exception: model_fix_mean_lap_model_namespace::log_prob: Sigma is not positive definite. (in 'model_fix_mean_lap.stan', line 68, column 1 to column 21)
	Exception: model_fix_mean_lap_model_namespace::log_prob: Sigma is not positive definite. (in 'model_fix_mean_lap.stan', line 68, column 1 to column 21)
	Exception: model_fix_mean_lap_model_namespace::log_prob: Sigma is not positive definite. (in 'model_fix_mean_lap.stan', line 68, column 1 to column 21)
	Exception: model_fix_mean_lap_model_namespace::log_prob: Sigma is not positive definite. (in 'model_fix_mean_lap.stan', line 68, column 1 to column 21)
	Exception: model_fix_mean_lap_model_namespace::log_prob: Sigma is not positive definite. (in 'model_fix_mean_lap.stan', line 68, column 1 to column 21)
	Exception: model_fix_mean_lap_model_namespace::log_prob: Sigma is not positive definite. (in 'model_fix_mean_lap.stan', line 68, column 1 to column 21)
	Exception: model_fix_mean_lap_model_namespace::log_prob: Sigma is not positive definite. (in 'model_fix_mean_lap.stan', line 68, column 1 to column 21)
	Exception: model_fix_mean_lap_model_namespace::log_prob: Sigma is not positive definite. (in 'model_fix_mean_lap.stan', line 68, column 1 to column 21)
	Exception: model_fix_mean_lap_model_namespace::log_prob: Sigma is not positive definite. (in 'model_fix_mean_lap.stan', line 68, column 1 to column 21)
	Exception: model_fix_mean_lap_model_namespace::log_prob: Sigma is not positive definite. (in 'model_fix_mean_lap.stan', line 68, column 1 to column 21)
	Exception: model_fix_mean_lap_model_namespace::log_prob: Sigma is not positive definite. (in 'model_fix_mean_lap.stan', line 68, column 1 to column 21)
	Exception: model_fix_mean_lap_model_namespace::log_prob: Sigma is not positive definite. (in 'model_fix_mean_lap.stan', line 68, column 1 to column 21)
	Exception: model_fix_mean_lap_model_namespace::log_prob: Sigma is not positive definite. (in 'model_fix_mean_lap.stan', line 68, column 1 to column 21)
	Exception: model_fix_mean_lap_model_namespace::log_prob: Sigma is not positive definite. (in 'model_fix_mean_lap.stan', line 68, column 1 to column 21)
	Exception: model_fix_mean_lap_model_namespace::log_prob: Sigma is not positive definite. (in 'model_fix_mean_lap.stan', line 68, column 1 to column 21)
	Exception: model_fix_mean_lap_model_namespace::log_prob: Sigma is not positive definite. (in 'model_fix_mean_lap.stan', line 68, column 1 to column 21)
	Exception: model_fix_mean_lap_model_namespace::log_prob: Sigma is not positive definite. (in 'model_fix_mean_lap.stan', line 68, column 1 to column 21)
	Exception: model_fix_mean_lap_model_namespace::log_prob: Sigma is not positive definite. (in 'model_fix_mean_lap.stan', line 68, column 1 to column 21)
	Exception: model_fix_mean_lap_model_namespace::log_prob: Sigma is not positive definite. (in 'model_fix_mean_lap.stan', line 68, column 1 to column 21)
	Exception: model_fix_mean_lap_model_namespace::log_prob: Sigma is not positive definite. (in 'model_fix_mean_lap.stan', line 68, column 1 to column 21)
	Exception: model_fix_mean_lap_model_namespace::log_prob: Sigma is not positive definite. (in 'model_fix_mean_lap.stan', line 68, column 1 to column 21)
	Exception: model_fix_mean_lap_model_namespace::log_prob: Sigma is not positive definite. (in 'model_fix_mean_lap.stan', line 68, column 1 to column 21)
	Exception: model_fix_mean_lap_model_namespace::log_prob: Sigma is not positive definite. (in 'model_fix_mean_lap.stan', line 68, column 1 to column 21)
	Exception: model_fix_mean_lap_model_namespace::log_prob: Sigma is not positive definite. (in 'model_fix_mean_lap.stan', line 68, column 1 to column 21)
	Exception: model_fix_mean_lap_model_namespace::log_prob: Sigma is not positive definite. (in 'model_fix_mean_lap.stan', line 68, column 1 to column 21)
	Exception: model_fix_mean_lap_model_namespace::log_prob: Sigma is not positive definite. (in 'model_fix_mean_lap.stan', line 68, column 1 to column 21)
	Exception: model_fix_mean_lap_model_namespace::log_prob: Sigma is not positive definite. (in 'model_fix_mean_lap.stan', line 68, column 1 to column 21)
	Exception: model_fix_mean_lap_model_namespace::log_prob: Sigma is not positive definite. (in 'model_fix_mean_lap.stan', line 68, column 1 to column 21)
	Exception: model_fix_mean_lap_model_namespace::log_prob: Sigma is not positive definite. (in 'model_fix_mean_lap.stan', line 68, column 1 to column 21)
	Exception: model_fix_mean_lap_model_namespace::log_prob: Sigma is not positive definite. (in 'model_fix_mean_lap.stan', line 68, column 1 to column 21)
	Exception: model_fix_mean_lap_model_namespace::log_prob: Sigma is not positive definite. (in 'model_fix_mean_lap.stan', line 68, column 1 to column 21)
	Exception: model_fix_mean_lap_model_namespace::log_prob: Sigma is not positive definite. (in 'model_fix_mean_lap.stan', line 68, column 1 to column 21)
	Exception: model_fix_mean_lap_model_namespace::log_prob: Sigma is not positive definite. (in 'model_fix_mean_lap.stan', line 68, column 1 to column 21)
	Exception: model_fix_mean_lap_model_namespace::log_prob: Sigma is not positive definite. (in 'model_fix_mean_lap.stan', line 68, column 1 to column 21)
	Exception: model_fix_mean_lap_model_namespace::log_prob: Sigma is not positive definite. (in 'model_fix_mean_lap.stan', line 68, column 1 to column 21)
	Exception: model_fix_mean_lap_model_namespace::log_prob: Sigma is not positive definite. (in 'model_fix_mean_lap.stan', line 68, column 1 to column 21)
	Exception: model_fix_mean_lap_model_namespace::log_prob: Sigma is not positive definite. (in 'model_fix_mean_lap.stan', line 68, column 1 to column 21)
	Exception: model_fix_mean_lap_model_namespace::log_prob: Sigma is not positive definite. (in 'model_fix_mean_lap.stan', line 68, column 1 to column 21)
	Exception: model_fix_mean_lap_model_namespace::log_prob: Sigma is not positive definite. (in 'model_fix_mean_lap.stan', line 68, column 1 to column 21)
	Exception: model_fix_mean_lap_model_namespace::log_prob: Sigma is not positive definite. (in 'model_fix_mean_lap.stan', line 68, column 1 to column 21)
	Exception: model_fix_mean_lap_model_namespace::log_prob: Sigma is not positive definite. (in 'model_fix_mean_lap.stan', line 68, column 1 to column 21)
	Exception: model_fix_mean_lap_model_namespace::log_prob: Sigma is not positive definite. (in 'model_fix_mean_lap.stan', line 68, column 1 to column 21)
	Exception: model_fix_mean_lap_model_namespace::log_prob: Sigma is not positive definite. (in 'model_fix_mean_lap.stan', line 68, column 1 to column 21)
	Exception: model_fix_mean_lap_model_namespace::log_prob: Sigma is not positive definite. (in 'model_fix_mean_lap.stan', line 68, column 1 to column 21)
	Exception: model_fix_mean_lap_model_namespace::log_prob: Sigma is not positive definite. (in 'model_fix_mean_lap.stan', line 68, column 1 to column 21)
	Exception: model_fix_mean_lap_model_namespace::log_prob: Sigma is not positive definite. (in 'model_fix_mean_lap.stan', line 68, column 1 to column 21)
	Exception: model_fix_mean_lap_model_namespace::log_prob: Sigma is not positive definite. (in 'model_fix_mean_lap.stan', line 68, column 1 to column 21)
	Exception: model_fix_mean_lap_model_namespace::log_prob: Sigma is not positive definite. (in 'model_fix_mean_lap.stan', line 68, column 1 to column 21)
	Exception: model_fix_mean_lap_model_namespace::log_prob: Sigma is not positive definite. (in 'model_fix_mean_lap.stan', line 68, column 1 to column 21)
	Exception: model_fix_mean_lap_model_namespace::log_prob: Sigma is not positive definite. (in 'model_fix_mean_lap.stan', line 68, column 1 to column 21)
	Exception: model_fix_mean_lap_model_namespace::log_prob: Sigma is not positive definite. (in 'model_fix_mean_lap.stan', line 68, column 1 to column 21)
	Exception: model_fix_mean_lap_model_namespace::log_prob: Sigma is not positive definite. (in 'model_fix_mean_lap.stan', line 68, column 1 to column 21)
	Exception: model_fix_mean_lap_model_namespace::log_prob: Sigma is not positive definite. (in 'model_fix_mean_lap.stan', line 68, column 1 to column 21)
	Exception: model_fix_mean_lap_model_namespace::log_prob: Sigma is not positive definite. (in 'model_fix_mean_lap.stan', line 68, column 1 to column 21)
Exception: model_fix_mean_lap_model_namespace::log_prob: Omega is not positive definite. (in 'model_fix_mean_lap.stan', line 67, column 1 to column 22)
	Exception: model_fix_mean_lap_model_namespace::log_prob: Omega is not positive definite. (in 'model_fix_mean_lap.stan', line 67, column 1 to column 22)
	Exception: model_fix_mean_lap_model_namespace::log_prob: Omega is not positive definite. (in 'model_fix_mean_lap.stan', line 67, column 1 to column 22)
	Exception: model_fix_mean_lap_model_namespace::log_prob: Omega is not positive definite. (in 'model_fix_mean_lap.stan', line 67, column 1 to column 22)
	Exception: model_fix_mean_lap_model_namespace::log_prob: Sigma is not positive definite. (in 'model_fix_mean_lap.stan', line 68, column 1 to column 21)
	Exception: model_fix_mean_lap_model_namespace::log_prob: Sigma is not positive definite. (in 'model_fix_mean_lap.stan', line 68, column 1 to column 21)
	Exception: model_fix_mean_lap_model_namespace::log_prob: Sigma is not positive definite. (in 'model_fix_mean_lap.stan', line 68, column 1 to column 21)
	Exception: model_fix_mean_lap_model_namespace::log_prob: Omega is not positive definite. (in 'model_fix_mean_lap.stan', line 67, column 1 to column 22)
	Exception: model_fix_mean_lap_model_namespace::log_prob: Omega is not positive definite. (in 'model_fix_mean_lap.stan', line 67, column 1 to column 22)
	Exception: model_fix_mean_lap_model_namespace::log_prob: Sigma is not positive definite. (in 'model_fix_mean_lap.stan', line 68, column 1 to column 21)
	Exception: multi_normal_lpdf: Location parameter[1] is -inf, but must be finite! (in 'model_fix_mean_lap.stan', line 140, column 12 to column 74)
	Exception: model_fix_mean_lap_model_namespace::log_prob: Sigma is not positive definite. (in 'model_fix_mean_lap.stan', line 68, column 1 to column 21)
Exception: model_fix_mean_lap_model_namespace::log_prob: Sigma is not positive definite. (in 'model_fix_mean_lap.stan', line 68, column 1 to column 21)
	Exception: model_fix_mean_lap_model_namespace::log_prob: Sigma is not positive definite. (in 'model_fix_mean_lap.stan', line 68, column 1 to column 21)
	Exception: model_fix_mean_lap_model_namespace::log_prob: Omega is not positive definite. (in 'model_fix_mean_lap.stan', line 67, column 1 to column 22)
	Exception: model_fix_mean_lap_model_namespace::log_prob: Omega is not positive definite. (in 'model_fix_mean_lap.stan', line 67, column 1 to column 22)
	Exception: model_fix_mean_lap_model_namespace::log_prob: Omega is not positive definite. (in 'model_fix_mean_lap.stan', line 67, column 1 to column 22)
	Exception: model_fix_mean_lap_model_namespace::log_prob: Omega is not positive definite. (in 'model_fix_mean_lap.stan', line 67, column 1 to column 22)
	Exception: model_fix_mean_lap_model_namespace::log_prob: Sigma is not positive definite. (in 'model_fix_mean_lap.stan', line 68, column 1 to column 21)
	Exception: model_fix_mean_lap_model_namespace::log_prob: Sigma is not positive definite. (in 'model_fix_mean_lap.stan', line 68, column 1 to column 21)
	Exception: model_fix_mean_lap_model_namespace::log_prob: Sigma is not positive definite. (in 'model_fix_mean_lap.stan', line 68, column 1 to column 21)
	Exception: model_fix_mean_lap_model_namespace::log_prob: Sigma is not positive definite. (in 'model_fix_mean_lap.stan', line 68, column 1 to column 21)
	Exception: model_fix_mean_lap_model_namespace::log_prob: Omega is not positive definite. (in 'model_fix_mean_lap.stan', line 67, column 1 to column 22)
	Exception: model_fix_mean_lap_model_namespace::log_prob: Sigma is not positive definite. (in 'model_fix_mean_lap.stan', line 68, column 1 to column 21)
	Exception: model_fix_mean_lap_model_namespace::log_prob: Sigma is not positive definite. (in 'model_fix_mean_lap.stan', line 68, column 1 to column 21)
	Exception: model_fix_mean_lap_model_namespace::log_prob: Sigma is not positive definite. (in 'model_fix_mean_lap.stan', line 68, column 1 to column 21)
	Exception: model_fix_mean_lap_model_namespace::log_prob: Sigma is not positive definite. (in 'model_fix_mean_lap.stan', line 68, column 1 to column 21)
	Exception: model_fix_mean_lap_model_namespace::log_prob: Sigma is not positive definite. (in 'model_fix_mean_lap.stan', line 68, column 1 to column 21)
	Exception: model_fix_mean_lap_model_namespace::log_prob: Sigma is not positive definite. (in 'model_fix_mean_lap.stan', line 68, column 1 to column 21)
	Exception: model_fix_mean_lap_model_namespace::log_prob: Sigma is not positive definite. (in 'model_fix_mean_lap.stan', line 68, column 1 to column 21)
	Exception: model_fix_mean_lap_model_namespace::log_prob: Sigma is not positive definite. (in 'model_fix_mean_lap.stan', line 68, column 1 to column 21)
	Exception: model_fix_mean_lap_model_namespace::log_prob: Sigma is not positive definite. (in 'model_fix_mean_lap.stan', line 68, column 1 to column 21)
Exception: model_fix_mean_lap_model_namespace::log_prob: Sigma is not positive definite. (in 'model_fix_mean_lap.stan', line 68, column 1 to column 21)
	Exception: model_fix_mean_lap_model_namespace::log_prob: Sigma is not positive definite. (in 'model_fix_mean_lap.stan', line 68, column 1 to column 21)
	Exception: model_fix_mean_lap_model_namespace::log_prob: Sigma is not positive definite. (in 'model_fix_mean_lap.stan', line 68, column 1 to column 21)
	Exception: model_fix_mean_lap_model_namespace::log_prob: Sigma is not positive definite. (in 'model_fix_mean_lap.stan', line 68, column 1 to column 21)
	Exception: model_fix_mean_lap_model_namespace::log_prob: Sigma is not positive definite. (in 'model_fix_mean_lap.stan', line 68, column 1 to column 21)
	Exception: model_fix_mean_lap_model_namespace::log_prob: Sigma is not positive definite. (in 'model_fix_mean_lap.stan', line 68, column 1 to column 21)
	Exception: model_fix_mean_lap_model_namespace::log_prob: Omega is not positive definite. (in 'model_fix_mean_lap.stan', line 67, column 1 to column 22)
	Exception: model_fix_mean_lap_model_namespace::log_prob: Omega is not positive definite. (in 'model_fix_mean_lap.stan', line 67, column 1 to column 22)
	Exception: model_fix_mean_lap_model_namespace::log_prob: Omega is not positive definite. (in 'model_fix_mean_lap.stan', line 67, column 1 to column 22)
	Exception: model_fix_mean_lap_model_namespace::log_prob: Omega is not positive definite. (in 'model_fix_mean_lap.stan', line 67, column 1 to column 22)
	Exception: model_fix_mean_lap_model_namespace::log_prob: Omega is not positive definite. (in 'model_fix_mean_lap.stan', line 67, column 1 to column 22)
	Exception: model_fix_mean_lap_model_namespace::log_prob: Omega is not positive definite. (in 'model_fix_mean_lap.stan', line 67, column 1 to column 22)
	Exception: model_fix_mean_lap_model_namespace::log_prob: Omega is not positive definite. (in 'model_fix_mean_lap.stan', line 67, column 1 to column 22)
	Exception: model_fix_mean_lap_model_namespace::log_prob: Sigma is not positive definite. (in 'model_fix_mean_lap.stan', line 68, column 1 to column 21)
	Exception: model_fix_mean_lap_model_namespace::log_prob: Sigma is not positive definite. (in 'model_fix_mean_lap.stan', line 68, column 1 to column 21)
	Exception: model_fix_mean_lap_model_namespace::log_prob: Sigma is not positive definite. (in 'model_fix_mean_lap.stan', line 68, column 1 to column 21)
	Exception: model_fix_mean_lap_model_namespace::log_prob: Sigma is not positive definite. (in 'model_fix_mean_lap.stan', line 68, column 1 to column 21)
	Exception: model_fix_mean_lap_model_namespace::log_prob: Omega is not positive definite. (in 'model_fix_mean_lap.stan', line 67, column 1 to column 22)
	Exception: model_fix_mean_lap_model_namespace::log_prob: Omega is not positive definite. (in 'model_fix_mean_lap.stan', line 67, column 1 to column 22)
	Exception: model_fix_mean_lap_model_namespace::log_prob: Sigma is not positive definite. (in 'model_fix_mean_lap.stan', line 68, column 1 to column 21)
	Exception: model_fix_mean_lap_model_namespace::log_prob: Sigma is not positive definite. (in 'model_fix_mean_lap.stan', line 68, column 1 to column 21)
	Exception: model_fix_mean_lap_model_namespace::log_prob: Sigma is not positive definite. (in 'model_fix_mean_lap.stan', line 68, column 1 to column 21)
	Exception: model_fix_mean_lap_model_namespace::log_prob: Sigma is not positive definite. (in 'model_fix_mean_lap.stan', line 68, column 1 to column 21)
	Exception: model_fix_mean_lap_model_namespace::log_prob: Sigma is not positive definite. (in 'model_fix_mean_lap.stan', line 68, column 1 to column 21)
	Exception: model_fix_mean_lap_model_namespace::log_prob: Sigma is not positive definite. (in 'model_fix_mean_lap.stan', line 68, column 1 to column 21)
	Exception: model_fix_mean_lap_model_namespace::log_prob: Sigma is not positive definite. (in 'model_fix_mean_lap.stan', line 68, column 1 to column 21)
	Exception: model_fix_mean_lap_model_namespace::log_prob: Sigma is not positive definite. (in 'model_fix_mean_lap.stan', line 68, column 1 to column 21)
	Exception: model_fix_mean_lap_model_namespace::log_prob: Sigma is not positive definite. (in 'model_fix_mean_lap.stan', line 68, column 1 to column 21)
	Exception: model_fix_mean_lap_model_namespace::log_prob: Sigma is not positive definite. (in 'model_fix_mean_lap.stan', line 68, column 1 to column 21)
Exception: model_fix_mean_lap_model_namespace::log_prob: Sigma is not positive definite. (in 'model_fix_mean_lap.stan', line 68, column 1 to column 21)
	Exception: model_fix_mean_lap_model_namespace::log_prob: Sigma is not positive definite. (in 'model_fix_mean_lap.stan', line 68, column 1 to column 21)
	Exception: model_fix_mean_lap_model_namespace::log_prob: Omega is not positive definite. (in 'model_fix_mean_lap.stan', line 67, column 1 to column 22)
	Exception: model_fix_mean_lap_model_namespace::log_prob: Omega is not positive definite. (in 'model_fix_mean_lap.stan', line 67, column 1 to column 22)
	Exception: model_fix_mean_lap_model_namespace::log_prob: Omega is not positive definite. (in 'model_fix_mean_lap.stan', line 67, column 1 to column 22)
	Exception: model_fix_mean_lap_model_namespace::log_prob: Sigma is not positive definite. (in 'model_fix_mean_lap.stan', line 68, column 1 to column 21)
	Exception: model_fix_mean_lap_model_namespace::log_prob: Sigma is not positive definite. (in 'model_fix_mean_lap.stan', line 68, column 1 to column 21)
	Exception: model_fix_mean_lap_model_namespace::log_prob: Sigma is not positive definite. (in 'model_fix_mean_lap.stan', line 68, column 1 to column 21)
	Exception: model_fix_mean_lap_model_namespace::log_prob: Omega is not positive definite. (in 'model_fix_mean_lap.stan', line 67, column 1 to column 22)
	Exception: model_fix_mean_lap_model_namespace::log_prob: Omega is not positive definite. (in 'model_fix_mean_lap.stan', line 67, column 1 to column 22)
	Exception: model_fix_mean_lap_model_namespace::log_prob: Sigma is not positive definite. (in 'model_fix_mean_lap.stan', line 68, column 1 to column 21)
	Exception: model_fix_mean_lap_model_namespace::log_prob: Sigma is not positive definite. (in 'model_fix_mean_lap.stan', line 68, column 1 to column 21)
	Exception: model_fix_mean_lap_model_namespace::log_prob: Sigma is not positive definite. (in 'model_fix_mean_lap.stan', line 68, column 1 to column 21)
	Exception: model_fix_mean_lap_model_namespace::log_prob: Sigma is not positive definite. (in 'model_fix_mean_lap.stan', line 68, column 1 to column 21)
	Exception: model_fix_mean_lap_model_namespace::log_prob: Sigma is not positive definite. (in 'model_fix_mean_lap.stan', line 68, column 1 to column 21)
	Exception: model_fix_mean_lap_model_namespace::log_prob: Sigma is not positive definite. (in 'model_fix_mean_lap.stan', line 68, column 1 to column 21)
	Exception: model_fix_mean_lap_model_namespace::log_prob: Sigma is not positive definite. (in 'model_fix_mean_lap.stan', line 68, column 1 to column 21)
	Exception: model_fix_mean_lap_model_namespace::log_prob: Sigma is not positive definite. (in 'model_fix_mean_lap.stan', line 68, column 1 to column 21)
	Exception: model_fix_mean_lap_model_namespace::log_prob: Sigma is not positive definite. (in 'model_fix_mean_lap.stan', line 68, column 1 to column 21)
	Exception: model_fix_mean_lap_model_namespace::log_prob: Sigma is not positive definite. (in 'model_fix_mean_lap.stan', line 68, column 1 to column 21)
	Exception: model_fix_mean_lap_model_namespace::log_prob: Sigma is not positive definite. (in 'model_fix_mean_lap.stan', line 68, column 1 to column 21)
	Exception: model_fix_mean_lap_model_namespace::log_prob: Sigma is not positive definite. (in 'model_fix_mean_lap.stan', line 68, column 1 to column 21)
	Exception: model_fix_mean_lap_model_namespace::log_prob: Sigma is not positive definite. (in 'model_fix_mean_lap.stan', line 68, column 1 to column 21)
	Exception: model_fix_mean_lap_model_namespace::log_prob: Sigma is not positive definite. (in 'model_fix_mean_lap.stan', line 68, column 1 to column 21)
	Exception: model_fix_mean_lap_model_namespace::log_prob: Sigma is not positive definite. (in 'model_fix_mean_lap.stan', line 68, column 1 to column 21)
	Exception: model_fix_mean_lap_model_namespace::log_prob: Sigma is not positive definite. (in 'model_fix_mean_lap.stan', line 68, column 1 to column 21)
	Exception: model_fix_mean_lap_model_namespace::log_prob: Sigma is not positive definite. (in 'model_fix_mean_lap.stan', line 68, column 1 to column 21)
	Exception: model_fix_mean_lap_model_namespace::log_prob: Sigma is not positive definite. (in 'model_fix_mean_lap.stan', line 68, column 1 to column 21)
	Exception: model_fix_mean_lap_model_namespace::log_prob: Sigma is not positive definite. (in 'model_fix_mean_lap.stan', line 68, column 1 to column 21)
	Exception: model_fix_mean_lap_model_namespace::log_prob: Sigma is not positive definite. (in 'model_fix_mean_lap.stan', line 68, column 1 to column 21)
	Exception: model_fix_mean_lap_model_namespace::log_prob: Sigma is not positive definite. (in 'model_fix_mean_lap.stan', line 68, column 1 to column 21)
	Exception: model_fix_mean_lap_model_namespace::log_prob: Sigma is not positive definite. (in 'model_fix_mean_lap.stan', line 68, column 1 to column 21)
	Exception: model_fix_mean_lap_model_namespace::log_prob: Sigma is not positive definite. (in 'model_fix_mean_lap.stan', line 68, column 1 to column 21)
	Exception: model_fix_mean_lap_model_namespace::log_prob: Sigma is not positive definite. (in 'model_fix_mean_lap.stan', line 68, column 1 to column 21)
	Exception: model_fix_mean_lap_model_namespace::log_prob: Sigma is not positive definite. (in 'model_fix_mean_lap.stan', line 68, column 1 to column 21)
	Exception: model_fix_mean_lap_model_namespace::log_prob: Sigma is not positive definite. (in 'model_fix_mean_lap.stan', line 68, column 1 to column 21)
	Exception: model_fix_mean_lap_model_namespace::log_prob: Sigma is not positive definite. (in 'model_fix_mean_lap.stan', line 68, column 1 to column 21)
	Exception: model_fix_mean_lap_model_namespace::log_prob: Sigma is not positive definite. (in 'model_fix_mean_lap.stan', line 68, column 1 to column 21)
	Exception: model_fix_mean_lap_model_namespace::log_prob: Sigma is not positive definite. (in 'model_fix_mean_lap.stan', line 68, column 1 to column 21)
	Exception: model_fix_mean_lap_model_namespace::log_prob: Sigma is not positive definite. (in 'model_fix_mean_lap.stan', line 68, column 1 to column 21)
	Exception: model_fix_mean_lap_model_namespace::log_prob: Sigma is not positive definite. (in 'model_fix_mean_lap.stan', line 68, column 1 to column 21)
	Exception: model_fix_mean_lap_model_namespace::log_prob: Sigma is not positive definite. (in 'model_fix_mean_lap.stan', line 68, column 1 to column 21)
	Exception: model_fix_mean_lap_model_namespace::log_prob: Sigma is not positive definite. (in 'model_fix_mean_lap.stan', line 68, column 1 to column 21)
	Exception: model_fix_mean_lap_model_namespace::log_prob: Sigma is not positive definite. (in 'model_fix_mean_lap.stan', line 68, column 1 to column 21)
	Exception: model_fix_mean_lap_model_namespace::log_prob: Sigma is not positive definite. (in 'model_fix_mean_lap.stan', line 68, column 1 to column 21)
	Exception: model_fix_mean_lap_model_namespace::log_prob: Sigma is not positive definite. (in 'model_fix_mean_lap.stan', line 68, column 1 to column 21)
	Exception: model_fix_mean_lap_model_namespace::log_prob: Sigma is not positive definite. (in 'model_fix_mean_lap.stan', line 68, column 1 to column 21)
	Exception: model_fix_mean_lap_model_namespace::log_prob: Sigma is not positive definite. (in 'model_fix_mean_lap.stan', line 68, column 1 to column 21)
	Exception: model_fix_mean_lap_model_namespace::log_prob: Sigma is not positive definite. (in 'model_fix_mean_lap.stan', line 68, column 1 to column 21)
	Exception: model_fix_mean_lap_model_namespace::log_prob: Sigma is not positive definite. (in 'model_fix_mean_lap.stan', line 68, column 1 to column 21)
	Exception: model_fix_mean_lap_model_namespace::log_prob: Sigma is not positive definite. (in 'model_fix_mean_lap.stan', line 68, column 1 to column 21)
	Exception: model_fix_mean_lap_model_namespace::log_prob: Sigma is not positive definite. (in 'model_fix_mean_lap.stan', line 68, column 1 to column 21)
	Exception: model_fix_mean_lap_model_namespace::log_prob: Sigma is not positive definite. (in 'model_fix_mean_lap.stan', line 68, column 1 to column 21)
	Exception: model_fix_mean_lap_model_namespace::log_prob: Sigma is not positive definite. (in 'model_fix_mean_lap.stan', line 68, column 1 to column 21)
	Exception: model_fix_mean_lap_model_namespace::log_prob: Sigma is not positive definite. (in 'model_fix_mean_lap.stan', line 68, column 1 to column 21)
	Exception: model_fix_mean_lap_model_namespace::log_prob: Sigma is not positive definite. (in 'model_fix_mean_lap.stan', line 68, column 1 to column 21)
	Exception: model_fix_mean_lap_model_namespace::log_prob: Sigma is not positive definite. (in 'model_fix_mean_lap.stan', line 68, column 1 to column 21)
	Exception: model_fix_mean_lap_model_namespace::log_prob: Sigma is not positive definite. (in 'model_fix_mean_lap.stan', line 68, column 1 to column 21)
	Exception: model_fix_mean_lap_model_namespace::log_prob: Sigma is not positive definite. (in 'model_fix_mean_lap.stan', line 68, column 1 to column 21)
	Exception: model_fix_mean_lap_model_namespace::log_prob: Sigma is not positive definite. (in 'model_fix_mean_lap.stan', line 68, column 1 to column 21)
	Exception: model_fix_mean_lap_model_namespace::log_prob: Sigma is not positive definite. (in 'model_fix_mean_lap.stan', line 68, column 1 to column 21)
	Exception: model_fix_mean_lap_model_namespace::log_prob: Sigma is not positive definite. (in 'model_fix_mean_lap.stan', line 68, column 1 to column 21)
	Exception: model_fix_mean_lap_model_namespace::log_prob: Sigma is not positive definite. (in 'model_fix_mean_lap.stan', line 68, column 1 to column 21)
	Exception: model_fix_mean_lap_model_namespace::log_prob: Sigma is not positive definite. (in 'model_fix_mean_lap.stan', line 68, column 1 to column 21)
	Exception: model_fix_mean_lap_model_namespace::log_prob: Sigma is not positive definite. (in 'model_fix_mean_lap.stan', line 68, column 1 to column 21)
	Exception: model_fix_mean_lap_model_namespace::log_prob: Sigma is not positive definite. (in 'model_fix_mean_lap.stan', line 68, column 1 to column 21)
	Exception: model_fix_mean_lap_model_namespace::log_prob: Sigma is not positive definite. (in 'model_fix_mean_lap.stan', line 68, column 1 to column 21)
	Exception: model_fix_mean_lap_model_namespace::log_prob: Sigma is not positive definite. (in 'model_fix_mean_lap.stan', line 68, column 1 to column 21)
	Exception: model_fix_mean_lap_model_namespace::log_prob: Sigma is not positive definite. (in 'model_fix_mean_lap.stan', line 68, column 1 to column 21)
	Exception: model_fix_mean_lap_model_namespace::log_prob: Sigma is not positive definite. (in 'model_fix_mean_lap.stan', line 68, column 1 to column 21)
	Exception: model_fix_mean_lap_model_namespace::log_prob: Sigma is not positive definite. (in 'model_fix_mean_lap.stan', line 68, column 1 to column 21)
	Exception: model_fix_mean_lap_model_namespace::log_prob: Sigma is not positive definite. (in 'model_fix_mean_lap.stan', line 68, column 1 to column 21)
	Exception: model_fix_mean_lap_model_namespace::log_prob: Sigma is not positive definite. (in 'model_fix_mean_lap.stan', line 68, column 1 to column 21)
	Exception: model_fix_mean_lap_model_namespace::log_prob: Sigma is not positive definite. (in 'model_fix_mean_lap.stan', line 68, column 1 to column 21)
	Exception: model_fix_mean_lap_model_namespace::log_prob: Sigma is not positive definite. (in 'model_fix_mean_lap.stan', line 68, column 1 to column 21)
	Exception: model_fix_mean_lap_model_namespace::log_prob: Sigma is not positive definite. (in 'model_fix_mean_lap.stan', line 68, column 1 to column 21)
	Exception: model_fix_mean_lap_model_namespace::log_prob: Sigma is not positive definite. (in 'model_fix_mean_lap.stan', line 68, column 1 to column 21)
	Exception: model_fix_mean_lap_model_namespace::log_prob: Sigma is not positive definite. (in 'model_fix_mean_lap.stan', line 68, column 1 to column 21)
	Exception: model_fix_mean_lap_model_namespace::log_prob: Sigma is not positive definite. (in 'model_fix_mean_lap.stan', line 68, column 1 to column 21)
	Exception: model_fix_mean_lap_model_namespace::log_prob: Sigma is not positive definite. (in 'model_fix_mean_lap.stan', line 68, column 1 to column 21)
	Exception: model_fix_mean_lap_model_namespace::log_prob: Sigma is not positive definite. (in 'model_fix_mean_lap.stan', line 68, column 1 to column 21)
	Exception: model_fix_mean_lap_model_namespace::log_prob: Sigma is not positive definite. (in 'model_fix_mean_lap.stan', line 68, column 1 to column 21)
	Exception: model_fix_mean_lap_model_namespace::log_prob: Sigma is not positive definite. (in 'model_fix_mean_lap.stan', line 68, column 1 to column 21)
	Exception: model_fix_mean_lap_model_namespace::log_prob: Sigma is not positive definite. (in 'model_fix_mean_lap.stan', line 68, column 1 to column 21)
	Exception: model_fix_mean_lap_model_namespace::log_prob: Sigma is not positive definite. (in 'model_fix_mean_lap.stan', line 68, column 1 to column 21)
	Exception: model_fix_mean_lap_model_namespace::log_prob: Sigma is not positive definite. (in 'model_fix_mean_lap.stan', line 68, column 1 to column 21)
	Exception: model_fix_mean_lap_model_namespace::log_prob: Sigma is not positive definite. (in 'model_fix_mean_lap.stan', line 68, column 1 to column 21)
	Exception: model_fix_mean_lap_model_namespace::log_prob: Sigma is not positive definite. (in 'model_fix_mean_lap.stan', line 68, column 1 to column 21)
	Exception: model_fix_mean_lap_model_namespace::log_prob: Sigma is not positive definite. (in 'model_fix_mean_lap.stan', line 68, column 1 to column 21)
	Exception: model_fix_mean_lap_model_namespace::log_prob: Sigma is not positive definite. (in 'model_fix_mean_lap.stan', line 68, column 1 to column 21)
	Exception: model_fix_mean_lap_model_namespace::log_prob: Sigma is not positive definite. (in 'model_fix_mean_lap.stan', line 68, column 1 to column 21)
	Exception: model_fix_mean_lap_model_namespace::log_prob: Sigma is not positive definite. (in 'model_fix_mean_lap.stan', line 68, column 1 to column 21)
	Exception: model_fix_mean_lap_model_namespace::log_prob: Sigma is not positive definite. (in 'model_fix_mean_lap.stan', line 68, column 1 to column 21)
	Exception: model_fix_mean_lap_model_namespace::log_prob: Sigma is not positive definite. (in 'model_fix_mean_lap.stan', line 68, column 1 to column 21)
	Exception: model_fix_mean_lap_model_namespace::log_prob: Sigma is not positive definite. (in 'model_fix_mean_lap.stan', line 68, column 1 to column 21)
	Exception: model_fix_mean_lap_model_namespace::log_prob: Sigma is not positive definite. (in 'model_fix_mean_lap.stan', line 68, column 1 to column 21)
	Exception: model_fix_mean_lap_model_namespace::log_prob: Sigma is not positive definite. (in 'model_fix_mean_lap.stan', line 68, column 1 to column 21)
	Exception: model_fix_mean_lap_model_namespace::log_prob: Sigma is not positive definite. (in 'model_fix_mean_lap.stan', line 68, column 1 to column 21)
	Exception: model_fix_mean_lap_model_namespace::log_prob: Sigma is not positive definite. (in 'model_fix_mean_lap.stan', line 68, column 1 to column 21)
	Exception: model_fix_mean_lap_model_namespace::log_prob: Sigma is not positive definite. (in 'model_fix_mean_lap.stan', line 68, column 1 to column 21)
	Exception: model_fix_mean_lap_model_namespace::log_prob: Sigma is not positive definite. (in 'model_fix_mean_lap.stan', line 68, column 1 to column 21)
	Exception: model_fix_mean_lap_model_namespace::log_prob: Sigma is not positive definite. (in 'model_fix_mean_lap.stan', line 68, column 1 to column 21)
	Exception: model_fix_mean_lap_model_namespace::log_prob: Sigma is not positive definite. (in 'model_fix_mean_lap.stan', line 68, column 1 to column 21)
	Exception: model_fix_mean_lap_model_namespace::log_prob: Sigma is not positive definite. (in 'model_fix_mean_lap.stan', line 68, column 1 to column 21)
	Exception: model_fix_mean_lap_model_namespace::log_prob: Sigma is not positive definite. (in 'model_fix_mean_lap.stan', line 68, column 1 to column 21)
	Exception: model_fix_mean_lap_model_namespace::log_prob: Sigma is not positive definite. (in 'model_fix_mean_lap.stan', line 68, column 1 to column 21)
	Exception: model_fix_mean_lap_model_namespace::log_prob: Sigma is not positive definite. (in 'model_fix_mean_lap.stan', line 68, column 1 to column 21)
	Exception: model_fix_mean_lap_model_namespace::log_prob: Sigma is not positive definite. (in 'model_fix_mean_lap.stan', line 68, column 1 to column 21)
	Exception: model_fix_mean_lap_model_namespace::log_prob: Sigma is not positive definite. (in 'model_fix_mean_lap.stan', line 68, column 1 to column 21)
	Exception: model_fix_mean_lap_model_namespace::log_prob: Sigma is not positive definite. (in 'model_fix_mean_lap.stan', line 68, column 1 to column 21)
	Exception: model_fix_mean_lap_model_namespace::log_prob: Sigma is not positive definite. (in 'model_fix_mean_lap.stan', line 68, column 1 to column 21)
	Exception: model_fix_mean_lap_model_namespace::log_prob: Sigma is not positive definite. (in 'model_fix_mean_lap.stan', line 68, column 1 to column 21)
	Exception: model_fix_mean_lap_model_namespace::log_prob: Sigma is not positive definite. (in 'model_fix_mean_lap.stan', line 68, column 1 to column 21)
	Exception: model_fix_mean_lap_model_namespace::log_prob: Sigma is not positive definite. (in 'model_fix_mean_lap.stan', line 68, column 1 to column 21)
	Exception: model_fix_mean_lap_model_namespace::log_prob: Sigma is not positive definite. (in 'model_fix_mean_lap.stan', line 68, column 1 to column 21)
	Exception: model_fix_mean_lap_model_namespace::log_prob: Sigma is not positive definite. (in 'model_fix_mean_lap.stan', line 68, column 1 to column 21)
	Exception: model_fix_mean_lap_model_namespace::log_prob: Sigma is not positive definite. (in 'model_fix_mean_lap.stan', line 68, column 1 to column 21)
	Exception: model_fix_mean_lap_model_namespace::log_prob: Sigma is not positive definite. (in 'model_fix_mean_lap.stan', line 68, column 1 to column 21)
	Exception: model_fix_mean_lap_model_namespace::log_prob: Sigma is not positive definite. (in 'model_fix_mean_lap.stan', line 68, column 1 to column 21)
	Exception: model_fix_mean_lap_model_namespace::log_prob: Sigma is not positive definite. (in 'model_fix_mean_lap.stan', line 68, column 1 to column 21)
	Exception: model_fix_mean_lap_model_namespace::log_prob: Sigma is not positive definite. (in 'model_fix_mean_lap.stan', line 68, column 1 to column 21)
	Exception: model_fix_mean_lap_model_namespace::log_prob: Sigma is not positive definite. (in 'model_fix_mean_lap.stan', line 68, column 1 to column 21)
	Exception: model_fix_mean_lap_model_namespace::log_prob: Sigma is not positive definite. (in 'model_fix_mean_lap.stan', line 68, column 1 to column 21)
	Exception: model_fix_mean_lap_model_namespace::log_prob: Sigma is not positive definite. (in 'model_fix_mean_lap.stan', line 68, column 1 to column 21)
	Exception: model_fix_mean_lap_model_namespace::log_prob: Sigma is not positive definite. (in 'model_fix_mean_lap.stan', line 68, column 1 to column 21)
	Exception: model_fix_mean_lap_model_namespace::log_prob: Sigma is not positive definite. (in 'model_fix_mean_lap.stan', line 68, column 1 to column 21)
	Exception: model_fix_mean_lap_model_namespace::log_prob: Sigma is not positive definite. (in 'model_fix_mean_lap.stan', line 68, column 1 to column 21)
	Exception: model_fix_mean_lap_model_namespace::log_prob: Sigma is not positive definite. (in 'model_fix_mean_lap.stan', line 68, column 1 to column 21)
	Exception: model_fix_mean_lap_model_namespace::log_prob: Sigma is not positive definite. (in 'model_fix_mean_lap.stan', line 68, column 1 to column 21)
	Exception: model_fix_mean_lap_model_namespace::log_prob: Sigma is not positive definite. (in 'model_fix_mean_lap.stan', line 68, column 1 to column 21)
	Exception: model_fix_mean_lap_model_namespace::log_prob: Sigma is not positive definite. (in 'model_fix_mean_lap.stan', line 68, column 1 to column 21)
	Exception: model_fix_mean_lap_model_namespace::log_prob: Sigma is not positive definite. (in 'model_fix_mean_lap.stan', line 68, column 1 to column 21)
	Exception: model_fix_mean_lap_model_namespace::log_prob: Sigma is not positive definite. (in 'model_fix_mean_lap.stan', line 68, column 1 to column 21)
	Exception: model_fix_mean_lap_model_namespace::log_prob: Sigma is not positive definite. (in 'model_fix_mean_lap.stan', line 68, column 1 to column 21)
	Exception: model_fix_mean_lap_model_namespace::log_prob: Sigma is not positive definite. (in 'model_fix_mean_lap.stan', line 68, column 1 to column 21)
	Exception: model_fix_mean_lap_model_namespace::log_prob: Sigma is not positive definite. (in 'model_fix_mean_lap.stan', line 68, column 1 to column 21)
	Exception: model_fix_mean_lap_model_namespace::log_prob: Sigma is not positive definite. (in 'model_fix_mean_lap.stan', line 68, column 1 to column 21)
	Exception: model_fix_mean_lap_model_namespace::log_prob: Sigma is not positive definite. (in 'model_fix_mean_lap.stan', line 68, column 1 to column 21)
	Exception: model_fix_mean_lap_model_namespace::log_prob: Sigma is not positive definite. (in 'model_fix_mean_lap.stan', line 68, column 1 to column 21)
	Exception: model_fix_mean_lap_model_namespace::log_prob: Sigma is not positive definite. (in 'model_fix_mean_lap.stan', line 68, column 1 to column 21)
	Exception: model_fix_mean_lap_model_namespace::log_prob: Sigma is not positive definite. (in 'model_fix_mean_lap.stan', line 68, column 1 to column 21)
	Exception: model_fix_mean_lap_model_namespace::log_prob: Sigma is not positive definite. (in 'model_fix_mean_lap.stan', line 68, column 1 to column 21)
	Exception: model_fix_mean_lap_model_namespace::log_prob: Sigma is not positive definite. (in 'model_fix_mean_lap.stan', line 68, column 1 to column 21)
	Exception: model_fix_mean_lap_model_namespace::log_prob: Sigma is not positive definite. (in 'model_fix_mean_lap.stan', line 68, column 1 to column 21)
	Exception: model_fix_mean_lap_model_namespace::log_prob: Sigma is not positive definite. (in 'model_fix_mean_lap.stan', line 68, column 1 to column 21)
	Exception: model_fix_mean_lap_model_namespace::log_prob: Sigma is not positive definite. (in 'model_fix_mean_lap.stan', line 68, column 1 to column 21)
	Exception: model_fix_mean_lap_model_namespace::log_prob: Sigma is not positive definite. (in 'model_fix_mean_lap.stan', line 68, column 1 to column 21)
	Exception: model_fix_mean_lap_model_namespace::log_prob: Sigma is not positive definite. (in 'model_fix_mean_lap.stan', line 68, column 1 to column 21)
	Exception: model_fix_mean_lap_model_namespace::log_prob: Sigma is not positive definite. (in 'model_fix_mean_lap.stan', line 68, column 1 to column 21)
	Exception: model_fix_mean_lap_model_namespace::log_prob: Sigma is not positive definite. (in 'model_fix_mean_lap.stan', line 68, column 1 to column 21)
	Exception: model_fix_mean_lap_model_namespace::log_prob: Sigma is not positive definite. (in 'model_fix_mean_lap.stan', line 68, column 1 to column 21)
	Exception: model_fix_mean_lap_model_namespace::log_prob: Sigma is not positive definite. (in 'model_fix_mean_lap.stan', line 68, column 1 to column 21)
	Exception: model_fix_mean_lap_model_namespace::log_prob: Sigma is not positive definite. (in 'model_fix_mean_lap.stan', line 68, column 1 to column 21)
	Exception: model_fix_mean_lap_model_namespace::log_prob: Sigma is not positive definite. (in 'model_fix_mean_lap.stan', line 68, column 1 to column 21)
	Exception: model_fix_mean_lap_model_namespace::log_prob: Sigma is not positive definite. (in 'model_fix_mean_lap.stan', line 68, column 1 to column 21)
Exception: model_fix_mean_lap_model_namespace::log_prob: Omega is not positive definite. (in 'model_fix_mean_lap.stan', line 67, column 1 to column 22)
	Exception: model_fix_mean_lap_model_namespace::log_prob: Omega is not positive definite. (in 'model_fix_mean_lap.stan', line 67, column 1 to column 22)
	Exception: model_fix_mean_lap_model_namespace::log_prob: Omega is not positive definite. (in 'model_fix_mean_lap.stan', line 67, column 1 to column 22)
	Exception: model_fix_mean_lap_model_namespace::log_prob: Omega is not positive definite. (in 'model_fix_mean_lap.stan', line 67, column 1 to column 22)
	Exception: model_fix_mean_lap_model_namespace::log_prob: Sigma is not positive definite. (in 'model_fix_mean_lap.stan', line 68, column 1 to column 21)
	Exception: model_fix_mean_lap_model_namespace::log_prob: Omega is not positive definite. (in 'model_fix_mean_lap.stan', line 67, column 1 to column 22)
	Exception: model_fix_mean_lap_model_namespace::log_prob: Sigma is not positive definite. (in 'model_fix_mean_lap.stan', line 68, column 1 to column 21)
	Exception: model_fix_mean_lap_model_namespace::log_prob: Sigma is not positive definite. (in 'model_fix_mean_lap.stan', line 68, column 1 to column 21)
Exception: model_fix_mean_lap_model_namespace::log_prob: Sigma is not positive definite. (in 'model_fix_mean_lap.stan', line 68, column 1 to column 21)
	Exception: model_fix_mean_lap_model_namespace::log_prob: Sigma is not positive definite. (in 'model_fix_mean_lap.stan', line 68, column 1 to column 21)
	Exception: model_fix_mean_lap_model_namespace::log_prob: Sigma is not positive definite. (in 'model_fix_mean_lap.stan', line 68, column 1 to column 21)
	Exception: ordered_logistic: Cut-points is not a valid ordered vector. The element at 2 is -37.7119, but should be greater than the previous element, -37.7119 (in 'model_fix_mean_lap.stan', line 156, column 35 to column 126)
	Exception: ordered_logistic: Cut-points is not a valid ordered vector. The element at 2 is -8.61752, but should be greater than the previous element, -8.61752 (in 'model_fix_mean_lap.stan', line 156, column 35 to column 126)
	Exception: model_fix_mean_lap_model_namespace::log_prob: Omega is not positive definite. (in 'model_fix_mean_lap.stan', line 67, column 1 to column 22)
	Exception: model_fix_mean_lap_model_namespace::log_prob: Sigma is not positive definite. (in 'model_fix_mean_lap.stan', line 68, column 1 to column 21)
Exception: model_fix_mean_lap_model_namespace::log_prob: Omega is not positive definite. (in 'model_fix_mean_lap.stan', line 67, column 1 to column 22)
	Exception: model_fix_mean_lap_model_namespace::log_prob: Omega is not positive definite. (in 'model_fix_mean_lap.stan', line 67, column 1 to column 22)
	Exception: model_fix_mean_lap_model_namespace::log_prob: Omega is not positive definite. (in 'model_fix_mean_lap.stan', line 67, column 1 to column 22)
	Exception: model_fix_mean_lap_model_namespace::log_prob: Omega is not positive definite. (in 'model_fix_mean_lap.stan', line 67, column 1 to column 22)
	Exception: model_fix_mean_lap_model_namespace::log_prob: Sigma is not positive definite. (in 'model_fix_mean_lap.stan', line 68, column 1 to column 21)
	Exception: model_fix_mean_lap_model_namespace::log_prob: Sigma is not positive definite. (in 'model_fix_mean_lap.stan', line 68, column 1 to column 21)
	Exception: model_fix_mean_lap_model_namespace::log_prob: Sigma is not positive definite. (in 'model_fix_mean_lap.stan', line 68, column 1 to column 21)
	Exception: model_fix_mean_lap_model_namespace::log_prob: Omega is not positive definite. (in 'model_fix_mean_lap.stan', line 67, column 1 to column 22)
	Exception: model_fix_mean_lap_model_namespace::log_prob: Sigma is not symmetric. Sigma[1,2] = -nan, but Sigma[2,1] = -nan (in 'model_fix_mean_lap.stan', line 68, column 1 to column 21)
	Exception: model_fix_mean_lap_model_namespace::log_prob: Sigma is not positive definite. (in 'model_fix_mean_lap.stan', line 68, column 1 to column 21)
	Exception: model_fix_mean_lap_model_namespace::log_prob: Sigma is not positive definite. (in 'model_fix_mean_lap.stan', line 68, column 1 to column 21)
	Exception: model_fix_mean_lap_model_namespace::log_prob: Sigma is not positive definite. (in 'model_fix_mean_lap.stan', line 68, column 1 to column 21)
	Exception: model_fix_mean_lap_model_namespace::log_prob: Sigma is not positive definite. (in 'model_fix_mean_lap.stan', line 68, column 1 to column 21)
	Exception: model_fix_mean_lap_model_namespace::log_prob: Sigma is not positive definite. (in 'model_fix_mean_lap.stan', line 68, column 1 to column 21)
	Exception: model_fix_mean_lap_model_namespace::log_prob: Sigma is not positive definite. (in 'model_fix_mean_lap.stan', line 68, column 1 to column 21)
	Exception: model_fix_mean_lap_model_namespace::log_prob: Sigma is not positive definite. (in 'model_fix_mean_lap.stan', line 68, column 1 to column 21)
	Exception: model_fix_mean_lap_model_namespace::log_prob: Sigma is not positive definite. (in 'model_fix_mean_lap.stan', line 68, column 1 to column 21)
	Exception: model_fix_mean_lap_model_namespace::log_prob: Sigma is not positive definite. (in 'model_fix_mean_lap.stan', line 68, column 1 to column 21)
	Exception: model_fix_mean_lap_model_namespace::log_prob: Sigma is not positive definite. (in 'model_fix_mean_lap.stan', line 68, column 1 to column 21)
Exception: model_fix_mean_lap_model_namespace::log_prob: Omega is not positive definite. (in 'model_fix_mean_lap.stan', line 67, column 1 to column 22)
	Exception: model_fix_mean_lap_model_namespace::log_prob: Omega is not positive definite. (in 'model_fix_mean_lap.stan', line 67, column 1 to column 22)
	Exception: model_fix_mean_lap_model_namespace::log_prob: Omega is not positive definite. (in 'model_fix_mean_lap.stan', line 67, column 1 to column 22)
	Exception: model_fix_mean_lap_model_namespace::log_prob: Omega is not positive definite. (in 'model_fix_mean_lap.stan', line 67, column 1 to column 22)
	Exception: model_fix_mean_lap_model_namespace::log_prob: Sigma is not positive definite. (in 'model_fix_mean_lap.stan', line 68, column 1 to column 21)
	Exception: model_fix_mean_lap_model_namespace::log_prob: Sigma is not positive definite. (in 'model_fix_mean_lap.stan', line 68, column 1 to column 21)
	Exception: model_fix_mean_lap_model_namespace::log_prob: Omega is not positive definite. (in 'model_fix_mean_lap.stan', line 67, column 1 to column 22)
	Exception: model_fix_mean_lap_model_namespace::log_prob: Omega is not positive definite. (in 'model_fix_mean_lap.stan', line 67, column 1 to column 22)
	Exception: model_fix_mean_lap_model_namespace::log_prob: Sigma is not positive definite. (in 'model_fix_mean_lap.stan', line 68, column 1 to column 21)
Exception: model_fix_mean_lap_model_namespace::log_prob: Omega is not positive definite. (in 'model_fix_mean_lap.stan', line 67, column 1 to column 22)
	Exception: model_fix_mean_lap_model_namespace::log_prob: Omega is not positive definite. (in 'model_fix_mean_lap.stan', line 67, column 1 to column 22)
	Exception: model_fix_mean_lap_model_namespace::log_prob: Omega is not positive definite. (in 'model_fix_mean_lap.stan', line 67, column 1 to column 22)
	Exception: model_fix_mean_lap_model_namespace::log_prob: Omega is not positive definite. (in 'model_fix_mean_lap.stan', line 67, column 1 to column 22)
	Exception: model_fix_mean_lap_model_namespace::log_prob: Sigma is not positive definite. (in 'model_fix_mean_lap.stan', line 68, column 1 to column 21)
	Exception: model_fix_mean_lap_model_namespace::log_prob: Sigma is not positive definite. (in 'model_fix_mean_lap.stan', line 68, column 1 to column 21)
	Exception: model_fix_mean_lap_model_namespace::log_prob: Sigma is not positive definite. (in 'model_fix_mean_lap.stan', line 68, column 1 to column 21)
	Exception: model_fix_mean_lap_model_namespace::log_prob: Omega is not positive definite. (in 'model_fix_mean_lap.stan', line 67, column 1 to column 22)
	Exception: model_fix_mean_lap_model_namespace::log_prob: Omega is not positive definite. (in 'model_fix_mean_lap.stan', line 67, column 1 to column 22)
	Exception: model_fix_mean_lap_model_namespace::log_prob: Sigma is not positive definite. (in 'model_fix_mean_lap.stan', line 68, column 1 to column 21)
	Exception: model_fix_mean_lap_model_namespace::log_prob: Sigma is not positive definite. (in 'model_fix_mean_lap.stan', line 68, column 1 to column 21)
Exception: model_fix_mean_lap_model_namespace::log_prob: Sigma is not positive definite. (in 'model_fix_mean_lap.stan', line 68, column 1 to column 21)
	Exception: model_fix_mean_lap_model_namespace::log_prob: Sigma is not positive definite. (in 'model_fix_mean_lap.stan', line 68, column 1 to column 21)
	Exception: model_fix_mean_lap_model_namespace::log_prob: Omega is not positive definite. (in 'model_fix_mean_lap.stan', line 67, column 1 to column 22)
	Exception: model_fix_mean_lap_model_namespace::log_prob: Omega is not positive definite. (in 'model_fix_mean_lap.stan', line 67, column 1 to column 22)
	Exception: model_fix_mean_lap_model_namespace::log_prob: Omega is not positive definite. (in 'model_fix_mean_lap.stan', line 67, column 1 to column 22)
	Exception: model_fix_mean_lap_model_namespace::log_prob: Omega is not positive definite. (in 'model_fix_mean_lap.stan', line 67, column 1 to column 22)
	Exception: model_fix_mean_lap_model_namespace::log_prob: Omega is not positive definite. (in 'model_fix_mean_lap.stan', line 67, column 1 to column 22)
	Exception: model_fix_mean_lap_model_namespace::log_prob: Sigma is not positive definite. (in 'model_fix_mean_lap.stan', line 68, column 1 to column 21)
	Exception: model_fix_mean_lap_model_namespace::log_prob: Sigma is not positive definite. (in 'model_fix_mean_lap.stan', line 68, column 1 to column 21)
	Exception: model_fix_mean_lap_model_namespace::log_prob: Sigma is not positive definite. (in 'model_fix_mean_lap.stan', line 68, column 1 to column 21)
	Exception: model_fix_mean_lap_model_namespace::log_prob: Omega is not positive definite. (in 'model_fix_mean_lap.stan', line 67, column 1 to column 22)
	Exception: model_fix_mean_lap_model_namespace::log_prob: Omega is not positive definite. (in 'model_fix_mean_lap.stan', line 67, column 1 to column 22)
	Exception: model_fix_mean_lap_model_namespace::log_prob: Sigma is not positive definite. (in 'model_fix_mean_lap.stan', line 68, column 1 to column 21)
	Exception: model_fix_mean_lap_model_namespace::log_prob: Sigma is not positive definite. (in 'model_fix_mean_lap.stan', line 68, column 1 to column 21)
	Exception: model_fix_mean_lap_model_namespace::log_prob: Sigma is not positive definite. (in 'model_fix_mean_lap.stan', line 68, column 1 to column 21)
Exception: model_fix_mean_lap_model_namespace::log_prob: Sigma is not positive definite. (in 'model_fix_mean_lap.stan', line 68, column 1 to column 21)
	Exception: model_fix_mean_lap_model_namespace::log_prob: Sigma is not positive definite. (in 'model_fix_mean_lap.stan', line 68, column 1 to column 21)
	Exception: model_fix_mean_lap_model_namespace::log_prob: Sigma is not positive definite. (in 'model_fix_mean_lap.stan', line 68, column 1 to column 21)
	Exception: model_fix_mean_lap_model_namespace::log_prob: Omega is not positive definite. (in 'model_fix_mean_lap.stan', line 67, column 1 to column 22)
	Exception: model_fix_mean_lap_model_namespace::log_prob: Omega is not positive definite. (in 'model_fix_mean_lap.stan', line 67, column 1 to column 22)
	Exception: model_fix_mean_lap_model_namespace::log_prob: Omega is not positive definite. (in 'model_fix_mean_lap.stan', line 67, column 1 to column 22)
	Exception: model_fix_mean_lap_model_namespace::log_prob: Omega is not positive definite. (in 'model_fix_mean_lap.stan', line 67, column 1 to column 22)
	Exception: model_fix_mean_lap_model_namespace::log_prob: Omega is not positive definite. (in 'model_fix_mean_lap.stan', line 67, column 1 to column 22)
	Exception: model_fix_mean_lap_model_namespace::log_prob: Omega is not positive definite. (in 'model_fix_mean_lap.stan', line 67, column 1 to column 22)
	Exception: model_fix_mean_lap_model_namespace::log_prob: Sigma is not positive definite. (in 'model_fix_mean_lap.stan', line 68, column 1 to column 21)
	Exception: model_fix_mean_lap_model_namespace::log_prob: Sigma is not positive definite. (in 'model_fix_mean_lap.stan', line 68, column 1 to column 21)
	Exception: model_fix_mean_lap_model_namespace::log_prob: Sigma is not positive definite. (in 'model_fix_mean_lap.stan', line 68, column 1 to column 21)
	Exception: model_fix_mean_lap_model_namespace::log_prob: Omega is not positive definite. (in 'model_fix_mean_lap.stan', line 67, column 1 to column 22)
	Exception: model_fix_mean_lap_model_namespace::log_prob: Omega is not positive definite. (in 'model_fix_mean_lap.stan', line 67, column 1 to column 22)
	Exception: model_fix_mean_lap_model_namespace::log_prob: Sigma is not positive definite. (in 'model_fix_mean_lap.stan', line 68, column 1 to column 21)
	Exception: multi_normal_lpdf: Location parameter[1] is -inf, but must be finite! (in 'model_fix_mean_lap.stan', line 140, column 12 to column 74)
	Exception: model_fix_mean_lap_model_namespace::log_prob: Sigma is not positive definite. (in 'model_fix_mean_lap.stan', line 68, column 1 to column 21)
Exception: model_fix_mean_lap_model_namespace::log_prob: Sigma is not positive definite. (in 'model_fix_mean_lap.stan', line 68, column 1 to column 21)
	Exception: model_fix_mean_lap_model_namespace::log_prob: Omega is not positive definite. (in 'model_fix_mean_lap.stan', line 67, column 1 to column 22)
	Exception: model_fix_mean_lap_model_namespace::log_prob: Omega is not positive definite. (in 'model_fix_mean_lap.stan', line 67, column 1 to column 22)
	Exception: model_fix_mean_lap_model_namespace::log_prob: Omega is not positive definite. (in 'model_fix_mean_lap.stan', line 67, column 1 to column 22)
	Exception: model_fix_mean_lap_model_namespace::log_prob: Sigma is not positive definite. (in 'model_fix_mean_lap.stan', line 68, column 1 to column 21)
	Exception: model_fix_mean_lap_model_namespace::log_prob: Sigma is not positive definite. (in 'model_fix_mean_lap.stan', line 68, column 1 to column 21)
	Exception: model_fix_mean_lap_model_namespace::log_prob: Sigma is not positive definite. (in 'model_fix_mean_lap.stan', line 68, column 1 to column 21)
	Exception: model_fix_mean_lap_model_namespace::log_prob: Sigma is not positive definite. (in 'model_fix_mean_lap.stan', line 68, column 1 to column 21)
	Exception: model_fix_mean_lap_model_namespace::log_prob: Omega is not positive definite. (in 'model_fix_mean_lap.stan', line 67, column 1 to column 22)
	Exception: model_fix_mean_lap_model_namespace::log_prob: Sigma is not positive definite. (in 'model_fix_mean_lap.stan', line 68, column 1 to column 21)
	Exception: model_fix_mean_lap_model_namespace::log_prob: Sigma is not positive definite. (in 'model_fix_mean_lap.stan', line 68, column 1 to column 21)
	Exception: multi_normal_lpdf: Location parameter[1] is inf, but must be finite! (in 'model_fix_mean_lap.stan', line 140, column 12 to column 74)
	Exception: model_fix_mean_lap_model_namespace::log_prob: Sigma is not positive definite. (in 'model_fix_mean_lap.stan', line 68, column 1 to column 21)
	Exception: model_fix_mean_lap_model_namespace::log_prob: Sigma is not positive definite. (in 'model_fix_mean_lap.stan', line 68, column 1 to column 21)
	Exception: model_fix_mean_lap_model_namespace::log_prob: Sigma is not positive definite. (in 'model_fix_mean_lap.stan', line 68, column 1 to column 21)
	Exception: model_fix_mean_lap_model_namespace::log_prob: Sigma is not positive definite. (in 'model_fix_mean_lap.stan', line 68, column 1 to column 21)
	Exception: model_fix_mean_lap_model_namespace::log_prob: Sigma is not positive definite. (in 'model_fix_mean_lap.stan', line 68, column 1 to column 21)
Exception: model_fix_mean_lap_model_namespace::log_prob: Omega is not positive definite. (in 'model_fix_mean_lap.stan', line 67, column 1 to column 22)
	Exception: model_fix_mean_lap_model_namespace::log_prob: Omega is not positive definite. (in 'model_fix_mean_lap.stan', line 67, column 1 to column 22)
	Exception: model_fix_mean_lap_model_namespace::log_prob: Sigma is not symmetric. Sigma[1,2] = -nan, but Sigma[2,1] = -nan (in 'model_fix_mean_lap.stan', line 68, column 1 to column 21)
	Exception: model_fix_mean_lap_model_namespace::log_prob: Sigma is not symmetric. Sigma[1,2] = -nan, but Sigma[2,1] = -nan (in 'model_fix_mean_lap.stan', line 68, column 1 to column 21)
	Exception: model_fix_mean_lap_model_namespace::log_prob: Sigma is not positive definite. (in 'model_fix_mean_lap.stan', line 68, column 1 to column 21)
	Exception: model_fix_mean_lap_model_namespace::log_prob: Sigma is not positive definite. (in 'model_fix_mean_lap.stan', line 68, column 1 to column 21)
	Exception: model_fix_mean_lap_model_namespace::log_prob: Sigma is not positive definite. (in 'model_fix_mean_lap.stan', line 68, column 1 to column 21)
	Exception: model_fix_mean_lap_model_namespace::log_prob: Sigma is not positive definite. (in 'model_fix_mean_lap.stan', line 68, column 1 to column 21)
	Exception: model_fix_mean_lap_model_namespace::log_prob: Sigma is not positive definite. (in 'model_fix_mean_lap.stan', line 68, column 1 to column 21)
	Exception: model_fix_mean_lap_model_namespace::log_prob: Sigma is not positive definite. (in 'model_fix_mean_lap.stan', line 68, column 1 to column 21)
	Exception: model_fix_mean_lap_model_namespace::log_prob: Sigma is not positive definite. (in 'model_fix_mean_lap.stan', line 68, column 1 to column 21)
	Exception: model_fix_mean_lap_model_namespace::log_prob: Omega is not positive definite. (in 'model_fix_mean_lap.stan', line 67, column 1 to column 22)
	Exception: model_fix_mean_lap_model_namespace::log_prob: Omega is not positive definite. (in 'model_fix_mean_lap.stan', line 67, column 1 to column 22)
	Exception: model_fix_mean_lap_model_namespace::log_prob: Sigma is not positive definite. (in 'model_fix_mean_lap.stan', line 68, column 1 to column 21)
	Exception: model_fix_mean_lap_model_namespace::log_prob: Sigma is not positive definite. (in 'model_fix_mean_lap.stan', line 68, column 1 to column 21)
	Exception: model_fix_mean_lap_model_namespace::log_prob: Sigma is not positive definite. (in 'model_fix_mean_lap.stan', line 68, column 1 to column 21)
	Exception: model_fix_mean_lap_model_namespace::log_prob: Sigma is not positive definite. (in 'model_fix_mean_lap.stan', line 68, column 1 to column 21)
	Exception: model_fix_mean_lap_model_namespace::log_prob: Sigma is not positive definite. (in 'model_fix_mean_lap.stan', line 68, column 1 to column 21)
	Exception: model_fix_mean_lap_model_namespace::log_prob: Sigma is not positive definite. (in 'model_fix_mean_lap.stan', line 68, column 1 to column 21)
	Exception: model_fix_mean_lap_model_namespace::log_prob: Sigma is not positive definite. (in 'model_fix_mean_lap.stan', line 68, column 1 to column 21)
	Exception: model_fix_mean_lap_model_namespace::log_prob: Sigma is not positive definite. (in 'model_fix_mean_lap.stan', line 68, column 1 to column 21)
Exception: model_fix_mean_lap_model_namespace::log_prob: Omega is not positive definite. (in 'model_fix_mean_lap.stan', line 67, column 1 to column 22)
	Exception: model_fix_mean_lap_model_namespace::log_prob: Omega is not positive definite. (in 'model_fix_mean_lap.stan', line 67, column 1 to column 22)
	Exception: model_fix_mean_lap_model_namespace::log_prob: Omega is not positive definite. (in 'model_fix_mean_lap.stan', line 67, column 1 to column 22)
	Exception: model_fix_mean_lap_model_namespace::log_prob: Omega is not positive definite. (in 'model_fix_mean_lap.stan', line 67, column 1 to column 22)
	Exception: model_fix_mean_lap_model_namespace::log_prob: Omega is not positive definite. (in 'model_fix_mean_lap.stan', line 67, column 1 to column 22)
	Exception: model_fix_mean_lap_model_namespace::log_prob: Sigma is not positive definite. (in 'model_fix_mean_lap.stan', line 68, column 1 to column 21)
	Exception: model_fix_mean_lap_model_namespace::log_prob: Sigma is not positive definite. (in 'model_fix_mean_lap.stan', line 68, column 1 to column 21)
	Exception: model_fix_mean_lap_model_namespace::log_prob: Omega is not positive definite. (in 'model_fix_mean_lap.stan', line 67, column 1 to column 22)
	Exception: model_fix_mean_lap_model_namespace::log_prob: Omega is not positive definite. (in 'model_fix_mean_lap.stan', line 67, column 1 to column 22)
	Exception: model_fix_mean_lap_model_namespace::log_prob: Sigma is not positive definite. (in 'model_fix_mean_lap.stan', line 68, column 1 to column 21)
	Exception: model_fix_mean_lap_model_namespace::log_prob: Sigma is not positive definite. (in 'model_fix_mean_lap.stan', line 68, column 1 to column 21)
Exception: model_fix_mean_lap_model_namespace::log_prob: Omega is not positive definite. (in 'model_fix_mean_lap.stan', line 67, column 1 to column 22)
	Exception: model_fix_mean_lap_model_namespace::log_prob: Omega is not positive definite. (in 'model_fix_mean_lap.stan', line 67, column 1 to column 22)
	Exception: model_fix_mean_lap_model_namespace::log_prob: Sigma is not positive definite. (in 'model_fix_mean_lap.stan', line 68, column 1 to column 21)
	Exception: model_fix_mean_lap_model_namespace::log_prob: Sigma is not positive definite. (in 'model_fix_mean_lap.stan', line 68, column 1 to column 21)
	Exception: model_fix_mean_lap_model_namespace::log_prob: Omega is not positive definite. (in 'model_fix_mean_lap.stan', line 67, column 1 to column 22)
	Exception: model_fix_mean_lap_model_namespace::log_prob: Sigma is not positive definite. (in 'model_fix_mean_lap.stan', line 68, column 1 to column 21)
Exception: model_fix_mean_lap_model_namespace::log_prob: Omega is not positive definite. (in 'model_fix_mean_lap.stan', line 67, column 1 to column 22)
	Exception: model_fix_mean_lap_model_namespace::log_prob: Omega is not positive definite. (in 'model_fix_mean_lap.stan', line 67, column 1 to column 22)
	Exception: model_fix_mean_lap_model_namespace::log_prob: Omega is not positive definite. (in 'model_fix_mean_lap.stan', line 67, column 1 to column 22)
	Exception: model_fix_mean_lap_model_namespace::log_prob: Sigma is not positive definite. (in 'model_fix_mean_lap.stan', line 68, column 1 to column 21)
	Exception: model_fix_mean_lap_model_namespace::log_prob: Sigma is not positive definite. (in 'model_fix_mean_lap.stan', line 68, column 1 to column 21)
	Exception: model_fix_mean_lap_model_namespace::log_prob: Omega is not positive definite. (in 'model_fix_mean_lap.stan', line 67, column 1 to column 22)
	Exception: model_fix_mean_lap_model_namespace::log_prob: Omega is not positive definite. (in 'model_fix_mean_lap.stan', line 67, column 1 to column 22)
Exception: model_fix_mean_lap_model_namespace::log_prob: Omega is not positive definite. (in 'model_fix_mean_lap.stan', line 67, column 1 to column 22)
	Exception: model_fix_mean_lap_model_namespace::log_prob: Omega is not positive definite. (in 'model_fix_mean_lap.stan', line 67, column 1 to column 22)
	Exception: model_fix_mean_lap_model_namespace::log_prob: Omega is not positive definite. (in 'model_fix_mean_lap.stan', line 67, column 1 to column 22)
	Exception: model_fix_mean_lap_model_namespace::log_prob: Sigma is not positive definite. (in 'model_fix_mean_lap.stan', line 68, column 1 to column 21)
	Exception: model_fix_mean_lap_model_namespace::log_prob: Sigma is not positive definite. (in 'model_fix_mean_lap.stan', line 68, column 1 to column 21)
	Exception: model_fix_mean_lap_model_namespace::log_prob: Omega is not positive definite. (in 'model_fix_mean_lap.stan', line 67, column 1 to column 22)
	Exception: model_fix_mean_lap_model_namespace::log_prob: Omega is not positive definite. (in 'model_fix_mean_lap.stan', line 67, column 1 to column 22)
	Exception: multi_normal_lpdf: Location parameter[2] is inf, but must be finite! (in 'model_fix_mean_lap.stan', line 140, column 12 to column 74)
	Exception: model_fix_mean_lap_model_namespace::log_prob: Sigma is not positive definite. (in 'model_fix_mean_lap.stan', line 68, column 1 to column 21)
	Exception: model_fix_mean_lap_model_namespace::log_prob: Sigma is not positive definite. (in 'model_fix_mean_lap.stan', line 68, column 1 to column 21)
	Exception: model_fix_mean_lap_model_namespace::log_prob: Sigma is not positive definite. (in 'model_fix_mean_lap.stan', line 68, column 1 to column 21)
	Exception: model_fix_mean_lap_model_namespace::log_prob: Sigma is not positive definite. (in 'model_fix_mean_lap.stan', line 68, column 1 to column 21)
Exception: model_fix_mean_lap_model_namespace::log_prob: Omega is not positive definite. (in 'model_fix_mean_lap.stan', line 67, column 1 to column 22)
	Exception: model_fix_mean_lap_model_namespace::log_prob: Omega is not positive definite. (in 'model_fix_mean_lap.stan', line 67, column 1 to column 22)
	Exception: model_fix_mean_lap_model_namespace::log_prob: Omega is not positive definite. (in 'model_fix_mean_lap.stan', line 67, column 1 to column 22)
	Exception: model_fix_mean_lap_model_namespace::log_prob: Omega is not positive definite. (in 'model_fix_mean_lap.stan', line 67, column 1 to column 22)
	Exception: model_fix_mean_lap_model_namespace::log_prob: Omega is not positive definite. (in 'model_fix_mean_lap.stan', line 67, column 1 to column 22)
	Exception: model_fix_mean_lap_model_namespace::log_prob: Sigma is not positive definite. (in 'model_fix_mean_lap.stan', line 68, column 1 to column 21)
	Exception: model_fix_mean_lap_model_namespace::log_prob: Omega is not positive definite. (in 'model_fix_mean_lap.stan', line 67, column 1 to column 22)
	Exception: model_fix_mean_lap_model_namespace::log_prob: Omega is not positive definite. (in 'model_fix_mean_lap.stan', line 67, column 1 to column 22)
	Exception: model_fix_mean_lap_model_namespace::log_prob: Sigma is not positive definite. (in 'model_fix_mean_lap.stan', line 68, column 1 to column 21)
	Exception: model_fix_mean_lap_model_namespace::log_prob: Sigma is not positive definite. (in 'model_fix_mean_lap.stan', line 68, column 1 to column 21)
	Exception: model_fix_mean_lap_model_namespace::log_prob: Sigma is not positive definite. (in 'model_fix_mean_lap.stan', line 68, column 1 to column 21)
	Exception: model_fix_mean_lap_model_namespace::log_prob: Sigma is not positive definite. (in 'model_fix_mean_lap.stan', line 68, column 1 to column 21)
Exception: model_fix_mean_lap_model_namespace::log_prob: Sigma is not positive definite. (in 'model_fix_mean_lap.stan', line 68, column 1 to column 21)
	Exception: model_fix_mean_lap_model_namespace::log_prob: Sigma is not positive definite. (in 'model_fix_mean_lap.stan', line 68, column 1 to column 21)
	Exception: model_fix_mean_lap_model_namespace::log_prob: Sigma is not positive definite. (in 'model_fix_mean_lap.stan', line 68, column 1 to column 21)
	Exception: model_fix_mean_lap_model_namespace::log_prob: Omega is not positive definite. (in 'model_fix_mean_lap.stan', line 67, column 1 to column 22)
	Exception: model_fix_mean_lap_model_namespace::log_prob: Omega is not positive definite. (in 'model_fix_mean_lap.stan', line 67, column 1 to column 22)
	Exception: model_fix_mean_lap_model_namespace::log_prob: Sigma is not positive definite. (in 'model_fix_mean_lap.stan', line 68, column 1 to column 21)
	Exception: ordered_logistic: Cut-points is not a valid ordered vector. The element at 2 is -42.8344, but should be greater than the previous element, -42.8344 (in 'model_fix_mean_lap.stan', line 156, column 35 to column 126)
	Exception: model_fix_mean_lap_model_namespace::log_prob: Sigma is not positive definite. (in 'model_fix_mean_lap.stan', line 68, column 1 to column 21)
	Exception: model_fix_mean_lap_model_namespace::log_prob: Omega is not positive definite. (in 'model_fix_mean_lap.stan', line 67, column 1 to column 22)
	Exception: model_fix_mean_lap_model_namespace::log_prob: Omega is not positive definite. (in 'model_fix_mean_lap.stan', line 67, column 1 to column 22)
Exception: model_fix_mean_lap_model_namespace::log_prob: Omega is not positive definite. (in 'model_fix_mean_lap.stan', line 67, column 1 to column 22)
	Exception: model_fix_mean_lap_model_namespace::log_prob: Omega is not positive definite. (in 'model_fix_mean_lap.stan', line 67, column 1 to column 22)
	Exception: model_fix_mean_lap_model_namespace::log_prob: Omega is not positive definite. (in 'model_fix_mean_lap.stan', line 67, column 1 to column 22)
	Exception: model_fix_mean_lap_model_namespace::log_prob: Omega is not positive definite. (in 'model_fix_mean_lap.stan', line 67, column 1 to column 22)
	Exception: model_fix_mean_lap_model_namespace::log_prob: Sigma is not positive definite. (in 'model_fix_mean_lap.stan', line 68, column 1 to column 21)
	Exception: model_fix_mean_lap_model_namespace::log_prob: Sigma is not positive definite. (in 'model_fix_mean_lap.stan', line 68, column 1 to column 21)
	Exception: model_fix_mean_lap_model_namespace::log_prob: Omega is not positive definite. (in 'model_fix_mean_lap.stan', line 67, column 1 to column 22)
	Exception: model_fix_mean_lap_model_namespace::log_prob: Omega is not positive definite. (in 'model_fix_mean_lap.stan', line 67, column 1 to column 22)
Exception: model_fix_mean_lap_model_namespace::log_prob: Omega is not positive definite. (in 'model_fix_mean_lap.stan', line 67, column 1 to column 22)
	Exception: model_fix_mean_lap_model_namespace::log_prob: Omega is not positive definite. (in 'model_fix_mean_lap.stan', line 67, column 1 to column 22)
	Exception: model_fix_mean_lap_model_namespace::log_prob: Omega is not positive definite. (in 'model_fix_mean_lap.stan', line 67, column 1 to column 22)
	Exception: model_fix_mean_lap_model_namespace::log_prob: Omega is not positive definite. (in 'model_fix_mean_lap.stan', line 67, column 1 to column 22)
	Exception: model_fix_mean_lap_model_namespace::log_prob: Sigma is not positive definite. (in 'model_fix_mean_lap.stan', line 68, column 1 to column 21)
	Exception: model_fix_mean_lap_model_namespace::log_prob: Sigma is not positive definite. (in 'model_fix_mean_lap.stan', line 68, column 1 to column 21)
	Exception: model_fix_mean_lap_model_namespace::log_prob: Sigma is not positive definite. (in 'model_fix_mean_lap.stan', line 68, column 1 to column 21)
	Exception: model_fix_mean_lap_model_namespace::log_prob: Sigma is not positive definite. (in 'model_fix_mean_lap.stan', line 68, column 1 to column 21)
	Exception: model_fix_mean_lap_model_namespace::log_prob: Omega is not positive definite. (in 'model_fix_mean_lap.stan', line 67, column 1 to column 22)
	Exception: model_fix_mean_lap_model_namespace::log_prob: Omega is not positive definite. (in 'model_fix_mean_lap.stan', line 67, column 1 to column 22)
	Exception: model_fix_mean_lap_model_namespace::log_prob: Sigma is not positive definite. (in 'model_fix_mean_lap.stan', line 68, column 1 to column 21)
	Exception: model_fix_mean_lap_model_namespace::log_prob: Sigma is not positive definite. (in 'model_fix_mean_lap.stan', line 68, column 1 to column 21)
	Exception: model_fix_mean_lap_model_namespace::log_prob: Sigma is not positive definite. (in 'model_fix_mean_lap.stan', line 68, column 1 to column 21)
	Exception: model_fix_mean_lap_model_namespace::log_prob: Sigma is not positive definite. (in 'model_fix_mean_lap.stan', line 68, column 1 to column 21)
	Exception: model_fix_mean_lap_model_namespace::log_prob: Sigma is not positive definite. (in 'model_fix_mean_lap.stan', line 68, column 1 to column 21)
	Exception: model_fix_mean_lap_model_namespace::log_prob: Sigma is not positive definite. (in 'model_fix_mean_lap.stan', line 68, column 1 to column 21)
	Exception: model_fix_mean_lap_model_namespace::log_prob: Sigma is not positive definite. (in 'model_fix_mean_lap.stan', line 68, column 1 to column 21)
	Exception: model_fix_mean_lap_model_namespace::log_prob: Sigma is not positive definite. (in 'model_fix_mean_lap.stan', line 68, column 1 to column 21)
	Exception: model_fix_mean_lap_model_namespace::log_prob: Sigma is not positive definite. (in 'model_fix_mean_lap.stan', line 68, column 1 to column 21)
	Exception: model_fix_mean_lap_model_namespace::log_prob: Sigma is not positive definite. (in 'model_fix_mean_lap.stan', line 68, column 1 to column 21)
	Exception: model_fix_mean_lap_model_namespace::log_prob: Sigma is not positive definite. (in 'model_fix_mean_lap.stan', line 68, column 1 to column 21)
	Exception: model_fix_mean_lap_model_namespace::log_prob: Sigma is not positive definite. (in 'model_fix_mean_lap.stan', line 68, column 1 to column 21)
	Exception: model_fix_mean_lap_model_namespace::log_prob: Sigma is not positive definite. (in 'model_fix_mean_lap.stan', line 68, column 1 to column 21)
	Exception: model_fix_mean_lap_model_namespace::log_prob: Sigma is not positive definite. (in 'model_fix_mean_lap.stan', line 68, column 1 to column 21)
	Exception: model_fix_mean_lap_model_namespace::log_prob: Sigma is not positive definite. (in 'model_fix_mean_lap.stan', line 68, column 1 to column 21)
	Exception: model_fix_mean_lap_model_namespace::log_prob: Sigma is not positive definite. (in 'model_fix_mean_lap.stan', line 68, column 1 to column 21)
	Exception: model_fix_mean_lap_model_namespace::log_prob: Sigma is not positive definite. (in 'model_fix_mean_lap.stan', line 68, column 1 to column 21)
	Exception: model_fix_mean_lap_model_namespace::log_prob: Sigma is not positive definite. (in 'model_fix_mean_lap.stan', line 68, column 1 to column 21)
	Exception: model_fix_mean_lap_model_namespace::log_prob: Sigma is not positive definite. (in 'model_fix_mean_lap.stan', line 68, column 1 to column 21)
	Exception: model_fix_mean_lap_model_namespace::log_prob: Sigma is not positive definite. (in 'model_fix_mean_lap.stan', line 68, column 1 to column 21)
	Exception: model_fix_mean_lap_model_namespace::log_prob: Sigma is not positive definite. (in 'model_fix_mean_lap.stan', line 68, column 1 to column 21)
	Exception: model_fix_mean_lap_model_namespace::log_prob: Sigma is not positive definite. (in 'model_fix_mean_lap.stan', line 68, column 1 to column 21)
	Exception: model_fix_mean_lap_model_namespace::log_prob: Sigma is not positive definite. (in 'model_fix_mean_lap.stan', line 68, column 1 to column 21)
	Exception: model_fix_mean_lap_model_namespace::log_prob: Sigma is not positive definite. (in 'model_fix_mean_lap.stan', line 68, column 1 to column 21)
	Exception: model_fix_mean_lap_model_namespace::log_prob: Sigma is not positive definite. (in 'model_fix_mean_lap.stan', line 68, column 1 to column 21)
	Exception: model_fix_mean_lap_model_namespace::log_prob: Sigma is not positive definite. (in 'model_fix_mean_lap.stan', line 68, column 1 to column 21)
	Exception: model_fix_mean_lap_model_namespace::log_prob: Sigma is not positive definite. (in 'model_fix_mean_lap.stan', line 68, column 1 to column 21)
	Exception: model_fix_mean_lap_model_namespace::log_prob: Sigma is not positive definite. (in 'model_fix_mean_lap.stan', line 68, column 1 to column 21)
	Exception: model_fix_mean_lap_model_namespace::log_prob: Sigma is not positive definite. (in 'model_fix_mean_lap.stan', line 68, column 1 to column 21)
	Exception: model_fix_mean_lap_model_namespace::log_prob: Sigma is not positive definite. (in 'model_fix_mean_lap.stan', line 68, column 1 to column 21)
	Exception: model_fix_mean_lap_model_namespace::log_prob: Sigma is not positive definite. (in 'model_fix_mean_lap.stan', line 68, column 1 to column 21)
	Exception: model_fix_mean_lap_model_namespace::log_prob: Sigma is not positive definite. (in 'model_fix_mean_lap.stan', line 68, column 1 to column 21)
	Exception: model_fix_mean_lap_model_namespace::log_prob: Sigma is not positive definite. (in 'model_fix_mean_lap.stan', line 68, column 1 to column 21)
	Exception: model_fix_mean_lap_model_namespace::log_prob: Sigma is not positive definite. (in 'model_fix_mean_lap.stan', line 68, column 1 to column 21)
	Exception: model_fix_mean_lap_model_namespace::log_prob: Sigma is not positive definite. (in 'model_fix_mean_lap.stan', line 68, column 1 to column 21)
	Exception: model_fix_mean_lap_model_namespace::log_prob: Sigma is not positive definite. (in 'model_fix_mean_lap.stan', line 68, column 1 to column 21)
	Exception: model_fix_mean_lap_model_namespace::log_prob: Sigma is not positive definite. (in 'model_fix_mean_lap.stan', line 68, column 1 to column 21)
	Exception: model_fix_mean_lap_model_namespace::log_prob: Sigma is not positive definite. (in 'model_fix_mean_lap.stan', line 68, column 1 to column 21)
	Exception: model_fix_mean_lap_model_namespace::log_prob: Sigma is not positive definite. (in 'model_fix_mean_lap.stan', line 68, column 1 to column 21)
	Exception: model_fix_mean_lap_model_namespace::log_prob: Sigma is not positive definite. (in 'model_fix_mean_lap.stan', line 68, column 1 to column 21)
	Exception: model_fix_mean_lap_model_namespace::log_prob: Sigma is not positive definite. (in 'model_fix_mean_lap.stan', line 68, column 1 to column 21)
	Exception: model_fix_mean_lap_model_namespace::log_prob: Sigma is not positive definite. (in 'model_fix_mean_lap.stan', line 68, column 1 to column 21)
	Exception: model_fix_mean_lap_model_namespace::log_prob: Sigma is not positive definite. (in 'model_fix_mean_lap.stan', line 68, column 1 to column 21)
	Exception: model_fix_mean_lap_model_namespace::log_prob: Sigma is not positive definite. (in 'model_fix_mean_lap.stan', line 68, column 1 to column 21)
	Exception: model_fix_mean_lap_model_namespace::log_prob: Sigma is not positive definite. (in 'model_fix_mean_lap.stan', line 68, column 1 to column 21)
	Exception: model_fix_mean_lap_model_namespace::log_prob: Sigma is not positive definite. (in 'model_fix_mean_lap.stan', line 68, column 1 to column 21)
	Exception: model_fix_mean_lap_model_namespace::log_prob: Sigma is not positive definite. (in 'model_fix_mean_lap.stan', line 68, column 1 to column 21)
	Exception: model_fix_mean_lap_model_namespace::log_prob: Sigma is not positive definite. (in 'model_fix_mean_lap.stan', line 68, column 1 to column 21)
	Exception: model_fix_mean_lap_model_namespace::log_prob: Sigma is not positive definite. (in 'model_fix_mean_lap.stan', line 68, column 1 to column 21)
	Exception: model_fix_mean_lap_model_namespace::log_prob: Sigma is not positive definite. (in 'model_fix_mean_lap.stan', line 68, column 1 to column 21)
	Exception: model_fix_mean_lap_model_namespace::log_prob: Sigma is not positive definite. (in 'model_fix_mean_lap.stan', line 68, column 1 to column 21)
	Exception: model_fix_mean_lap_model_namespace::log_prob: Sigma is not positive definite. (in 'model_fix_mean_lap.stan', line 68, column 1 to column 21)
	Exception: model_fix_mean_lap_model_namespace::log_prob: Sigma is not positive definite. (in 'model_fix_mean_lap.stan', line 68, column 1 to column 21)
	Exception: model_fix_mean_lap_model_namespace::log_prob: Sigma is not positive definite. (in 'model_fix_mean_lap.stan', line 68, column 1 to column 21)
	Exception: model_fix_mean_lap_model_namespace::log_prob: Sigma is not positive definite. (in 'model_fix_mean_lap.stan', line 68, column 1 to column 21)
	Exception: model_fix_mean_lap_model_namespace::log_prob: Sigma is not positive definite. (in 'model_fix_mean_lap.stan', line 68, column 1 to column 21)
	Exception: model_fix_mean_lap_model_namespace::log_prob: Sigma is not positive definite. (in 'model_fix_mean_lap.stan', line 68, column 1 to column 21)
	Exception: model_fix_mean_lap_model_namespace::log_prob: Sigma is not positive definite. (in 'model_fix_mean_lap.stan', line 68, column 1 to column 21)
	Exception: model_fix_mean_lap_model_namespace::log_prob: Sigma is not positive definite. (in 'model_fix_mean_lap.stan', line 68, column 1 to column 21)
	Exception: model_fix_mean_lap_model_namespace::log_prob: Sigma is not positive definite. (in 'model_fix_mean_lap.stan', line 68, column 1 to column 21)
	Exception: model_fix_mean_lap_model_namespace::log_prob: Sigma is not positive definite. (in 'model_fix_mean_lap.stan', line 68, column 1 to column 21)
	Exception: model_fix_mean_lap_model_namespace::log_prob: Sigma is not positive definite. (in 'model_fix_mean_lap.stan', line 68, column 1 to column 21)
	Exception: model_fix_mean_lap_model_namespace::log_prob: Sigma is not positive definite. (in 'model_fix_mean_lap.stan', line 68, column 1 to column 21)
	Exception: model_fix_mean_lap_model_namespace::log_prob: Sigma is not positive definite. (in 'model_fix_mean_lap.stan', line 68, column 1 to column 21)
	Exception: model_fix_mean_lap_model_namespace::log_prob: Sigma is not positive definite. (in 'model_fix_mean_lap.stan', line 68, column 1 to column 21)
	Exception: model_fix_mean_lap_model_namespace::log_prob: Sigma is not positive definite. (in 'model_fix_mean_lap.stan', line 68, column 1 to column 21)
	Exception: model_fix_mean_lap_model_namespace::log_prob: Sigma is not positive definite. (in 'model_fix_mean_lap.stan', line 68, column 1 to column 21)
	Exception: model_fix_mean_lap_model_namespace::log_prob: Sigma is not positive definite. (in 'model_fix_mean_lap.stan', line 68, column 1 to column 21)
	Exception: model_fix_mean_lap_model_namespace::log_prob: Sigma is not positive definite. (in 'model_fix_mean_lap.stan', line 68, column 1 to column 21)
	Exception: model_fix_mean_lap_model_namespace::log_prob: Sigma is not positive definite. (in 'model_fix_mean_lap.stan', line 68, column 1 to column 21)
	Exception: model_fix_mean_lap_model_namespace::log_prob: Sigma is not positive definite. (in 'model_fix_mean_lap.stan', line 68, column 1 to column 21)
	Exception: model_fix_mean_lap_model_namespace::log_prob: Sigma is not positive definite. (in 'model_fix_mean_lap.stan', line 68, column 1 to column 21)
	Exception: model_fix_mean_lap_model_namespace::log_prob: Sigma is not positive definite. (in 'model_fix_mean_lap.stan', line 68, column 1 to column 21)
	Exception: model_fix_mean_lap_model_namespace::log_prob: Sigma is not positive definite. (in 'model_fix_mean_lap.stan', line 68, column 1 to column 21)
	Exception: model_fix_mean_lap_model_namespace::log_prob: Sigma is not positive definite. (in 'model_fix_mean_lap.stan', line 68, column 1 to column 21)
	Exception: model_fix_mean_lap_model_namespace::log_prob: Sigma is not positive definite. (in 'model_fix_mean_lap.stan', line 68, column 1 to column 21)
	Exception: model_fix_mean_lap_model_namespace::log_prob: Sigma is not positive definite. (in 'model_fix_mean_lap.stan', line 68, column 1 to column 21)
	Exception: model_fix_mean_lap_model_namespace::log_prob: Sigma is not positive definite. (in 'model_fix_mean_lap.stan', line 68, column 1 to column 21)
	Exception: model_fix_mean_lap_model_namespace::log_prob: Sigma is not positive definite. (in 'model_fix_mean_lap.stan', line 68, column 1 to column 21)
	Exception: model_fix_mean_lap_model_namespace::log_prob: Sigma is not positive definite. (in 'model_fix_mean_lap.stan', line 68, column 1 to column 21)
	Exception: model_fix_mean_lap_model_namespace::log_prob: Sigma is not positive definite. (in 'model_fix_mean_lap.stan', line 68, column 1 to column 21)
	Exception: model_fix_mean_lap_model_namespace::log_prob: Sigma is not positive definite. (in 'model_fix_mean_lap.stan', line 68, column 1 to column 21)
	Exception: model_fix_mean_lap_model_namespace::log_prob: Sigma is not positive definite. (in 'model_fix_mean_lap.stan', line 68, column 1 to column 21)
	Exception: model_fix_mean_lap_model_namespace::log_prob: Sigma is not positive definite. (in 'model_fix_mean_lap.stan', line 68, column 1 to column 21)
	Exception: model_fix_mean_lap_model_namespace::log_prob: Sigma is not positive definite. (in 'model_fix_mean_lap.stan', line 68, column 1 to column 21)
	Exception: model_fix_mean_lap_model_namespace::log_prob: Sigma is not positive definite. (in 'model_fix_mean_lap.stan', line 68, column 1 to column 21)
	Exception: model_fix_mean_lap_model_namespace::log_prob: Sigma is not positive definite. (in 'model_fix_mean_lap.stan', line 68, column 1 to column 21)
	Exception: model_fix_mean_lap_model_namespace::log_prob: Sigma is not positive definite. (in 'model_fix_mean_lap.stan', line 68, column 1 to column 21)
	Exception: model_fix_mean_lap_model_namespace::log_prob: Sigma is not positive definite. (in 'model_fix_mean_lap.stan', line 68, column 1 to column 21)
	Exception: model_fix_mean_lap_model_namespace::log_prob: Sigma is not positive definite. (in 'model_fix_mean_lap.stan', line 68, column 1 to column 21)
	Exception: model_fix_mean_lap_model_namespace::log_prob: Sigma is not positive definite. (in 'model_fix_mean_lap.stan', line 68, column 1 to column 21)
	Exception: model_fix_mean_lap_model_namespace::log_prob: Sigma is not positive definite. (in 'model_fix_mean_lap.stan', line 68, column 1 to column 21)
	Exception: model_fix_mean_lap_model_namespace::log_prob: Sigma is not positive definite. (in 'model_fix_mean_lap.stan', line 68, column 1 to column 21)
	Exception: model_fix_mean_lap_model_namespace::log_prob: Sigma is not positive definite. (in 'model_fix_mean_lap.stan', line 68, column 1 to column 21)
	Exception: model_fix_mean_lap_model_namespace::log_prob: Sigma is not positive definite. (in 'model_fix_mean_lap.stan', line 68, column 1 to column 21)
	Exception: model_fix_mean_lap_model_namespace::log_prob: Sigma is not positive definite. (in 'model_fix_mean_lap.stan', line 68, column 1 to column 21)
	Exception: model_fix_mean_lap_model_namespace::log_prob: Sigma is not positive definite. (in 'model_fix_mean_lap.stan', line 68, column 1 to column 21)
	Exception: model_fix_mean_lap_model_namespace::log_prob: Sigma is not positive definite. (in 'model_fix_mean_lap.stan', line 68, column 1 to column 21)
	Exception: model_fix_mean_lap_model_namespace::log_prob: Sigma is not positive definite. (in 'model_fix_mean_lap.stan', line 68, column 1 to column 21)
	Exception: model_fix_mean_lap_model_namespace::log_prob: Sigma is not positive definite. (in 'model_fix_mean_lap.stan', line 68, column 1 to column 21)
	Exception: model_fix_mean_lap_model_namespace::log_prob: Sigma is not positive definite. (in 'model_fix_mean_lap.stan', line 68, column 1 to column 21)
	Exception: model_fix_mean_lap_model_namespace::log_prob: Sigma is not positive definite. (in 'model_fix_mean_lap.stan', line 68, column 1 to column 21)
	Exception: model_fix_mean_lap_model_namespace::log_prob: Sigma is not positive definite. (in 'model_fix_mean_lap.stan', line 68, column 1 to column 21)
	Exception: model_fix_mean_lap_model_namespace::log_prob: Sigma is not positive definite. (in 'model_fix_mean_lap.stan', line 68, column 1 to column 21)
	Exception: model_fix_mean_lap_model_namespace::log_prob: Sigma is not positive definite. (in 'model_fix_mean_lap.stan', line 68, column 1 to column 21)
	Exception: model_fix_mean_lap_model_namespace::log_prob: Sigma is not positive definite. (in 'model_fix_mean_lap.stan', line 68, column 1 to column 21)
	Exception: model_fix_mean_lap_model_namespace::log_prob: Sigma is not positive definite. (in 'model_fix_mean_lap.stan', line 68, column 1 to column 21)
	Exception: model_fix_mean_lap_model_namespace::log_prob: Sigma is not positive definite. (in 'model_fix_mean_lap.stan', line 68, column 1 to column 21)
	Exception: model_fix_mean_lap_model_namespace::log_prob: Sigma is not positive definite. (in 'model_fix_mean_lap.stan', line 68, column 1 to column 21)
	Exception: model_fix_mean_lap_model_namespace::log_prob: Sigma is not positive definite. (in 'model_fix_mean_lap.stan', line 68, column 1 to column 21)
	Exception: model_fix_mean_lap_model_namespace::log_prob: Sigma is not positive definite. (in 'model_fix_mean_lap.stan', line 68, column 1 to column 21)
	Exception: model_fix_mean_lap_model_namespace::log_prob: Sigma is not positive definite. (in 'model_fix_mean_lap.stan', line 68, column 1 to column 21)
	Exception: model_fix_mean_lap_model_namespace::log_prob: Sigma is not positive definite. (in 'model_fix_mean_lap.stan', line 68, column 1 to column 21)
	Exception: model_fix_mean_lap_model_namespace::log_prob: Sigma is not positive definite. (in 'model_fix_mean_lap.stan', line 68, column 1 to column 21)
	Exception: model_fix_mean_lap_model_namespace::log_prob: Sigma is not positive definite. (in 'model_fix_mean_lap.stan', line 68, column 1 to column 21)
	Exception: model_fix_mean_lap_model_namespace::log_prob: Sigma is not positive definite. (in 'model_fix_mean_lap.stan', line 68, column 1 to column 21)
	Exception: model_fix_mean_lap_model_namespace::log_prob: Sigma is not positive definite. (in 'model_fix_mean_lap.stan', line 68, column 1 to column 21)
	Exception: model_fix_mean_lap_model_namespace::log_prob: Sigma is not positive definite. (in 'model_fix_mean_lap.stan', line 68, column 1 to column 21)
	Exception: model_fix_mean_lap_model_namespace::log_prob: Sigma is not positive definite. (in 'model_fix_mean_lap.stan', line 68, column 1 to column 21)
	Exception: model_fix_mean_lap_model_namespace::log_prob: Sigma is not positive definite. (in 'model_fix_mean_lap.stan', line 68, column 1 to column 21)
	Exception: model_fix_mean_lap_model_namespace::log_prob: Sigma is not positive definite. (in 'model_fix_mean_lap.stan', line 68, column 1 to column 21)
	Exception: model_fix_mean_lap_model_namespace::log_prob: Sigma is not positive definite. (in 'model_fix_mean_lap.stan', line 68, column 1 to column 21)
	Exception: model_fix_mean_lap_model_namespace::log_prob: Sigma is not positive definite. (in 'model_fix_mean_lap.stan', line 68, column 1 to column 21)
	Exception: model_fix_mean_lap_model_namespace::log_prob: Sigma is not positive definite. (in 'model_fix_mean_lap.stan', line 68, column 1 to column 21)
	Exception: model_fix_mean_lap_model_namespace::log_prob: Sigma is not positive definite. (in 'model_fix_mean_lap.stan', line 68, column 1 to column 21)
	Exception: model_fix_mean_lap_model_namespace::log_prob: Sigma is not positive definite. (in 'model_fix_mean_lap.stan', line 68, column 1 to column 21)
	Exception: model_fix_mean_lap_model_namespace::log_prob: Sigma is not positive definite. (in 'model_fix_mean_lap.stan', line 68, column 1 to column 21)
	Exception: model_fix_mean_lap_model_namespace::log_prob: Sigma is not positive definite. (in 'model_fix_mean_lap.stan', line 68, column 1 to column 21)
	Exception: model_fix_mean_lap_model_namespace::log_prob: Sigma is not positive definite. (in 'model_fix_mean_lap.stan', line 68, column 1 to column 21)
	Exception: model_fix_mean_lap_model_namespace::log_prob: Sigma is not positive definite. (in 'model_fix_mean_lap.stan', line 68, column 1 to column 21)
	Exception: model_fix_mean_lap_model_namespace::log_prob: Sigma is not positive definite. (in 'model_fix_mean_lap.stan', line 68, column 1 to column 21)
	Exception: model_fix_mean_lap_model_namespace::log_prob: Sigma is not positive definite. (in 'model_fix_mean_lap.stan', line 68, column 1 to column 21)
	Exception: model_fix_mean_lap_model_namespace::log_prob: Sigma is not positive definite. (in 'model_fix_mean_lap.stan', line 68, column 1 to column 21)
	Exception: model_fix_mean_lap_model_namespace::log_prob: Sigma is not positive definite. (in 'model_fix_mean_lap.stan', line 68, column 1 to column 21)
	Exception: model_fix_mean_lap_model_namespace::log_prob: Sigma is not positive definite. (in 'model_fix_mean_lap.stan', line 68, column 1 to column 21)
	Exception: model_fix_mean_lap_model_namespace::log_prob: Sigma is not positive definite. (in 'model_fix_mean_lap.stan', line 68, column 1 to column 21)
	Exception: model_fix_mean_lap_model_namespace::log_prob: Sigma is not positive definite. (in 'model_fix_mean_lap.stan', line 68, column 1 to column 21)
	Exception: model_fix_mean_lap_model_namespace::log_prob: Sigma is not positive definite. (in 'model_fix_mean_lap.stan', line 68, column 1 to column 21)
	Exception: model_fix_mean_lap_model_namespace::log_prob: Sigma is not positive definite. (in 'model_fix_mean_lap.stan', line 68, column 1 to column 21)
	Exception: model_fix_mean_lap_model_namespace::log_prob: Sigma is not positive definite. (in 'model_fix_mean_lap.stan', line 68, column 1 to column 21)
	Exception: model_fix_mean_lap_model_namespace::log_prob: Sigma is not positive definite. (in 'model_fix_mean_lap.stan', line 68, column 1 to column 21)
	Exception: model_fix_mean_lap_model_namespace::log_prob: Sigma is not positive definite. (in 'model_fix_mean_lap.stan', line 68, column 1 to column 21)
	Exception: model_fix_mean_lap_model_namespace::log_prob: Sigma is not positive definite. (in 'model_fix_mean_lap.stan', line 68, column 1 to column 21)
	Exception: model_fix_mean_lap_model_namespace::log_prob: Sigma is not positive definite. (in 'model_fix_mean_lap.stan', line 68, column 1 to column 21)
	Exception: model_fix_mean_lap_model_namespace::log_prob: Sigma is not positive definite. (in 'model_fix_mean_lap.stan', line 68, column 1 to column 21)
	Exception: model_fix_mean_lap_model_namespace::log_prob: Sigma is not positive definite. (in 'model_fix_mean_lap.stan', line 68, column 1 to column 21)
	Exception: model_fix_mean_lap_model_namespace::log_prob: Sigma is not positive definite. (in 'model_fix_mean_lap.stan', line 68, column 1 to column 21)
	Exception: model_fix_mean_lap_model_namespace::log_prob: Sigma is not positive definite. (in 'model_fix_mean_lap.stan', line 68, column 1 to column 21)
	Exception: model_fix_mean_lap_model_namespace::log_prob: Sigma is not positive definite. (in 'model_fix_mean_lap.stan', line 68, column 1 to column 21)
	Exception: model_fix_mean_lap_model_namespace::log_prob: Sigma is not positive definite. (in 'model_fix_mean_lap.stan', line 68, column 1 to column 21)
	Exception: model_fix_mean_lap_model_namespace::log_prob: Sigma is not positive definite. (in 'model_fix_mean_lap.stan', line 68, column 1 to column 21)
	Exception: model_fix_mean_lap_model_namespace::log_prob: Sigma is not positive definite. (in 'model_fix_mean_lap.stan', line 68, column 1 to column 21)
	Exception: model_fix_mean_lap_model_namespace::log_prob: Sigma is not positive definite. (in 'model_fix_mean_lap.stan', line 68, column 1 to column 21)
	Exception: model_fix_mean_lap_model_namespace::log_prob: Sigma is not positive definite. (in 'model_fix_mean_lap.stan', line 68, column 1 to column 21)
	Exception: model_fix_mean_lap_model_namespace::log_prob: Sigma is not positive definite. (in 'model_fix_mean_lap.stan', line 68, column 1 to column 21)
	Exception: model_fix_mean_lap_model_namespace::log_prob: Sigma is not positive definite. (in 'model_fix_mean_lap.stan', line 68, column 1 to column 21)
	Exception: model_fix_mean_lap_model_namespace::log_prob: Sigma is not positive definite. (in 'model_fix_mean_lap.stan', line 68, column 1 to column 21)
	Exception: model_fix_mean_lap_model_namespace::log_prob: Sigma is not positive definite. (in 'model_fix_mean_lap.stan', line 68, column 1 to column 21)
	Exception: model_fix_mean_lap_model_namespace::log_prob: Sigma is not positive definite. (in 'model_fix_mean_lap.stan', line 68, column 1 to column 21)
	Exception: model_fix_mean_lap_model_namespace::log_prob: Sigma is not positive definite. (in 'model_fix_mean_lap.stan', line 68, column 1 to column 21)
	Exception: model_fix_mean_lap_model_namespace::log_prob: Sigma is not positive definite. (in 'model_fix_mean_lap.stan', line 68, column 1 to column 21)
	Exception: model_fix_mean_lap_model_namespace::log_prob: Sigma is not positive definite. (in 'model_fix_mean_lap.stan', line 68, column 1 to column 21)
	Exception: model_fix_mean_lap_model_namespace::log_prob: Sigma is not positive definite. (in 'model_fix_mean_lap.stan', line 68, column 1 to column 21)
	Exception: model_fix_mean_lap_model_namespace::log_prob: Sigma is not positive definite. (in 'model_fix_mean_lap.stan', line 68, column 1 to column 21)
	Exception: model_fix_mean_lap_model_namespace::log_prob: Sigma is not positive definite. (in 'model_fix_mean_lap.stan', line 68, column 1 to column 21)
	Exception: model_fix_mean_lap_model_namespace::log_prob: Sigma is not positive definite. (in 'model_fix_mean_lap.stan', line 68, column 1 to column 21)
	Exception: model_fix_mean_lap_model_namespace::log_prob: Sigma is not positive definite. (in 'model_fix_mean_lap.stan', line 68, column 1 to column 21)
	Exception: model_fix_mean_lap_model_namespace::log_prob: Sigma is not positive definite. (in 'model_fix_mean_lap.stan', line 68, column 1 to column 21)
	Exception: model_fix_mean_lap_model_namespace::log_prob: Sigma is not positive definite. (in 'model_fix_mean_lap.stan', line 68, column 1 to column 21)
	Exception: model_fix_mean_lap_model_namespace::log_prob: Sigma is not positive definite. (in 'model_fix_mean_lap.stan', line 68, column 1 to column 21)
	Exception: model_fix_mean_lap_model_namespace::log_prob: Sigma is not positive definite. (in 'model_fix_mean_lap.stan', line 68, column 1 to column 21)
	Exception: model_fix_mean_lap_model_namespace::log_prob: Sigma is not positive definite. (in 'model_fix_mean_lap.stan', line 68, column 1 to column 21)
	Exception: model_fix_mean_lap_model_namespace::log_prob: Sigma is not positive definite. (in 'model_fix_mean_lap.stan', line 68, column 1 to column 21)
	Exception: model_fix_mean_lap_model_namespace::log_prob: Sigma is not positive definite. (in 'model_fix_mean_lap.stan', line 68, column 1 to column 21)
	Exception: model_fix_mean_lap_model_namespace::log_prob: Sigma is not positive definite. (in 'model_fix_mean_lap.stan', line 68, column 1 to column 21)
	Exception: model_fix_mean_lap_model_namespace::log_prob: Sigma is not positive definite. (in 'model_fix_mean_lap.stan', line 68, column 1 to column 21)
	Exception: model_fix_mean_lap_model_namespace::log_prob: Sigma is not positive definite. (in 'model_fix_mean_lap.stan', line 68, column 1 to column 21)
	Exception: model_fix_mean_lap_model_namespace::log_prob: Sigma is not positive definite. (in 'model_fix_mean_lap.stan', line 68, column 1 to column 21)
	Exception: model_fix_mean_lap_model_namespace::log_prob: Sigma is not positive definite. (in 'model_fix_mean_lap.stan', line 68, column 1 to column 21)
	Exception: model_fix_mean_lap_model_namespace::log_prob: Sigma is not positive definite. (in 'model_fix_mean_lap.stan', line 68, column 1 to column 21)
	Exception: model_fix_mean_lap_model_namespace::log_prob: Sigma is not positive definite. (in 'model_fix_mean_lap.stan', line 68, column 1 to column 21)
	Exception: model_fix_mean_lap_model_namespace::log_prob: Sigma is not positive definite. (in 'model_fix_mean_lap.stan', line 68, column 1 to column 21)
	Exception: model_fix_mean_lap_model_namespace::log_prob: Sigma is not positive definite. (in 'model_fix_mean_lap.stan', line 68, column 1 to column 21)
	Exception: model_fix_mean_lap_model_namespace::log_prob: Sigma is not positive definite. (in 'model_fix_mean_lap.stan', line 68, column 1 to column 21)
	Exception: model_fix_mean_lap_model_namespace::log_prob: Sigma is not positive definite. (in 'model_fix_mean_lap.stan', line 68, column 1 to column 21)
	Exception: model_fix_mean_lap_model_namespace::log_prob: Sigma is not positive definite. (in 'model_fix_mean_lap.stan', line 68, column 1 to column 21)
Exception: model_fix_mean_lap_model_namespace::log_prob: Sigma is not positive definite. (in 'model_fix_mean_lap.stan', line 68, column 1 to column 21)
	Exception: model_fix_mean_lap_model_namespace::log_prob: Omega is not positive definite. (in 'model_fix_mean_lap.stan', line 67, column 1 to column 22)
	Exception: model_fix_mean_lap_model_namespace::log_prob: Omega is not positive definite. (in 'model_fix_mean_lap.stan', line 67, column 1 to column 22)
	Exception: model_fix_mean_lap_model_namespace::log_prob: Omega is not positive definite. (in 'model_fix_mean_lap.stan', line 67, column 1 to column 22)
	Exception: model_fix_mean_lap_model_namespace::log_prob: Omega is not positive definite. (in 'model_fix_mean_lap.stan', line 67, column 1 to column 22)
	Exception: model_fix_mean_lap_model_namespace::log_prob: Sigma is not positive definite. (in 'model_fix_mean_lap.stan', line 68, column 1 to column 21)
	Exception: model_fix_mean_lap_model_namespace::log_prob: Sigma is not positive definite. (in 'model_fix_mean_lap.stan', line 68, column 1 to column 21)
	Exception: model_fix_mean_lap_model_namespace::log_prob: Sigma is not positive definite. (in 'model_fix_mean_lap.stan', line 68, column 1 to column 21)
	Exception: model_fix_mean_lap_model_namespace::log_prob: Omega is not positive definite. (in 'model_fix_mean_lap.stan', line 67, column 1 to column 22)
	Exception: model_fix_mean_lap_model_namespace::log_prob: Omega is not positive definite. (in 'model_fix_mean_lap.stan', line 67, column 1 to column 22)
	Exception: model_fix_mean_lap_model_namespace::log_prob: Sigma is not positive definite. (in 'model_fix_mean_lap.stan', line 68, column 1 to column 21)
	Exception: model_fix_mean_lap_model_namespace::log_prob: Sigma is not positive definite. (in 'model_fix_mean_lap.stan', line 68, column 1 to column 21)
	Exception: model_fix_mean_lap_model_namespace::log_prob: Sigma is not positive definite. (in 'model_fix_mean_lap.stan', line 68, column 1 to column 21)
	Exception: model_fix_mean_lap_model_namespace::log_prob: Sigma is not positive definite. (in 'model_fix_mean_lap.stan', line 68, column 1 to column 21)
Exception: model_fix_mean_lap_model_namespace::log_prob: Sigma is not positive definite. (in 'model_fix_mean_lap.stan', line 68, column 1 to column 21)
	Exception: model_fix_mean_lap_model_namespace::log_prob: Sigma is not positive definite. (in 'model_fix_mean_lap.stan', line 68, column 1 to column 21)
	Exception: model_fix_mean_lap_model_namespace::log_prob: Sigma is not positive definite. (in 'model_fix_mean_lap.stan', line 68, column 1 to column 21)
	Exception: model_fix_mean_lap_model_namespace::log_prob: Omega is not positive definite. (in 'model_fix_mean_lap.stan', line 67, column 1 to column 22)
	Exception: model_fix_mean_lap_model_namespace::log_prob: Omega is not positive definite. (in 'model_fix_mean_lap.stan', line 67, column 1 to column 22)
	Exception: model_fix_mean_lap_model_namespace::log_prob: Omega is not positive definite. (in 'model_fix_mean_lap.stan', line 67, column 1 to column 22)
	Exception: model_fix_mean_lap_model_namespace::log_prob: Sigma is not positive definite. (in 'model_fix_mean_lap.stan', line 68, column 1 to column 21)
	Exception: model_fix_mean_lap_model_namespace::log_prob: Omega is not positive definite. (in 'model_fix_mean_lap.stan', line 67, column 1 to column 22)
	Exception: model_fix_mean_lap_model_namespace::log_prob: Omega is not positive definite. (in 'model_fix_mean_lap.stan', line 67, column 1 to column 22)
Exception: model_fix_mean_lap_model_namespace::log_prob: Omega is not positive definite. (in 'model_fix_mean_lap.stan', line 67, column 1 to column 22)
	Exception: model_fix_mean_lap_model_namespace::log_prob: Omega is not positive definite. (in 'model_fix_mean_lap.stan', line 67, column 1 to column 22)
	Exception: model_fix_mean_lap_model_namespace::log_prob: Omega is not positive definite. (in 'model_fix_mean_lap.stan', line 67, column 1 to column 22)
	Exception: model_fix_mean_lap_model_namespace::log_prob: Sigma is not positive definite. (in 'model_fix_mean_lap.stan', line 68, column 1 to column 21)
	Exception: model_fix_mean_lap_model_namespace::log_prob: Omega is not positive definite. (in 'model_fix_mean_lap.stan', line 67, column 1 to column 22)
	Exception: model_fix_mean_lap_model_namespace::log_prob: Omega is not positive definite. (in 'model_fix_mean_lap.stan', line 67, column 1 to column 22)
Exception: model_fix_mean_lap_model_namespace::log_prob: Sigma is not positive definite. (in 'model_fix_mean_lap.stan', line 68, column 1 to column 21)
	Exception: model_fix_mean_lap_model_namespace::log_prob: Omega is not positive definite. (in 'model_fix_mean_lap.stan', line 67, column 1 to column 22)
	Exception: model_fix_mean_lap_model_namespace::log_prob: Omega is not positive definite. (in 'model_fix_mean_lap.stan', line 67, column 1 to column 22)
	Exception: model_fix_mean_lap_model_namespace::log_prob: Omega is not positive definite. (in 'model_fix_mean_lap.stan', line 67, column 1 to column 22)
	Exception: model_fix_mean_lap_model_namespace::log_prob: Omega is not positive definite. (in 'model_fix_mean_lap.stan', line 67, column 1 to column 22)
	Exception: model_fix_mean_lap_model_namespace::log_prob: Sigma is not positive definite. (in 'model_fix_mean_lap.stan', line 68, column 1 to column 21)
	Exception: model_fix_mean_lap_model_namespace::log_prob: Sigma is not positive definite. (in 'model_fix_mean_lap.stan', line 68, column 1 to column 21)
	Exception: model_fix_mean_lap_model_namespace::log_prob: Omega is not positive definite. (in 'model_fix_mean_lap.stan', line 67, column 1 to column 22)
	Exception: model_fix_mean_lap_model_namespace::log_prob: Omega is not positive definite. (in 'model_fix_mean_lap.stan', line 67, column 1 to column 22)
	Exception: multi_normal_lpdf: Location parameter[2] is inf, but must be finite! (in 'model_fix_mean_lap.stan', line 140, column 12 to column 74)
	Exception: model_fix_mean_lap_model_namespace::log_prob: Sigma is not positive definite. (in 'model_fix_mean_lap.stan', line 68, column 1 to column 21)
Exception: model_fix_mean_lap_model_namespace::log_prob: Omega is not positive definite. (in 'model_fix_mean_lap.stan', line 67, column 1 to column 22)
	Exception: model_fix_mean_lap_model_namespace::log_prob: Omega is not positive definite. (in 'model_fix_mean_lap.stan', line 67, column 1 to column 22)
	Exception: model_fix_mean_lap_model_namespace::log_prob: Sigma is not positive definite. (in 'model_fix_mean_lap.stan', line 68, column 1 to column 21)
	Exception: model_fix_mean_lap_model_namespace::log_prob: Sigma is not positive definite. (in 'model_fix_mean_lap.stan', line 68, column 1 to column 21)
	Exception: model_fix_mean_lap_model_namespace::log_prob: Sigma is not positive definite. (in 'model_fix_mean_lap.stan', line 68, column 1 to column 21)
	Exception: model_fix_mean_lap_model_namespace::log_prob: Sigma is not positive definite. (in 'model_fix_mean_lap.stan', line 68, column 1 to column 21)
	Exception: model_fix_mean_lap_model_namespace::log_prob: Sigma is not positive definite. (in 'model_fix_mean_lap.stan', line 68, column 1 to column 21)
	Exception: model_fix_mean_lap_model_namespace::log_prob: Sigma is not positive definite. (in 'model_fix_mean_lap.stan', line 68, column 1 to column 21)
	Exception: model_fix_mean_lap_model_namespace::log_prob: Sigma is not positive definite. (in 'model_fix_mean_lap.stan', line 68, column 1 to column 21)
	Exception: model_fix_mean_lap_model_namespace::log_prob: Omega is not positive definite. (in 'model_fix_mean_lap.stan', line 67, column 1 to column 22)
	Exception: model_fix_mean_lap_model_namespace::log_prob: Omega is not positive definite. (in 'model_fix_mean_lap.stan', line 67, column 1 to column 22)
	Exception: model_fix_mean_lap_model_namespace::log_prob: Sigma is not positive definite. (in 'model_fix_mean_lap.stan', line 68, column 1 to column 21)
	Exception: model_fix_mean_lap_model_namespace::log_prob: Sigma is not positive definite. (in 'model_fix_mean_lap.stan', line 68, column 1 to column 21)
	Exception: model_fix_mean_lap_model_namespace::log_prob: Sigma is not positive definite. (in 'model_fix_mean_lap.stan', line 68, column 1 to column 21)
	Exception: model_fix_mean_lap_model_namespace::log_prob: Sigma is not positive definite. (in 'model_fix_mean_lap.stan', line 68, column 1 to column 21)
	Exception: model_fix_mean_lap_model_namespace::log_prob: Sigma is not positive definite. (in 'model_fix_mean_lap.stan', line 68, column 1 to column 21)
	Exception: model_fix_mean_lap_model_namespace::log_prob: Sigma is not positive definite. (in 'model_fix_mean_lap.stan', line 68, column 1 to column 21)
Exception: model_fix_mean_lap_model_namespace::log_prob: Omega is not positive definite. (in 'model_fix_mean_lap.stan', line 67, column 1 to column 22)
	Exception: model_fix_mean_lap_model_namespace::log_prob: Omega is not positive definite. (in 'model_fix_mean_lap.stan', line 67, column 1 to column 22)
	Exception: model_fix_mean_lap_model_namespace::log_prob: Omega is not positive definite. (in 'model_fix_mean_lap.stan', line 67, column 1 to column 22)
	Exception: model_fix_mean_lap_model_namespace::log_prob: Omega is not positive definite. (in 'model_fix_mean_lap.stan', line 67, column 1 to column 22)
	Exception: model_fix_mean_lap_model_namespace::log_prob: Sigma is not positive definite. (in 'model_fix_mean_lap.stan', line 68, column 1 to column 21)
	Exception: model_fix_mean_lap_model_namespace::log_prob: Omega is not positive definite. (in 'model_fix_mean_lap.stan', line 67, column 1 to column 22)
	Exception: model_fix_mean_lap_model_namespace::log_prob: Omega is not positive definite. (in 'model_fix_mean_lap.stan', line 67, column 1 to column 22)
Exception: model_fix_mean_lap_model_namespace::log_prob: Omega is not positive definite. (in 'model_fix_mean_lap.stan', line 67, column 1 to column 22)
	Exception: model_fix_mean_lap_model_namespace::log_prob: Omega is not positive definite. (in 'model_fix_mean_lap.stan', line 67, column 1 to column 22)
	Exception: model_fix_mean_lap_model_namespace::log_prob: Omega is not positive definite. (in 'model_fix_mean_lap.stan', line 67, column 1 to column 22)
	Exception: model_fix_mean_lap_model_namespace::log_prob: Omega is not positive definite. (in 'model_fix_mean_lap.stan', line 67, column 1 to column 22)
	Exception: model_fix_mean_lap_model_namespace::log_prob: Sigma is not positive definite. (in 'model_fix_mean_lap.stan', line 68, column 1 to column 21)
	Exception: model_fix_mean_lap_model_namespace::log_prob: Sigma is not positive definite. (in 'model_fix_mean_lap.stan', line 68, column 1 to column 21)
	Exception: model_fix_mean_lap_model_namespace::log_prob: Sigma is not positive definite. (in 'model_fix_mean_lap.stan', line 68, column 1 to column 21)
	Exception: model_fix_mean_lap_model_namespace::log_prob: Omega is not positive definite. (in 'model_fix_mean_lap.stan', line 67, column 1 to column 22)
	Exception: model_fix_mean_lap_model_namespace::log_prob: Omega is not positive definite. (in 'model_fix_mean_lap.stan', line 67, column 1 to column 22)
	Exception: multi_normal_lpdf: Location parameter[1] is -inf, but must be finite! (in 'model_fix_mean_lap.stan', line 140, column 12 to column 74)
Exception: model_fix_mean_lap_model_namespace::log_prob: Sigma is not positive definite. (in 'model_fix_mean_lap.stan', line 68, column 1 to column 21)
	Exception: model_fix_mean_lap_model_namespace::log_prob: Sigma is not positive definite. (in 'model_fix_mean_lap.stan', line 68, column 1 to column 21)
	Exception: model_fix_mean_lap_model_namespace::log_prob: Sigma is not positive definite. (in 'model_fix_mean_lap.stan', line 68, column 1 to column 21)
	Exception: model_fix_mean_lap_model_namespace::log_prob: Omega is not positive definite. (in 'model_fix_mean_lap.stan', line 67, column 1 to column 22)
	Exception: model_fix_mean_lap_model_namespace::log_prob: Omega is not positive definite. (in 'model_fix_mean_lap.stan', line 67, column 1 to column 22)
	Exception: model_fix_mean_lap_model_namespace::log_prob: Omega is not positive definite. (in 'model_fix_mean_lap.stan', line 67, column 1 to column 22)
	Exception: model_fix_mean_lap_model_namespace::log_prob: Omega is not positive definite. (in 'model_fix_mean_lap.stan', line 67, column 1 to column 22)
	Exception: model_fix_mean_lap_model_namespace::log_prob: Sigma is not positive definite. (in 'model_fix_mean_lap.stan', line 68, column 1 to column 21)
	Exception: model_fix_mean_lap_model_namespace::log_prob: Sigma is not positive definite. (in 'model_fix_mean_lap.stan', line 68, column 1 to column 21)
	Exception: model_fix_mean_lap_model_namespace::log_prob: Omega is not positive definite. (in 'model_fix_mean_lap.stan', line 67, column 1 to column 22)
	Exception: model_fix_mean_lap_model_namespace::log_prob: Omega is not positive definite. (in 'model_fix_mean_lap.stan', line 67, column 1 to column 22)
	Exception: model_fix_mean_lap_model_namespace::log_prob: Sigma is not positive definite. (in 'model_fix_mean_lap.stan', line 68, column 1 to column 21)
	Exception: model_fix_mean_lap_model_namespace::log_prob: Sigma is not positive definite. (in 'model_fix_mean_lap.stan', line 68, column 1 to column 21)
	Exception: model_fix_mean_lap_model_namespace::log_prob: Sigma is not positive definite. (in 'model_fix_mean_lap.stan', line 68, column 1 to column 21)
Exception: model_fix_mean_lap_model_namespace::log_prob: Sigma is not positive definite. (in 'model_fix_mean_lap.stan', line 68, column 1 to column 21)
	Exception: model_fix_mean_lap_model_namespace::log_prob: Sigma is not positive definite. (in 'model_fix_mean_lap.stan', line 68, column 1 to column 21)
	Exception: model_fix_mean_lap_model_namespace::log_prob: Omega is not positive definite. (in 'model_fix_mean_lap.stan', line 67, column 1 to column 22)
	Exception: model_fix_mean_lap_model_namespace::log_prob: Omega is not positive definite. (in 'model_fix_mean_lap.stan', line 67, column 1 to column 22)
	Exception: model_fix_mean_lap_model_namespace::log_prob: Omega is not positive definite. (in 'model_fix_mean_lap.stan', line 67, column 1 to column 22)
	Exception: model_fix_mean_lap_model_namespace::log_prob: Omega is not positive definite. (in 'model_fix_mean_lap.stan', line 67, column 1 to column 22)
	Exception: model_fix_mean_lap_model_namespace::log_prob: Sigma is not positive definite. (in 'model_fix_mean_lap.stan', line 68, column 1 to column 21)
	Exception: model_fix_mean_lap_model_namespace::log_prob: Omega is not positive definite. (in 'model_fix_mean_lap.stan', line 67, column 1 to column 22)
	Exception: model_fix_mean_lap_model_namespace::log_prob: Omega is not positive definite. (in 'model_fix_mean_lap.stan', line 67, column 1 to column 22)
Exception: model_fix_mean_lap_model_namespace::log_prob: Sigma is not positive definite. (in 'model_fix_mean_lap.stan', line 68, column 1 to column 21)
	Exception: model_fix_mean_lap_model_namespace::log_prob: Omega is not positive definite. (in 'model_fix_mean_lap.stan', line 67, column 1 to column 22)
	Exception: model_fix_mean_lap_model_namespace::log_prob: Omega is not positive definite. (in 'model_fix_mean_lap.stan', line 67, column 1 to column 22)
	Exception: model_fix_mean_lap_model_namespace::log_prob: Omega is not positive definite. (in 'model_fix_mean_lap.stan', line 67, column 1 to column 22)
	Exception: model_fix_mean_lap_model_namespace::log_prob: Omega is not positive definite. (in 'model_fix_mean_lap.stan', line 67, column 1 to column 22)
	Exception: model_fix_mean_lap_model_namespace::log_prob: Omega is not positive definite. (in 'model_fix_mean_lap.stan', line 67, column 1 to column 22)
	Exception: model_fix_mean_lap_model_namespace::log_prob: Omega is not positive definite. (in 'model_fix_mean_lap.stan', line 67, column 1 to column 22)
	Exception: model_fix_mean_lap_model_namespace::log_prob: Sigma is not positive definite. (in 'model_fix_mean_lap.stan', line 68, column 1 to column 21)
	Exception: model_fix_mean_lap_model_namespace::log_prob: Sigma is not positive definite. (in 'model_fix_mean_lap.stan', line 68, column 1 to column 21)
	Exception: model_fix_mean_lap_model_namespace::log_prob: Sigma is not positive definite. (in 'model_fix_mean_lap.stan', line 68, column 1 to column 21)
	Exception: model_fix_mean_lap_model_namespace::log_prob: Sigma is not positive definite. (in 'model_fix_mean_lap.stan', line 68, column 1 to column 21)
	Exception: model_fix_mean_lap_model_namespace::log_prob: Sigma is not positive definite. (in 'model_fix_mean_lap.stan', line 68, column 1 to column 21)
	Exception: model_fix_mean_lap_model_namespace::log_prob: Omega is not positive definite. (in 'model_fix_mean_lap.stan', line 67, column 1 to column 22)
	Exception: model_fix_mean_lap_model_namespace::log_prob: Omega is not positive definite. (in 'model_fix_mean_lap.stan', line 67, column 1 to column 22)
	Exception: model_fix_mean_lap_model_namespace::log_prob: Sigma is not positive definite. (in 'model_fix_mean_lap.stan', line 68, column 1 to column 21)
	Exception: model_fix_mean_lap_model_namespace::log_prob: Sigma is not positive definite. (in 'model_fix_mean_lap.stan', line 68, column 1 to column 21)
	Exception: model_fix_mean_lap_model_namespace::log_prob: Sigma is not positive definite. (in 'model_fix_mean_lap.stan', line 68, column 1 to column 21)
	Exception: model_fix_mean_lap_model_namespace::log_prob: Sigma is not positive definite. (in 'model_fix_mean_lap.stan', line 68, column 1 to column 21)
	Exception: model_fix_mean_lap_model_namespace::log_prob: Sigma is not positive definite. (in 'model_fix_mean_lap.stan', line 68, column 1 to column 21)
	Exception: model_fix_mean_lap_model_namespace::log_prob: Sigma is not positive definite. (in 'model_fix_mean_lap.stan', line 68, column 1 to column 21)
	Exception: model_fix_mean_lap_model_namespace::log_prob: Sigma is not positive definite. (in 'model_fix_mean_lap.stan', line 68, column 1 to column 21)
Exception: model_fix_mean_lap_model_namespace::log_prob: Omega is not positive definite. (in 'model_fix_mean_lap.stan', line 67, column 1 to column 22)
	Exception: model_fix_mean_lap_model_namespace::log_prob: Omega is not positive definite. (in 'model_fix_mean_lap.stan', line 67, column 1 to column 22)
	Exception: model_fix_mean_lap_model_namespace::log_prob: Omega is not positive definite. (in 'model_fix_mean_lap.stan', line 67, column 1 to column 22)
	Exception: model_fix_mean_lap_model_namespace::log_prob: Omega is not positive definite. (in 'model_fix_mean_lap.stan', line 67, column 1 to column 22)
	Exception: model_fix_mean_lap_model_namespace::log_prob: Sigma is not positive definite. (in 'model_fix_mean_lap.stan', line 68, column 1 to column 21)
	Exception: model_fix_mean_lap_model_namespace::log_prob: Sigma is not positive definite. (in 'model_fix_mean_lap.stan', line 68, column 1 to column 21)
	Exception: model_fix_mean_lap_model_namespace::log_prob: Sigma is not positive definite. (in 'model_fix_mean_lap.stan', line 68, column 1 to column 21)
	Exception: model_fix_mean_lap_model_namespace::log_prob: Omega is not positive definite. (in 'model_fix_mean_lap.stan', line 67, column 1 to column 22)
	Exception: model_fix_mean_lap_model_namespace::log_prob: Omega is not positive definite. (in 'model_fix_mean_lap.stan', line 67, column 1 to column 22)
	Exception: model_fix_mean_lap_model_namespace::log_prob: Sigma is not positive definite. (in 'model_fix_mean_lap.stan', line 68, column 1 to column 21)
	Exception: model_fix_mean_lap_model_namespace::log_prob: Sigma is not positive definite. (in 'model_fix_mean_lap.stan', line 68, column 1 to column 21)
Exception: model_fix_mean_lap_model_namespace::log_prob: Omega is not positive definite. (in 'model_fix_mean_lap.stan', line 67, column 1 to column 22)
	Exception: model_fix_mean_lap_model_namespace::log_prob: Omega is not positive definite. (in 'model_fix_mean_lap.stan', line 67, column 1 to column 22)
	Exception: model_fix_mean_lap_model_namespace::log_prob: Omega is not positive definite. (in 'model_fix_mean_lap.stan', line 67, column 1 to column 22)
	Exception: model_fix_mean_lap_model_namespace::log_prob: Omega is not positive definite. (in 'model_fix_mean_lap.stan', line 67, column 1 to column 22)
	Exception: model_fix_mean_lap_model_namespace::log_prob: Omega is not positive definite. (in 'model_fix_mean_lap.stan', line 67, column 1 to column 22)
	Exception: model_fix_mean_lap_model_namespace::log_prob: Sigma is not positive definite. (in 'model_fix_mean_lap.stan', line 68, column 1 to column 21)
	Exception: model_fix_mean_lap_model_namespace::log_prob: Sigma is not positive definite. (in 'model_fix_mean_lap.stan', line 68, column 1 to column 21)
	Exception: model_fix_mean_lap_model_namespace::log_prob: Sigma is not positive definite. (in 'model_fix_mean_lap.stan', line 68, column 1 to column 21)
	Exception: model_fix_mean_lap_model_namespace::log_prob: Sigma is not positive definite. (in 'model_fix_mean_lap.stan', line 68, column 1 to column 21)
	Exception: model_fix_mean_lap_model_namespace::log_prob: Omega is not positive definite. (in 'model_fix_mean_lap.stan', line 67, column 1 to column 22)
	Exception: model_fix_mean_lap_model_namespace::log_prob: Sigma is not positive definite. (in 'model_fix_mean_lap.stan', line 68, column 1 to column 21)
	Exception: model_fix_mean_lap_model_namespace::log_prob: Sigma is not positive definite. (in 'model_fix_mean_lap.stan', line 68, column 1 to column 21)
	Exception: model_fix_mean_lap_model_namespace::log_prob: Sigma is not positive definite. (in 'model_fix_mean_lap.stan', line 68, column 1 to column 21)
	Exception: model_fix_mean_lap_model_namespace::log_prob: Sigma is not positive definite. (in 'model_fix_mean_lap.stan', line 68, column 1 to column 21)
	Exception: model_fix_mean_lap_model_namespace::log_prob: Sigma is not positive definite. (in 'model_fix_mean_lap.stan', line 68, column 1 to column 21)
	Exception: model_fix_mean_lap_model_namespace::log_prob: Sigma is not positive definite. (in 'model_fix_mean_lap.stan', line 68, column 1 to column 21)
	Exception: model_fix_mean_lap_model_namespace::log_prob: Sigma is not positive definite. (in 'model_fix_mean_lap.stan', line 68, column 1 to column 21)
	Exception: model_fix_mean_lap_model_namespace::log_prob: Sigma is not positive definite. (in 'model_fix_mean_lap.stan', line 68, column 1 to column 21)
	Exception: model_fix_mean_lap_model_namespace::log_prob: Sigma is not positive definite. (in 'model_fix_mean_lap.stan', line 68, column 1 to column 21)
	Exception: model_fix_mean_lap_model_namespace::log_prob: Sigma is not positive definite. (in 'model_fix_mean_lap.stan', line 68, column 1 to column 21)
	Exception: model_fix_mean_lap_model_namespace::log_prob: Sigma is not positive definite. (in 'model_fix_mean_lap.stan', line 68, column 1 to column 21)
Exception: model_fix_mean_lap_model_namespace::log_prob: Omega is not positive definite. (in 'model_fix_mean_lap.stan', line 67, column 1 to column 22)
	Exception: model_fix_mean_lap_model_namespace::log_prob: Omega is not positive definite. (in 'model_fix_mean_lap.stan', line 67, column 1 to column 22)
	Exception: model_fix_mean_lap_model_namespace::log_prob: Omega is not positive definite. (in 'model_fix_mean_lap.stan', line 67, column 1 to column 22)
	Exception: model_fix_mean_lap_model_namespace::log_prob: Omega is not positive definite. (in 'model_fix_mean_lap.stan', line 67, column 1 to column 22)
	Exception: model_fix_mean_lap_model_namespace::log_prob: Sigma is not positive definite. (in 'model_fix_mean_lap.stan', line 68, column 1 to column 21)
	Exception: model_fix_mean_lap_model_namespace::log_prob: Sigma is not positive definite. (in 'model_fix_mean_lap.stan', line 68, column 1 to column 21)
	Exception: model_fix_mean_lap_model_namespace::log_prob: Sigma is not positive definite. (in 'model_fix_mean_lap.stan', line 68, column 1 to column 21)
	Exception: model_fix_mean_lap_model_namespace::log_prob: Sigma is not positive definite. (in 'model_fix_mean_lap.stan', line 68, column 1 to column 21)
	Exception: model_fix_mean_lap_model_namespace::log_prob: Omega is not positive definite. (in 'model_fix_mean_lap.stan', line 67, column 1 to column 22)
	Exception: model_fix_mean_lap_model_namespace::log_prob: Omega is not positive definite. (in 'model_fix_mean_lap.stan', line 67, column 1 to column 22)
	Exception: model_fix_mean_lap_model_namespace::log_prob: Sigma is not positive definite. (in 'model_fix_mean_lap.stan', line 68, column 1 to column 21)
	Exception: model_fix_mean_lap_model_namespace::log_prob: Sigma is not positive definite. (in 'model_fix_mean_lap.stan', line 68, column 1 to column 21)
	Exception: model_fix_mean_lap_model_namespace::log_prob: Sigma is not positive definite. (in 'model_fix_mean_lap.stan', line 68, column 1 to column 21)
	Exception: model_fix_mean_lap_model_namespace::log_prob: Sigma is not positive definite. (in 'model_fix_mean_lap.stan', line 68, column 1 to column 21)
	Exception: model_fix_mean_lap_model_namespace::log_prob: Sigma is not positive definite. (in 'model_fix_mean_lap.stan', line 68, column 1 to column 21)
	Exception: model_fix_mean_lap_model_namespace::log_prob: Sigma is not positive definite. (in 'model_fix_mean_lap.stan', line 68, column 1 to column 21)
	Exception: model_fix_mean_lap_model_namespace::log_prob: Sigma is not positive definite. (in 'model_fix_mean_lap.stan', line 68, column 1 to column 21)
	Exception: model_fix_mean_lap_model_namespace::log_prob: Sigma is not positive definite. (in 'model_fix_mean_lap.stan', line 68, column 1 to column 21)
Exception: model_fix_mean_lap_model_namespace::log_prob: Omega is not positive definite. (in 'model_fix_mean_lap.stan', line 67, column 1 to column 22)
	Exception: model_fix_mean_lap_model_namespace::log_prob: Omega is not positive definite. (in 'model_fix_mean_lap.stan', line 67, column 1 to column 22)
	Exception: model_fix_mean_lap_model_namespace::log_prob: Omega is not positive definite. (in 'model_fix_mean_lap.stan', line 67, column 1 to column 22)
	Exception: model_fix_mean_lap_model_namespace::log_prob: Sigma is not positive definite. (in 'model_fix_mean_lap.stan', line 68, column 1 to column 21)
	Exception: model_fix_mean_lap_model_namespace::log_prob: Sigma is not positive definite. (in 'model_fix_mean_lap.stan', line 68, column 1 to column 21)
	Exception: model_fix_mean_lap_model_namespace::log_prob: Omega is not positive definite. (in 'model_fix_mean_lap.stan', line 67, column 1 to column 22)
	Exception: model_fix_mean_lap_model_namespace::log_prob: Omega is not positive definite. (in 'model_fix_mean_lap.stan', line 67, column 1 to column 22)
	Exception: model_fix_mean_lap_model_namespace::log_prob: Sigma is not positive definite. (in 'model_fix_mean_lap.stan', line 68, column 1 to column 21)
Exception: model_fix_mean_lap_model_namespace::log_prob: Sigma is not positive definite. (in 'model_fix_mean_lap.stan', line 68, column 1 to column 21)
	Exception: model_fix_mean_lap_model_namespace::log_prob: Sigma is not positive definite. (in 'model_fix_mean_lap.stan', line 68, column 1 to column 21)
	Exception: model_fix_mean_lap_model_namespace::log_prob: Sigma is not positive definite. (in 'model_fix_mean_lap.stan', line 68, column 1 to column 21)
	Exception: model_fix_mean_lap_model_namespace::log_prob: Sigma is not positive definite. (in 'model_fix_mean_lap.stan', line 68, column 1 to column 21)
	Exception: model_fix_mean_lap_model_namespace::log_prob: Omega is not positive definite. (in 'model_fix_mean_lap.stan', line 67, column 1 to column 22)
	Exception: model_fix_mean_lap_model_namespace::log_prob: Sigma is not symmetric. Sigma[1,2] = -nan, but Sigma[2,1] = -nan (in 'model_fix_mean_lap.stan', line 68, column 1 to column 21)
	Exception: model_fix_mean_lap_model_namespace::log_prob: Sigma is not positive definite. (in 'model_fix_mean_lap.stan', line 68, column 1 to column 21)
	Exception: model_fix_mean_lap_model_namespace::log_prob: Sigma is not positive definite. (in 'model_fix_mean_lap.stan', line 68, column 1 to column 21)
	Exception: model_fix_mean_lap_model_namespace::log_prob: Sigma is not positive definite. (in 'model_fix_mean_lap.stan', line 68, column 1 to column 21)
	Exception: model_fix_mean_lap_model_namespace::log_prob: Sigma is not positive definite. (in 'model_fix_mean_lap.stan', line 68, column 1 to column 21)
	Exception: model_fix_mean_lap_model_namespace::log_prob: Sigma is not positive definite. (in 'model_fix_mean_lap.stan', line 68, column 1 to column 21)
	Exception: model_fix_mean_lap_model_namespace::log_prob: Omega is not positive definite. (in 'model_fix_mean_lap.stan', line 67, column 1 to column 22)
	Exception: model_fix_mean_lap_model_namespace::log_prob: Omega is not positive definite. (in 'model_fix_mean_lap.stan', line 67, column 1 to column 22)
	Exception: multi_normal_lpdf: Location parameter[1] is inf, but must be finite! (in 'model_fix_mean_lap.stan', line 140, column 12 to column 74)
Exception: model_fix_mean_lap_model_namespace::log_prob: Sigma is not positive definite. (in 'model_fix_mean_lap.stan', line 68, column 1 to column 21)
	Exception: model_fix_mean_lap_model_namespace::log_prob: Omega is not positive definite. (in 'model_fix_mean_lap.stan', line 67, column 1 to column 22)
	Exception: model_fix_mean_lap_model_namespace::log_prob: Omega is not positive definite. (in 'model_fix_mean_lap.stan', line 67, column 1 to column 22)
	Exception: model_fix_mean_lap_model_namespace::log_prob: Omega is not positive definite. (in 'model_fix_mean_lap.stan', line 67, column 1 to column 22)
	Exception: model_fix_mean_lap_model_namespace::log_prob: Omega is not positive definite. (in 'model_fix_mean_lap.stan', line 67, column 1 to column 22)
	Exception: model_fix_mean_lap_model_namespace::log_prob: Omega is not positive definite. (in 'model_fix_mean_lap.stan', line 67, column 1 to column 22)
	Exception: model_fix_mean_lap_model_namespace::log_prob: Omega is not positive definite. (in 'model_fix_mean_lap.stan', line 67, column 1 to column 22)
	Exception: model_fix_mean_lap_model_namespace::log_prob: Omega is not positive definite. (in 'model_fix_mean_lap.stan', line 67, column 1 to column 22)
	Exception: model_fix_mean_lap_model_namespace::log_prob: Sigma is not positive definite. (in 'model_fix_mean_lap.stan', line 68, column 1 to column 21)
	Exception: model_fix_mean_lap_model_namespace::log_prob: Sigma is not positive definite. (in 'model_fix_mean_lap.stan', line 68, column 1 to column 21)
	Exception: model_fix_mean_lap_model_namespace::log_prob: Omega is not positive definite. (in 'model_fix_mean_lap.stan', line 67, column 1 to column 22)
	Exception: model_fix_mean_lap_model_namespace::log_prob: Omega is not positive definite. (in 'model_fix_mean_lap.stan', line 67, column 1 to column 22)
	Exception: model_fix_mean_lap_model_namespace::log_prob: Omega is not positive definite. (in 'model_fix_mean_lap.stan', line 67, column 1 to column 22)
	Exception: model_fix_mean_lap_model_namespace::log_prob: Sigma is not positive definite. (in 'model_fix_mean_lap.stan', line 68, column 1 to column 21)
	Exception: model_fix_mean_lap_model_namespace::log_prob: Sigma is not positive definite. (in 'model_fix_mean_lap.stan', line 68, column 1 to column 21)
	Exception: model_fix_mean_lap_model_namespace::log_prob: Sigma is not positive definite. (in 'model_fix_mean_lap.stan', line 68, column 1 to column 21)
Exception: model_fix_mean_lap_model_namespace::log_prob: Sigma is not positive definite. (in 'model_fix_mean_lap.stan', line 68, column 1 to column 21)
	Exception: model_fix_mean_lap_model_namespace::log_prob: Sigma is not positive definite. (in 'model_fix_mean_lap.stan', line 68, column 1 to column 21)
	Exception: model_fix_mean_lap_model_namespace::log_prob: Omega is not positive definite. (in 'model_fix_mean_lap.stan', line 67, column 1 to column 22)
	Exception: model_fix_mean_lap_model_namespace::log_prob: Omega is not positive definite. (in 'model_fix_mean_lap.stan', line 67, column 1 to column 22)
	Exception: model_fix_mean_lap_model_namespace::log_prob: Omega is not positive definite. (in 'model_fix_mean_lap.stan', line 67, column 1 to column 22)
	Exception: model_fix_mean_lap_model_namespace::log_prob: Omega is not positive definite. (in 'model_fix_mean_lap.stan', line 67, column 1 to column 22)
	Exception: model_fix_mean_lap_model_namespace::log_prob: Omega is not positive definite. (in 'model_fix_mean_lap.stan', line 67, column 1 to column 22)
	Exception: model_fix_mean_lap_model_namespace::log_prob: Omega is not positive definite. (in 'model_fix_mean_lap.stan', line 67, column 1 to column 22)
	Exception: model_fix_mean_lap_model_namespace::log_prob: Omega is not positive definite. (in 'model_fix_mean_lap.stan', line 67, column 1 to column 22)
	Exception: model_fix_mean_lap_model_namespace::log_prob: Sigma is not positive definite. (in 'model_fix_mean_lap.stan', line 68, column 1 to column 21)
	Exception: model_fix_mean_lap_model_namespace::log_prob: Sigma is not positive definite. (in 'model_fix_mean_lap.stan', line 68, column 1 to column 21)
	Exception: model_fix_mean_lap_model_namespace::log_prob: Sigma is not positive definite. (in 'model_fix_mean_lap.stan', line 68, column 1 to column 21)
	Exception: model_fix_mean_lap_model_namespace::log_prob: Omega is not positive definite. (in 'model_fix_mean_lap.stan', line 67, column 1 to column 22)
	Exception: model_fix_mean_lap_model_namespace::log_prob: Omega is not positive definite. (in 'model_fix_mean_lap.stan', line 67, column 1 to column 22)
	Exception: model_fix_mean_lap_model_namespace::log_prob: Omega is not positive definite. (in 'model_fix_mean_lap.stan', line 67, column 1 to column 22)
	Exception: model_fix_mean_lap_model_namespace::log_prob: Sigma is not positive definite. (in 'model_fix_mean_lap.stan', line 68, column 1 to column 21)
	Exception: model_fix_mean_lap_model_namespace::log_prob: Sigma is not positive definite. (in 'model_fix_mean_lap.stan', line 68, column 1 to column 21)
	Exception: model_fix_mean_lap_model_namespace::log_prob: Sigma is not positive definite. (in 'model_fix_mean_lap.stan', line 68, column 1 to column 21)
	Exception: model_fix_mean_lap_model_namespace::log_prob: Sigma is not positive definite. (in 'model_fix_mean_lap.stan', line 68, column 1 to column 21)
	Exception: model_fix_mean_lap_model_namespace::log_prob: Sigma is not positive definite. (in 'model_fix_mean_lap.stan', line 68, column 1 to column 21)
	Exception: model_fix_mean_lap_model_namespace::log_prob: Sigma is not positive definite. (in 'model_fix_mean_lap.stan', line 68, column 1 to column 21)
	Exception: model_fix_mean_lap_model_namespace::log_prob: Sigma is not positive definite. (in 'model_fix_mean_lap.stan', line 68, column 1 to column 21)
	Exception: model_fix_mean_lap_model_namespace::log_prob: Sigma is not positive definite. (in 'model_fix_mean_lap.stan', line 68, column 1 to column 21)
	Exception: model_fix_mean_lap_model_namespace::log_prob: Sigma is not positive definite. (in 'model_fix_mean_lap.stan', line 68, column 1 to column 21)
	Exception: model_fix_mean_lap_model_namespace::log_prob: Sigma is not positive definite. (in 'model_fix_mean_lap.stan', line 68, column 1 to column 21)
	Exception: model_fix_mean_lap_model_namespace::log_prob: Sigma is not positive definite. (in 'model_fix_mean_lap.stan', line 68, column 1 to column 21)
	Exception: model_fix_mean_lap_model_namespace::log_prob: Sigma is not positive definite. (in 'model_fix_mean_lap.stan', line 68, column 1 to column 21)
	Exception: model_fix_mean_lap_model_namespace::log_prob: Sigma is not positive definite. (in 'model_fix_mean_lap.stan', line 68, column 1 to column 21)
	Exception: model_fix_mean_lap_model_namespace::log_prob: Sigma is not positive definite. (in 'model_fix_mean_lap.stan', line 68, column 1 to column 21)
	Exception: model_fix_mean_lap_model_namespace::log_prob: Sigma is not positive definite. (in 'model_fix_mean_lap.stan', line 68, column 1 to column 21)
	Exception: model_fix_mean_lap_model_namespace::log_prob: Sigma is not positive definite. (in 'model_fix_mean_lap.stan', line 68, column 1 to column 21)
Exception: model_fix_mean_lap_model_namespace::log_prob: Omega is not positive definite. (in 'model_fix_mean_lap.stan', line 67, column 1 to column 22)
	Exception: model_fix_mean_lap_model_namespace::log_prob: Omega is not positive definite. (in 'model_fix_mean_lap.stan', line 67, column 1 to column 22)
	Exception: model_fix_mean_lap_model_namespace::log_prob: Omega is not positive definite. (in 'model_fix_mean_lap.stan', line 67, column 1 to column 22)
	Exception: model_fix_mean_lap_model_namespace::log_prob: Omega is not positive definite. (in 'model_fix_mean_lap.stan', line 67, column 1 to column 22)
	Exception: model_fix_mean_lap_model_namespace::log_prob: Omega is not positive definite. (in 'model_fix_mean_lap.stan', line 67, column 1 to column 22)
	Exception: model_fix_mean_lap_model_namespace::log_prob: Sigma is not positive definite. (in 'model_fix_mean_lap.stan', line 68, column 1 to column 21)
	Exception: model_fix_mean_lap_model_namespace::log_prob: Sigma is not positive definite. (in 'model_fix_mean_lap.stan', line 68, column 1 to column 21)
	Exception: model_fix_mean_lap_model_namespace::log_prob: Omega is not positive definite. (in 'model_fix_mean_lap.stan', line 67, column 1 to column 22)
	Exception: model_fix_mean_lap_model_namespace::log_prob: Omega is not positive definite. (in 'model_fix_mean_lap.stan', line 67, column 1 to column 22)
Exception: model_fix_mean_lap_model_namespace::log_prob: Sigma is not positive definite. (in 'model_fix_mean_lap.stan', line 68, column 1 to column 21)
	Exception: model_fix_mean_lap_model_namespace::log_prob: Sigma is not symmetric. Sigma[1,2] = -nan, but Sigma[2,1] = -nan (in 'model_fix_mean_lap.stan', line 68, column 1 to column 21)
	Exception: model_fix_mean_lap_model_namespace::log_prob: Sigma is not symmetric. Sigma[1,2] = -nan, but Sigma[2,1] = -nan (in 'model_fix_mean_lap.stan', line 68, column 1 to column 21)
	Exception: model_fix_mean_lap_model_namespace::log_prob: Sigma is not positive definite. (in 'model_fix_mean_lap.stan', line 68, column 1 to column 21)
	Exception: model_fix_mean_lap_model_namespace::log_prob: Sigma is not positive definite. (in 'model_fix_mean_lap.stan', line 68, column 1 to column 21)
	Exception: model_fix_mean_lap_model_namespace::log_prob: Sigma is not positive definite. (in 'model_fix_mean_lap.stan', line 68, column 1 to column 21)
	Exception: model_fix_mean_lap_model_namespace::log_prob: Sigma is not positive definite. (in 'model_fix_mean_lap.stan', line 68, column 1 to column 21)
	Exception: model_fix_mean_lap_model_namespace::log_prob: Omega is not positive definite. (in 'model_fix_mean_lap.stan', line 67, column 1 to column 22)
	Exception: model_fix_mean_lap_model_namespace::log_prob: Omega is not positive definite. (in 'model_fix_mean_lap.stan', line 67, column 1 to column 22)
	Exception: multi_normal_lpdf: Location parameter[2] is -inf, but must be finite! (in 'model_fix_mean_lap.stan', line 140, column 12 to column 74)
	Exception: model_fix_mean_lap_model_namespace::log_prob: Sigma is not positive definite. (in 'model_fix_mean_lap.stan', line 68, column 1 to column 21)
Exception: model_fix_mean_lap_model_namespace::log_prob: Sigma is not positive definite. (in 'model_fix_mean_lap.stan', line 68, column 1 to column 21)
	Exception: model_fix_mean_lap_model_namespace::log_prob: Omega is not positive definite. (in 'model_fix_mean_lap.stan', line 67, column 1 to column 22)
	Exception: model_fix_mean_lap_model_namespace::log_prob: Omega is not positive definite. (in 'model_fix_mean_lap.stan', line 67, column 1 to column 22)
	Exception: model_fix_mean_lap_model_namespace::log_prob: Omega is not positive definite. (in 'model_fix_mean_lap.stan', line 67, column 1 to column 22)
	Exception: model_fix_mean_lap_model_namespace::log_prob: Omega is not positive definite. (in 'model_fix_mean_lap.stan', line 67, column 1 to column 22)
	Exception: model_fix_mean_lap_model_namespace::log_prob: Omega is not positive definite. (in 'model_fix_mean_lap.stan', line 67, column 1 to column 22)
	Exception: model_fix_mean_lap_model_namespace::log_prob: Sigma is not positive definite. (in 'model_fix_mean_lap.stan', line 68, column 1 to column 21)
	Exception: model_fix_mean_lap_model_namespace::log_prob: Sigma is not positive definite. (in 'model_fix_mean_lap.stan', line 68, column 1 to column 21)
	Exception: model_fix_mean_lap_model_namespace::log_prob: Omega is not positive definite. (in 'model_fix_mean_lap.stan', line 67, column 1 to column 22)
	Exception: model_fix_mean_lap_model_namespace::log_prob: Omega is not positive definite. (in 'model_fix_mean_lap.stan', line 67, column 1 to column 22)
	Exception: model_fix_mean_lap_model_namespace::log_prob: Sigma is not positive definite. (in 'model_fix_mean_lap.stan', line 68, column 1 to column 21)
	Exception: model_fix_mean_lap_model_namespace::log_prob: Sigma is not positive definite. (in 'model_fix_mean_lap.stan', line 68, column 1 to column 21)
	Exception: model_fix_mean_lap_model_namespace::log_prob: Sigma is not positive definite. (in 'model_fix_mean_lap.stan', line 68, column 1 to column 21)
	Exception: model_fix_mean_lap_model_namespace::log_prob: Sigma is not positive definite. (in 'model_fix_mean_lap.stan', line 68, column 1 to column 21)
	Exception: model_fix_mean_lap_model_namespace::log_prob: Sigma is not positive definite. (in 'model_fix_mean_lap.stan', line 68, column 1 to column 21)
	Exception: model_fix_mean_lap_model_namespace::log_prob: Sigma is not positive definite. (in 'model_fix_mean_lap.stan', line 68, column 1 to column 21)
	Exception: model_fix_mean_lap_model_namespace::log_prob: Sigma is not positive definite. (in 'model_fix_mean_lap.stan', line 68, column 1 to column 21)
	Exception: model_fix_mean_lap_model_namespace::log_prob: Sigma is not positive definite. (in 'model_fix_mean_lap.stan', line 68, column 1 to column 21)
Exception: model_fix_mean_lap_model_namespace::log_prob: Sigma is not positive definite. (in 'model_fix_mean_lap.stan', line 68, column 1 to column 21)
	Exception: model_fix_mean_lap_model_namespace::log_prob: Sigma is not positive definite. (in 'model_fix_mean_lap.stan', line 68, column 1 to column 21)
	Exception: model_fix_mean_lap_model_namespace::log_prob: Sigma is not positive definite. (in 'model_fix_mean_lap.stan', line 68, column 1 to column 21)
	Exception: model_fix_mean_lap_model_namespace::log_prob: Omega is not positive definite. (in 'model_fix_mean_lap.stan', line 67, column 1 to column 22)
	Exception: model_fix_mean_lap_model_namespace::log_prob: Omega is not positive definite. (in 'model_fix_mean_lap.stan', line 67, column 1 to column 22)
	Exception: model_fix_mean_lap_model_namespace::log_prob: Omega is not positive definite. (in 'model_fix_mean_lap.stan', line 67, column 1 to column 22)
	Exception: model_fix_mean_lap_model_namespace::log_prob: Omega is not positive definite. (in 'model_fix_mean_lap.stan', line 67, column 1 to column 22)
	Exception: model_fix_mean_lap_model_namespace::log_prob: Sigma is not positive definite. (in 'model_fix_mean_lap.stan', line 68, column 1 to column 21)
	Exception: model_fix_mean_lap_model_namespace::log_prob: Sigma is not positive definite. (in 'model_fix_mean_lap.stan', line 68, column 1 to column 21)
	Exception: model_fix_mean_lap_model_namespace::log_prob: Omega is not positive definite. (in 'model_fix_mean_lap.stan', line 67, column 1 to column 22)
	Exception: model_fix_mean_lap_model_namespace::log_prob: Omega is not positive definite. (in 'model_fix_mean_lap.stan', line 67, column 1 to column 22)
	Exception: model_fix_mean_lap_model_namespace::log_prob: Sigma is not positive definite. (in 'model_fix_mean_lap.stan', line 68, column 1 to column 21)
Exception: model_fix_mean_lap_model_namespace::log_prob: Sigma is not positive definite. (in 'model_fix_mean_lap.stan', line 68, column 1 to column 21)
	Exception: model_fix_mean_lap_model_namespace::log_prob: Sigma is not positive definite. (in 'model_fix_mean_lap.stan', line 68, column 1 to column 21)
	Exception: model_fix_mean_lap_model_namespace::log_prob: Omega is not positive definite. (in 'model_fix_mean_lap.stan', line 67, column 1 to column 22)
	Exception: model_fix_mean_lap_model_namespace::log_prob: Omega is not positive definite. (in 'model_fix_mean_lap.stan', line 67, column 1 to column 22)
	Exception: model_fix_mean_lap_model_namespace::log_prob: Omega is not positive definite. (in 'model_fix_mean_lap.stan', line 67, column 1 to column 22)
	Exception: model_fix_mean_lap_model_namespace::log_prob: Omega is not positive definite. (in 'model_fix_mean_lap.stan', line 67, column 1 to column 22)
	Exception: model_fix_mean_lap_model_namespace::log_prob: Sigma is not positive definite. (in 'model_fix_mean_lap.stan', line 68, column 1 to column 21)
	Exception: model_fix_mean_lap_model_namespace::log_prob: Sigma is not positive definite. (in 'model_fix_mean_lap.stan', line 68, column 1 to column 21)
	Exception: model_fix_mean_lap_model_namespace::log_prob: Sigma is not positive definite. (in 'model_fix_mean_lap.stan', line 68, column 1 to column 21)
	Exception: model_fix_mean_lap_model_namespace::log_prob: Omega is not positive definite. (in 'model_fix_mean_lap.stan', line 67, column 1 to column 22)
	Exception: model_fix_mean_lap_model_namespace::log_prob: Sigma is not positive definite. (in 'model_fix_mean_lap.stan', line 68, column 1 to column 21)
Exception: model_fix_mean_lap_model_namespace::log_prob: Sigma is not positive definite. (in 'model_fix_mean_lap.stan', line 68, column 1 to column 21)
	Exception: model_fix_mean_lap_model_namespace::log_prob: Sigma is not positive definite. (in 'model_fix_mean_lap.stan', line 68, column 1 to column 21)
	Exception: model_fix_mean_lap_model_namespace::log_prob: Sigma is not positive definite. (in 'model_fix_mean_lap.stan', line 68, column 1 to column 21)
	Exception: model_fix_mean_lap_model_namespace::log_prob: Omega is not positive definite. (in 'model_fix_mean_lap.stan', line 67, column 1 to column 22)
	Exception: model_fix_mean_lap_model_namespace::log_prob: Omega is not positive definite. (in 'model_fix_mean_lap.stan', line 67, column 1 to column 22)
	Exception: model_fix_mean_lap_model_namespace::log_prob: Omega is not positive definite. (in 'model_fix_mean_lap.stan', line 67, column 1 to column 22)
	Exception: model_fix_mean_lap_model_namespace::log_prob: Omega is not positive definite. (in 'model_fix_mean_lap.stan', line 67, column 1 to column 22)
	Exception: model_fix_mean_lap_model_namespace::log_prob: Sigma is not positive definite. (in 'model_fix_mean_lap.stan', line 68, column 1 to column 21)
	Exception: model_fix_mean_lap_model_namespace::log_prob: Sigma is not positive definite. (in 'model_fix_mean_lap.stan', line 68, column 1 to column 21)
	Exception: model_fix_mean_lap_model_namespace::log_prob: Omega is not positive definite. (in 'model_fix_mean_lap.stan', line 67, column 1 to column 22)
	Exception: model_fix_mean_lap_model_namespace::log_prob: Omega is not positive definite. (in 'model_fix_mean_lap.stan', line 67, column 1 to column 22)
	Exception: model_fix_mean_lap_model_namespace::log_prob: Sigma is not positive definite. (in 'model_fix_mean_lap.stan', line 68, column 1 to column 21)
	Exception: model_fix_mean_lap_model_namespace::log_prob: Sigma is not positive definite. (in 'model_fix_mean_lap.stan', line 68, column 1 to column 21)
	Exception: model_fix_mean_lap_model_namespace::log_prob: Sigma is not positive definite. (in 'model_fix_mean_lap.stan', line 68, column 1 to column 21)
	Exception: model_fix_mean_lap_model_namespace::log_prob: Sigma is not positive definite. (in 'model_fix_mean_lap.stan', line 68, column 1 to column 21)
Exception: model_fix_mean_lap_model_namespace::log_prob: Omega is not positive definite. (in 'model_fix_mean_lap.stan', line 67, column 1 to column 22)
	Exception: model_fix_mean_lap_model_namespace::log_prob: Omega is not positive definite. (in 'model_fix_mean_lap.stan', line 67, column 1 to column 22)
	Exception: model_fix_mean_lap_model_namespace::log_prob: Omega is not positive definite. (in 'model_fix_mean_lap.stan', line 67, column 1 to column 22)
	Exception: model_fix_mean_lap_model_namespace::log_prob: Omega is not positive definite. (in 'model_fix_mean_lap.stan', line 67, column 1 to column 22)
	Exception: model_fix_mean_lap_model_namespace::log_prob: Sigma is not positive definite. (in 'model_fix_mean_lap.stan', line 68, column 1 to column 21)
	Exception: model_fix_mean_lap_model_namespace::log_prob: Omega is not positive definite. (in 'model_fix_mean_lap.stan', line 67, column 1 to column 22)
	Exception: model_fix_mean_lap_model_namespace::log_prob: Omega is not positive definite. (in 'model_fix_mean_lap.stan', line 67, column 1 to column 22)
Exception: model_fix_mean_lap_model_namespace::log_prob: Sigma is not positive definite. (in 'model_fix_mean_lap.stan', line 68, column 1 to column 21)
	Exception: model_fix_mean_lap_model_namespace::log_prob: Sigma is not positive definite. (in 'model_fix_mean_lap.stan', line 68, column 1 to column 21)
	Exception: model_fix_mean_lap_model_namespace::log_prob: Omega is not positive definite. (in 'model_fix_mean_lap.stan', line 67, column 1 to column 22)
	Exception: model_fix_mean_lap_model_namespace::log_prob: Omega is not positive definite. (in 'model_fix_mean_lap.stan', line 67, column 1 to column 22)
	Exception: model_fix_mean_lap_model_namespace::log_prob: Omega is not positive definite. (in 'model_fix_mean_lap.stan', line 67, column 1 to column 22)
	Exception: model_fix_mean_lap_model_namespace::log_prob: Omega is not positive definite. (in 'model_fix_mean_lap.stan', line 67, column 1 to column 22)
	Exception: model_fix_mean_lap_model_namespace::log_prob: Omega is not positive definite. (in 'model_fix_mean_lap.stan', line 67, column 1 to column 22)
	Exception: model_fix_mean_lap_model_namespace::log_prob: Sigma is not positive definite. (in 'model_fix_mean_lap.stan', line 68, column 1 to column 21)
	Exception: model_fix_mean_lap_model_namespace::log_prob: Sigma is not positive definite. (in 'model_fix_mean_lap.stan', line 68, column 1 to column 21)
	Exception: model_fix_mean_lap_model_namespace::log_prob: Sigma is not positive definite. (in 'model_fix_mean_lap.stan', line 68, column 1 to column 21)
	Exception: model_fix_mean_lap_model_namespace::log_prob: Omega is not positive definite. (in 'model_fix_mean_lap.stan', line 67, column 1 to column 22)
	Exception: model_fix_mean_lap_model_namespace::log_prob: Omega is not positive definite. (in 'model_fix_mean_lap.stan', line 67, column 1 to column 22)
	Exception: model_fix_mean_lap_model_namespace::log_prob: Sigma is not positive definite. (in 'model_fix_mean_lap.stan', line 68, column 1 to column 21)
	Exception: model_fix_mean_lap_model_namespace::log_prob: Sigma is not positive definite. (in 'model_fix_mean_lap.stan', line 68, column 1 to column 21)
	Exception: model_fix_mean_lap_model_namespace::log_prob: Sigma is not positive definite. (in 'model_fix_mean_lap.stan', line 68, column 1 to column 21)
	Exception: model_fix_mean_lap_model_namespace::log_prob: Sigma is not positive definite. (in 'model_fix_mean_lap.stan', line 68, column 1 to column 21)
	Exception: model_fix_mean_lap_model_namespace::log_prob: Sigma is not positive definite. (in 'model_fix_mean_lap.stan', line 68, column 1 to column 21)
	Exception: model_fix_mean_lap_model_namespace::log_prob: Sigma is not positive definite. (in 'model_fix_mean_lap.stan', line 68, column 1 to column 21)
	Exception: model_fix_mean_lap_model_namespace::log_prob: Sigma is not positive definite. (in 'model_fix_mean_lap.stan', line 68, column 1 to column 21)
Exception: model_fix_mean_lap_model_namespace::log_prob: Sigma is not positive definite. (in 'model_fix_mean_lap.stan', line 68, column 1 to column 21)
	Exception: model_fix_mean_lap_model_namespace::log_prob: Omega is not positive definite. (in 'model_fix_mean_lap.stan', line 67, column 1 to column 22)
	Exception: model_fix_mean_lap_model_namespace::log_prob: Omega is not positive definite. (in 'model_fix_mean_lap.stan', line 67, column 1 to column 22)
	Exception: model_fix_mean_lap_model_namespace::log_prob: Omega is not positive definite. (in 'model_fix_mean_lap.stan', line 67, column 1 to column 22)
	Exception: model_fix_mean_lap_model_namespace::log_prob: Omega is not positive definite. (in 'model_fix_mean_lap.stan', line 67, column 1 to column 22)
	Exception: model_fix_mean_lap_model_namespace::log_prob: Omega is not positive definite. (in 'model_fix_mean_lap.stan', line 67, column 1 to column 22)
	Exception: model_fix_mean_lap_model_namespace::log_prob: Omega is not positive definite. (in 'model_fix_mean_lap.stan', line 67, column 1 to column 22)
	Exception: model_fix_mean_lap_model_namespace::log_prob: Omega is not positive definite. (in 'model_fix_mean_lap.stan', line 67, column 1 to column 22)
	Exception: model_fix_mean_lap_model_namespace::log_prob: Omega is not positive definite. (in 'model_fix_mean_lap.stan', line 67, column 1 to column 22)
	Exception: model_fix_mean_lap_model_namespace::log_prob: Sigma is not positive definite. (in 'model_fix_mean_lap.stan', line 68, column 1 to column 21)
	Exception: model_fix_mean_lap_model_namespace::log_prob: Sigma is not positive definite. (in 'model_fix_mean_lap.stan', line 68, column 1 to column 21)
	Exception: model_fix_mean_lap_model_namespace::log_prob: Omega is not positive definite. (in 'model_fix_mean_lap.stan', line 67, column 1 to column 22)
	Exception: model_fix_mean_lap_model_namespace::log_prob: Omega is not positive definite. (in 'model_fix_mean_lap.stan', line 67, column 1 to column 22)
	Exception: model_fix_mean_lap_model_namespace::log_prob: Omega is not positive definite. (in 'model_fix_mean_lap.stan', line 67, column 1 to column 22)
Exception: model_fix_mean_lap_model_namespace::log_prob: Omega is not positive definite. (in 'model_fix_mean_lap.stan', line 67, column 1 to column 22)
	Exception: model_fix_mean_lap_model_namespace::log_prob: Omega is not positive definite. (in 'model_fix_mean_lap.stan', line 67, column 1 to column 22)
	Exception: model_fix_mean_lap_model_namespace::log_prob: Omega is not positive definite. (in 'model_fix_mean_lap.stan', line 67, column 1 to column 22)
	Exception: model_fix_mean_lap_model_namespace::log_prob: Sigma is not positive definite. (in 'model_fix_mean_lap.stan', line 68, column 1 to column 21)
	Exception: model_fix_mean_lap_model_namespace::log_prob: Sigma is not positive definite. (in 'model_fix_mean_lap.stan', line 68, column 1 to column 21)
	Exception: multi_normal_lpdf: Location parameter[1] is -inf, but must be finite! (in 'model_fix_mean_lap.stan', line 140, column 12 to column 74)
	Exception: model_fix_mean_lap_model_namespace::log_prob: Omega is not positive definite. (in 'model_fix_mean_lap.stan', line 67, column 1 to column 22)
	Exception: model_fix_mean_lap_model_namespace::log_prob: Omega is not positive definite. (in 'model_fix_mean_lap.stan', line 67, column 1 to column 22)
Exception: model_fix_mean_lap_model_namespace::log_prob: Sigma is not positive definite. (in 'model_fix_mean_lap.stan', line 68, column 1 to column 21)
	Exception: model_fix_mean_lap_model_namespace::log_prob: Sigma is not positive definite. (in 'model_fix_mean_lap.stan', line 68, column 1 to column 21)
	Exception: model_fix_mean_lap_model_namespace::log_prob: Sigma is not positive definite. (in 'model_fix_mean_lap.stan', line 68, column 1 to column 21)
	Exception: model_fix_mean_lap_model_namespace::log_prob: Omega is not positive definite. (in 'model_fix_mean_lap.stan', line 67, column 1 to column 22)
	Exception: model_fix_mean_lap_model_namespace::log_prob: Omega is not positive definite. (in 'model_fix_mean_lap.stan', line 67, column 1 to column 22)
	Exception: model_fix_mean_lap_model_namespace::log_prob: Omega is not positive definite. (in 'model_fix_mean_lap.stan', line 67, column 1 to column 22)
	Exception: model_fix_mean_lap_model_namespace::log_prob: Omega is not positive definite. (in 'model_fix_mean_lap.stan', line 67, column 1 to column 22)
	Exception: model_fix_mean_lap_model_namespace::log_prob: Sigma is not positive definite. (in 'model_fix_mean_lap.stan', line 68, column 1 to column 21)
	Exception: model_fix_mean_lap_model_namespace::log_prob: Sigma is not positive definite. (in 'model_fix_mean_lap.stan', line 68, column 1 to column 21)
	Exception: model_fix_mean_lap_model_namespace::log_prob: Sigma is not positive definite. (in 'model_fix_mean_lap.stan', line 68, column 1 to column 21)
	Exception: model_fix_mean_lap_model_namespace::log_prob: Omega is not positive definite. (in 'model_fix_mean_lap.stan', line 67, column 1 to column 22)
	Exception: model_fix_mean_lap_model_namespace::log_prob: Omega is not positive definite. (in 'model_fix_mean_lap.stan', line 67, column 1 to column 22)
	Exception: model_fix_mean_lap_model_namespace::log_prob: Sigma is not positive definite. (in 'model_fix_mean_lap.stan', line 68, column 1 to column 21)
	Exception: model_fix_mean_lap_model_namespace::log_prob: Sigma is not positive definite. (in 'model_fix_mean_lap.stan', line 68, column 1 to column 21)
Exception: model_fix_mean_lap_model_namespace::log_prob: Sigma is not positive definite. (in 'model_fix_mean_lap.stan', line 68, column 1 to column 21)
	Exception: model_fix_mean_lap_model_namespace::log_prob: Omega is not positive definite. (in 'model_fix_mean_lap.stan', line 67, column 1 to column 22)
	Exception: model_fix_mean_lap_model_namespace::log_prob: Omega is not positive definite. (in 'model_fix_mean_lap.stan', line 67, column 1 to column 22)
	Exception: model_fix_mean_lap_model_namespace::log_prob: Omega is not positive definite. (in 'model_fix_mean_lap.stan', line 67, column 1 to column 22)
	Exception: model_fix_mean_lap_model_namespace::log_prob: Sigma is not positive definite. (in 'model_fix_mean_lap.stan', line 68, column 1 to column 21)
	Exception: model_fix_mean_lap_model_namespace::log_prob: Sigma is not positive definite. (in 'model_fix_mean_lap.stan', line 68, column 1 to column 21)
	Exception: model_fix_mean_lap_model_namespace::log_prob: Sigma is not positive definite. (in 'model_fix_mean_lap.stan', line 68, column 1 to column 21)
	Exception: model_fix_mean_lap_model_namespace::log_prob: Omega is not positive definite. (in 'model_fix_mean_lap.stan', line 67, column 1 to column 22)
	Exception: model_fix_mean_lap_model_namespace::log_prob: Sigma is not positive definite. (in 'model_fix_mean_lap.stan', line 68, column 1 to column 21)
Exception: model_fix_mean_lap_model_namespace::log_prob: Omega is not positive definite. (in 'model_fix_mean_lap.stan', line 67, column 1 to column 22)
	Exception: model_fix_mean_lap_model_namespace::log_prob: Omega is not positive definite. (in 'model_fix_mean_lap.stan', line 67, column 1 to column 22)
	Exception: model_fix_mean_lap_model_namespace::log_prob: Omega is not positive definite. (in 'model_fix_mean_lap.stan', line 67, column 1 to column 22)
	Exception: model_fix_mean_lap_model_namespace::log_prob: Omega is not positive definite. (in 'model_fix_mean_lap.stan', line 67, column 1 to column 22)
	Exception: model_fix_mean_lap_model_namespace::log_prob: Sigma is not positive definite. (in 'model_fix_mean_lap.stan', line 68, column 1 to column 21)
	Exception: model_fix_mean_lap_model_namespace::log_prob: Sigma is not positive definite. (in 'model_fix_mean_lap.stan', line 68, column 1 to column 21)
	Exception: model_fix_mean_lap_model_namespace::log_prob: Omega is not positive definite. (in 'model_fix_mean_lap.stan', line 67, column 1 to column 22)
	Exception: model_fix_mean_lap_model_namespace::log_prob: Omega is not positive definite. (in 'model_fix_mean_lap.stan', line 67, column 1 to column 22)
	Exception: model_fix_mean_lap_model_namespace::log_prob: Sigma is not positive definite. (in 'model_fix_mean_lap.stan', line 68, column 1 to column 21)
	Exception: model_fix_mean_lap_model_namespace::log_prob: Sigma is not positive definite. (in 'model_fix_mean_lap.stan', line 68, column 1 to column 21)
	Exception: model_fix_mean_lap_model_namespace::log_prob: Sigma is not positive definite. (in 'model_fix_mean_lap.stan', line 68, column 1 to column 21)
Exception: model_fix_mean_lap_model_namespace::log_prob: Omega is not positive definite. (in 'model_fix_mean_lap.stan', line 67, column 1 to column 22)
	Exception: model_fix_mean_lap_model_namespace::log_prob: Omega is not positive definite. (in 'model_fix_mean_lap.stan', line 67, column 1 to column 22)
	Exception: model_fix_mean_lap_model_namespace::log_prob: Omega is not positive definite. (in 'model_fix_mean_lap.stan', line 67, column 1 to column 22)
	Exception: model_fix_mean_lap_model_namespace::log_prob: Sigma is not positive definite. (in 'model_fix_mean_lap.stan', line 68, column 1 to column 21)
	Exception: model_fix_mean_lap_model_namespace::log_prob: Sigma is not positive definite. (in 'model_fix_mean_lap.stan', line 68, column 1 to column 21)
	Exception: model_fix_mean_lap_model_namespace::log_prob: Sigma is not positive definite. (in 'model_fix_mean_lap.stan', line 68, column 1 to column 21)
	Exception: model_fix_mean_lap_model_namespace::log_prob: Omega is not positive definite. (in 'model_fix_mean_lap.stan', line 67, column 1 to column 22)
	Exception: model_fix_mean_lap_model_namespace::log_prob: Omega is not positive definite. (in 'model_fix_mean_lap.stan', line 67, column 1 to column 22)
	Exception: multi_normal_lpdf: Location parameter[1] is inf, but must be finite! (in 'model_fix_mean_lap.stan', line 140, column 12 to column 74)
	Exception: model_fix_mean_lap_model_namespace::log_prob: Sigma is not positive definite. (in 'model_fix_mean_lap.stan', line 68, column 1 to column 21)
Exception: model_fix_mean_lap_model_namespace::log_prob: Sigma is not positive definite. (in 'model_fix_mean_lap.stan', line 68, column 1 to column 21)
	Exception: model_fix_mean_lap_model_namespace::log_prob: Omega is not positive definite. (in 'model_fix_mean_lap.stan', line 67, column 1 to column 22)
	Exception: model_fix_mean_lap_model_namespace::log_prob: Omega is not positive definite. (in 'model_fix_mean_lap.stan', line 67, column 1 to column 22)
	Exception: model_fix_mean_lap_model_namespace::log_prob: Omega is not positive definite. (in 'model_fix_mean_lap.stan', line 67, column 1 to column 22)
	Exception: model_fix_mean_lap_model_namespace::log_prob: Omega is not positive definite. (in 'model_fix_mean_lap.stan', line 67, column 1 to column 22)
	Exception: model_fix_mean_lap_model_namespace::log_prob: Omega is not positive definite. (in 'model_fix_mean_lap.stan', line 67, column 1 to column 22)
	Exception: model_fix_mean_lap_model_namespace::log_prob: Sigma is not positive definite. (in 'model_fix_mean_lap.stan', line 68, column 1 to column 21)
	Exception: model_fix_mean_lap_model_namespace::log_prob: Sigma is not positive definite. (in 'model_fix_mean_lap.stan', line 68, column 1 to column 21)
	Exception: model_fix_mean_lap_model_namespace::log_prob: Sigma is not positive definite. (in 'model_fix_mean_lap.stan', line 68, column 1 to column 21)
	Exception: model_fix_mean_lap_model_namespace::log_prob: Omega is not positive definite. (in 'model_fix_mean_lap.stan', line 67, column 1 to column 22)
	Exception: model_fix_mean_lap_model_namespace::log_prob: Omega is not positive definite. (in 'model_fix_mean_lap.stan', line 67, column 1 to column 22)
	Exception: model_fix_mean_lap_model_namespace::log_prob: Sigma is not positive definite. (in 'model_fix_mean_lap.stan', line 68, column 1 to column 21)
	Exception: multi_normal_lpdf: Location parameter[2] is -inf, but must be finite! (in 'model_fix_mean_lap.stan', line 140, column 12 to column 74)
Exception: model_fix_mean_lap_model_namespace::log_prob: Omega is not positive definite. (in 'model_fix_mean_lap.stan', line 67, column 1 to column 22)
	Exception: model_fix_mean_lap_model_namespace::log_prob: Omega is not positive definite. (in 'model_fix_mean_lap.stan', line 67, column 1 to column 22)
	Exception: model_fix_mean_lap_model_namespace::log_prob: Omega is not positive definite. (in 'model_fix_mean_lap.stan', line 67, column 1 to column 22)
	Exception: model_fix_mean_lap_model_namespace::log_prob: Omega is not positive definite. (in 'model_fix_mean_lap.stan', line 67, column 1 to column 22)
	Exception: model_fix_mean_lap_model_namespace::log_prob: Sigma is not positive definite. (in 'model_fix_mean_lap.stan', line 68, column 1 to column 21)
	Exception: model_fix_mean_lap_model_namespace::log_prob: Sigma is not positive definite. (in 'model_fix_mean_lap.stan', line 68, column 1 to column 21)
	Exception: model_fix_mean_lap_model_namespace::log_prob: Sigma is not positive definite. (in 'model_fix_mean_lap.stan', line 68, column 1 to column 21)
	Exception: model_fix_mean_lap_model_namespace::log_prob: Omega is not positive definite. (in 'model_fix_mean_lap.stan', line 67, column 1 to column 22)
	Exception: model_fix_mean_lap_model_namespace::log_prob: Omega is not positive definite. (in 'model_fix_mean_lap.stan', line 67, column 1 to column 22)
	Exception: model_fix_mean_lap_model_namespace::log_prob: Sigma is not positive definite. (in 'model_fix_mean_lap.stan', line 68, column 1 to column 21)
Exception: model_fix_mean_lap_model_namespace::log_prob: Sigma is not positive definite. (in 'model_fix_mean_lap.stan', line 68, column 1 to column 21)
	Exception: model_fix_mean_lap_model_namespace::log_prob: Sigma is not positive definite. (in 'model_fix_mean_lap.stan', line 68, column 1 to column 21)
	Exception: model_fix_mean_lap_model_namespace::log_prob: Sigma is not positive definite. (in 'model_fix_mean_lap.stan', line 68, column 1 to column 21)
	Exception: model_fix_mean_lap_model_namespace::log_prob: Omega is not positive definite. (in 'model_fix_mean_lap.stan', line 67, column 1 to column 22)
	Exception: model_fix_mean_lap_model_namespace::log_prob: Omega is not positive definite. (in 'model_fix_mean_lap.stan', line 67, column 1 to column 22)
	Exception: model_fix_mean_lap_model_namespace::log_prob: Omega is not positive definite. (in 'model_fix_mean_lap.stan', line 67, column 1 to column 22)
	Exception: model_fix_mean_lap_model_namespace::log_prob: Omega is not positive definite. (in 'model_fix_mean_lap.stan', line 67, column 1 to column 22)
	Exception: model_fix_mean_lap_model_namespace::log_prob: Omega is not positive definite. (in 'model_fix_mean_lap.stan', line 67, column 1 to column 22)
	Exception: model_fix_mean_lap_model_namespace::log_prob: Omega is not positive definite. (in 'model_fix_mean_lap.stan', line 67, column 1 to column 22)
	Exception: model_fix_mean_lap_model_namespace::log_prob: Omega is not positive definite. (in 'model_fix_mean_lap.stan', line 67, column 1 to column 22)
	Exception: model_fix_mean_lap_model_namespace::log_prob: Sigma is not positive definite. (in 'model_fix_mean_lap.stan', line 68, column 1 to column 21)
	Exception: model_fix_mean_lap_model_namespace::log_prob: Sigma is not positive definite. (in 'model_fix_mean_lap.stan', line 68, column 1 to column 21)
	Exception: model_fix_mean_lap_model_namespace::log_prob: Sigma is not positive definite. (in 'model_fix_mean_lap.stan', line 68, column 1 to column 21)
	Exception: model_fix_mean_lap_model_namespace::log_prob: Sigma is not positive definite. (in 'model_fix_mean_lap.stan', line 68, column 1 to column 21)
	Exception: model_fix_mean_lap_model_namespace::log_prob: Omega is not positive definite. (in 'model_fix_mean_lap.stan', line 67, column 1 to column 22)
	Exception: model_fix_mean_lap_model_namespace::log_prob: Omega is not positive definite. (in 'model_fix_mean_lap.stan', line 67, column 1 to column 22)
	Exception: model_fix_mean_lap_model_namespace::log_prob: Omega is not positive definite. (in 'model_fix_mean_lap.stan', line 67, column 1 to column 22)
	Exception: model_fix_mean_lap_model_namespace::log_prob: Sigma is not positive definite. (in 'model_fix_mean_lap.stan', line 68, column 1 to column 21)
	Exception: model_fix_mean_lap_model_namespace::log_prob: Sigma is not positive definite. (in 'model_fix_mean_lap.stan', line 68, column 1 to column 21)
	Exception: model_fix_mean_lap_model_namespace::log_prob: Sigma is not positive definite. (in 'model_fix_mean_lap.stan', line 68, column 1 to column 21)
	Exception: model_fix_mean_lap_model_namespace::log_prob: Sigma is not positive definite. (in 'model_fix_mean_lap.stan', line 68, column 1 to column 21)
	Exception: model_fix_mean_lap_model_namespace::log_prob: Sigma is not positive definite. (in 'model_fix_mean_lap.stan', line 68, column 1 to column 21)
Exception: model_fix_mean_lap_model_namespace::log_prob: Sigma is not positive definite. (in 'model_fix_mean_lap.stan', line 68, column 1 to column 21)
	Exception: model_fix_mean_lap_model_namespace::log_prob: Sigma is not positive definite. (in 'model_fix_mean_lap.stan', line 68, column 1 to column 21)
	Exception: model_fix_mean_lap_model_namespace::log_prob: Sigma is not positive definite. (in 'model_fix_mean_lap.stan', line 68, column 1 to column 21)
	Exception: model_fix_mean_lap_model_namespace::log_prob: Sigma is not positive definite. (in 'model_fix_mean_lap.stan', line 68, column 1 to column 21)
	Exception: model_fix_mean_lap_model_namespace::log_prob: Sigma is not positive definite. (in 'model_fix_mean_lap.stan', line 68, column 1 to column 21)
	Exception: model_fix_mean_lap_model_namespace::log_prob: Sigma is not positive definite. (in 'model_fix_mean_lap.stan', line 68, column 1 to column 21)
	Exception: model_fix_mean_lap_model_namespace::log_prob: Sigma is not positive definite. (in 'model_fix_mean_lap.stan', line 68, column 1 to column 21)
	Exception: model_fix_mean_lap_model_namespace::log_prob: Omega is not positive definite. (in 'model_fix_mean_lap.stan', line 67, column 1 to column 22)
	Exception: model_fix_mean_lap_model_namespace::log_prob: Omega is not positive definite. (in 'model_fix_mean_lap.stan', line 67, column 1 to column 22)
	Exception: model_fix_mean_lap_model_namespace::log_prob: Omega is not positive definite. (in 'model_fix_mean_lap.stan', line 67, column 1 to column 22)
	Exception: model_fix_mean_lap_model_namespace::log_prob: Omega is not positive definite. (in 'model_fix_mean_lap.stan', line 67, column 1 to column 22)
	Exception: model_fix_mean_lap_model_namespace::log_prob: Omega is not positive definite. (in 'model_fix_mean_lap.stan', line 67, column 1 to column 22)
	Exception: model_fix_mean_lap_model_namespace::log_prob: Omega is not positive definite. (in 'model_fix_mean_lap.stan', line 67, column 1 to column 22)
	Exception: model_fix_mean_lap_model_namespace::log_prob: Omega is not positive definite. (in 'model_fix_mean_lap.stan', line 67, column 1 to column 22)
	Exception: model_fix_mean_lap_model_namespace::log_prob: Sigma is not positive definite. (in 'model_fix_mean_lap.stan', line 68, column 1 to column 21)
	Exception: model_fix_mean_lap_model_namespace::log_prob: Sigma is not positive definite. (in 'model_fix_mean_lap.stan', line 68, column 1 to column 21)
	Exception: model_fix_mean_lap_model_namespace::log_prob: Sigma is not positive definite. (in 'model_fix_mean_lap.stan', line 68, column 1 to column 21)
	Exception: model_fix_mean_lap_model_namespace::log_prob: Omega is not positive definite. (in 'model_fix_mean_lap.stan', line 67, column 1 to column 22)
	Exception: model_fix_mean_lap_model_namespace::log_prob: Omega is not positive definite. (in 'model_fix_mean_lap.stan', line 67, column 1 to column 22)
	Exception: model_fix_mean_lap_model_namespace::log_prob: Omega is not positive definite. (in 'model_fix_mean_lap.stan', line 67, column 1 to column 22)
Exception: model_fix_mean_lap_model_namespace::log_prob: Omega is not positive definite. (in 'model_fix_mean_lap.stan', line 67, column 1 to column 22)
	Exception: model_fix_mean_lap_model_namespace::log_prob: Omega is not positive definite. (in 'model_fix_mean_lap.stan', line 67, column 1 to column 22)
	Exception: model_fix_mean_lap_model_namespace::log_prob: Omega is not positive definite. (in 'model_fix_mean_lap.stan', line 67, column 1 to column 22)
	Exception: model_fix_mean_lap_model_namespace::log_prob: Sigma is not positive definite. (in 'model_fix_mean_lap.stan', line 68, column 1 to column 21)
	Exception: model_fix_mean_lap_model_namespace::log_prob: Sigma is not positive definite. (in 'model_fix_mean_lap.stan', line 68, column 1 to column 21)
	Exception: model_fix_mean_lap_model_namespace::log_prob: Sigma is not positive definite. (in 'model_fix_mean_lap.stan', line 68, column 1 to column 21)
	Exception: model_fix_mean_lap_model_namespace::log_prob: Omega is not positive definite. (in 'model_fix_mean_lap.stan', line 67, column 1 to column 22)
	Exception: model_fix_mean_lap_model_namespace::log_prob: Sigma is not symmetric. Sigma[1,2] = -inf, but Sigma[2,1] = -inf (in 'model_fix_mean_lap.stan', line 68, column 1 to column 21)
Exception: model_fix_mean_lap_model_namespace::log_prob: Sigma is not positive definite. (in 'model_fix_mean_lap.stan', line 68, column 1 to column 21)
	Exception: model_fix_mean_lap_model_namespace::log_prob: Omega is not positive definite. (in 'model_fix_mean_lap.stan', line 67, column 1 to column 22)
	Exception: model_fix_mean_lap_model_namespace::log_prob: Omega is not positive definite. (in 'model_fix_mean_lap.stan', line 67, column 1 to column 22)
	Exception: model_fix_mean_lap_model_namespace::log_prob: Sigma is not symmetric. Sigma[1,2] = inf, but Sigma[2,1] = inf (in 'model_fix_mean_lap.stan', line 68, column 1 to column 21)
	Exception: model_fix_mean_lap_model_namespace::log_prob: Sigma is not positive definite. (in 'model_fix_mean_lap.stan', line 68, column 1 to column 21)
	Exception: model_fix_mean_lap_model_namespace::log_prob: Sigma is not positive definite. (in 'model_fix_mean_lap.stan', line 68, column 1 to column 21)
	Exception: model_fix_mean_lap_model_namespace::log_prob: Sigma is not positive definite. (in 'model_fix_mean_lap.stan', line 68, column 1 to column 21)
	Exception: model_fix_mean_lap_model_namespace::log_prob: Omega is not positive definite. (in 'model_fix_mean_lap.stan', line 67, column 1 to column 22)
	Exception: model_fix_mean_lap_model_namespace::log_prob: Sigma is not positive definite. (in 'model_fix_mean_lap.stan', line 68, column 1 to column 21)
Exception: model_fix_mean_lap_model_namespace::log_prob: Sigma is not positive definite. (in 'model_fix_mean_lap.stan', line 68, column 1 to column 21)
	Exception: model_fix_mean_lap_model_namespace::log_prob: Omega is not positive definite. (in 'model_fix_mean_lap.stan', line 67, column 1 to column 22)
	Exception: model_fix_mean_lap_model_namespace::log_prob: Omega is not positive definite. (in 'model_fix_mean_lap.stan', line 67, column 1 to column 22)
	Exception: model_fix_mean_lap_model_namespace::log_prob: Omega is not positive definite. (in 'model_fix_mean_lap.stan', line 67, column 1 to column 22)
	Exception: model_fix_mean_lap_model_namespace::log_prob: Sigma is not positive definite. (in 'model_fix_mean_lap.stan', line 68, column 1 to column 21)
	Exception: ordered_logistic: Cut-points is not a valid ordered vector. The element at 2 is -12.408, but should be greater than the previous element, -12.408 (in 'model_fix_mean_lap.stan', line 157, column 35 to column 126)
	Exception: model_fix_mean_lap_model_namespace::log_prob: Omega is not positive definite. (in 'model_fix_mean_lap.stan', line 67, column 1 to column 22)
	Exception: model_fix_mean_lap_model_namespace::log_prob: Omega is not positive definite. (in 'model_fix_mean_lap.stan', line 67, column 1 to column 22)
	Exception: model_fix_mean_lap_model_namespace::log_prob: Sigma is not positive definite. (in 'model_fix_mean_lap.stan', line 68, column 1 to column 21)
Exception: model_fix_mean_lap_model_namespace::log_prob: Omega is not positive definite. (in 'model_fix_mean_lap.stan', line 67, column 1 to column 22)
	Exception: model_fix_mean_lap_model_namespace::log_prob: Omega is not positive definite. (in 'model_fix_mean_lap.stan', line 67, column 1 to column 22)
	Exception: model_fix_mean_lap_model_namespace::log_prob: Omega is not positive definite. (in 'model_fix_mean_lap.stan', line 67, column 1 to column 22)
	Exception: model_fix_mean_lap_model_namespace::log_prob: Omega is not positive definite. (in 'model_fix_mean_lap.stan', line 67, column 1 to column 22)
	Exception: model_fix_mean_lap_model_namespace::log_prob: Omega is not positive definite. (in 'model_fix_mean_lap.stan', line 67, column 1 to column 22)
	Exception: model_fix_mean_lap_model_namespace::log_prob: Omega is not positive definite. (in 'model_fix_mean_lap.stan', line 67, column 1 to column 22)
	Exception: model_fix_mean_lap_model_namespace::log_prob: Sigma is not positive definite. (in 'model_fix_mean_lap.stan', line 68, column 1 to column 21)
	Exception: model_fix_mean_lap_model_namespace::log_prob: Sigma is not positive definite. (in 'model_fix_mean_lap.stan', line 68, column 1 to column 21)
	Exception: model_fix_mean_lap_model_namespace::log_prob: Omega is not positive definite. (in 'model_fix_mean_lap.stan', line 67, column 1 to column 22)
	Exception: model_fix_mean_lap_model_namespace::log_prob: Omega is not positive definite. (in 'model_fix_mean_lap.stan', line 67, column 1 to column 22)
	Exception: model_fix_mean_lap_model_namespace::log_prob: Sigma is not positive definite. (in 'model_fix_mean_lap.stan', line 68, column 1 to column 21)
Exception: model_fix_mean_lap_model_namespace::log_prob: Omega is not positive definite. (in 'model_fix_mean_lap.stan', line 67, column 1 to column 22)
	Exception: model_fix_mean_lap_model_namespace::log_prob: Omega is not positive definite. (in 'model_fix_mean_lap.stan', line 67, column 1 to column 22)
	Exception: model_fix_mean_lap_model_namespace::log_prob: Omega is not positive definite. (in 'model_fix_mean_lap.stan', line 67, column 1 to column 22)
	Exception: model_fix_mean_lap_model_namespace::log_prob: Omega is not positive definite. (in 'model_fix_mean_lap.stan', line 67, column 1 to column 22)
	Exception: model_fix_mean_lap_model_namespace::log_prob: Sigma is not positive definite. (in 'model_fix_mean_lap.stan', line 68, column 1 to column 21)
	Exception: model_fix_mean_lap_model_namespace::log_prob: Sigma is not positive definite. (in 'model_fix_mean_lap.stan', line 68, column 1 to column 21)
	Exception: model_fix_mean_lap_model_namespace::log_prob: Sigma is not positive definite. (in 'model_fix_mean_lap.stan', line 68, column 1 to column 21)
	Exception: model_fix_mean_lap_model_namespace::log_prob: Sigma is not positive definite. (in 'model_fix_mean_lap.stan', line 68, column 1 to column 21)
	Exception: model_fix_mean_lap_model_namespace::log_prob: Omega is not positive definite. (in 'model_fix_mean_lap.stan', line 67, column 1 to column 22)
	Exception: model_fix_mean_lap_model_namespace::log_prob: Omega is not positive definite. (in 'model_fix_mean_lap.stan', line 67, column 1 to column 22)
Exception: model_fix_mean_lap_model_namespace::log_prob: Sigma is not positive definite. (in 'model_fix_mean_lap.stan', line 68, column 1 to column 21)
	Exception: model_fix_mean_lap_model_namespace::log_prob: Sigma is not positive definite. (in 'model_fix_mean_lap.stan', line 68, column 1 to column 21)
	Exception: model_fix_mean_lap_model_namespace::log_prob: Sigma is not positive definite. (in 'model_fix_mean_lap.stan', line 68, column 1 to column 21)
	Exception: model_fix_mean_lap_model_namespace::log_prob: Omega is not positive definite. (in 'model_fix_mean_lap.stan', line 67, column 1 to column 22)
	Exception: model_fix_mean_lap_model_namespace::log_prob: Omega is not positive definite. (in 'model_fix_mean_lap.stan', line 67, column 1 to column 22)
	Exception: model_fix_mean_lap_model_namespace::log_prob: Omega is not positive definite. (in 'model_fix_mean_lap.stan', line 67, column 1 to column 22)
	Exception: model_fix_mean_lap_model_namespace::log_prob: Omega is not positive definite. (in 'model_fix_mean_lap.stan', line 67, column 1 to column 22)
	Exception: model_fix_mean_lap_model_namespace::log_prob: Sigma is not positive definite. (in 'model_fix_mean_lap.stan', line 68, column 1 to column 21)
	Exception: model_fix_mean_lap_model_namespace::log_prob: Sigma is not positive definite. (in 'model_fix_mean_lap.stan', line 68, column 1 to column 21)
	Exception: multi_normal_lpdf: Location parameter[1] is inf, but must be finite! (in 'model_fix_mean_lap.stan', line 140, column 12 to column 74)
	Exception: model_fix_mean_lap_model_namespace::log_prob: Omega is not positive definite. (in 'model_fix_mean_lap.stan', line 67, column 1 to column 22)
	Exception: model_fix_mean_lap_model_namespace::log_prob: Sigma is not positive definite. (in 'model_fix_mean_lap.stan', line 68, column 1 to column 21)
Exception: model_fix_mean_lap_model_namespace::log_prob: Omega is not positive definite. (in 'model_fix_mean_lap.stan', line 67, column 1 to column 22)
	Exception: model_fix_mean_lap_model_namespace::log_prob: Omega is not positive definite. (in 'model_fix_mean_lap.stan', line 67, column 1 to column 22)
	Exception: model_fix_mean_lap_model_namespace::log_prob: Omega is not positive definite. (in 'model_fix_mean_lap.stan', line 67, column 1 to column 22)
	Exception: model_fix_mean_lap_model_namespace::log_prob: Omega is not positive definite. (in 'model_fix_mean_lap.stan', line 67, column 1 to column 22)
	Exception: model_fix_mean_lap_model_namespace::log_prob: Omega is not positive definite. (in 'model_fix_mean_lap.stan', line 67, column 1 to column 22)
	Exception: model_fix_mean_lap_model_namespace::log_prob: Sigma is not positive definite. (in 'model_fix_mean_lap.stan', line 68, column 1 to column 21)
	Exception: model_fix_mean_lap_model_namespace::log_prob: Sigma is not positive definite. (in 'model_fix_mean_lap.stan', line 68, column 1 to column 21)
	Exception: model_fix_mean_lap_model_namespace::log_prob: Omega is not positive definite. (in 'model_fix_mean_lap.stan', line 67, column 1 to column 22)
	Exception: model_fix_mean_lap_model_namespace::log_prob: Omega is not positive definite. (in 'model_fix_mean_lap.stan', line 67, column 1 to column 22)
	Exception: model_fix_mean_lap_model_namespace::log_prob: Sigma is not positive definite. (in 'model_fix_mean_lap.stan', line 68, column 1 to column 21)
	Exception: multi_normal_lpdf: Location parameter[1] is inf, but must be finite! (in 'model_fix_mean_lap.stan', line 140, column 12 to column 74)
Exception: model_fix_mean_lap_model_namespace::log_prob: Sigma is not positive definite. (in 'model_fix_mean_lap.stan', line 68, column 1 to column 21)
	Exception: model_fix_mean_lap_model_namespace::log_prob: Sigma is not positive definite. (in 'model_fix_mean_lap.stan', line 68, column 1 to column 21)
	Exception: model_fix_mean_lap_model_namespace::log_prob: Omega is not positive definite. (in 'model_fix_mean_lap.stan', line 67, column 1 to column 22)
	Exception: model_fix_mean_lap_model_namespace::log_prob: Omega is not positive definite. (in 'model_fix_mean_lap.stan', line 67, column 1 to column 22)
	Exception: model_fix_mean_lap_model_namespace::log_prob: Sigma is not positive definite. (in 'model_fix_mean_lap.stan', line 68, column 1 to column 21)
	Exception: model_fix_mean_lap_model_namespace::log_prob: Sigma is not positive definite. (in 'model_fix_mean_lap.stan', line 68, column 1 to column 21)
	Exception: ordered_logistic: Cut-points is not a valid ordered vector. The element at 3 is -7.80435, but should be greater than the previous element, -7.80435 (in 'model_fix_mean_lap.stan', line 157, column 35 to column 126)
	Exception: model_fix_mean_lap_model_namespace::log_prob: Omega is not positive definite. (in 'model_fix_mean_lap.stan', line 67, column 1 to column 22)
	Exception: model_fix_mean_lap_model_namespace::log_prob: Omega is not positive definite. (in 'model_fix_mean_lap.stan', line 67, column 1 to column 22)
	Exception: model_fix_mean_lap_model_namespace::log_prob: Sigma is not positive definite. (in 'model_fix_mean_lap.stan', line 68, column 1 to column 21)
Exception: model_fix_mean_lap_model_namespace::log_prob: Omega is not positive definite. (in 'model_fix_mean_lap.stan', line 67, column 1 to column 22)
	Exception: model_fix_mean_lap_model_namespace::log_prob: Omega is not positive definite. (in 'model_fix_mean_lap.stan', line 67, column 1 to column 22)
	Exception: model_fix_mean_lap_model_namespace::log_prob: Omega is not positive definite. (in 'model_fix_mean_lap.stan', line 67, column 1 to column 22)
	Exception: model_fix_mean_lap_model_namespace::log_prob: Omega is not positive definite. (in 'model_fix_mean_lap.stan', line 67, column 1 to column 22)
	Exception: model_fix_mean_lap_model_namespace::log_prob: Sigma is not positive definite. (in 'model_fix_mean_lap.stan', line 68, column 1 to column 21)
	Exception: model_fix_mean_lap_model_namespace::log_prob: Sigma is not positive definite. (in 'model_fix_mean_lap.stan', line 68, column 1 to column 21)
	Exception: model_fix_mean_lap_model_namespace::log_prob: Sigma is not positive definite. (in 'model_fix_mean_lap.stan', line 68, column 1 to column 21)
	Exception: model_fix_mean_lap_model_namespace::log_prob: Sigma is not positive definite. (in 'model_fix_mean_lap.stan', line 68, column 1 to column 21)
	Exception: model_fix_mean_lap_model_namespace::log_prob: Omega is not positive definite. (in 'model_fix_mean_lap.stan', line 67, column 1 to column 22)
	Exception: model_fix_mean_lap_model_namespace::log_prob: Omega is not positive definite. (in 'model_fix_mean_lap.stan', line 67, column 1 to column 22)
	Exception: model_fix_mean_lap_model_namespace::log_prob: Sigma is not positive definite. (in 'model_fix_mean_lap.stan', line 68, column 1 to column 21)
	Exception: model_fix_mean_lap_model_namespace::log_prob: Sigma is not positive definite. (in 'model_fix_mean_lap.stan', line 68, column 1 to column 21)
	Exception: model_fix_mean_lap_model_namespace::log_prob: Sigma is not positive definite. (in 'model_fix_mean_lap.stan', line 68, column 1 to column 21)
	Exception: model_fix_mean_lap_model_namespace::log_prob: Sigma is not positive definite. (in 'model_fix_mean_lap.stan', line 68, column 1 to column 21)
	Exception: model_fix_mean_lap_model_namespace::log_prob: Sigma is not positive definite. (in 'model_fix_mean_lap.stan', line 68, column 1 to column 21)
	Exception: model_fix_mean_lap_model_namespace::log_prob: Sigma is not positive definite. (in 'model_fix_mean_lap.stan', line 68, column 1 to column 21)
	Exception: model_fix_mean_lap_model_namespace::log_prob: Sigma is not positive definite. (in 'model_fix_mean_lap.stan', line 68, column 1 to column 21)
	Exception: model_fix_mean_lap_model_namespace::log_prob: Sigma is not positive definite. (in 'model_fix_mean_lap.stan', line 68, column 1 to column 21)
Exception: model_fix_mean_lap_model_namespace::log_prob: Sigma is not positive definite. (in 'model_fix_mean_lap.stan', line 68, column 1 to column 21)
	Exception: model_fix_mean_lap_model_namespace::log_prob: Sigma is not positive definite. (in 'model_fix_mean_lap.stan', line 68, column 1 to column 21)
	Exception: model_fix_mean_lap_model_namespace::log_prob: Sigma is not positive definite. (in 'model_fix_mean_lap.stan', line 68, column 1 to column 21)
	Exception: model_fix_mean_lap_model_namespace::log_prob: Omega is not positive definite. (in 'model_fix_mean_lap.stan', line 67, column 1 to column 22)
	Exception: model_fix_mean_lap_model_namespace::log_prob: Omega is not positive definite. (in 'model_fix_mean_lap.stan', line 67, column 1 to column 22)
	Exception: model_fix_mean_lap_model_namespace::log_prob: Omega is not positive definite. (in 'model_fix_mean_lap.stan', line 67, column 1 to column 22)
	Exception: model_fix_mean_lap_model_namespace::log_prob: Sigma is not positive definite. (in 'model_fix_mean_lap.stan', line 68, column 1 to column 21)
	Exception: model_fix_mean_lap_model_namespace::log_prob: Sigma is not positive definite. (in 'model_fix_mean_lap.stan', line 68, column 1 to column 21)
	Exception: model_fix_mean_lap_model_namespace::log_prob: Sigma is not positive definite. (in 'model_fix_mean_lap.stan', line 68, column 1 to column 21)
	Exception: model_fix_mean_lap_model_namespace::log_prob: Omega is not positive definite. (in 'model_fix_mean_lap.stan', line 67, column 1 to column 22)
	Exception: model_fix_mean_lap_model_namespace::log_prob: Omega is not positive definite. (in 'model_fix_mean_lap.stan', line 67, column 1 to column 22)
	Exception: model_fix_mean_lap_model_namespace::log_prob: Sigma is not positive definite. (in 'model_fix_mean_lap.stan', line 68, column 1 to column 21)
	Exception: model_fix_mean_lap_model_namespace::log_prob: Sigma is not positive definite. (in 'model_fix_mean_lap.stan', line 68, column 1 to column 21)
Exception: model_fix_mean_lap_model_namespace::log_prob: Omega is not positive definite. (in 'model_fix_mean_lap.stan', line 67, column 1 to column 22)
	Exception: model_fix_mean_lap_model_namespace::log_prob: Omega is not positive definite. (in 'model_fix_mean_lap.stan', line 67, column 1 to column 22)
	Exception: model_fix_mean_lap_model_namespace::log_prob: Omega is not positive definite. (in 'model_fix_mean_lap.stan', line 67, column 1 to column 22)
	Exception: model_fix_mean_lap_model_namespace::log_prob: Omega is not positive definite. (in 'model_fix_mean_lap.stan', line 67, column 1 to column 22)
	Exception: model_fix_mean_lap_model_namespace::log_prob: Sigma is not positive definite. (in 'model_fix_mean_lap.stan', line 68, column 1 to column 21)
	Exception: model_fix_mean_lap_model_namespace::log_prob: Sigma is not positive definite. (in 'model_fix_mean_lap.stan', line 68, column 1 to column 21)
	Exception: model_fix_mean_lap_model_namespace::log_prob: Omega is not positive definite. (in 'model_fix_mean_lap.stan', line 67, column 1 to column 22)
	Exception: model_fix_mean_lap_model_namespace::log_prob: Omega is not positive definite. (in 'model_fix_mean_lap.stan', line 67, column 1 to column 22)
Exception: model_fix_mean_lap_model_namespace::log_prob: Sigma is not positive definite. (in 'model_fix_mean_lap.stan', line 68, column 1 to column 21)
	Exception: model_fix_mean_lap_model_namespace::log_prob: Sigma is not positive definite. (in 'model_fix_mean_lap.stan', line 68, column 1 to column 21)
	Exception: model_fix_mean_lap_model_namespace::log_prob: Omega is not positive definite. (in 'model_fix_mean_lap.stan', line 67, column 1 to column 22)
	Exception: model_fix_mean_lap_model_namespace::log_prob: Omega is not positive definite. (in 'model_fix_mean_lap.stan', line 67, column 1 to column 22)
	Exception: model_fix_mean_lap_model_namespace::log_prob: Omega is not positive definite. (in 'model_fix_mean_lap.stan', line 67, column 1 to column 22)
	Exception: model_fix_mean_lap_model_namespace::log_prob: Omega is not positive definite. (in 'model_fix_mean_lap.stan', line 67, column 1 to column 22)
	Exception: model_fix_mean_lap_model_namespace::log_prob: Omega is not positive definite. (in 'model_fix_mean_lap.stan', line 67, column 1 to column 22)
	Exception: model_fix_mean_lap_model_namespace::log_prob: Omega is not positive definite. (in 'model_fix_mean_lap.stan', line 67, column 1 to column 22)
	Exception: model_fix_mean_lap_model_namespace::log_prob: Omega is not positive definite. (in 'model_fix_mean_lap.stan', line 67, column 1 to column 22)
	Exception: model_fix_mean_lap_model_namespace::log_prob: Sigma is not positive definite. (in 'model_fix_mean_lap.stan', line 68, column 1 to column 21)
	Exception: model_fix_mean_lap_model_namespace::log_prob: Sigma is not positive definite. (in 'model_fix_mean_lap.stan', line 68, column 1 to column 21)
	Exception: model_fix_mean_lap_model_namespace::log_prob: Sigma is not positive definite. (in 'model_fix_mean_lap.stan', line 68, column 1 to column 21)
	Exception: model_fix_mean_lap_model_namespace::log_prob: Omega is not positive definite. (in 'model_fix_mean_lap.stan', line 67, column 1 to column 22)
	Exception: model_fix_mean_lap_model_namespace::log_prob: Omega is not positive definite. (in 'model_fix_mean_lap.stan', line 67, column 1 to column 22)
	Exception: model_fix_mean_lap_model_namespace::log_prob: Omega is not positive definite. (in 'model_fix_mean_lap.stan', line 67, column 1 to column 22)
	Exception: multi_normal_lpdf: Location parameter[1] is -inf, but must be finite! (in 'model_fix_mean_lap.stan', line 140, column 12 to column 74)
Consider re-running with show_console=True if the above output is unclear!
06:10:52 - cmdstanpy - WARNING - Some chains may have failed to converge.
	Chain 1 had 94 iterations at max treedepth (3.8%)
	Chain 5 had 433 iterations at max treedepth (17.3%)
	Chain 13 had 188 iterations at max treedepth (7.5%)
	Chain 14 had 9 iterations at max treedepth (0.4%)
	Chain 23 had 24 iterations at max treedepth (1.0%)
	Chain 24 had 2 iterations at max treedepth (0.1%)
	Chain 26 had 658 iterations at max treedepth (26.3%)
	Chain 27 had 4 iterations at max treedepth (0.2%)
	Chain 29 had 6 iterations at max treedepth (0.2%)
	Chain 33 had 700 iterations at max treedepth (28.0%)
	Chain 35 had 13 iterations at max treedepth (0.5%)
	Chain 36 had 43 iterations at max treedepth (1.7%)
	Chain 37 had 1 iterations at max treedepth (0.0%)
	Chain 41 had 26 iterations at max treedepth (1.0%)
	Chain 45 had 1 iterations at max treedepth (0.0%)
	Chain 56 had 23 iterations at max treedepth (0.9%)
	Chain 57 had 551 iterations at max treedepth (22.0%)
	Chain 60 had 1342 divergent transitions (53.7%)
	Chain 61 had 302 iterations at max treedepth (12.1%)
	Chain 62 had 594 iterations at max treedepth (23.8%)
	Chain 63 had 2 iterations at max treedepth (0.1%)
	Chain 71 had 482 iterations at max treedepth (19.3%)
	Chain 72 had 8 iterations at max treedepth (0.3%)
	Chain 78 had 316 iterations at max treedepth (12.6%)
	Chain 79 had 3 iterations at max treedepth (0.1%)
	Chain 80 had 606 iterations at max treedepth (24.2%)
	Chain 84 had 93 iterations at max treedepth (3.7%)
	Chain 86 had 21 iterations at max treedepth (0.8%)
	Chain 98 had 42 iterations at max treedepth (1.7%)
	Chain 103 had 14 iterations at max treedepth (0.6%)
	Chain 112 had 26 iterations at max treedepth (1.0%)
	Chain 113 had 559 iterations at max treedepth (22.4%)
	Chain 115 had 22 iterations at max treedepth (0.9%)
	Chain 117 had 126 iterations at max treedepth (5.0%)
	Chain 119 had 1 iterations at max treedepth (0.0%)
	Chain 124 had 31 iterations at max treedepth (1.2%)
	Chain 126 had 316 iterations at max treedepth (12.6%)
	Use the "diagnose()" method on the CmdStanMCMC object to see further information.
08:04:47 - cmdstanpy - INFO - CmdStan start processing
08:04:47 - cmdstanpy - INFO - Chain [1] start processing
08:04:47 - cmdstanpy - INFO - Chain [2] start processing
08:04:47 - cmdstanpy - INFO - Chain [3] start processing
08:04:47 - cmdstanpy - INFO - Chain [4] start processing
08:04:47 - cmdstanpy - INFO - Chain [5] start processing
08:04:47 - cmdstanpy - INFO - Chain [6] start processing
08:04:47 - cmdstanpy - INFO - Chain [7] start processing
08:04:47 - cmdstanpy - INFO - Chain [8] start processing
08:04:47 - cmdstanpy - INFO - Chain [9] start processing
08:04:47 - cmdstanpy - INFO - Chain [10] start processing
08:04:47 - cmdstanpy - INFO - Chain [11] start processing
08:04:47 - cmdstanpy - INFO - Chain [12] start processing
08:04:47 - cmdstanpy - INFO - Chain [13] start processing
08:04:47 - cmdstanpy - INFO - Chain [14] start processing
08:04:47 - cmdstanpy - INFO - Chain [15] start processing
08:04:47 - cmdstanpy - INFO - Chain [16] start processing
08:04:47 - cmdstanpy - INFO - Chain [17] start processing
08:04:47 - cmdstanpy - INFO - Chain [18] start processing
08:04:47 - cmdstanpy - INFO - Chain [19] start processing
08:04:47 - cmdstanpy - INFO - Chain [20] start processing
08:04:47 - cmdstanpy - INFO - Chain [21] start processing
08:04:47 - cmdstanpy - INFO - Chain [22] start processing
08:04:47 - cmdstanpy - INFO - Chain [23] start processing
08:04:47 - cmdstanpy - INFO - Chain [24] start processing
08:04:47 - cmdstanpy - INFO - Chain [25] start processing
08:04:47 - cmdstanpy - INFO - Chain [26] start processing
08:04:47 - cmdstanpy - INFO - Chain [27] start processing
08:04:47 - cmdstanpy - INFO - Chain [28] start processing
08:04:47 - cmdstanpy - INFO - Chain [29] start processing
08:04:47 - cmdstanpy - INFO - Chain [30] start processing
08:04:47 - cmdstanpy - INFO - Chain [31] start processing
08:04:47 - cmdstanpy - INFO - Chain [32] start processing
08:04:47 - cmdstanpy - INFO - Chain [33] start processing
08:04:47 - cmdstanpy - INFO - Chain [34] start processing
08:04:47 - cmdstanpy - INFO - Chain [35] start processing
08:04:47 - cmdstanpy - INFO - Chain [36] start processing
08:04:47 - cmdstanpy - INFO - Chain [37] start processing
08:04:47 - cmdstanpy - INFO - Chain [38] start processing
08:04:47 - cmdstanpy - INFO - Chain [39] start processing
08:04:47 - cmdstanpy - INFO - Chain [40] start processing
08:04:47 - cmdstanpy - INFO - Chain [41] start processing
08:04:47 - cmdstanpy - INFO - Chain [42] start processing
08:04:47 - cmdstanpy - INFO - Chain [43] start processing
08:04:47 - cmdstanpy - INFO - Chain [44] start processing
08:04:47 - cmdstanpy - INFO - Chain [45] start processing
08:04:47 - cmdstanpy - INFO - Chain [46] start processing
08:04:47 - cmdstanpy - INFO - Chain [47] start processing
08:04:47 - cmdstanpy - INFO - Chain [48] start processing
08:04:47 - cmdstanpy - INFO - Chain [49] start processing
08:04:47 - cmdstanpy - INFO - Chain [50] start processing
08:04:47 - cmdstanpy - INFO - Chain [51] start processing
08:04:47 - cmdstanpy - INFO - Chain [52] start processing
08:04:47 - cmdstanpy - INFO - Chain [53] start processing
08:04:47 - cmdstanpy - INFO - Chain [54] start processing
08:04:47 - cmdstanpy - INFO - Chain [55] start processing
08:04:47 - cmdstanpy - INFO - Chain [56] start processing
08:04:47 - cmdstanpy - INFO - Chain [57] start processing
08:04:47 - cmdstanpy - INFO - Chain [58] start processing
08:04:47 - cmdstanpy - INFO - Chain [59] start processing
08:04:47 - cmdstanpy - INFO - Chain [60] start processing
08:04:47 - cmdstanpy - INFO - Chain [61] start processing
08:04:47 - cmdstanpy - INFO - Chain [62] start processing
08:04:47 - cmdstanpy - INFO - Chain [63] start processing
08:04:47 - cmdstanpy - INFO - Chain [64] start processing
08:04:47 - cmdstanpy - INFO - Chain [65] start processing
08:04:47 - cmdstanpy - INFO - Chain [66] start processing
08:04:47 - cmdstanpy - INFO - Chain [67] start processing
08:04:47 - cmdstanpy - INFO - Chain [68] start processing
08:04:48 - cmdstanpy - INFO - Chain [69] start processing
08:04:48 - cmdstanpy - INFO - Chain [70] start processing
08:04:48 - cmdstanpy - INFO - Chain [71] start processing
08:04:48 - cmdstanpy - INFO - Chain [72] start processing
08:04:48 - cmdstanpy - INFO - Chain [73] start processing
08:04:48 - cmdstanpy - INFO - Chain [74] start processing
08:04:48 - cmdstanpy - INFO - Chain [75] start processing
08:04:48 - cmdstanpy - INFO - Chain [76] start processing
08:04:48 - cmdstanpy - INFO - Chain [77] start processing
08:04:48 - cmdstanpy - INFO - Chain [78] start processing
08:04:48 - cmdstanpy - INFO - Chain [79] start processing
08:04:48 - cmdstanpy - INFO - Chain [80] start processing
08:04:48 - cmdstanpy - INFO - Chain [81] start processing
08:04:48 - cmdstanpy - INFO - Chain [82] start processing
08:04:48 - cmdstanpy - INFO - Chain [83] start processing
08:04:48 - cmdstanpy - INFO - Chain [84] start processing
08:04:48 - cmdstanpy - INFO - Chain [85] start processing
08:04:48 - cmdstanpy - INFO - Chain [86] start processing
08:04:48 - cmdstanpy - INFO - Chain [87] start processing
08:04:48 - cmdstanpy - INFO - Chain [88] start processing
08:04:48 - cmdstanpy - INFO - Chain [89] start processing
08:04:48 - cmdstanpy - INFO - Chain [90] start processing
08:04:48 - cmdstanpy - INFO - Chain [91] start processing
08:04:48 - cmdstanpy - INFO - Chain [92] start processing
08:04:48 - cmdstanpy - INFO - Chain [93] start processing
08:04:48 - cmdstanpy - INFO - Chain [94] start processing
08:04:48 - cmdstanpy - INFO - Chain [95] start processing
08:04:48 - cmdstanpy - INFO - Chain [96] start processing
08:04:48 - cmdstanpy - INFO - Chain [97] start processing
08:04:48 - cmdstanpy - INFO - Chain [98] start processing
08:04:48 - cmdstanpy - INFO - Chain [99] start processing
08:04:48 - cmdstanpy - INFO - Chain [100] start processing
08:04:48 - cmdstanpy - INFO - Chain [101] start processing
08:04:48 - cmdstanpy - INFO - Chain [102] start processing
08:04:48 - cmdstanpy - INFO - Chain [103] start processing
08:04:48 - cmdstanpy - INFO - Chain [104] start processing
08:04:48 - cmdstanpy - INFO - Chain [105] start processing
08:04:48 - cmdstanpy - INFO - Chain [106] start processing
08:04:48 - cmdstanpy - INFO - Chain [107] start processing
08:04:48 - cmdstanpy - INFO - Chain [108] start processing
08:04:48 - cmdstanpy - INFO - Chain [109] start processing
08:04:48 - cmdstanpy - INFO - Chain [110] start processing
08:04:48 - cmdstanpy - INFO - Chain [111] start processing
08:04:48 - cmdstanpy - INFO - Chain [112] start processing
08:04:48 - cmdstanpy - INFO - Chain [113] start processing
08:04:48 - cmdstanpy - INFO - Chain [114] start processing
08:04:48 - cmdstanpy - INFO - Chain [115] start processing
08:04:48 - cmdstanpy - INFO - Chain [116] start processing
08:04:48 - cmdstanpy - INFO - Chain [117] start processing
08:04:48 - cmdstanpy - INFO - Chain [118] start processing
08:04:48 - cmdstanpy - INFO - Chain [119] start processing
08:04:48 - cmdstanpy - INFO - Chain [120] start processing
08:04:48 - cmdstanpy - INFO - Chain [121] start processing
08:04:48 - cmdstanpy - INFO - Chain [122] start processing
08:04:48 - cmdstanpy - INFO - Chain [123] start processing
08:04:48 - cmdstanpy - INFO - Chain [124] start processing
08:04:48 - cmdstanpy - INFO - Chain [125] start processing
08:04:48 - cmdstanpy - INFO - Chain [126] start processing
08:04:48 - cmdstanpy - INFO - Chain [127] start processing
08:04:48 - cmdstanpy - INFO - Chain [128] start processing
16:29:51 - cmdstanpy - INFO - Chain [80] done processing
16:57:13 - cmdstanpy - INFO - Chain [115] done processing
21:48:51 - cmdstanpy - INFO - Chain [112] done processing
01:27:56 - cmdstanpy - INFO - Chain [82] done processing
04:20:41 - cmdstanpy - INFO - Chain [31] done processing
04:34:42 - cmdstanpy - INFO - Chain [113] done processing
05:30:47 - cmdstanpy - INFO - Chain [52] done processing
05:30:56 - cmdstanpy - INFO - Chain [97] done processing
05:47:56 - cmdstanpy - INFO - Chain [61] done processing
05:54:44 - cmdstanpy - INFO - Chain [10] done processing
06:02:57 - cmdstanpy - INFO - Chain [71] done processing
06:03:42 - cmdstanpy - INFO - Chain [77] done processing
06:07:00 - cmdstanpy - INFO - Chain [109] done processing
06:12:43 - cmdstanpy - INFO - Chain [21] done processing
06:14:30 - cmdstanpy - INFO - Chain [104] done processing
06:14:39 - cmdstanpy - INFO - Chain [101] done processing
06:16:07 - cmdstanpy - INFO - Chain [128] done processing
06:17:23 - cmdstanpy - INFO - Chain [74] done processing
06:18:11 - cmdstanpy - INFO - Chain [114] done processing
06:18:33 - cmdstanpy - INFO - Chain [100] done processing
06:23:39 - cmdstanpy - INFO - Chain [28] done processing
06:31:16 - cmdstanpy - INFO - Chain [1] done processing
06:34:54 - cmdstanpy - INFO - Chain [58] done processing
06:40:11 - cmdstanpy - INFO - Chain [56] done processing
06:41:02 - cmdstanpy - INFO - Chain [44] done processing
06:41:56 - cmdstanpy - INFO - Chain [39] done processing
06:43:28 - cmdstanpy - INFO - Chain [92] done processing
06:46:27 - cmdstanpy - INFO - Chain [36] done processing
06:52:10 - cmdstanpy - INFO - Chain [35] done processing
06:52:10 - cmdstanpy - INFO - Chain [17] done processing
07:08:23 - cmdstanpy - INFO - Chain [3] done processing
07:08:40 - cmdstanpy - INFO - Chain [123] done processing
07:09:31 - cmdstanpy - INFO - Chain [73] done processing
07:10:17 - cmdstanpy - INFO - Chain [67] done processing
07:14:16 - cmdstanpy - INFO - Chain [38] done processing
07:15:31 - cmdstanpy - INFO - Chain [2] done processing
07:16:32 - cmdstanpy - INFO - Chain [78] done processing
07:18:13 - cmdstanpy - INFO - Chain [4] done processing
07:18:23 - cmdstanpy - INFO - Chain [50] done processing
07:18:48 - cmdstanpy - INFO - Chain [37] done processing
07:19:13 - cmdstanpy - INFO - Chain [68] done processing
07:19:15 - cmdstanpy - INFO - Chain [111] done processing
07:19:33 - cmdstanpy - INFO - Chain [55] done processing
07:19:37 - cmdstanpy - INFO - Chain [106] done processing
07:20:16 - cmdstanpy - INFO - Chain [70] done processing
07:20:51 - cmdstanpy - INFO - Chain [18] done processing
07:21:27 - cmdstanpy - INFO - Chain [12] done processing
07:22:23 - cmdstanpy - INFO - Chain [46] done processing
07:23:24 - cmdstanpy - INFO - Chain [65] done processing
07:23:58 - cmdstanpy - INFO - Chain [19] done processing
07:25:00 - cmdstanpy - INFO - Chain [53] done processing
07:25:14 - cmdstanpy - INFO - Chain [33] done processing
07:28:44 - cmdstanpy - INFO - Chain [51] done processing
07:30:11 - cmdstanpy - INFO - Chain [8] done processing
07:30:22 - cmdstanpy - INFO - Chain [42] done processing
07:31:42 - cmdstanpy - INFO - Chain [88] done processing
07:32:57 - cmdstanpy - INFO - Chain [86] done processing
07:33:01 - cmdstanpy - INFO - Chain [122] done processing
07:34:43 - cmdstanpy - INFO - Chain [40] done processing
07:35:02 - cmdstanpy - INFO - Chain [63] done processing
07:37:30 - cmdstanpy - INFO - Chain [110] done processing
07:38:35 - cmdstanpy - INFO - Chain [22] done processing
07:39:04 - cmdstanpy - INFO - Chain [121] done processing
07:39:58 - cmdstanpy - INFO - Chain [6] done processing
07:40:03 - cmdstanpy - INFO - Chain [30] done processing
07:41:45 - cmdstanpy - INFO - Chain [81] done processing
07:42:00 - cmdstanpy - INFO - Chain [99] done processing
07:42:00 - cmdstanpy - INFO - Chain [94] done processing
07:45:09 - cmdstanpy - INFO - Chain [118] done processing
07:46:29 - cmdstanpy - INFO - Chain [126] done processing
07:47:15 - cmdstanpy - INFO - Chain [105] done processing
07:47:33 - cmdstanpy - INFO - Chain [20] done processing
07:48:00 - cmdstanpy - INFO - Chain [124] done processing
07:48:06 - cmdstanpy - INFO - Chain [87] done processing
07:49:16 - cmdstanpy - INFO - Chain [120] done processing
07:51:10 - cmdstanpy - INFO - Chain [11] done processing
07:53:31 - cmdstanpy - INFO - Chain [59] done processing
07:53:40 - cmdstanpy - INFO - Chain [7] done processing
07:53:44 - cmdstanpy - INFO - Chain [127] done processing
07:54:13 - cmdstanpy - INFO - Chain [72] done processing
07:55:58 - cmdstanpy - INFO - Chain [90] done processing
07:56:19 - cmdstanpy - INFO - Chain [76] done processing
07:56:28 - cmdstanpy - INFO - Chain [41] done processing
07:56:37 - cmdstanpy - INFO - Chain [13] done processing
07:56:40 - cmdstanpy - INFO - Chain [83] done processing
07:57:45 - cmdstanpy - INFO - Chain [95] done processing
07:57:48 - cmdstanpy - INFO - Chain [47] done processing
07:59:47 - cmdstanpy - INFO - Chain [15] done processing
08:01:11 - cmdstanpy - INFO - Chain [23] done processing
08:03:30 - cmdstanpy - INFO - Chain [14] done processing
08:03:39 - cmdstanpy - INFO - Chain [57] done processing
08:04:10 - cmdstanpy - INFO - Chain [85] done processing
08:05:32 - cmdstanpy - INFO - Chain [34] done processing
08:06:10 - cmdstanpy - INFO - Chain [75] done processing
08:06:20 - cmdstanpy - INFO - Chain [48] done processing
08:07:46 - cmdstanpy - INFO - Chain [93] done processing
08:08:17 - cmdstanpy - INFO - Chain [16] done processing
08:08:28 - cmdstanpy - INFO - Chain [79] done processing
08:08:50 - cmdstanpy - INFO - Chain [24] done processing
08:08:52 - cmdstanpy - INFO - Chain [117] done processing
08:12:24 - cmdstanpy - INFO - Chain [49] done processing
08:14:03 - cmdstanpy - INFO - Chain [5] done processing
08:16:55 - cmdstanpy - INFO - Chain [45] done processing
08:17:14 - cmdstanpy - INFO - Chain [102] done processing
08:20:46 - cmdstanpy - INFO - Chain [32] done processing
08:20:55 - cmdstanpy - INFO - Chain [108] done processing
08:22:23 - cmdstanpy - INFO - Chain [54] done processing
08:25:02 - cmdstanpy - INFO - Chain [43] done processing
08:32:24 - cmdstanpy - INFO - Chain [84] done processing
08:32:58 - cmdstanpy - INFO - Chain [69] done processing
08:36:13 - cmdstanpy - INFO - Chain [98] done processing
08:36:27 - cmdstanpy - INFO - Chain [116] done processing
08:42:32 - cmdstanpy - INFO - Chain [27] done processing
08:47:05 - cmdstanpy - INFO - Chain [89] done processing
08:50:00 - cmdstanpy - INFO - Chain [26] done processing
08:56:00 - cmdstanpy - INFO - Chain [103] done processing
09:03:52 - cmdstanpy - INFO - Chain [29] done processing
slurmstepd: error: *** JOB 6645664 ON nid0121 CANCELLED AT 2026-03-20T09:07:28 ***
